id,cow_id,session_id,risk_score,risk_level,prediction_type,confidence,explanation,created_at
pred_1,cow_1,ses_1,16,LOW,MASTITIS_RISK,0.94,"Parameters aligned with historical baseline.",2026-08-05T06:58:54.000Z
pred_2,cow_2,ses_2,13,LOW,MASTITIS_RISK,0.94,"Parameters aligned with historical baseline.",2026-08-05T06:46:30.000Z
pred_3,cow_3,ses_3,9,LOW,MASTITIS_RISK,0.94,"Parameters aligned with historical baseline.",2026-08-05T06:04:56.000Z
pred_4,cow_4,ses_4,11,LOW,MASTITIS_RISK,0.94,"Parameters aligned with historical baseline.",2026-08-05T07:16:04.000Z
pred_5,cow_5,ses_5,14,LOW,MASTITIS_RISK,0.94,"Parameters aligned with historical baseline.",2026-08-05T06:07:06.000Z
pred_6,cow_6,ses_6,14,LOW,MASTITIS_RISK,0.94,"Parameters aligned with historical baseline.",2026-08-05T07:23:01.000Z
pred_7,cow_7,ses_7,11,LOW,MASTITIS_RISK,0.94,"Parameters aligned with historical baseline.",2026-08-05T07:28:10.000Z
pred_8,cow_8,ses_8,9,LOW,MASTITIS_RISK,0.94,"Parameters aligned with historical baseline.",2026-08-05T06:48:14.000Z
pred_9,cow_9,ses_9,10,LOW,MASTITIS_RISK,0.94,"Parameters aligned with historical baseline.",2026-08-05T06:52:39.000Z
pred_10,cow_10,ses_10,16,LOW,MASTITIS_RISK,0.94,"Parameters aligned with historical baseline.",2026-08-05T06:58:39.000Z
pred_11,cow_11,ses_11,8,LOW,MASTITIS_RISK,0.94,"Parameters aligned with historical baseline.",2026-08-05T06:44:05.000Z
pred_12,cow_12,ses_12,11,LOW,MASTITIS_RISK,0.94,"Parameters aligned with historical baseline.",2026-08-05T06:48:39.000Z
pred_13,cow_13,ses_13,11,LOW,MASTITIS_RISK,0.94,"Parameters aligned with historical baseline.",2026-08-05T06:19:19.000Z
pred_14,cow_14,ses_14,9,LOW,MASTITIS_RISK,0.94,"Parameters aligned with historical baseline.",2026-08-05T06:16:44.000Z
pred_15,cow_15,ses_15,10,LOW,MASTITIS_RISK,0.94,"Parameters aligned with historical baseline.",2026-08-05T06:58:59.000Z
pred_16,cow_16,ses_16,10,LOW,MASTITIS_RISK,0.94,"Parameters aligned with historical baseline.",2026-08-05T06:06:26.000Z
pred_17,cow_17,ses_17,12,LOW,MASTITIS_RISK,0.94,"Parameters aligned with historical baseline.",2026-08-05T06:39:52.000Z
pred_18,cow_18,ses_18,9,LOW,MASTITIS_RISK,0.94,"Parameters aligned with historical baseline.",2026-08-05T07:00:06.000Z
pred_19,cow_19,ses_19,12,LOW,MASTITIS_RISK,0.94,"Parameters aligned with historical baseline.",2026-08-05T06:20:24.000Z
pred_20,cow_20,ses_20,15,LOW,MASTITIS_RISK,0.94,"Parameters aligned with historical baseline.",2026-08-05T06:39:26.000Z
pred_21,cow_21,ses_21,17,LOW,MASTITIS_RISK,0.94,"Parameters aligned with historical baseline.",2026-08-05T07:25:54.000Z
pred_22,cow_22,ses_22,14,LOW,MASTITIS_RISK,0.94,"Parameters aligned with historical baseline.",2026-08-05T06:49:43.000Z
pred_23,cow_23,ses_23,11,LOW,MASTITIS_RISK,0.94,"Parameters aligned with historical baseline.",2026-08-05T07:14:59.000Z
pred_24,cow_24,ses_24,11,LOW,MASTITIS_RISK,0.94,"Parameters aligned with historical baseline.",2026-08-05T07:24:22.000Z
pred_25,cow_25,ses_25,8,LOW,MASTITIS_RISK,0.94,"Parameters aligned with historical baseline.",2026-08-05T06:05:10.000Z
pred_26,cow_26,ses_26,15,LOW,MASTITIS_RISK,0.94,"Parameters aligned with historical baseline.",2026-08-05T06:28:16.000Z
pred_27,cow_27,ses_27,10,LOW,MASTITIS_RISK,0.94,"Parameters aligned with historical baseline.",2026-08-05T06:22:20.000Z
pred_28,cow_28,ses_28,7,LOW,MASTITIS_RISK,0.94,"Parameters aligned with historical baseline.",2026-08-05T06:18:01.000Z
pred_29,cow_29,ses_29,8,LOW,MASTITIS_RISK,0.94,"Parameters aligned with historical baseline.",2026-08-05T06:18:54.000Z
pred_30,cow_30,ses_30,15,LOW,MASTITIS_RISK,0.94,"Parameters aligned with historical baseline.",2026-08-05T06:37:27.000Z
pred_31,cow_1,ses_31,14,LOW,MASTITIS_RISK,0.94,"Parameters aligned with historical baseline.",2026-08-05T17:54:37.000Z
pred_32,cow_2,ses_32,12,LOW,MASTITIS_RISK,0.94,"Parameters aligned with historical baseline.",2026-08-05T18:05:07.000Z
pred_33,cow_3,ses_33,13,LOW,MASTITIS_RISK,0.94,"Parameters aligned with historical baseline.",2026-08-05T17:23:54.000Z
pred_34,cow_4,ses_34,17,LOW,MASTITIS_RISK,0.94,"Parameters aligned with historical baseline.",2026-08-05T18:17:37.000Z
pred_35,cow_5,ses_35,10,LOW,MASTITIS_RISK,0.94,"Parameters aligned with historical baseline.",2026-08-05T18:34:32.000Z
pred_36,cow_6,ses_36,9,LOW,MASTITIS_RISK,0.94,"Parameters aligned with historical baseline.",2026-08-05T18:24:50.000Z
pred_37,cow_7,ses_37,9,LOW,MASTITIS_RISK,0.94,"Parameters aligned with historical baseline.",2026-08-05T17:31:56.000Z
pred_38,cow_8,ses_38,11,LOW,MASTITIS_RISK,0.94,"Parameters aligned with historical baseline.",2026-08-05T18:22:49.000Z
pred_39,cow_9,ses_39,11,LOW,MASTITIS_RISK,0.94,"Parameters aligned with historical baseline.",2026-08-05T17:45:14.000Z
pred_40,cow_10,ses_40,16,LOW,MASTITIS_RISK,0.94,"Parameters aligned with historical baseline.",2026-08-05T18:20:41.000Z
pred_41,cow_11,ses_41,10,LOW,MASTITIS_RISK,0.94,"Parameters aligned with historical baseline.",2026-08-05T18:01:49.000Z
pred_42,cow_12,ses_42,16,LOW,MASTITIS_RISK,0.94,"Parameters aligned with historical baseline.",2026-08-05T17:28:27.000Z
pred_43,cow_13,ses_43,15,LOW,MASTITIS_RISK,0.94,"Parameters aligned with historical baseline.",2026-08-05T17:14:07.000Z
pred_44,cow_14,ses_44,12,LOW,MASTITIS_RISK,0.94,"Parameters aligned with historical baseline.",2026-08-05T17:36:18.000Z
pred_45,cow_15,ses_45,9,LOW,MASTITIS_RISK,0.94,"Parameters aligned with historical baseline.",2026-08-05T17:16:09.000Z
pred_46,cow_16,ses_46,13,LOW,MASTITIS_RISK,0.94,"Parameters aligned with historical baseline.",2026-08-05T17:18:06.000Z
pred_47,cow_17,ses_47,10,LOW,MASTITIS_RISK,0.94,"Parameters aligned with historical baseline.",2026-08-05T17:54:24.000Z
pred_48,cow_18,ses_48,13,LOW,MASTITIS_RISK,0.94,"Parameters aligned with historical baseline.",2026-08-05T17:08:39.000Z
pred_49,cow_19,ses_49,12,LOW,MASTITIS_RISK,0.94,"Parameters aligned with historical baseline.",2026-08-05T17:50:22.000Z
pred_50,cow_20,ses_50,12,LOW,MASTITIS_RISK,0.94,"Parameters aligned with historical baseline.",2026-08-05T18:00:58.000Z
pred_51,cow_21,ses_51,11,LOW,MASTITIS_RISK,0.94,"Parameters aligned with historical baseline.",2026-08-05T18:13:53.000Z
pred_52,cow_22,ses_52,15,LOW,MASTITIS_RISK,0.94,"Parameters aligned with historical baseline.",2026-08-05T17:27:00.000Z
pred_53,cow_23,ses_53,7,LOW,MASTITIS_RISK,0.94,"Parameters aligned with historical baseline.",2026-08-05T17:09:10.000Z
pred_54,cow_24,ses_54,13,LOW,MASTITIS_RISK,0.94,"Parameters aligned with historical baseline.",2026-08-05T18:08:00.000Z
pred_55,cow_25,ses_55,8,LOW,MASTITIS_RISK,0.94,"Parameters aligned with historical baseline.",2026-08-05T18:26:55.000Z
pred_56,cow_26,ses_56,12,LOW,MASTITIS_RISK,0.94,"Parameters aligned with historical baseline.",2026-08-05T18:10:12.000Z
pred_57,cow_27,ses_57,17,LOW,MASTITIS_RISK,0.94,"Parameters aligned with historical baseline.",2026-08-05T17:49:22.000Z
pred_58,cow_28,ses_58,16,LOW,MASTITIS_RISK,0.94,"Parameters aligned with historical baseline.",2026-08-05T18:18:55.000Z
pred_59,cow_29,ses_59,9,LOW,MASTITIS_RISK,0.94,"Parameters aligned with historical baseline.",2026-08-05T18:06:33.000Z
pred_60,cow_30,ses_60,17,LOW,MASTITIS_RISK,0.94,"Parameters aligned with historical baseline.",2026-08-05T17:39:27.000Z
pred_61,cow_1,ses_61,16,LOW,MASTITIS_RISK,0.94,"Parameters aligned with historical baseline.",2026-08-06T06:42:35.000Z
pred_62,cow_2,ses_62,9,LOW,MASTITIS_RISK,0.94,"Parameters aligned with historical baseline.",2026-08-06T06:46:46.000Z
pred_63,cow_3,ses_63,13,LOW,MASTITIS_RISK,0.94,"Parameters aligned with historical baseline.",2026-08-06T06:58:09.000Z
pred_64,cow_4,ses_64,16,LOW,MASTITIS_RISK,0.94,"Parameters aligned with historical baseline.",2026-08-06T06:20:58.000Z
pred_65,cow_5,ses_65,8,LOW,MASTITIS_RISK,0.94,"Parameters aligned with historical baseline.",2026-08-06T07:14:00.000Z
pred_66,cow_6,ses_66,14,LOW,MASTITIS_RISK,0.94,"Parameters aligned with historical baseline.",2026-08-06T07:12:16.000Z
pred_67,cow_7,ses_67,13,LOW,MASTITIS_RISK,0.94,"Parameters aligned with historical baseline.",2026-08-06T06:09:15.000Z
pred_68,cow_8,ses_68,13,LOW,MASTITIS_RISK,0.94,"Parameters aligned with historical baseline.",2026-08-06T06:21:16.000Z
pred_69,cow_9,ses_69,16,LOW,MASTITIS_RISK,0.94,"Parameters aligned with historical baseline.",2026-08-06T06:35:20.000Z
pred_70,cow_10,ses_70,13,LOW,MASTITIS_RISK,0.94,"Parameters aligned with historical baseline.",2026-08-06T06:25:18.000Z
pred_71,cow_11,ses_71,9,LOW,MASTITIS_RISK,0.94,"Parameters aligned with historical baseline.",2026-08-06T07:33:30.000Z
pred_72,cow_12,ses_72,13,LOW,MASTITIS_RISK,0.94,"Parameters aligned with historical baseline.",2026-08-06T06:31:54.000Z
pred_73,cow_13,ses_73,12,LOW,MASTITIS_RISK,0.94,"Parameters aligned with historical baseline.",2026-08-06T07:26:19.000Z
pred_74,cow_14,ses_74,10,LOW,MASTITIS_RISK,0.94,"Parameters aligned with historical baseline.",2026-08-06T06:58:19.000Z
pred_75,cow_15,ses_75,14,LOW,MASTITIS_RISK,0.94,"Parameters aligned with historical baseline.",2026-08-06T06:05:15.000Z
pred_76,cow_16,ses_76,8,LOW,MASTITIS_RISK,0.94,"Parameters aligned with historical baseline.",2026-08-06T06:23:33.000Z
pred_77,cow_17,ses_77,13,LOW,MASTITIS_RISK,0.94,"Parameters aligned with historical baseline.",2026-08-06T06:22:41.000Z
pred_78,cow_18,ses_78,7,LOW,MASTITIS_RISK,0.94,"Parameters aligned with historical baseline.",2026-08-06T07:13:53.000Z
pred_79,cow_19,ses_79,12,LOW,MASTITIS_RISK,0.94,"Parameters aligned with historical baseline.",2026-08-06T07:22:11.000Z
pred_80,cow_20,ses_80,11,LOW,MASTITIS_RISK,0.94,"Parameters aligned with historical baseline.",2026-08-06T07:26:46.000Z
pred_81,cow_21,ses_81,12,LOW,MASTITIS_RISK,0.94,"Parameters aligned with historical baseline.",2026-08-06T06:33:44.000Z
pred_82,cow_22,ses_82,9,LOW,MASTITIS_RISK,0.94,"Parameters aligned with historical baseline.",2026-08-06T06:52:28.000Z
pred_83,cow_23,ses_83,14,LOW,MASTITIS_RISK,0.94,"Parameters aligned with historical baseline.",2026-08-06T06:08:14.000Z
pred_84,cow_24,ses_84,11,LOW,MASTITIS_RISK,0.94,"Parameters aligned with historical baseline.",2026-08-06T06:43:42.000Z
pred_85,cow_25,ses_85,9,LOW,MASTITIS_RISK,0.94,"Parameters aligned with historical baseline.",2026-08-06T06:15:54.000Z
pred_86,cow_26,ses_86,11,LOW,MASTITIS_RISK,0.94,"Parameters aligned with historical baseline.",2026-08-06T07:20:26.000Z
pred_87,cow_27,ses_87,14,LOW,MASTITIS_RISK,0.94,"Parameters aligned with historical baseline.",2026-08-06T06:47:48.000Z
pred_88,cow_28,ses_88,9,LOW,MASTITIS_RISK,0.94,"Parameters aligned with historical baseline.",2026-08-06T07:17:58.000Z
pred_89,cow_29,ses_89,14,LOW,MASTITIS_RISK,0.94,"Parameters aligned with historical baseline.",2026-08-06T06:05:41.000Z
pred_90,cow_30,ses_90,12,LOW,MASTITIS_RISK,0.94,"Parameters aligned with historical baseline.",2026-08-06T07:01:10.000Z
pred_91,cow_1,ses_91,15,LOW,MASTITIS_RISK,0.94,"Parameters aligned with historical baseline.",2026-08-06T17:37:09.000Z
pred_92,cow_2,ses_92,10,LOW,MASTITIS_RISK,0.94,"Parameters aligned with historical baseline.",2026-08-06T17:08:52.000Z
pred_93,cow_3,ses_93,14,LOW,MASTITIS_RISK,0.94,"Parameters aligned with historical baseline.",2026-08-06T17:11:17.000Z
pred_94,cow_4,ses_94,9,LOW,MASTITIS_RISK,0.94,"Parameters aligned with historical baseline.",2026-08-06T18:00:50.000Z
pred_95,cow_5,ses_95,8,LOW,MASTITIS_RISK,0.94,"Parameters aligned with historical baseline.",2026-08-06T18:00:13.000Z
pred_96,cow_6,ses_96,12,LOW,MASTITIS_RISK,0.94,"Parameters aligned with historical baseline.",2026-08-06T18:01:18.000Z
pred_97,cow_7,ses_97,8,LOW,MASTITIS_RISK,0.94,"Parameters aligned with historical baseline.",2026-08-06T18:03:48.000Z
pred_98,cow_8,ses_98,17,LOW,MASTITIS_RISK,0.94,"Parameters aligned with historical baseline.",2026-08-06T17:50:44.000Z
pred_99,cow_9,ses_99,9,LOW,MASTITIS_RISK,0.94,"Parameters aligned with historical baseline.",2026-08-06T17:10:54.000Z
pred_100,cow_10,ses_100,12,LOW,MASTITIS_RISK,0.94,"Parameters aligned with historical baseline.",2026-08-06T17:07:25.000Z
pred_101,cow_11,ses_101,14,LOW,MASTITIS_RISK,0.94,"Parameters aligned with historical baseline.",2026-08-06T17:45:40.000Z
pred_102,cow_12,ses_102,14,LOW,MASTITIS_RISK,0.94,"Parameters aligned with historical baseline.",2026-08-06T17:47:44.000Z
pred_103,cow_13,ses_103,13,LOW,MASTITIS_RISK,0.94,"Parameters aligned with historical baseline.",2026-08-06T17:36:22.000Z
pred_104,cow_14,ses_104,14,LOW,MASTITIS_RISK,0.94,"Parameters aligned with historical baseline.",2026-08-06T17:50:47.000Z
pred_105,cow_15,ses_105,15,LOW,MASTITIS_RISK,0.94,"Parameters aligned with historical baseline.",2026-08-06T17:19:28.000Z
pred_106,cow_16,ses_106,12,LOW,MASTITIS_RISK,0.94,"Parameters aligned with historical baseline.",2026-08-06T17:29:39.000Z
pred_107,cow_17,ses_107,12,LOW,MASTITIS_RISK,0.94,"Parameters aligned with historical baseline.",2026-08-06T17:27:14.000Z
pred_108,cow_18,ses_108,9,LOW,MASTITIS_RISK,0.94,"Parameters aligned with historical baseline.",2026-08-06T18:27:49.000Z
pred_109,cow_19,ses_109,7,LOW,MASTITIS_RISK,0.94,"Parameters aligned with historical baseline.",2026-08-06T17:15:41.000Z
pred_110,cow_20,ses_110,10,LOW,MASTITIS_RISK,0.94,"Parameters aligned with historical baseline.",2026-08-06T17:31:56.000Z
pred_111,cow_21,ses_111,17,LOW,MASTITIS_RISK,0.94,"Parameters aligned with historical baseline.",2026-08-06T17:32:00.000Z
pred_112,cow_22,ses_112,12,LOW,MASTITIS_RISK,0.94,"Parameters aligned with historical baseline.",2026-08-06T18:02:46.000Z
pred_113,cow_23,ses_113,10,LOW,MASTITIS_RISK,0.94,"Parameters aligned with historical baseline.",2026-08-06T17:47:59.000Z
pred_114,cow_24,ses_114,8,LOW,MASTITIS_RISK,0.94,"Parameters aligned with historical baseline.",2026-08-06T17:20:45.000Z
pred_115,cow_25,ses_115,9,LOW,MASTITIS_RISK,0.94,"Parameters aligned with historical baseline.",2026-08-06T18:16:57.000Z
pred_116,cow_26,ses_116,12,LOW,MASTITIS_RISK,0.94,"Parameters aligned with historical baseline.",2026-08-06T17:05:39.000Z
pred_117,cow_27,ses_117,16,LOW,MASTITIS_RISK,0.94,"Parameters aligned with historical baseline.",2026-08-06T17:15:34.000Z
pred_118,cow_28,ses_118,17,LOW,MASTITIS_RISK,0.94,"Parameters aligned with historical baseline.",2026-08-06T18:09:43.000Z
pred_119,cow_29,ses_119,13,LOW,MASTITIS_RISK,0.94,"Parameters aligned with historical baseline.",2026-08-06T18:33:27.000Z
pred_120,cow_30,ses_120,16,LOW,MASTITIS_RISK,0.94,"Parameters aligned with historical baseline.",2026-08-06T18:35:32.000Z
pred_121,cow_1,ses_121,9,LOW,MASTITIS_RISK,0.94,"Parameters aligned with historical baseline.",2026-08-07T06:39:07.000Z
pred_122,cow_2,ses_122,10,LOW,MASTITIS_RISK,0.94,"Parameters aligned with historical baseline.",2026-08-07T07:14:36.000Z
pred_123,cow_3,ses_123,15,LOW,MASTITIS_RISK,0.94,"Parameters aligned with historical baseline.",2026-08-07T07:26:30.000Z
pred_124,cow_4,ses_124,9,LOW,MASTITIS_RISK,0.94,"Parameters aligned with historical baseline.",2026-08-07T07:21:24.000Z
pred_125,cow_5,ses_125,12,LOW,MASTITIS_RISK,0.94,"Parameters aligned with historical baseline.",2026-08-07T06:56:39.000Z
pred_126,cow_6,ses_126,13,LOW,MASTITIS_RISK,0.94,"Parameters aligned with historical baseline.",2026-08-07T07:24:48.000Z
pred_127,cow_7,ses_127,11,LOW,MASTITIS_RISK,0.94,"Parameters aligned with historical baseline.",2026-08-07T07:23:24.000Z
pred_128,cow_8,ses_128,17,LOW,MASTITIS_RISK,0.94,"Parameters aligned with historical baseline.",2026-08-07T06:49:40.000Z
pred_129,cow_9,ses_129,17,LOW,MASTITIS_RISK,0.94,"Parameters aligned with historical baseline.",2026-08-07T06:52:07.000Z
pred_130,cow_10,ses_130,8,LOW,MASTITIS_RISK,0.94,"Parameters aligned with historical baseline.",2026-08-07T06:33:28.000Z
pred_131,cow_11,ses_131,16,LOW,MASTITIS_RISK,0.94,"Parameters aligned with historical baseline.",2026-08-07T06:50:29.000Z
pred_132,cow_12,ses_132,12,LOW,MASTITIS_RISK,0.94,"Parameters aligned with historical baseline.",2026-08-07T07:01:50.000Z
pred_133,cow_13,ses_133,12,LOW,MASTITIS_RISK,0.94,"Parameters aligned with historical baseline.",2026-08-07T06:59:41.000Z
pred_134,cow_14,ses_134,7,LOW,MASTITIS_RISK,0.94,"Parameters aligned with historical baseline.",2026-08-07T06:16:59.000Z
pred_135,cow_15,ses_135,15,LOW,MASTITIS_RISK,0.94,"Parameters aligned with historical baseline.",2026-08-07T06:44:39.000Z
pred_136,cow_16,ses_136,11,LOW,MASTITIS_RISK,0.94,"Parameters aligned with historical baseline.",2026-08-07T06:25:07.000Z
pred_137,cow_17,ses_137,9,LOW,MASTITIS_RISK,0.94,"Parameters aligned with historical baseline.",2026-08-07T06:26:23.000Z
pred_138,cow_18,ses_138,10,LOW,MASTITIS_RISK,0.94,"Parameters aligned with historical baseline.",2026-08-07T06:16:50.000Z
pred_139,cow_19,ses_139,8,LOW,MASTITIS_RISK,0.94,"Parameters aligned with historical baseline.",2026-08-07T06:43:00.000Z
pred_140,cow_20,ses_140,10,LOW,MASTITIS_RISK,0.94,"Parameters aligned with historical baseline.",2026-08-07T06:08:51.000Z
pred_141,cow_21,ses_141,8,LOW,MASTITIS_RISK,0.94,"Parameters aligned with historical baseline.",2026-08-07T06:59:40.000Z
pred_142,cow_22,ses_142,10,LOW,MASTITIS_RISK,0.94,"Parameters aligned with historical baseline.",2026-08-07T06:48:25.000Z
pred_143,cow_23,ses_143,12,LOW,MASTITIS_RISK,0.94,"Parameters aligned with historical baseline.",2026-08-07T06:18:06.000Z
pred_144,cow_24,ses_144,17,LOW,MASTITIS_RISK,0.94,"Parameters aligned with historical baseline.",2026-08-07T06:45:11.000Z
pred_145,cow_25,ses_145,11,LOW,MASTITIS_RISK,0.94,"Parameters aligned with historical baseline.",2026-08-07T06:56:10.000Z
pred_146,cow_26,ses_146,8,LOW,MASTITIS_RISK,0.94,"Parameters aligned with historical baseline.",2026-08-07T06:23:49.000Z
pred_147,cow_27,ses_147,15,LOW,MASTITIS_RISK,0.94,"Parameters aligned with historical baseline.",2026-08-07T06:14:57.000Z
pred_148,cow_28,ses_148,9,LOW,MASTITIS_RISK,0.94,"Parameters aligned with historical baseline.",2026-08-07T07:04:21.000Z
pred_149,cow_29,ses_149,11,LOW,MASTITIS_RISK,0.94,"Parameters aligned with historical baseline.",2026-08-07T06:21:20.000Z
pred_150,cow_30,ses_150,8,LOW,MASTITIS_RISK,0.94,"Parameters aligned with historical baseline.",2026-08-07T06:40:43.000Z
pred_151,cow_1,ses_151,14,LOW,MASTITIS_RISK,0.94,"Parameters aligned with historical baseline.",2026-08-07T18:17:02.000Z
pred_152,cow_2,ses_152,9,LOW,MASTITIS_RISK,0.94,"Parameters aligned with historical baseline.",2026-08-07T18:24:20.000Z
pred_153,cow_3,ses_153,14,LOW,MASTITIS_RISK,0.94,"Parameters aligned with historical baseline.",2026-08-07T17:45:19.000Z
pred_154,cow_4,ses_154,10,LOW,MASTITIS_RISK,0.94,"Parameters aligned with historical baseline.",2026-08-07T17:54:11.000Z
pred_155,cow_5,ses_155,12,LOW,MASTITIS_RISK,0.94,"Parameters aligned with historical baseline.",2026-08-07T17:46:54.000Z
pred_156,cow_6,ses_156,14,LOW,MASTITIS_RISK,0.94,"Parameters aligned with historical baseline.",2026-08-07T17:10:20.000Z
pred_157,cow_7,ses_157,12,LOW,MASTITIS_RISK,0.94,"Parameters aligned with historical baseline.",2026-08-07T17:53:53.000Z
pred_158,cow_8,ses_158,10,LOW,MASTITIS_RISK,0.94,"Parameters aligned with historical baseline.",2026-08-07T17:28:36.000Z
pred_159,cow_9,ses_159,10,LOW,MASTITIS_RISK,0.94,"Parameters aligned with historical baseline.",2026-08-07T18:24:05.000Z
pred_160,cow_10,ses_160,9,LOW,MASTITIS_RISK,0.94,"Parameters aligned with historical baseline.",2026-08-07T17:33:25.000Z
pred_161,cow_11,ses_161,14,LOW,MASTITIS_RISK,0.94,"Parameters aligned with historical baseline.",2026-08-07T17:26:56.000Z
pred_162,cow_12,ses_162,8,LOW,MASTITIS_RISK,0.94,"Parameters aligned with historical baseline.",2026-08-07T17:16:47.000Z
pred_163,cow_13,ses_163,10,LOW,MASTITIS_RISK,0.94,"Parameters aligned with historical baseline.",2026-08-07T18:35:23.000Z
pred_164,cow_14,ses_164,14,LOW,MASTITIS_RISK,0.94,"Parameters aligned with historical baseline.",2026-08-07T17:32:24.000Z
pred_165,cow_15,ses_165,13,LOW,MASTITIS_RISK,0.94,"Parameters aligned with historical baseline.",2026-08-07T17:05:38.000Z
pred_166,cow_16,ses_166,12,LOW,MASTITIS_RISK,0.94,"Parameters aligned with historical baseline.",2026-08-07T17:54:54.000Z
pred_167,cow_17,ses_167,14,LOW,MASTITIS_RISK,0.94,"Parameters aligned with historical baseline.",2026-08-07T17:05:48.000Z
pred_168,cow_18,ses_168,10,LOW,MASTITIS_RISK,0.94,"Parameters aligned with historical baseline.",2026-08-07T17:39:40.000Z
pred_169,cow_19,ses_169,9,LOW,MASTITIS_RISK,0.94,"Parameters aligned with historical baseline.",2026-08-07T18:13:53.000Z
pred_170,cow_20,ses_170,7,LOW,MASTITIS_RISK,0.94,"Parameters aligned with historical baseline.",2026-08-07T18:18:47.000Z
pred_171,cow_21,ses_171,9,LOW,MASTITIS_RISK,0.94,"Parameters aligned with historical baseline.",2026-08-07T18:11:14.000Z
pred_172,cow_22,ses_172,7,LOW,MASTITIS_RISK,0.94,"Parameters aligned with historical baseline.",2026-08-07T17:13:10.000Z
pred_173,cow_23,ses_173,12,LOW,MASTITIS_RISK,0.94,"Parameters aligned with historical baseline.",2026-08-07T17:15:52.000Z
pred_174,cow_24,ses_174,16,LOW,MASTITIS_RISK,0.94,"Parameters aligned with historical baseline.",2026-08-07T18:34:21.000Z
pred_175,cow_25,ses_175,12,LOW,MASTITIS_RISK,0.94,"Parameters aligned with historical baseline.",2026-08-07T17:19:05.000Z
pred_176,cow_26,ses_176,14,LOW,MASTITIS_RISK,0.94,"Parameters aligned with historical baseline.",2026-08-07T18:15:08.000Z
pred_177,cow_27,ses_177,14,LOW,MASTITIS_RISK,0.94,"Parameters aligned with historical baseline.",2026-08-07T18:01:50.000Z
pred_178,cow_28,ses_178,7,LOW,MASTITIS_RISK,0.94,"Parameters aligned with historical baseline.",2026-08-07T17:20:48.000Z
pred_179,cow_29,ses_179,10,LOW,MASTITIS_RISK,0.94,"Parameters aligned with historical baseline.",2026-08-07T17:22:17.000Z
pred_180,cow_30,ses_180,11,LOW,MASTITIS_RISK,0.94,"Parameters aligned with historical baseline.",2026-08-07T17:52:11.000Z
pred_181,cow_1,ses_181,8,LOW,MASTITIS_RISK,0.94,"Parameters aligned with historical baseline.",2026-08-08T06:33:06.000Z
pred_182,cow_2,ses_182,11,LOW,MASTITIS_RISK,0.94,"Parameters aligned with historical baseline.",2026-08-08T07:16:05.000Z
pred_183,cow_3,ses_183,9,LOW,MASTITIS_RISK,0.94,"Parameters aligned with historical baseline.",2026-08-08T07:09:57.000Z
pred_184,cow_4,ses_184,10,LOW,MASTITIS_RISK,0.94,"Parameters aligned with historical baseline.",2026-08-08T07:25:49.000Z
pred_185,cow_5,ses_185,14,LOW,MASTITIS_RISK,0.94,"Parameters aligned with historical baseline.",2026-08-08T06:50:41.000Z
pred_186,cow_6,ses_186,14,LOW,MASTITIS_RISK,0.94,"Parameters aligned with historical baseline.",2026-08-08T06:34:21.000Z
pred_187,cow_7,ses_187,14,LOW,MASTITIS_RISK,0.94,"Parameters aligned with historical baseline.",2026-08-08T07:16:59.000Z
pred_188,cow_8,ses_188,11,LOW,MASTITIS_RISK,0.94,"Parameters aligned with historical baseline.",2026-08-08T07:19:18.000Z
pred_189,cow_9,ses_189,10,LOW,MASTITIS_RISK,0.94,"Parameters aligned with historical baseline.",2026-08-08T07:10:06.000Z
pred_190,cow_10,ses_190,7,LOW,MASTITIS_RISK,0.94,"Parameters aligned with historical baseline.",2026-08-08T07:31:00.000Z
pred_191,cow_11,ses_191,7,LOW,MASTITIS_RISK,0.94,"Parameters aligned with historical baseline.",2026-08-08T07:31:21.000Z
pred_192,cow_12,ses_192,14,LOW,MASTITIS_RISK,0.94,"Parameters aligned with historical baseline.",2026-08-08T06:06:59.000Z
pred_193,cow_13,ses_193,11,LOW,MASTITIS_RISK,0.94,"Parameters aligned with historical baseline.",2026-08-08T06:21:34.000Z
pred_194,cow_14,ses_194,13,LOW,MASTITIS_RISK,0.94,"Parameters aligned with historical baseline.",2026-08-08T06:20:29.000Z
pred_195,cow_15,ses_195,11,LOW,MASTITIS_RISK,0.94,"Parameters aligned with historical baseline.",2026-08-08T06:12:25.000Z
pred_196,cow_16,ses_196,15,LOW,MASTITIS_RISK,0.94,"Parameters aligned with historical baseline.",2026-08-08T07:05:23.000Z
pred_197,cow_17,ses_197,11,LOW,MASTITIS_RISK,0.94,"Parameters aligned with historical baseline.",2026-08-08T06:21:59.000Z
pred_198,cow_18,ses_198,9,LOW,MASTITIS_RISK,0.94,"Parameters aligned with historical baseline.",2026-08-08T06:44:16.000Z
pred_199,cow_19,ses_199,17,LOW,MASTITIS_RISK,0.94,"Parameters aligned with historical baseline.",2026-08-08T06:56:06.000Z
pred_200,cow_20,ses_200,10,LOW,MASTITIS_RISK,0.94,"Parameters aligned with historical baseline.",2026-08-08T06:36:43.000Z
pred_201,cow_21,ses_201,11,LOW,MASTITIS_RISK,0.94,"Parameters aligned with historical baseline.",2026-08-08T06:31:08.000Z
pred_202,cow_22,ses_202,15,LOW,MASTITIS_RISK,0.94,"Parameters aligned with historical baseline.",2026-08-08T06:20:21.000Z
pred_203,cow_23,ses_203,17,LOW,MASTITIS_RISK,0.94,"Parameters aligned with historical baseline.",2026-08-08T07:07:16.000Z
pred_204,cow_24,ses_204,17,LOW,MASTITIS_RISK,0.94,"Parameters aligned with historical baseline.",2026-08-08T07:27:49.000Z
pred_205,cow_25,ses_205,15,LOW,MASTITIS_RISK,0.94,"Parameters aligned with historical baseline.",2026-08-08T06:47:16.000Z
pred_206,cow_26,ses_206,13,LOW,MASTITIS_RISK,0.94,"Parameters aligned with historical baseline.",2026-08-08T07:23:58.000Z
pred_207,cow_27,ses_207,8,LOW,MASTITIS_RISK,0.94,"Parameters aligned with historical baseline.",2026-08-08T06:55:02.000Z
pred_208,cow_28,ses_208,13,LOW,MASTITIS_RISK,0.94,"Parameters aligned with historical baseline.",2026-08-08T06:29:33.000Z
pred_209,cow_29,ses_209,13,LOW,MASTITIS_RISK,0.94,"Parameters aligned with historical baseline.",2026-08-08T06:26:06.000Z
pred_210,cow_30,ses_210,12,LOW,MASTITIS_RISK,0.94,"Parameters aligned with historical baseline.",2026-08-08T06:17:11.000Z
pred_211,cow_1,ses_211,14,LOW,MASTITIS_RISK,0.94,"Parameters aligned with historical baseline.",2026-08-08T18:32:57.000Z
pred_212,cow_2,ses_212,14,LOW,MASTITIS_RISK,0.94,"Parameters aligned with historical baseline.",2026-08-08T17:54:38.000Z
pred_213,cow_3,ses_213,9,LOW,MASTITIS_RISK,0.94,"Parameters aligned with historical baseline.",2026-08-08T17:04:11.000Z
pred_214,cow_4,ses_214,12,LOW,MASTITIS_RISK,0.94,"Parameters aligned with historical baseline.",2026-08-08T18:14:01.000Z
pred_215,cow_5,ses_215,7,LOW,MASTITIS_RISK,0.94,"Parameters aligned with historical baseline.",2026-08-08T17:27:16.000Z
pred_216,cow_6,ses_216,16,LOW,MASTITIS_RISK,0.94,"Parameters aligned with historical baseline.",2026-08-08T18:11:07.000Z
pred_217,cow_7,ses_217,10,LOW,MASTITIS_RISK,0.94,"Parameters aligned with historical baseline.",2026-08-08T18:29:11.000Z
pred_218,cow_8,ses_218,15,LOW,MASTITIS_RISK,0.94,"Parameters aligned with historical baseline.",2026-08-08T17:12:22.000Z
pred_219,cow_9,ses_219,13,LOW,MASTITIS_RISK,0.94,"Parameters aligned with historical baseline.",2026-08-08T17:38:30.000Z
pred_220,cow_10,ses_220,14,LOW,MASTITIS_RISK,0.94,"Parameters aligned with historical baseline.",2026-08-08T17:08:46.000Z
pred_221,cow_11,ses_221,15,LOW,MASTITIS_RISK,0.94,"Parameters aligned with historical baseline.",2026-08-08T18:01:57.000Z
pred_222,cow_12,ses_222,14,LOW,MASTITIS_RISK,0.94,"Parameters aligned with historical baseline.",2026-08-08T17:54:49.000Z
pred_223,cow_13,ses_223,13,LOW,MASTITIS_RISK,0.94,"Parameters aligned with historical baseline.",2026-08-08T17:47:43.000Z
pred_224,cow_14,ses_224,9,LOW,MASTITIS_RISK,0.94,"Parameters aligned with historical baseline.",2026-08-08T18:07:23.000Z
pred_225,cow_15,ses_225,8,LOW,MASTITIS_RISK,0.94,"Parameters aligned with historical baseline.",2026-08-08T17:08:43.000Z
pred_226,cow_16,ses_226,11,LOW,MASTITIS_RISK,0.94,"Parameters aligned with historical baseline.",2026-08-08T17:17:04.000Z
pred_227,cow_17,ses_227,16,LOW,MASTITIS_RISK,0.94,"Parameters aligned with historical baseline.",2026-08-08T18:23:10.000Z
pred_228,cow_18,ses_228,12,LOW,MASTITIS_RISK,0.94,"Parameters aligned with historical baseline.",2026-08-08T17:24:05.000Z
pred_229,cow_19,ses_229,15,LOW,MASTITIS_RISK,0.94,"Parameters aligned with historical baseline.",2026-08-08T18:18:59.000Z
pred_230,cow_20,ses_230,11,LOW,MASTITIS_RISK,0.94,"Parameters aligned with historical baseline.",2026-08-08T17:59:54.000Z
pred_231,cow_21,ses_231,16,LOW,MASTITIS_RISK,0.94,"Parameters aligned with historical baseline.",2026-08-08T17:22:46.000Z
pred_232,cow_22,ses_232,9,LOW,MASTITIS_RISK,0.94,"Parameters aligned with historical baseline.",2026-08-08T17:46:30.000Z
pred_233,cow_23,ses_233,16,LOW,MASTITIS_RISK,0.94,"Parameters aligned with historical baseline.",2026-08-08T17:22:40.000Z
pred_234,cow_24,ses_234,11,LOW,MASTITIS_RISK,0.94,"Parameters aligned with historical baseline.",2026-08-08T18:23:08.000Z
pred_235,cow_25,ses_235,15,LOW,MASTITIS_RISK,0.94,"Parameters aligned with historical baseline.",2026-08-08T18:32:47.000Z
pred_236,cow_26,ses_236,13,LOW,MASTITIS_RISK,0.94,"Parameters aligned with historical baseline.",2026-08-08T17:31:39.000Z
pred_237,cow_27,ses_237,14,LOW,MASTITIS_RISK,0.94,"Parameters aligned with historical baseline.",2026-08-08T18:07:20.000Z
pred_238,cow_28,ses_238,8,LOW,MASTITIS_RISK,0.94,"Parameters aligned with historical baseline.",2026-08-08T18:03:47.000Z
pred_239,cow_29,ses_239,14,LOW,MASTITIS_RISK,0.94,"Parameters aligned with historical baseline.",2026-08-08T17:14:24.000Z
pred_240,cow_30,ses_240,8,LOW,MASTITIS_RISK,0.94,"Parameters aligned with historical baseline.",2026-08-08T18:23:57.000Z
pred_241,cow_1,ses_241,13,LOW,MASTITIS_RISK,0.94,"Parameters aligned with historical baseline.",2026-08-09T07:19:44.000Z
pred_242,cow_2,ses_242,10,LOW,MASTITIS_RISK,0.94,"Parameters aligned with historical baseline.",2026-08-09T06:40:01.000Z
pred_243,cow_3,ses_243,8,LOW,MASTITIS_RISK,0.94,"Parameters aligned with historical baseline.",2026-08-09T06:21:41.000Z
pred_244,cow_4,ses_244,13,LOW,MASTITIS_RISK,0.94,"Parameters aligned with historical baseline.",2026-08-09T06:40:18.000Z
pred_245,cow_5,ses_245,14,LOW,MASTITIS_RISK,0.94,"Parameters aligned with historical baseline.",2026-08-09T06:11:03.000Z
pred_246,cow_6,ses_246,13,LOW,MASTITIS_RISK,0.94,"Parameters aligned with historical baseline.",2026-08-09T06:56:41.000Z
pred_247,cow_7,ses_247,17,LOW,MASTITIS_RISK,0.94,"Parameters aligned with historical baseline.",2026-08-09T07:34:11.000Z
pred_248,cow_8,ses_248,11,LOW,MASTITIS_RISK,0.94,"Parameters aligned with historical baseline.",2026-08-09T07:06:51.000Z
pred_249,cow_9,ses_249,13,LOW,MASTITIS_RISK,0.94,"Parameters aligned with historical baseline.",2026-08-09T06:28:36.000Z
pred_250,cow_10,ses_250,17,LOW,MASTITIS_RISK,0.94,"Parameters aligned with historical baseline.",2026-08-09T07:26:14.000Z
pred_251,cow_11,ses_251,8,LOW,MASTITIS_RISK,0.94,"Parameters aligned with historical baseline.",2026-08-09T06:55:26.000Z
pred_252,cow_12,ses_252,12,LOW,MASTITIS_RISK,0.94,"Parameters aligned with historical baseline.",2026-08-09T07:23:20.000Z
pred_253,cow_13,ses_253,11,LOW,MASTITIS_RISK,0.94,"Parameters aligned with historical baseline.",2026-08-09T06:16:15.000Z
pred_254,cow_14,ses_254,10,LOW,MASTITIS_RISK,0.94,"Parameters aligned with historical baseline.",2026-08-09T06:30:36.000Z
pred_255,cow_15,ses_255,14,LOW,MASTITIS_RISK,0.94,"Parameters aligned with historical baseline.",2026-08-09T06:57:51.000Z
pred_256,cow_16,ses_256,14,LOW,MASTITIS_RISK,0.94,"Parameters aligned with historical baseline.",2026-08-09T07:09:25.000Z
pred_257,cow_17,ses_257,11,LOW,MASTITIS_RISK,0.94,"Parameters aligned with historical baseline.",2026-08-09T06:51:07.000Z
pred_258,cow_18,ses_258,14,LOW,MASTITIS_RISK,0.94,"Parameters aligned with historical baseline.",2026-08-09T06:47:00.000Z
pred_259,cow_19,ses_259,8,LOW,MASTITIS_RISK,0.94,"Parameters aligned with historical baseline.",2026-08-09T07:13:59.000Z
pred_260,cow_20,ses_260,14,LOW,MASTITIS_RISK,0.94,"Parameters aligned with historical baseline.",2026-08-09T06:39:57.000Z
pred_261,cow_21,ses_261,14,LOW,MASTITIS_RISK,0.94,"Parameters aligned with historical baseline.",2026-08-09T06:37:08.000Z
pred_262,cow_22,ses_262,14,LOW,MASTITIS_RISK,0.94,"Parameters aligned with historical baseline.",2026-08-09T06:33:52.000Z
pred_263,cow_23,ses_263,9,LOW,MASTITIS_RISK,0.94,"Parameters aligned with historical baseline.",2026-08-09T06:38:27.000Z
pred_264,cow_24,ses_264,16,LOW,MASTITIS_RISK,0.94,"Parameters aligned with historical baseline.",2026-08-09T07:08:54.000Z
pred_265,cow_25,ses_265,13,LOW,MASTITIS_RISK,0.94,"Parameters aligned with historical baseline.",2026-08-09T06:16:34.000Z
pred_266,cow_26,ses_266,13,LOW,MASTITIS_RISK,0.94,"Parameters aligned with historical baseline.",2026-08-09T07:34:15.000Z
pred_267,cow_27,ses_267,10,LOW,MASTITIS_RISK,0.94,"Parameters aligned with historical baseline.",2026-08-09T07:01:20.000Z
pred_268,cow_28,ses_268,15,LOW,MASTITIS_RISK,0.94,"Parameters aligned with historical baseline.",2026-08-09T06:38:29.000Z
pred_269,cow_29,ses_269,13,LOW,MASTITIS_RISK,0.94,"Parameters aligned with historical baseline.",2026-08-09T06:38:51.000Z
pred_270,cow_30,ses_270,8,LOW,MASTITIS_RISK,0.94,"Parameters aligned with historical baseline.",2026-08-09T07:27:48.000Z
pred_271,cow_1,ses_271,10,LOW,MASTITIS_RISK,0.94,"Parameters aligned with historical baseline.",2026-08-09T18:34:31.000Z
pred_272,cow_2,ses_272,10,LOW,MASTITIS_RISK,0.94,"Parameters aligned with historical baseline.",2026-08-09T18:02:14.000Z
pred_273,cow_3,ses_273,16,LOW,MASTITIS_RISK,0.94,"Parameters aligned with historical baseline.",2026-08-09T18:20:30.000Z
pred_274,cow_4,ses_274,8,LOW,MASTITIS_RISK,0.94,"Parameters aligned with historical baseline.",2026-08-09T17:46:59.000Z
pred_275,cow_5,ses_275,17,LOW,MASTITIS_RISK,0.94,"Parameters aligned with historical baseline.",2026-08-09T17:12:03.000Z
pred_276,cow_6,ses_276,15,LOW,MASTITIS_RISK,0.94,"Parameters aligned with historical baseline.",2026-08-09T17:09:33.000Z
pred_277,cow_7,ses_277,12,LOW,MASTITIS_RISK,0.94,"Parameters aligned with historical baseline.",2026-08-09T17:09:12.000Z
pred_278,cow_8,ses_278,9,LOW,MASTITIS_RISK,0.94,"Parameters aligned with historical baseline.",2026-08-09T17:26:22.000Z
pred_279,cow_9,ses_279,15,LOW,MASTITIS_RISK,0.94,"Parameters aligned with historical baseline.",2026-08-09T18:03:19.000Z
pred_280,cow_10,ses_280,9,LOW,MASTITIS_RISK,0.94,"Parameters aligned with historical baseline.",2026-08-09T18:29:13.000Z
pred_281,cow_11,ses_281,8,LOW,MASTITIS_RISK,0.94,"Parameters aligned with historical baseline.",2026-08-09T18:04:22.000Z
pred_282,cow_12,ses_282,9,LOW,MASTITIS_RISK,0.94,"Parameters aligned with historical baseline.",2026-08-09T18:05:37.000Z
pred_283,cow_13,ses_283,9,LOW,MASTITIS_RISK,0.94,"Parameters aligned with historical baseline.",2026-08-09T17:34:45.000Z
pred_284,cow_14,ses_284,15,LOW,MASTITIS_RISK,0.94,"Parameters aligned with historical baseline.",2026-08-09T17:30:23.000Z
pred_285,cow_15,ses_285,10,LOW,MASTITIS_RISK,0.94,"Parameters aligned with historical baseline.",2026-08-09T18:16:51.000Z
pred_286,cow_16,ses_286,16,LOW,MASTITIS_RISK,0.94,"Parameters aligned with historical baseline.",2026-08-09T18:03:08.000Z
pred_287,cow_17,ses_287,10,LOW,MASTITIS_RISK,0.94,"Parameters aligned with historical baseline.",2026-08-09T17:27:57.000Z
pred_288,cow_18,ses_288,9,LOW,MASTITIS_RISK,0.94,"Parameters aligned with historical baseline.",2026-08-09T17:06:00.000Z
pred_289,cow_19,ses_289,14,LOW,MASTITIS_RISK,0.94,"Parameters aligned with historical baseline.",2026-08-09T18:00:39.000Z
pred_290,cow_20,ses_290,8,LOW,MASTITIS_RISK,0.94,"Parameters aligned with historical baseline.",2026-08-09T17:52:35.000Z
pred_291,cow_21,ses_291,12,LOW,MASTITIS_RISK,0.94,"Parameters aligned with historical baseline.",2026-08-09T18:13:16.000Z
pred_292,cow_22,ses_292,13,LOW,MASTITIS_RISK,0.94,"Parameters aligned with historical baseline.",2026-08-09T18:10:05.000Z
pred_293,cow_23,ses_293,12,LOW,MASTITIS_RISK,0.94,"Parameters aligned with historical baseline.",2026-08-09T17:38:25.000Z
pred_294,cow_24,ses_294,15,LOW,MASTITIS_RISK,0.94,"Parameters aligned with historical baseline.",2026-08-09T17:53:35.000Z
pred_295,cow_25,ses_295,11,LOW,MASTITIS_RISK,0.94,"Parameters aligned with historical baseline.",2026-08-09T18:09:36.000Z
pred_296,cow_26,ses_296,16,LOW,MASTITIS_RISK,0.94,"Parameters aligned with historical baseline.",2026-08-09T17:26:05.000Z
pred_297,cow_27,ses_297,17,LOW,MASTITIS_RISK,0.94,"Parameters aligned with historical baseline.",2026-08-09T18:24:26.000Z
pred_298,cow_28,ses_298,8,LOW,MASTITIS_RISK,0.94,"Parameters aligned with historical baseline.",2026-08-09T17:45:15.000Z
pred_299,cow_29,ses_299,10,LOW,MASTITIS_RISK,0.94,"Parameters aligned with historical baseline.",2026-08-09T18:00:51.000Z
pred_300,cow_30,ses_300,13,LOW,MASTITIS_RISK,0.94,"Parameters aligned with historical baseline.",2026-08-09T17:48:45.000Z
pred_301,cow_1,ses_301,15,LOW,MASTITIS_RISK,0.94,"Parameters aligned with historical baseline.",2026-08-10T07:17:01.000Z
pred_302,cow_2,ses_302,13,LOW,MASTITIS_RISK,0.94,"Parameters aligned with historical baseline.",2026-08-10T06:25:52.000Z
pred_303,cow_3,ses_303,16,LOW,MASTITIS_RISK,0.94,"Parameters aligned with historical baseline.",2026-08-10T07:28:16.000Z
pred_304,cow_4,ses_304,15,LOW,MASTITIS_RISK,0.94,"Parameters aligned with historical baseline.",2026-08-10T06:07:13.000Z
pred_305,cow_5,ses_305,14,LOW,MASTITIS_RISK,0.94,"Parameters aligned with historical baseline.",2026-08-10T06:59:39.000Z
pred_306,cow_6,ses_306,15,LOW,MASTITIS_RISK,0.94,"Parameters aligned with historical baseline.",2026-08-10T06:49:30.000Z
pred_307,cow_7,ses_307,14,LOW,MASTITIS_RISK,0.94,"Parameters aligned with historical baseline.",2026-08-10T07:01:55.000Z
pred_308,cow_8,ses_308,17,LOW,MASTITIS_RISK,0.94,"Parameters aligned with historical baseline.",2026-08-10T06:34:46.000Z
pred_309,cow_9,ses_309,16,LOW,MASTITIS_RISK,0.94,"Parameters aligned with historical baseline.",2026-08-10T06:51:57.000Z
pred_310,cow_10,ses_310,12,LOW,MASTITIS_RISK,0.94,"Parameters aligned with historical baseline.",2026-08-10T07:02:44.000Z
pred_311,cow_11,ses_311,13,LOW,MASTITIS_RISK,0.94,"Parameters aligned with historical baseline.",2026-08-10T07:22:55.000Z
pred_312,cow_12,ses_312,12,LOW,MASTITIS_RISK,0.94,"Parameters aligned with historical baseline.",2026-08-10T06:52:22.000Z
pred_313,cow_13,ses_313,7,LOW,MASTITIS_RISK,0.94,"Parameters aligned with historical baseline.",2026-08-10T06:48:51.000Z
pred_314,cow_14,ses_314,14,LOW,MASTITIS_RISK,0.94,"Parameters aligned with historical baseline.",2026-08-10T06:21:15.000Z
pred_315,cow_15,ses_315,16,LOW,MASTITIS_RISK,0.94,"Parameters aligned with historical baseline.",2026-08-10T07:16:57.000Z
pred_316,cow_16,ses_316,14,LOW,MASTITIS_RISK,0.94,"Parameters aligned with historical baseline.",2026-08-10T07:19:57.000Z
pred_317,cow_17,ses_317,8,LOW,MASTITIS_RISK,0.94,"Parameters aligned with historical baseline.",2026-08-10T06:08:34.000Z
pred_318,cow_18,ses_318,14,LOW,MASTITIS_RISK,0.94,"Parameters aligned with historical baseline.",2026-08-10T07:12:58.000Z
pred_319,cow_19,ses_319,9,LOW,MASTITIS_RISK,0.94,"Parameters aligned with historical baseline.",2026-08-10T06:38:47.000Z
pred_320,cow_20,ses_320,8,LOW,MASTITIS_RISK,0.94,"Parameters aligned with historical baseline.",2026-08-10T06:24:18.000Z
pred_321,cow_21,ses_321,10,LOW,MASTITIS_RISK,0.94,"Parameters aligned with historical baseline.",2026-08-10T06:26:52.000Z
pred_322,cow_22,ses_322,9,LOW,MASTITIS_RISK,0.94,"Parameters aligned with historical baseline.",2026-08-10T07:17:55.000Z
pred_323,cow_23,ses_323,17,LOW,MASTITIS_RISK,0.94,"Parameters aligned with historical baseline.",2026-08-10T06:29:39.000Z
pred_324,cow_24,ses_324,11,LOW,MASTITIS_RISK,0.94,"Parameters aligned with historical baseline.",2026-08-10T07:02:50.000Z
pred_325,cow_25,ses_325,9,LOW,MASTITIS_RISK,0.94,"Parameters aligned with historical baseline.",2026-08-10T06:31:34.000Z
pred_326,cow_26,ses_326,15,LOW,MASTITIS_RISK,0.94,"Parameters aligned with historical baseline.",2026-08-10T07:32:59.000Z
pred_327,cow_27,ses_327,13,LOW,MASTITIS_RISK,0.94,"Parameters aligned with historical baseline.",2026-08-10T06:41:39.000Z
pred_328,cow_28,ses_328,16,LOW,MASTITIS_RISK,0.94,"Parameters aligned with historical baseline.",2026-08-10T06:50:16.000Z
pred_329,cow_29,ses_329,17,LOW,MASTITIS_RISK,0.94,"Parameters aligned with historical baseline.",2026-08-10T07:22:53.000Z
pred_330,cow_30,ses_330,13,LOW,MASTITIS_RISK,0.94,"Parameters aligned with historical baseline.",2026-08-10T06:12:19.000Z
pred_331,cow_1,ses_331,10,LOW,MASTITIS_RISK,0.94,"Parameters aligned with historical baseline.",2026-08-10T17:29:36.000Z
pred_332,cow_2,ses_332,7,LOW,MASTITIS_RISK,0.94,"Parameters aligned with historical baseline.",2026-08-10T18:14:30.000Z
pred_333,cow_3,ses_333,15,LOW,MASTITIS_RISK,0.94,"Parameters aligned with historical baseline.",2026-08-10T17:15:12.000Z
pred_334,cow_4,ses_334,8,LOW,MASTITIS_RISK,0.94,"Parameters aligned with historical baseline.",2026-08-10T17:20:05.000Z
pred_335,cow_5,ses_335,8,LOW,MASTITIS_RISK,0.94,"Parameters aligned with historical baseline.",2026-08-10T17:58:30.000Z
pred_336,cow_6,ses_336,10,LOW,MASTITIS_RISK,0.94,"Parameters aligned with historical baseline.",2026-08-10T18:24:27.000Z
pred_337,cow_7,ses_337,11,LOW,MASTITIS_RISK,0.94,"Parameters aligned with historical baseline.",2026-08-10T17:28:14.000Z
pred_338,cow_8,ses_338,14,LOW,MASTITIS_RISK,0.94,"Parameters aligned with historical baseline.",2026-08-10T17:45:54.000Z
pred_339,cow_9,ses_339,11,LOW,MASTITIS_RISK,0.94,"Parameters aligned with historical baseline.",2026-08-10T18:17:25.000Z
pred_340,cow_10,ses_340,14,LOW,MASTITIS_RISK,0.94,"Parameters aligned with historical baseline.",2026-08-10T18:27:34.000Z
pred_341,cow_11,ses_341,14,LOW,MASTITIS_RISK,0.94,"Parameters aligned with historical baseline.",2026-08-10T17:34:07.000Z
pred_342,cow_12,ses_342,15,LOW,MASTITIS_RISK,0.94,"Parameters aligned with historical baseline.",2026-08-10T18:22:14.000Z
pred_343,cow_13,ses_343,12,LOW,MASTITIS_RISK,0.94,"Parameters aligned with historical baseline.",2026-08-10T17:44:27.000Z
pred_344,cow_14,ses_344,8,LOW,MASTITIS_RISK,0.94,"Parameters aligned with historical baseline.",2026-08-10T18:15:46.000Z
pred_345,cow_15,ses_345,14,LOW,MASTITIS_RISK,0.94,"Parameters aligned with historical baseline.",2026-08-10T17:54:24.000Z
pred_346,cow_16,ses_346,12,LOW,MASTITIS_RISK,0.94,"Parameters aligned with historical baseline.",2026-08-10T18:28:31.000Z
pred_347,cow_17,ses_347,12,LOW,MASTITIS_RISK,0.94,"Parameters aligned with historical baseline.",2026-08-10T18:27:39.000Z
pred_348,cow_18,ses_348,10,LOW,MASTITIS_RISK,0.94,"Parameters aligned with historical baseline.",2026-08-10T17:13:57.000Z
pred_349,cow_19,ses_349,8,LOW,MASTITIS_RISK,0.94,"Parameters aligned with historical baseline.",2026-08-10T17:37:48.000Z
pred_350,cow_20,ses_350,9,LOW,MASTITIS_RISK,0.94,"Parameters aligned with historical baseline.",2026-08-10T18:04:06.000Z
pred_351,cow_21,ses_351,12,LOW,MASTITIS_RISK,0.94,"Parameters aligned with historical baseline.",2026-08-10T17:36:54.000Z
pred_352,cow_22,ses_352,11,LOW,MASTITIS_RISK,0.94,"Parameters aligned with historical baseline.",2026-08-10T18:16:41.000Z
pred_353,cow_23,ses_353,8,LOW,MASTITIS_RISK,0.94,"Parameters aligned with historical baseline.",2026-08-10T17:49:02.000Z
pred_354,cow_24,ses_354,12,LOW,MASTITIS_RISK,0.94,"Parameters aligned with historical baseline.",2026-08-10T17:48:22.000Z
pred_355,cow_25,ses_355,13,LOW,MASTITIS_RISK,0.94,"Parameters aligned with historical baseline.",2026-08-10T18:31:53.000Z
pred_356,cow_26,ses_356,11,LOW,MASTITIS_RISK,0.94,"Parameters aligned with historical baseline.",2026-08-10T17:25:30.000Z
pred_357,cow_27,ses_357,9,LOW,MASTITIS_RISK,0.94,"Parameters aligned with historical baseline.",2026-08-10T17:28:41.000Z
pred_358,cow_28,ses_358,7,LOW,MASTITIS_RISK,0.94,"Parameters aligned with historical baseline.",2026-08-10T18:21:10.000Z
pred_359,cow_29,ses_359,10,LOW,MASTITIS_RISK,0.94,"Parameters aligned with historical baseline.",2026-08-10T18:16:39.000Z
pred_360,cow_30,ses_360,13,LOW,MASTITIS_RISK,0.94,"Parameters aligned with historical baseline.",2026-08-10T17:59:00.000Z
pred_361,cow_1,ses_361,8,LOW,MASTITIS_RISK,0.94,"Parameters aligned with historical baseline.",2026-08-11T07:21:48.000Z
pred_362,cow_2,ses_362,9,LOW,MASTITIS_RISK,0.94,"Parameters aligned with historical baseline.",2026-08-11T06:22:24.000Z
pred_363,cow_3,ses_363,7,LOW,MASTITIS_RISK,0.94,"Parameters aligned with historical baseline.",2026-08-11T06:36:12.000Z
pred_364,cow_4,ses_364,13,LOW,MASTITIS_RISK,0.94,"Parameters aligned with historical baseline.",2026-08-11T07:15:58.000Z
pred_365,cow_5,ses_365,14,LOW,MASTITIS_RISK,0.94,"Parameters aligned with historical baseline.",2026-08-11T06:55:32.000Z
pred_366,cow_6,ses_366,16,LOW,MASTITIS_RISK,0.94,"Parameters aligned with historical baseline.",2026-08-11T06:46:20.000Z
pred_367,cow_7,ses_367,11,LOW,MASTITIS_RISK,0.94,"Parameters aligned with historical baseline.",2026-08-11T06:38:35.000Z
pred_368,cow_8,ses_368,10,LOW,MASTITIS_RISK,0.94,"Parameters aligned with historical baseline.",2026-08-11T07:07:23.000Z
pred_369,cow_9,ses_369,7,LOW,MASTITIS_RISK,0.94,"Parameters aligned with historical baseline.",2026-08-11T07:07:25.000Z
pred_370,cow_10,ses_370,11,LOW,MASTITIS_RISK,0.94,"Parameters aligned with historical baseline.",2026-08-11T07:03:51.000Z
pred_371,cow_11,ses_371,10,LOW,MASTITIS_RISK,0.94,"Parameters aligned with historical baseline.",2026-08-11T06:52:45.000Z
pred_372,cow_12,ses_372,16,LOW,MASTITIS_RISK,0.94,"Parameters aligned with historical baseline.",2026-08-11T06:07:10.000Z
pred_373,cow_13,ses_373,13,LOW,MASTITIS_RISK,0.94,"Parameters aligned with historical baseline.",2026-08-11T07:23:55.000Z
pred_374,cow_14,ses_374,16,LOW,MASTITIS_RISK,0.94,"Parameters aligned with historical baseline.",2026-08-11T07:24:33.000Z
pred_375,cow_15,ses_375,12,LOW,MASTITIS_RISK,0.94,"Parameters aligned with historical baseline.",2026-08-11T07:10:15.000Z
pred_376,cow_16,ses_376,16,LOW,MASTITIS_RISK,0.94,"Parameters aligned with historical baseline.",2026-08-11T06:23:29.000Z
pred_377,cow_17,ses_377,12,LOW,MASTITIS_RISK,0.94,"Parameters aligned with historical baseline.",2026-08-11T07:10:36.000Z
pred_378,cow_18,ses_378,8,LOW,MASTITIS_RISK,0.94,"Parameters aligned with historical baseline.",2026-08-11T06:37:55.000Z
pred_379,cow_19,ses_379,15,LOW,MASTITIS_RISK,0.94,"Parameters aligned with historical baseline.",2026-08-11T06:46:06.000Z
pred_380,cow_20,ses_380,12,LOW,MASTITIS_RISK,0.94,"Parameters aligned with historical baseline.",2026-08-11T06:38:12.000Z
pred_381,cow_21,ses_381,8,LOW,MASTITIS_RISK,0.94,"Parameters aligned with historical baseline.",2026-08-11T06:59:25.000Z
pred_382,cow_22,ses_382,16,LOW,MASTITIS_RISK,0.94,"Parameters aligned with historical baseline.",2026-08-11T06:32:20.000Z
pred_383,cow_23,ses_383,8,LOW,MASTITIS_RISK,0.94,"Parameters aligned with historical baseline.",2026-08-11T06:30:56.000Z
pred_384,cow_24,ses_384,15,LOW,MASTITIS_RISK,0.94,"Parameters aligned with historical baseline.",2026-08-11T07:17:24.000Z
pred_385,cow_25,ses_385,8,LOW,MASTITIS_RISK,0.94,"Parameters aligned with historical baseline.",2026-08-11T06:29:33.000Z
pred_386,cow_26,ses_386,9,LOW,MASTITIS_RISK,0.94,"Parameters aligned with historical baseline.",2026-08-11T07:09:44.000Z
pred_387,cow_27,ses_387,15,LOW,MASTITIS_RISK,0.94,"Parameters aligned with historical baseline.",2026-08-11T06:39:42.000Z
pred_388,cow_28,ses_388,16,LOW,MASTITIS_RISK,0.94,"Parameters aligned with historical baseline.",2026-08-11T06:37:07.000Z
pred_389,cow_29,ses_389,14,LOW,MASTITIS_RISK,0.94,"Parameters aligned with historical baseline.",2026-08-11T07:31:35.000Z
pred_390,cow_30,ses_390,15,LOW,MASTITIS_RISK,0.94,"Parameters aligned with historical baseline.",2026-08-11T06:35:30.000Z
pred_391,cow_1,ses_391,17,LOW,MASTITIS_RISK,0.94,"Parameters aligned with historical baseline.",2026-08-11T18:16:34.000Z
pred_392,cow_2,ses_392,9,LOW,MASTITIS_RISK,0.94,"Parameters aligned with historical baseline.",2026-08-11T17:30:14.000Z
pred_393,cow_3,ses_393,14,LOW,MASTITIS_RISK,0.94,"Parameters aligned with historical baseline.",2026-08-11T17:30:43.000Z
pred_394,cow_4,ses_394,14,LOW,MASTITIS_RISK,0.94,"Parameters aligned with historical baseline.",2026-08-11T18:24:38.000Z
pred_395,cow_5,ses_395,11,LOW,MASTITIS_RISK,0.94,"Parameters aligned with historical baseline.",2026-08-11T17:29:57.000Z
pred_396,cow_6,ses_396,17,LOW,MASTITIS_RISK,0.94,"Parameters aligned with historical baseline.",2026-08-11T17:51:09.000Z
pred_397,cow_7,ses_397,8,LOW,MASTITIS_RISK,0.94,"Parameters aligned with historical baseline.",2026-08-11T18:26:46.000Z
pred_398,cow_8,ses_398,9,LOW,MASTITIS_RISK,0.94,"Parameters aligned with historical baseline.",2026-08-11T18:28:18.000Z
pred_399,cow_9,ses_399,14,LOW,MASTITIS_RISK,0.94,"Parameters aligned with historical baseline.",2026-08-11T17:21:23.000Z
pred_400,cow_10,ses_400,17,LOW,MASTITIS_RISK,0.94,"Parameters aligned with historical baseline.",2026-08-11T18:18:51.000Z
pred_401,cow_11,ses_401,13,LOW,MASTITIS_RISK,0.94,"Parameters aligned with historical baseline.",2026-08-11T18:08:30.000Z
pred_402,cow_12,ses_402,9,LOW,MASTITIS_RISK,0.94,"Parameters aligned with historical baseline.",2026-08-11T17:42:57.000Z
pred_403,cow_13,ses_403,9,LOW,MASTITIS_RISK,0.94,"Parameters aligned with historical baseline.",2026-08-11T17:27:31.000Z
pred_404,cow_14,ses_404,13,LOW,MASTITIS_RISK,0.94,"Parameters aligned with historical baseline.",2026-08-11T17:51:21.000Z
pred_405,cow_15,ses_405,7,LOW,MASTITIS_RISK,0.94,"Parameters aligned with historical baseline.",2026-08-11T17:46:24.000Z
pred_406,cow_16,ses_406,12,LOW,MASTITIS_RISK,0.94,"Parameters aligned with historical baseline.",2026-08-11T18:22:22.000Z
pred_407,cow_17,ses_407,8,LOW,MASTITIS_RISK,0.94,"Parameters aligned with historical baseline.",2026-08-11T17:48:13.000Z
pred_408,cow_18,ses_408,10,LOW,MASTITIS_RISK,0.94,"Parameters aligned with historical baseline.",2026-08-11T18:10:58.000Z
pred_409,cow_19,ses_409,11,LOW,MASTITIS_RISK,0.94,"Parameters aligned with historical baseline.",2026-08-11T17:13:42.000Z
pred_410,cow_20,ses_410,16,LOW,MASTITIS_RISK,0.94,"Parameters aligned with historical baseline.",2026-08-11T17:48:23.000Z
pred_411,cow_21,ses_411,12,LOW,MASTITIS_RISK,0.94,"Parameters aligned with historical baseline.",2026-08-11T17:48:03.000Z
pred_412,cow_22,ses_412,15,LOW,MASTITIS_RISK,0.94,"Parameters aligned with historical baseline.",2026-08-11T18:27:05.000Z
pred_413,cow_23,ses_413,15,LOW,MASTITIS_RISK,0.94,"Parameters aligned with historical baseline.",2026-08-11T18:01:24.000Z
pred_414,cow_24,ses_414,12,LOW,MASTITIS_RISK,0.94,"Parameters aligned with historical baseline.",2026-08-11T17:20:12.000Z
pred_415,cow_25,ses_415,11,LOW,MASTITIS_RISK,0.94,"Parameters aligned with historical baseline.",2026-08-11T17:50:00.000Z
pred_416,cow_26,ses_416,8,LOW,MASTITIS_RISK,0.94,"Parameters aligned with historical baseline.",2026-08-11T17:41:26.000Z
pred_417,cow_27,ses_417,13,LOW,MASTITIS_RISK,0.94,"Parameters aligned with historical baseline.",2026-08-11T18:16:34.000Z
pred_418,cow_28,ses_418,8,LOW,MASTITIS_RISK,0.94,"Parameters aligned with historical baseline.",2026-08-11T18:28:04.000Z
pred_419,cow_29,ses_419,11,LOW,MASTITIS_RISK,0.94,"Parameters aligned with historical baseline.",2026-08-11T17:33:17.000Z
pred_420,cow_30,ses_420,13,LOW,MASTITIS_RISK,0.94,"Parameters aligned with historical baseline.",2026-08-11T17:38:00.000Z
pred_421,cow_1,ses_421,16,LOW,MASTITIS_RISK,0.94,"Parameters aligned with historical baseline.",2026-08-12T07:32:56.000Z
pred_422,cow_2,ses_422,8,LOW,MASTITIS_RISK,0.94,"Parameters aligned with historical baseline.",2026-08-12T06:28:03.000Z
pred_423,cow_3,ses_423,10,LOW,MASTITIS_RISK,0.94,"Parameters aligned with historical baseline.",2026-08-12T06:30:19.000Z
pred_424,cow_4,ses_424,13,LOW,MASTITIS_RISK,0.94,"Parameters aligned with historical baseline.",2026-08-12T07:07:12.000Z
pred_425,cow_5,ses_425,11,LOW,MASTITIS_RISK,0.94,"Parameters aligned with historical baseline.",2026-08-12T06:44:44.000Z
pred_426,cow_6,ses_426,11,LOW,MASTITIS_RISK,0.94,"Parameters aligned with historical baseline.",2026-08-12T06:49:19.000Z
pred_427,cow_7,ses_427,8,LOW,MASTITIS_RISK,0.94,"Parameters aligned with historical baseline.",2026-08-12T07:06:31.000Z
pred_428,cow_8,ses_428,17,LOW,MASTITIS_RISK,0.94,"Parameters aligned with historical baseline.",2026-08-12T07:21:26.000Z
pred_429,cow_9,ses_429,10,LOW,MASTITIS_RISK,0.94,"Parameters aligned with historical baseline.",2026-08-12T07:06:40.000Z
pred_430,cow_10,ses_430,11,LOW,MASTITIS_RISK,0.94,"Parameters aligned with historical baseline.",2026-08-12T06:21:12.000Z
pred_431,cow_11,ses_431,15,LOW,MASTITIS_RISK,0.94,"Parameters aligned with historical baseline.",2026-08-12T06:27:32.000Z
pred_432,cow_12,ses_432,17,LOW,MASTITIS_RISK,0.94,"Parameters aligned with historical baseline.",2026-08-12T06:25:55.000Z
pred_433,cow_13,ses_433,10,LOW,MASTITIS_RISK,0.94,"Parameters aligned with historical baseline.",2026-08-12T06:53:16.000Z
pred_434,cow_14,ses_434,11,LOW,MASTITIS_RISK,0.94,"Parameters aligned with historical baseline.",2026-08-12T06:05:13.000Z
pred_435,cow_15,ses_435,7,LOW,MASTITIS_RISK,0.94,"Parameters aligned with historical baseline.",2026-08-12T06:31:26.000Z
pred_436,cow_16,ses_436,14,LOW,MASTITIS_RISK,0.94,"Parameters aligned with historical baseline.",2026-08-12T06:26:26.000Z
pred_437,cow_17,ses_437,15,LOW,MASTITIS_RISK,0.94,"Parameters aligned with historical baseline.",2026-08-12T06:19:50.000Z
pred_438,cow_18,ses_438,11,LOW,MASTITIS_RISK,0.94,"Parameters aligned with historical baseline.",2026-08-12T06:16:16.000Z
pred_439,cow_19,ses_439,14,LOW,MASTITIS_RISK,0.94,"Parameters aligned with historical baseline.",2026-08-12T06:23:46.000Z
pred_440,cow_20,ses_440,14,LOW,MASTITIS_RISK,0.94,"Parameters aligned with historical baseline.",2026-08-12T07:28:10.000Z
pred_441,cow_21,ses_441,14,LOW,MASTITIS_RISK,0.94,"Parameters aligned with historical baseline.",2026-08-12T07:29:25.000Z
pred_442,cow_22,ses_442,9,LOW,MASTITIS_RISK,0.94,"Parameters aligned with historical baseline.",2026-08-12T06:49:17.000Z
pred_443,cow_23,ses_443,13,LOW,MASTITIS_RISK,0.94,"Parameters aligned with historical baseline.",2026-08-12T07:07:45.000Z
pred_444,cow_24,ses_444,15,LOW,MASTITIS_RISK,0.94,"Parameters aligned with historical baseline.",2026-08-12T06:31:23.000Z
pred_445,cow_25,ses_445,15,LOW,MASTITIS_RISK,0.94,"Parameters aligned with historical baseline.",2026-08-12T06:52:31.000Z
pred_446,cow_26,ses_446,16,LOW,MASTITIS_RISK,0.94,"Parameters aligned with historical baseline.",2026-08-12T07:00:41.000Z
pred_447,cow_27,ses_447,15,LOW,MASTITIS_RISK,0.94,"Parameters aligned with historical baseline.",2026-08-12T07:34:00.000Z
pred_448,cow_28,ses_448,11,LOW,MASTITIS_RISK,0.94,"Parameters aligned with historical baseline.",2026-08-12T06:34:48.000Z
pred_449,cow_29,ses_449,9,LOW,MASTITIS_RISK,0.94,"Parameters aligned with historical baseline.",2026-08-12T06:45:24.000Z
pred_450,cow_30,ses_450,8,LOW,MASTITIS_RISK,0.94,"Parameters aligned with historical baseline.",2026-08-12T06:52:00.000Z
pred_451,cow_1,ses_451,15,LOW,MASTITIS_RISK,0.94,"Parameters aligned with historical baseline.",2026-08-12T18:30:10.000Z
pred_452,cow_2,ses_452,11,LOW,MASTITIS_RISK,0.94,"Parameters aligned with historical baseline.",2026-08-12T18:32:00.000Z
pred_453,cow_3,ses_453,14,LOW,MASTITIS_RISK,0.94,"Parameters aligned with historical baseline.",2026-08-12T18:30:06.000Z
pred_454,cow_4,ses_454,13,LOW,MASTITIS_RISK,0.94,"Parameters aligned with historical baseline.",2026-08-12T18:22:06.000Z
pred_455,cow_5,ses_455,13,LOW,MASTITIS_RISK,0.94,"Parameters aligned with historical baseline.",2026-08-12T18:33:51.000Z
pred_456,cow_6,ses_456,9,LOW,MASTITIS_RISK,0.94,"Parameters aligned with historical baseline.",2026-08-12T17:13:36.000Z
pred_457,cow_7,ses_457,10,LOW,MASTITIS_RISK,0.94,"Parameters aligned with historical baseline.",2026-08-12T18:22:26.000Z
pred_458,cow_8,ses_458,13,LOW,MASTITIS_RISK,0.94,"Parameters aligned with historical baseline.",2026-08-12T17:33:56.000Z
pred_459,cow_9,ses_459,10,LOW,MASTITIS_RISK,0.94,"Parameters aligned with historical baseline.",2026-08-12T18:23:36.000Z
pred_460,cow_10,ses_460,14,LOW,MASTITIS_RISK,0.94,"Parameters aligned with historical baseline.",2026-08-12T17:07:40.000Z
pred_461,cow_11,ses_461,11,LOW,MASTITIS_RISK,0.94,"Parameters aligned with historical baseline.",2026-08-12T18:17:01.000Z
pred_462,cow_12,ses_462,7,LOW,MASTITIS_RISK,0.94,"Parameters aligned with historical baseline.",2026-08-12T18:13:39.000Z
pred_463,cow_13,ses_463,9,LOW,MASTITIS_RISK,0.94,"Parameters aligned with historical baseline.",2026-08-12T17:11:58.000Z
pred_464,cow_14,ses_464,9,LOW,MASTITIS_RISK,0.94,"Parameters aligned with historical baseline.",2026-08-12T18:20:57.000Z
pred_465,cow_15,ses_465,14,LOW,MASTITIS_RISK,0.94,"Parameters aligned with historical baseline.",2026-08-12T17:44:25.000Z
pred_466,cow_16,ses_466,9,LOW,MASTITIS_RISK,0.94,"Parameters aligned with historical baseline.",2026-08-12T17:46:14.000Z
pred_467,cow_17,ses_467,11,LOW,MASTITIS_RISK,0.94,"Parameters aligned with historical baseline.",2026-08-12T17:26:42.000Z
pred_468,cow_18,ses_468,15,LOW,MASTITIS_RISK,0.94,"Parameters aligned with historical baseline.",2026-08-12T17:56:32.000Z
pred_469,cow_19,ses_469,10,LOW,MASTITIS_RISK,0.94,"Parameters aligned with historical baseline.",2026-08-12T18:30:37.000Z
pred_470,cow_20,ses_470,9,LOW,MASTITIS_RISK,0.94,"Parameters aligned with historical baseline.",2026-08-12T18:11:57.000Z
pred_471,cow_21,ses_471,14,LOW,MASTITIS_RISK,0.94,"Parameters aligned with historical baseline.",2026-08-12T18:24:58.000Z
pred_472,cow_22,ses_472,15,LOW,MASTITIS_RISK,0.94,"Parameters aligned with historical baseline.",2026-08-12T17:20:19.000Z
pred_473,cow_23,ses_473,10,LOW,MASTITIS_RISK,0.94,"Parameters aligned with historical baseline.",2026-08-12T17:51:56.000Z
pred_474,cow_24,ses_474,11,LOW,MASTITIS_RISK,0.94,"Parameters aligned with historical baseline.",2026-08-12T18:09:35.000Z
pred_475,cow_25,ses_475,17,LOW,MASTITIS_RISK,0.94,"Parameters aligned with historical baseline.",2026-08-12T18:13:06.000Z
pred_476,cow_26,ses_476,11,LOW,MASTITIS_RISK,0.94,"Parameters aligned with historical baseline.",2026-08-12T17:35:45.000Z
pred_477,cow_27,ses_477,14,LOW,MASTITIS_RISK,0.94,"Parameters aligned with historical baseline.",2026-08-12T18:00:40.000Z
pred_478,cow_28,ses_478,16,LOW,MASTITIS_RISK,0.94,"Parameters aligned with historical baseline.",2026-08-12T17:38:34.000Z
pred_479,cow_29,ses_479,9,LOW,MASTITIS_RISK,0.94,"Parameters aligned with historical baseline.",2026-08-12T17:27:36.000Z
pred_480,cow_30,ses_480,16,LOW,MASTITIS_RISK,0.94,"Parameters aligned with historical baseline.",2026-08-12T17:54:35.000Z
pred_481,cow_1,ses_481,15,LOW,MASTITIS_RISK,0.94,"Parameters aligned with historical baseline.",2026-08-13T06:11:03.000Z
pred_482,cow_2,ses_482,13,LOW,MASTITIS_RISK,0.94,"Parameters aligned with historical baseline.",2026-08-13T06:09:43.000Z
pred_483,cow_3,ses_483,17,LOW,MASTITIS_RISK,0.94,"Parameters aligned with historical baseline.",2026-08-13T06:08:00.000Z
pred_484,cow_4,ses_484,7,LOW,MASTITIS_RISK,0.94,"Parameters aligned with historical baseline.",2026-08-13T06:07:43.000Z
pred_485,cow_5,ses_485,7,LOW,MASTITIS_RISK,0.94,"Parameters aligned with historical baseline.",2026-08-13T07:06:30.000Z
pred_486,cow_6,ses_486,12,LOW,MASTITIS_RISK,0.94,"Parameters aligned with historical baseline.",2026-08-13T07:10:31.000Z
pred_487,cow_7,ses_487,15,LOW,MASTITIS_RISK,0.94,"Parameters aligned with historical baseline.",2026-08-13T06:56:46.000Z
pred_488,cow_8,ses_488,13,LOW,MASTITIS_RISK,0.94,"Parameters aligned with historical baseline.",2026-08-13T07:32:59.000Z
pred_489,cow_9,ses_489,8,LOW,MASTITIS_RISK,0.94,"Parameters aligned with historical baseline.",2026-08-13T07:02:20.000Z
pred_490,cow_10,ses_490,10,LOW,MASTITIS_RISK,0.94,"Parameters aligned with historical baseline.",2026-08-13T07:26:57.000Z
pred_491,cow_11,ses_491,16,LOW,MASTITIS_RISK,0.94,"Parameters aligned with historical baseline.",2026-08-13T07:30:07.000Z
pred_492,cow_12,ses_492,9,LOW,MASTITIS_RISK,0.94,"Parameters aligned with historical baseline.",2026-08-13T07:27:44.000Z
pred_493,cow_13,ses_493,8,LOW,MASTITIS_RISK,0.94,"Parameters aligned with historical baseline.",2026-08-13T07:20:53.000Z
pred_494,cow_14,ses_494,17,LOW,MASTITIS_RISK,0.94,"Parameters aligned with historical baseline.",2026-08-13T06:54:34.000Z
pred_495,cow_15,ses_495,10,LOW,MASTITIS_RISK,0.94,"Parameters aligned with historical baseline.",2026-08-13T07:22:24.000Z
pred_496,cow_16,ses_496,15,LOW,MASTITIS_RISK,0.94,"Parameters aligned with historical baseline.",2026-08-13T07:17:25.000Z
pred_497,cow_17,ses_497,12,LOW,MASTITIS_RISK,0.94,"Parameters aligned with historical baseline.",2026-08-13T06:04:41.000Z
pred_498,cow_18,ses_498,16,LOW,MASTITIS_RISK,0.94,"Parameters aligned with historical baseline.",2026-08-13T06:29:18.000Z
pred_499,cow_19,ses_499,12,LOW,MASTITIS_RISK,0.94,"Parameters aligned with historical baseline.",2026-08-13T06:50:11.000Z
pred_500,cow_20,ses_500,14,LOW,MASTITIS_RISK,0.94,"Parameters aligned with historical baseline.",2026-08-13T06:26:13.000Z
pred_501,cow_21,ses_501,13,LOW,MASTITIS_RISK,0.94,"Parameters aligned with historical baseline.",2026-08-13T06:49:22.000Z
pred_502,cow_22,ses_502,9,LOW,MASTITIS_RISK,0.94,"Parameters aligned with historical baseline.",2026-08-13T06:12:08.000Z
pred_503,cow_23,ses_503,12,LOW,MASTITIS_RISK,0.94,"Parameters aligned with historical baseline.",2026-08-13T06:59:35.000Z
pred_504,cow_24,ses_504,12,LOW,MASTITIS_RISK,0.94,"Parameters aligned with historical baseline.",2026-08-13T06:16:04.000Z
pred_505,cow_25,ses_505,17,LOW,MASTITIS_RISK,0.94,"Parameters aligned with historical baseline.",2026-08-13T07:05:22.000Z
pred_506,cow_26,ses_506,14,LOW,MASTITIS_RISK,0.94,"Parameters aligned with historical baseline.",2026-08-13T07:14:52.000Z
pred_507,cow_27,ses_507,13,LOW,MASTITIS_RISK,0.94,"Parameters aligned with historical baseline.",2026-08-13T06:42:01.000Z
pred_508,cow_28,ses_508,12,LOW,MASTITIS_RISK,0.94,"Parameters aligned with historical baseline.",2026-08-13T06:09:15.000Z
pred_509,cow_29,ses_509,12,LOW,MASTITIS_RISK,0.94,"Parameters aligned with historical baseline.",2026-08-13T06:35:32.000Z
pred_510,cow_30,ses_510,14,LOW,MASTITIS_RISK,0.94,"Parameters aligned with historical baseline.",2026-08-13T07:21:05.000Z
pred_511,cow_1,ses_511,7,LOW,MASTITIS_RISK,0.94,"Parameters aligned with historical baseline.",2026-08-13T17:49:24.000Z
pred_512,cow_2,ses_512,13,LOW,MASTITIS_RISK,0.94,"Parameters aligned with historical baseline.",2026-08-13T18:05:43.000Z
pred_513,cow_3,ses_513,8,LOW,MASTITIS_RISK,0.94,"Parameters aligned with historical baseline.",2026-08-13T18:28:06.000Z
pred_514,cow_4,ses_514,16,LOW,MASTITIS_RISK,0.94,"Parameters aligned with historical baseline.",2026-08-13T17:15:44.000Z
pred_515,cow_5,ses_515,15,LOW,MASTITIS_RISK,0.94,"Parameters aligned with historical baseline.",2026-08-13T18:07:43.000Z
pred_516,cow_6,ses_516,10,LOW,MASTITIS_RISK,0.94,"Parameters aligned with historical baseline.",2026-08-13T18:17:40.000Z
pred_517,cow_7,ses_517,9,LOW,MASTITIS_RISK,0.94,"Parameters aligned with historical baseline.",2026-08-13T17:25:26.000Z
pred_518,cow_8,ses_518,9,LOW,MASTITIS_RISK,0.94,"Parameters aligned with historical baseline.",2026-08-13T18:06:12.000Z
pred_519,cow_9,ses_519,12,LOW,MASTITIS_RISK,0.94,"Parameters aligned with historical baseline.",2026-08-13T17:24:56.000Z
pred_520,cow_10,ses_520,16,LOW,MASTITIS_RISK,0.94,"Parameters aligned with historical baseline.",2026-08-13T17:28:58.000Z
pred_521,cow_11,ses_521,9,LOW,MASTITIS_RISK,0.94,"Parameters aligned with historical baseline.",2026-08-13T17:12:46.000Z
pred_522,cow_12,ses_522,15,LOW,MASTITIS_RISK,0.94,"Parameters aligned with historical baseline.",2026-08-13T17:38:24.000Z
pred_523,cow_13,ses_523,14,LOW,MASTITIS_RISK,0.94,"Parameters aligned with historical baseline.",2026-08-13T17:20:35.000Z
pred_524,cow_14,ses_524,16,LOW,MASTITIS_RISK,0.94,"Parameters aligned with historical baseline.",2026-08-13T18:00:50.000Z
pred_525,cow_15,ses_525,9,LOW,MASTITIS_RISK,0.94,"Parameters aligned with historical baseline.",2026-08-13T17:52:55.000Z
pred_526,cow_16,ses_526,9,LOW,MASTITIS_RISK,0.94,"Parameters aligned with historical baseline.",2026-08-13T17:44:33.000Z
pred_527,cow_17,ses_527,17,LOW,MASTITIS_RISK,0.94,"Parameters aligned with historical baseline.",2026-08-13T17:35:54.000Z
pred_528,cow_18,ses_528,14,LOW,MASTITIS_RISK,0.94,"Parameters aligned with historical baseline.",2026-08-13T17:30:27.000Z
pred_529,cow_19,ses_529,16,LOW,MASTITIS_RISK,0.94,"Parameters aligned with historical baseline.",2026-08-13T18:12:31.000Z
pred_530,cow_20,ses_530,11,LOW,MASTITIS_RISK,0.94,"Parameters aligned with historical baseline.",2026-08-13T17:52:39.000Z
pred_531,cow_21,ses_531,7,LOW,MASTITIS_RISK,0.94,"Parameters aligned with historical baseline.",2026-08-13T18:22:30.000Z
pred_532,cow_22,ses_532,8,LOW,MASTITIS_RISK,0.94,"Parameters aligned with historical baseline.",2026-08-13T17:29:05.000Z
pred_533,cow_23,ses_533,16,LOW,MASTITIS_RISK,0.94,"Parameters aligned with historical baseline.",2026-08-13T17:33:29.000Z
pred_534,cow_24,ses_534,10,LOW,MASTITIS_RISK,0.94,"Parameters aligned with historical baseline.",2026-08-13T18:35:07.000Z
pred_535,cow_25,ses_535,16,LOW,MASTITIS_RISK,0.94,"Parameters aligned with historical baseline.",2026-08-13T18:01:57.000Z
pred_536,cow_26,ses_536,16,LOW,MASTITIS_RISK,0.94,"Parameters aligned with historical baseline.",2026-08-13T17:23:19.000Z
pred_537,cow_27,ses_537,16,LOW,MASTITIS_RISK,0.94,"Parameters aligned with historical baseline.",2026-08-13T18:16:15.000Z
pred_538,cow_28,ses_538,10,LOW,MASTITIS_RISK,0.94,"Parameters aligned with historical baseline.",2026-08-13T17:08:23.000Z
pred_539,cow_29,ses_539,16,LOW,MASTITIS_RISK,0.94,"Parameters aligned with historical baseline.",2026-08-13T18:08:06.000Z
pred_540,cow_30,ses_540,15,LOW,MASTITIS_RISK,0.94,"Parameters aligned with historical baseline.",2026-08-13T17:16:27.000Z
pred_541,cow_1,ses_541,16,LOW,MASTITIS_RISK,0.94,"Parameters aligned with historical baseline.",2026-08-14T06:24:00.000Z
pred_542,cow_2,ses_542,13,LOW,MASTITIS_RISK,0.94,"Parameters aligned with historical baseline.",2026-08-14T06:11:41.000Z
pred_543,cow_3,ses_543,10,LOW,MASTITIS_RISK,0.94,"Parameters aligned with historical baseline.",2026-08-14T07:28:44.000Z
pred_544,cow_4,ses_544,16,LOW,MASTITIS_RISK,0.94,"Parameters aligned with historical baseline.",2026-08-14T07:19:12.000Z
pred_545,cow_5,ses_545,8,LOW,MASTITIS_RISK,0.94,"Parameters aligned with historical baseline.",2026-08-14T07:08:49.000Z
pred_546,cow_6,ses_546,14,LOW,MASTITIS_RISK,0.94,"Parameters aligned with historical baseline.",2026-08-14T06:04:29.000Z
pred_547,cow_7,ses_547,15,LOW,MASTITIS_RISK,0.94,"Parameters aligned with historical baseline.",2026-08-14T06:22:35.000Z
pred_548,cow_8,ses_548,7,LOW,MASTITIS_RISK,0.94,"Parameters aligned with historical baseline.",2026-08-14T07:04:09.000Z
pred_549,cow_9,ses_549,11,LOW,MASTITIS_RISK,0.94,"Parameters aligned with historical baseline.",2026-08-14T06:16:35.000Z
pred_550,cow_10,ses_550,16,LOW,MASTITIS_RISK,0.94,"Parameters aligned with historical baseline.",2026-08-14T06:48:45.000Z
pred_551,cow_11,ses_551,16,LOW,MASTITIS_RISK,0.94,"Parameters aligned with historical baseline.",2026-08-14T06:16:28.000Z
pred_552,cow_12,ses_552,9,LOW,MASTITIS_RISK,0.94,"Parameters aligned with historical baseline.",2026-08-14T06:32:00.000Z
pred_553,cow_13,ses_553,14,LOW,MASTITIS_RISK,0.94,"Parameters aligned with historical baseline.",2026-08-14T06:09:04.000Z
pred_554,cow_14,ses_554,9,LOW,MASTITIS_RISK,0.94,"Parameters aligned with historical baseline.",2026-08-14T07:27:05.000Z
pred_555,cow_15,ses_555,16,LOW,MASTITIS_RISK,0.94,"Parameters aligned with historical baseline.",2026-08-14T06:47:26.000Z
pred_556,cow_16,ses_556,12,LOW,MASTITIS_RISK,0.94,"Parameters aligned with historical baseline.",2026-08-14T06:14:25.000Z
pred_557,cow_17,ses_557,7,LOW,MASTITIS_RISK,0.94,"Parameters aligned with historical baseline.",2026-08-14T06:10:52.000Z
pred_558,cow_18,ses_558,13,LOW,MASTITIS_RISK,0.94,"Parameters aligned with historical baseline.",2026-08-14T06:32:57.000Z
pred_559,cow_19,ses_559,15,LOW,MASTITIS_RISK,0.94,"Parameters aligned with historical baseline.",2026-08-14T07:27:24.000Z
pred_560,cow_20,ses_560,12,LOW,MASTITIS_RISK,0.94,"Parameters aligned with historical baseline.",2026-08-14T07:22:35.000Z
pred_561,cow_21,ses_561,8,LOW,MASTITIS_RISK,0.94,"Parameters aligned with historical baseline.",2026-08-14T06:41:15.000Z
pred_562,cow_22,ses_562,16,LOW,MASTITIS_RISK,0.94,"Parameters aligned with historical baseline.",2026-08-14T06:23:07.000Z
pred_563,cow_23,ses_563,13,LOW,MASTITIS_RISK,0.94,"Parameters aligned with historical baseline.",2026-08-14T06:38:40.000Z
pred_564,cow_24,ses_564,10,LOW,MASTITIS_RISK,0.94,"Parameters aligned with historical baseline.",2026-08-14T06:06:05.000Z
pred_565,cow_25,ses_565,8,LOW,MASTITIS_RISK,0.94,"Parameters aligned with historical baseline.",2026-08-14T07:27:21.000Z
pred_566,cow_26,ses_566,14,LOW,MASTITIS_RISK,0.94,"Parameters aligned with historical baseline.",2026-08-14T06:53:56.000Z
pred_567,cow_27,ses_567,13,LOW,MASTITIS_RISK,0.94,"Parameters aligned with historical baseline.",2026-08-14T07:15:53.000Z
pred_568,cow_28,ses_568,8,LOW,MASTITIS_RISK,0.94,"Parameters aligned with historical baseline.",2026-08-14T06:53:00.000Z
pred_569,cow_29,ses_569,13,LOW,MASTITIS_RISK,0.94,"Parameters aligned with historical baseline.",2026-08-14T07:02:40.000Z
pred_570,cow_30,ses_570,10,LOW,MASTITIS_RISK,0.94,"Parameters aligned with historical baseline.",2026-08-14T06:21:47.000Z
pred_571,cow_1,ses_571,15,LOW,MASTITIS_RISK,0.94,"Parameters aligned with historical baseline.",2026-08-14T18:14:49.000Z
pred_572,cow_2,ses_572,13,LOW,MASTITIS_RISK,0.94,"Parameters aligned with historical baseline.",2026-08-14T17:23:10.000Z
pred_573,cow_3,ses_573,12,LOW,MASTITIS_RISK,0.94,"Parameters aligned with historical baseline.",2026-08-14T17:16:57.000Z
pred_574,cow_4,ses_574,15,LOW,MASTITIS_RISK,0.94,"Parameters aligned with historical baseline.",2026-08-14T18:09:16.000Z
pred_575,cow_5,ses_575,8,LOW,MASTITIS_RISK,0.94,"Parameters aligned with historical baseline.",2026-08-14T18:05:26.000Z
pred_576,cow_6,ses_576,12,LOW,MASTITIS_RISK,0.94,"Parameters aligned with historical baseline.",2026-08-14T18:26:35.000Z
pred_577,cow_7,ses_577,14,LOW,MASTITIS_RISK,0.94,"Parameters aligned with historical baseline.",2026-08-14T17:05:19.000Z
pred_578,cow_8,ses_578,11,LOW,MASTITIS_RISK,0.94,"Parameters aligned with historical baseline.",2026-08-14T18:33:33.000Z
pred_579,cow_9,ses_579,14,LOW,MASTITIS_RISK,0.94,"Parameters aligned with historical baseline.",2026-08-14T17:19:59.000Z
pred_580,cow_10,ses_580,12,LOW,MASTITIS_RISK,0.94,"Parameters aligned with historical baseline.",2026-08-14T18:23:17.000Z
pred_581,cow_11,ses_581,7,LOW,MASTITIS_RISK,0.94,"Parameters aligned with historical baseline.",2026-08-14T18:00:41.000Z
pred_582,cow_12,ses_582,11,LOW,MASTITIS_RISK,0.94,"Parameters aligned with historical baseline.",2026-08-14T17:52:14.000Z
pred_583,cow_13,ses_583,17,LOW,MASTITIS_RISK,0.94,"Parameters aligned with historical baseline.",2026-08-14T17:12:02.000Z
pred_584,cow_14,ses_584,10,LOW,MASTITIS_RISK,0.94,"Parameters aligned with historical baseline.",2026-08-14T18:11:22.000Z
pred_585,cow_15,ses_585,17,LOW,MASTITIS_RISK,0.94,"Parameters aligned with historical baseline.",2026-08-14T18:09:14.000Z
pred_586,cow_16,ses_586,11,LOW,MASTITIS_RISK,0.94,"Parameters aligned with historical baseline.",2026-08-14T18:20:22.000Z
pred_587,cow_17,ses_587,10,LOW,MASTITIS_RISK,0.94,"Parameters aligned with historical baseline.",2026-08-14T18:15:50.000Z
pred_588,cow_18,ses_588,14,LOW,MASTITIS_RISK,0.94,"Parameters aligned with historical baseline.",2026-08-14T17:34:31.000Z
pred_589,cow_19,ses_589,12,LOW,MASTITIS_RISK,0.94,"Parameters aligned with historical baseline.",2026-08-14T18:05:28.000Z
pred_590,cow_20,ses_590,7,LOW,MASTITIS_RISK,0.94,"Parameters aligned with historical baseline.",2026-08-14T17:48:07.000Z
pred_591,cow_21,ses_591,9,LOW,MASTITIS_RISK,0.94,"Parameters aligned with historical baseline.",2026-08-14T17:55:28.000Z
pred_592,cow_22,ses_592,8,LOW,MASTITIS_RISK,0.94,"Parameters aligned with historical baseline.",2026-08-14T17:32:23.000Z
pred_593,cow_23,ses_593,15,LOW,MASTITIS_RISK,0.94,"Parameters aligned with historical baseline.",2026-08-14T17:22:42.000Z
pred_594,cow_24,ses_594,10,LOW,MASTITIS_RISK,0.94,"Parameters aligned with historical baseline.",2026-08-14T17:43:31.000Z
pred_595,cow_25,ses_595,7,LOW,MASTITIS_RISK,0.94,"Parameters aligned with historical baseline.",2026-08-14T17:59:51.000Z
pred_596,cow_26,ses_596,10,LOW,MASTITIS_RISK,0.94,"Parameters aligned with historical baseline.",2026-08-14T17:59:03.000Z
pred_597,cow_27,ses_597,10,LOW,MASTITIS_RISK,0.94,"Parameters aligned with historical baseline.",2026-08-14T18:18:54.000Z
pred_598,cow_28,ses_598,13,LOW,MASTITIS_RISK,0.94,"Parameters aligned with historical baseline.",2026-08-14T17:25:28.000Z
pred_599,cow_29,ses_599,13,LOW,MASTITIS_RISK,0.94,"Parameters aligned with historical baseline.",2026-08-14T18:04:39.000Z
pred_600,cow_30,ses_600,11,LOW,MASTITIS_RISK,0.94,"Parameters aligned with historical baseline.",2026-08-14T18:22:37.000Z
pred_601,cow_1,ses_601,8,LOW,MASTITIS_RISK,0.94,"Parameters aligned with historical baseline.",2026-08-15T06:15:42.000Z
pred_602,cow_2,ses_602,7,LOW,MASTITIS_RISK,0.94,"Parameters aligned with historical baseline.",2026-08-15T07:20:14.000Z
pred_603,cow_3,ses_603,12,LOW,MASTITIS_RISK,0.94,"Parameters aligned with historical baseline.",2026-08-15T06:13:28.000Z
pred_604,cow_4,ses_604,8,LOW,MASTITIS_RISK,0.94,"Parameters aligned with historical baseline.",2026-08-15T06:38:23.000Z
pred_605,cow_5,ses_605,14,LOW,MASTITIS_RISK,0.94,"Parameters aligned with historical baseline.",2026-08-15T07:15:28.000Z
pred_606,cow_6,ses_606,12,LOW,MASTITIS_RISK,0.94,"Parameters aligned with historical baseline.",2026-08-15T07:31:06.000Z
pred_607,cow_7,ses_607,10,LOW,MASTITIS_RISK,0.94,"Parameters aligned with historical baseline.",2026-08-15T07:24:32.000Z
pred_608,cow_8,ses_608,16,LOW,MASTITIS_RISK,0.94,"Parameters aligned with historical baseline.",2026-08-15T06:59:28.000Z
pred_609,cow_9,ses_609,11,LOW,MASTITIS_RISK,0.94,"Parameters aligned with historical baseline.",2026-08-15T07:22:35.000Z
pred_610,cow_10,ses_610,10,LOW,MASTITIS_RISK,0.94,"Parameters aligned with historical baseline.",2026-08-15T07:28:31.000Z
pred_611,cow_11,ses_611,9,LOW,MASTITIS_RISK,0.94,"Parameters aligned with historical baseline.",2026-08-15T07:14:46.000Z
pred_612,cow_12,ses_612,12,LOW,MASTITIS_RISK,0.94,"Parameters aligned with historical baseline.",2026-08-15T06:04:46.000Z
pred_613,cow_13,ses_613,17,LOW,MASTITIS_RISK,0.94,"Parameters aligned with historical baseline.",2026-08-15T07:14:35.000Z
pred_614,cow_14,ses_614,14,LOW,MASTITIS_RISK,0.94,"Parameters aligned with historical baseline.",2026-08-15T06:53:17.000Z
pred_615,cow_15,ses_615,12,LOW,MASTITIS_RISK,0.94,"Parameters aligned with historical baseline.",2026-08-15T07:21:18.000Z
pred_616,cow_16,ses_616,12,LOW,MASTITIS_RISK,0.94,"Parameters aligned with historical baseline.",2026-08-15T07:09:23.000Z
pred_617,cow_17,ses_617,9,LOW,MASTITIS_RISK,0.94,"Parameters aligned with historical baseline.",2026-08-15T06:57:09.000Z
pred_618,cow_18,ses_618,17,LOW,MASTITIS_RISK,0.94,"Parameters aligned with historical baseline.",2026-08-15T07:12:45.000Z
pred_619,cow_19,ses_619,10,LOW,MASTITIS_RISK,0.94,"Parameters aligned with historical baseline.",2026-08-15T06:52:45.000Z
pred_620,cow_20,ses_620,10,LOW,MASTITIS_RISK,0.94,"Parameters aligned with historical baseline.",2026-08-15T07:08:25.000Z
pred_621,cow_21,ses_621,14,LOW,MASTITIS_RISK,0.94,"Parameters aligned with historical baseline.",2026-08-15T07:11:49.000Z
pred_622,cow_22,ses_622,11,LOW,MASTITIS_RISK,0.94,"Parameters aligned with historical baseline.",2026-08-15T06:34:39.000Z
pred_623,cow_23,ses_623,15,LOW,MASTITIS_RISK,0.94,"Parameters aligned with historical baseline.",2026-08-15T06:45:21.000Z
pred_624,cow_24,ses_624,9,LOW,MASTITIS_RISK,0.94,"Parameters aligned with historical baseline.",2026-08-15T06:53:32.000Z
pred_625,cow_25,ses_625,8,LOW,MASTITIS_RISK,0.94,"Parameters aligned with historical baseline.",2026-08-15T06:27:03.000Z
pred_626,cow_26,ses_626,15,LOW,MASTITIS_RISK,0.94,"Parameters aligned with historical baseline.",2026-08-15T07:30:07.000Z
pred_627,cow_27,ses_627,10,LOW,MASTITIS_RISK,0.94,"Parameters aligned with historical baseline.",2026-08-15T06:16:53.000Z
pred_628,cow_28,ses_628,13,LOW,MASTITIS_RISK,0.94,"Parameters aligned with historical baseline.",2026-08-15T07:00:35.000Z
pred_629,cow_29,ses_629,8,LOW,MASTITIS_RISK,0.94,"Parameters aligned with historical baseline.",2026-08-15T06:49:56.000Z
pred_630,cow_30,ses_630,7,LOW,MASTITIS_RISK,0.94,"Parameters aligned with historical baseline.",2026-08-15T07:23:01.000Z
pred_631,cow_1,ses_631,13,LOW,MASTITIS_RISK,0.94,"Parameters aligned with historical baseline.",2026-08-15T17:44:37.000Z
pred_632,cow_2,ses_632,8,LOW,MASTITIS_RISK,0.94,"Parameters aligned with historical baseline.",2026-08-15T18:30:35.000Z
pred_633,cow_3,ses_633,10,LOW,MASTITIS_RISK,0.94,"Parameters aligned with historical baseline.",2026-08-15T18:32:30.000Z
pred_634,cow_4,ses_634,14,LOW,MASTITIS_RISK,0.94,"Parameters aligned with historical baseline.",2026-08-15T18:10:58.000Z
pred_635,cow_5,ses_635,13,LOW,MASTITIS_RISK,0.94,"Parameters aligned with historical baseline.",2026-08-15T18:07:17.000Z
pred_636,cow_6,ses_636,7,LOW,MASTITIS_RISK,0.94,"Parameters aligned with historical baseline.",2026-08-15T18:14:56.000Z
pred_637,cow_7,ses_637,9,LOW,MASTITIS_RISK,0.94,"Parameters aligned with historical baseline.",2026-08-15T17:27:43.000Z
pred_638,cow_8,ses_638,16,LOW,MASTITIS_RISK,0.94,"Parameters aligned with historical baseline.",2026-08-15T17:59:05.000Z
pred_639,cow_9,ses_639,14,LOW,MASTITIS_RISK,0.94,"Parameters aligned with historical baseline.",2026-08-15T18:32:25.000Z
pred_640,cow_10,ses_640,12,LOW,MASTITIS_RISK,0.94,"Parameters aligned with historical baseline.",2026-08-15T17:13:55.000Z
pred_641,cow_11,ses_641,7,LOW,MASTITIS_RISK,0.94,"Parameters aligned with historical baseline.",2026-08-15T18:26:56.000Z
pred_642,cow_12,ses_642,11,LOW,MASTITIS_RISK,0.94,"Parameters aligned with historical baseline.",2026-08-15T18:03:15.000Z
pred_643,cow_13,ses_643,14,LOW,MASTITIS_RISK,0.94,"Parameters aligned with historical baseline.",2026-08-15T17:27:42.000Z
pred_644,cow_14,ses_644,11,LOW,MASTITIS_RISK,0.94,"Parameters aligned with historical baseline.",2026-08-15T17:46:00.000Z
pred_645,cow_15,ses_645,9,LOW,MASTITIS_RISK,0.94,"Parameters aligned with historical baseline.",2026-08-15T18:12:02.000Z
pred_646,cow_16,ses_646,7,LOW,MASTITIS_RISK,0.94,"Parameters aligned with historical baseline.",2026-08-15T17:05:18.000Z
pred_647,cow_17,ses_647,13,LOW,MASTITIS_RISK,0.94,"Parameters aligned with historical baseline.",2026-08-15T17:10:15.000Z
pred_648,cow_18,ses_648,9,LOW,MASTITIS_RISK,0.94,"Parameters aligned with historical baseline.",2026-08-15T17:46:27.000Z
pred_649,cow_19,ses_649,12,LOW,MASTITIS_RISK,0.94,"Parameters aligned with historical baseline.",2026-08-15T18:06:38.000Z
pred_650,cow_20,ses_650,12,LOW,MASTITIS_RISK,0.94,"Parameters aligned with historical baseline.",2026-08-15T17:27:08.000Z
pred_651,cow_21,ses_651,13,LOW,MASTITIS_RISK,0.94,"Parameters aligned with historical baseline.",2026-08-15T17:37:42.000Z
pred_652,cow_22,ses_652,17,LOW,MASTITIS_RISK,0.94,"Parameters aligned with historical baseline.",2026-08-15T17:44:53.000Z
pred_653,cow_23,ses_653,13,LOW,MASTITIS_RISK,0.94,"Parameters aligned with historical baseline.",2026-08-15T17:39:56.000Z
pred_654,cow_24,ses_654,7,LOW,MASTITIS_RISK,0.94,"Parameters aligned with historical baseline.",2026-08-15T17:55:09.000Z
pred_655,cow_25,ses_655,14,LOW,MASTITIS_RISK,0.94,"Parameters aligned with historical baseline.",2026-08-15T17:43:24.000Z
pred_656,cow_26,ses_656,9,LOW,MASTITIS_RISK,0.94,"Parameters aligned with historical baseline.",2026-08-15T17:17:15.000Z
pred_657,cow_27,ses_657,16,LOW,MASTITIS_RISK,0.94,"Parameters aligned with historical baseline.",2026-08-15T17:50:45.000Z
pred_658,cow_28,ses_658,12,LOW,MASTITIS_RISK,0.94,"Parameters aligned with historical baseline.",2026-08-15T17:36:40.000Z
pred_659,cow_29,ses_659,11,LOW,MASTITIS_RISK,0.94,"Parameters aligned with historical baseline.",2026-08-15T18:21:10.000Z
pred_660,cow_30,ses_660,16,LOW,MASTITIS_RISK,0.94,"Parameters aligned with historical baseline.",2026-08-15T17:47:57.000Z
pred_661,cow_1,ses_661,8,LOW,MASTITIS_RISK,0.94,"Parameters aligned with historical baseline.",2026-08-16T07:05:20.000Z
pred_662,cow_2,ses_662,9,LOW,MASTITIS_RISK,0.94,"Parameters aligned with historical baseline.",2026-08-16T07:09:41.000Z
pred_663,cow_3,ses_663,13,LOW,MASTITIS_RISK,0.94,"Parameters aligned with historical baseline.",2026-08-16T06:38:37.000Z
pred_664,cow_4,ses_664,10,LOW,MASTITIS_RISK,0.94,"Parameters aligned with historical baseline.",2026-08-16T07:17:25.000Z
pred_665,cow_5,ses_665,9,LOW,MASTITIS_RISK,0.94,"Parameters aligned with historical baseline.",2026-08-16T06:57:24.000Z
pred_666,cow_6,ses_666,10,LOW,MASTITIS_RISK,0.94,"Parameters aligned with historical baseline.",2026-08-16T07:29:08.000Z
pred_667,cow_7,ses_667,17,LOW,MASTITIS_RISK,0.94,"Parameters aligned with historical baseline.",2026-08-16T07:22:16.000Z
pred_668,cow_8,ses_668,12,LOW,MASTITIS_RISK,0.94,"Parameters aligned with historical baseline.",2026-08-16T07:01:07.000Z
pred_669,cow_9,ses_669,17,LOW,MASTITIS_RISK,0.94,"Parameters aligned with historical baseline.",2026-08-16T06:43:26.000Z
pred_670,cow_10,ses_670,13,LOW,MASTITIS_RISK,0.94,"Parameters aligned with historical baseline.",2026-08-16T06:30:06.000Z
pred_671,cow_11,ses_671,14,LOW,MASTITIS_RISK,0.94,"Parameters aligned with historical baseline.",2026-08-16T06:35:49.000Z
pred_672,cow_12,ses_672,16,LOW,MASTITIS_RISK,0.94,"Parameters aligned with historical baseline.",2026-08-16T07:25:27.000Z
pred_673,cow_13,ses_673,13,LOW,MASTITIS_RISK,0.94,"Parameters aligned with historical baseline.",2026-08-16T06:17:34.000Z
pred_674,cow_14,ses_674,10,LOW,MASTITIS_RISK,0.94,"Parameters aligned with historical baseline.",2026-08-16T07:14:58.000Z
pred_675,cow_15,ses_675,11,LOW,MASTITIS_RISK,0.94,"Parameters aligned with historical baseline.",2026-08-16T06:15:33.000Z
pred_676,cow_16,ses_676,12,LOW,MASTITIS_RISK,0.94,"Parameters aligned with historical baseline.",2026-08-16T07:10:03.000Z
pred_677,cow_17,ses_677,15,LOW,MASTITIS_RISK,0.94,"Parameters aligned with historical baseline.",2026-08-16T06:43:09.000Z
pred_678,cow_18,ses_678,7,LOW,MASTITIS_RISK,0.94,"Parameters aligned with historical baseline.",2026-08-16T06:12:24.000Z
pred_679,cow_19,ses_679,7,LOW,MASTITIS_RISK,0.94,"Parameters aligned with historical baseline.",2026-08-16T07:33:48.000Z
pred_680,cow_20,ses_680,10,LOW,MASTITIS_RISK,0.94,"Parameters aligned with historical baseline.",2026-08-16T06:10:34.000Z
pred_681,cow_21,ses_681,16,LOW,MASTITIS_RISK,0.94,"Parameters aligned with historical baseline.",2026-08-16T06:12:04.000Z
pred_682,cow_22,ses_682,11,LOW,MASTITIS_RISK,0.94,"Parameters aligned with historical baseline.",2026-08-16T07:32:35.000Z
pred_683,cow_23,ses_683,10,LOW,MASTITIS_RISK,0.94,"Parameters aligned with historical baseline.",2026-08-16T06:18:00.000Z
pred_684,cow_24,ses_684,13,LOW,MASTITIS_RISK,0.94,"Parameters aligned with historical baseline.",2026-08-16T06:12:39.000Z
pred_685,cow_25,ses_685,13,LOW,MASTITIS_RISK,0.94,"Parameters aligned with historical baseline.",2026-08-16T07:20:04.000Z
pred_686,cow_26,ses_686,14,LOW,MASTITIS_RISK,0.94,"Parameters aligned with historical baseline.",2026-08-16T07:02:13.000Z
pred_687,cow_27,ses_687,10,LOW,MASTITIS_RISK,0.94,"Parameters aligned with historical baseline.",2026-08-16T06:55:40.000Z
pred_688,cow_28,ses_688,13,LOW,MASTITIS_RISK,0.94,"Parameters aligned with historical baseline.",2026-08-16T06:22:00.000Z
pred_689,cow_29,ses_689,12,LOW,MASTITIS_RISK,0.94,"Parameters aligned with historical baseline.",2026-08-16T06:38:26.000Z
pred_690,cow_30,ses_690,12,LOW,MASTITIS_RISK,0.94,"Parameters aligned with historical baseline.",2026-08-16T07:27:52.000Z
pred_691,cow_1,ses_691,14,LOW,MASTITIS_RISK,0.94,"Parameters aligned with historical baseline.",2026-08-16T17:22:11.000Z
pred_692,cow_2,ses_692,13,LOW,MASTITIS_RISK,0.94,"Parameters aligned with historical baseline.",2026-08-16T17:41:10.000Z
pred_693,cow_3,ses_693,9,LOW,MASTITIS_RISK,0.94,"Parameters aligned with historical baseline.",2026-08-16T17:52:31.000Z
pred_694,cow_4,ses_694,12,LOW,MASTITIS_RISK,0.94,"Parameters aligned with historical baseline.",2026-08-16T17:13:14.000Z
pred_695,cow_5,ses_695,9,LOW,MASTITIS_RISK,0.94,"Parameters aligned with historical baseline.",2026-08-16T18:07:12.000Z
pred_696,cow_6,ses_696,9,LOW,MASTITIS_RISK,0.94,"Parameters aligned with historical baseline.",2026-08-16T18:00:17.000Z
pred_697,cow_7,ses_697,13,LOW,MASTITIS_RISK,0.94,"Parameters aligned with historical baseline.",2026-08-16T18:17:32.000Z
pred_698,cow_8,ses_698,13,LOW,MASTITIS_RISK,0.94,"Parameters aligned with historical baseline.",2026-08-16T17:58:05.000Z
pred_699,cow_9,ses_699,12,LOW,MASTITIS_RISK,0.94,"Parameters aligned with historical baseline.",2026-08-16T18:28:35.000Z
pred_700,cow_10,ses_700,11,LOW,MASTITIS_RISK,0.94,"Parameters aligned with historical baseline.",2026-08-16T17:07:30.000Z
pred_701,cow_11,ses_701,8,LOW,MASTITIS_RISK,0.94,"Parameters aligned with historical baseline.",2026-08-16T17:43:33.000Z
pred_702,cow_12,ses_702,16,LOW,MASTITIS_RISK,0.94,"Parameters aligned with historical baseline.",2026-08-16T17:16:28.000Z
pred_703,cow_13,ses_703,17,LOW,MASTITIS_RISK,0.94,"Parameters aligned with historical baseline.",2026-08-16T18:16:43.000Z
pred_704,cow_14,ses_704,14,LOW,MASTITIS_RISK,0.94,"Parameters aligned with historical baseline.",2026-08-16T18:09:43.000Z
pred_705,cow_15,ses_705,8,LOW,MASTITIS_RISK,0.94,"Parameters aligned with historical baseline.",2026-08-16T17:45:53.000Z
pred_706,cow_16,ses_706,10,LOW,MASTITIS_RISK,0.94,"Parameters aligned with historical baseline.",2026-08-16T17:08:46.000Z
pred_707,cow_17,ses_707,11,LOW,MASTITIS_RISK,0.94,"Parameters aligned with historical baseline.",2026-08-16T18:14:22.000Z
pred_708,cow_18,ses_708,12,LOW,MASTITIS_RISK,0.94,"Parameters aligned with historical baseline.",2026-08-16T18:14:41.000Z
pred_709,cow_19,ses_709,15,LOW,MASTITIS_RISK,0.94,"Parameters aligned with historical baseline.",2026-08-16T17:43:41.000Z
pred_710,cow_20,ses_710,17,LOW,MASTITIS_RISK,0.94,"Parameters aligned with historical baseline.",2026-08-16T17:20:30.000Z
pred_711,cow_21,ses_711,16,LOW,MASTITIS_RISK,0.94,"Parameters aligned with historical baseline.",2026-08-16T17:54:03.000Z
pred_712,cow_22,ses_712,16,LOW,MASTITIS_RISK,0.94,"Parameters aligned with historical baseline.",2026-08-16T17:56:20.000Z
pred_713,cow_23,ses_713,10,LOW,MASTITIS_RISK,0.94,"Parameters aligned with historical baseline.",2026-08-16T17:36:16.000Z
pred_714,cow_24,ses_714,13,LOW,MASTITIS_RISK,0.94,"Parameters aligned with historical baseline.",2026-08-16T17:49:59.000Z
pred_715,cow_25,ses_715,7,LOW,MASTITIS_RISK,0.94,"Parameters aligned with historical baseline.",2026-08-16T18:29:54.000Z
pred_716,cow_26,ses_716,14,LOW,MASTITIS_RISK,0.94,"Parameters aligned with historical baseline.",2026-08-16T17:36:52.000Z
pred_717,cow_27,ses_717,16,LOW,MASTITIS_RISK,0.94,"Parameters aligned with historical baseline.",2026-08-16T17:57:40.000Z
pred_718,cow_28,ses_718,13,LOW,MASTITIS_RISK,0.94,"Parameters aligned with historical baseline.",2026-08-16T18:09:11.000Z
pred_719,cow_29,ses_719,11,LOW,MASTITIS_RISK,0.94,"Parameters aligned with historical baseline.",2026-08-16T18:25:22.000Z
pred_720,cow_30,ses_720,8,LOW,MASTITIS_RISK,0.94,"Parameters aligned with historical baseline.",2026-08-16T18:13:32.000Z
pred_721,cow_1,ses_721,12,LOW,MASTITIS_RISK,0.94,"Parameters aligned with historical baseline.",2026-08-17T07:02:09.000Z
pred_722,cow_2,ses_722,14,LOW,MASTITIS_RISK,0.94,"Parameters aligned with historical baseline.",2026-08-17T06:25:34.000Z
pred_723,cow_3,ses_723,16,LOW,MASTITIS_RISK,0.94,"Parameters aligned with historical baseline.",2026-08-17T06:36:50.000Z
pred_724,cow_4,ses_724,13,LOW,MASTITIS_RISK,0.94,"Parameters aligned with historical baseline.",2026-08-17T07:14:45.000Z
pred_725,cow_5,ses_725,10,LOW,MASTITIS_RISK,0.94,"Parameters aligned with historical baseline.",2026-08-17T06:45:11.000Z
pred_726,cow_6,ses_726,15,LOW,MASTITIS_RISK,0.94,"Parameters aligned with historical baseline.",2026-08-17T06:12:35.000Z
pred_727,cow_7,ses_727,12,LOW,MASTITIS_RISK,0.94,"Parameters aligned with historical baseline.",2026-08-17T06:43:04.000Z
pred_728,cow_8,ses_728,9,LOW,MASTITIS_RISK,0.94,"Parameters aligned with historical baseline.",2026-08-17T07:13:30.000Z
pred_729,cow_9,ses_729,8,LOW,MASTITIS_RISK,0.94,"Parameters aligned with historical baseline.",2026-08-17T06:13:28.000Z
pred_730,cow_10,ses_730,16,LOW,MASTITIS_RISK,0.94,"Parameters aligned with historical baseline.",2026-08-17T06:05:13.000Z
pred_731,cow_11,ses_731,14,LOW,MASTITIS_RISK,0.94,"Parameters aligned with historical baseline.",2026-08-17T07:25:34.000Z
pred_732,cow_12,ses_732,8,LOW,MASTITIS_RISK,0.94,"Parameters aligned with historical baseline.",2026-08-17T06:20:18.000Z
pred_733,cow_13,ses_733,7,LOW,MASTITIS_RISK,0.94,"Parameters aligned with historical baseline.",2026-08-17T07:07:09.000Z
pred_734,cow_14,ses_734,16,LOW,MASTITIS_RISK,0.94,"Parameters aligned with historical baseline.",2026-08-17T07:29:41.000Z
pred_735,cow_15,ses_735,11,LOW,MASTITIS_RISK,0.94,"Parameters aligned with historical baseline.",2026-08-17T06:19:40.000Z
pred_736,cow_16,ses_736,8,LOW,MASTITIS_RISK,0.94,"Parameters aligned with historical baseline.",2026-08-17T07:05:13.000Z
pred_737,cow_17,ses_737,15,LOW,MASTITIS_RISK,0.94,"Parameters aligned with historical baseline.",2026-08-17T06:10:07.000Z
pred_738,cow_18,ses_738,10,LOW,MASTITIS_RISK,0.94,"Parameters aligned with historical baseline.",2026-08-17T06:10:16.000Z
pred_739,cow_19,ses_739,10,LOW,MASTITIS_RISK,0.94,"Parameters aligned with historical baseline.",2026-08-17T06:26:07.000Z
pred_740,cow_20,ses_740,10,LOW,MASTITIS_RISK,0.94,"Parameters aligned with historical baseline.",2026-08-17T06:26:58.000Z
pred_741,cow_21,ses_741,17,LOW,MASTITIS_RISK,0.94,"Parameters aligned with historical baseline.",2026-08-17T07:01:29.000Z
pred_742,cow_22,ses_742,8,LOW,MASTITIS_RISK,0.94,"Parameters aligned with historical baseline.",2026-08-17T06:26:54.000Z
pred_743,cow_23,ses_743,15,LOW,MASTITIS_RISK,0.94,"Parameters aligned with historical baseline.",2026-08-17T06:24:30.000Z
pred_744,cow_24,ses_744,11,LOW,MASTITIS_RISK,0.94,"Parameters aligned with historical baseline.",2026-08-17T07:08:05.000Z
pred_745,cow_25,ses_745,9,LOW,MASTITIS_RISK,0.94,"Parameters aligned with historical baseline.",2026-08-17T06:10:23.000Z
pred_746,cow_26,ses_746,10,LOW,MASTITIS_RISK,0.94,"Parameters aligned with historical baseline.",2026-08-17T06:45:06.000Z
pred_747,cow_27,ses_747,15,LOW,MASTITIS_RISK,0.94,"Parameters aligned with historical baseline.",2026-08-17T07:12:16.000Z
pred_748,cow_28,ses_748,11,LOW,MASTITIS_RISK,0.94,"Parameters aligned with historical baseline.",2026-08-17T07:00:54.000Z
pred_749,cow_29,ses_749,13,LOW,MASTITIS_RISK,0.94,"Parameters aligned with historical baseline.",2026-08-17T06:58:55.000Z
pred_750,cow_30,ses_750,16,LOW,MASTITIS_RISK,0.94,"Parameters aligned with historical baseline.",2026-08-17T06:15:32.000Z
pred_751,cow_1,ses_751,7,LOW,MASTITIS_RISK,0.94,"Parameters aligned with historical baseline.",2026-08-17T17:32:50.000Z
pred_752,cow_2,ses_752,11,LOW,MASTITIS_RISK,0.94,"Parameters aligned with historical baseline.",2026-08-17T18:33:58.000Z
pred_753,cow_3,ses_753,12,LOW,MASTITIS_RISK,0.94,"Parameters aligned with historical baseline.",2026-08-17T18:24:07.000Z
pred_754,cow_4,ses_754,11,LOW,MASTITIS_RISK,0.94,"Parameters aligned with historical baseline.",2026-08-17T17:53:58.000Z
pred_755,cow_5,ses_755,14,LOW,MASTITIS_RISK,0.94,"Parameters aligned with historical baseline.",2026-08-17T17:46:02.000Z
pred_756,cow_6,ses_756,13,LOW,MASTITIS_RISK,0.94,"Parameters aligned with historical baseline.",2026-08-17T17:30:49.000Z
pred_757,cow_7,ses_757,9,LOW,MASTITIS_RISK,0.94,"Parameters aligned with historical baseline.",2026-08-17T18:33:16.000Z
pred_758,cow_8,ses_758,15,LOW,MASTITIS_RISK,0.94,"Parameters aligned with historical baseline.",2026-08-17T17:45:43.000Z
pred_759,cow_9,ses_759,9,LOW,MASTITIS_RISK,0.94,"Parameters aligned with historical baseline.",2026-08-17T18:04:04.000Z
pred_760,cow_10,ses_760,8,LOW,MASTITIS_RISK,0.94,"Parameters aligned with historical baseline.",2026-08-17T18:28:22.000Z
pred_761,cow_11,ses_761,11,LOW,MASTITIS_RISK,0.94,"Parameters aligned with historical baseline.",2026-08-17T18:00:20.000Z
pred_762,cow_12,ses_762,7,LOW,MASTITIS_RISK,0.94,"Parameters aligned with historical baseline.",2026-08-17T18:20:09.000Z
pred_763,cow_13,ses_763,15,LOW,MASTITIS_RISK,0.94,"Parameters aligned with historical baseline.",2026-08-17T17:21:10.000Z
pred_764,cow_14,ses_764,10,LOW,MASTITIS_RISK,0.94,"Parameters aligned with historical baseline.",2026-08-17T17:41:00.000Z
pred_765,cow_15,ses_765,16,LOW,MASTITIS_RISK,0.94,"Parameters aligned with historical baseline.",2026-08-17T18:27:47.000Z
pred_766,cow_16,ses_766,10,LOW,MASTITIS_RISK,0.94,"Parameters aligned with historical baseline.",2026-08-17T17:11:45.000Z
pred_767,cow_17,ses_767,14,LOW,MASTITIS_RISK,0.94,"Parameters aligned with historical baseline.",2026-08-17T17:12:43.000Z
pred_768,cow_18,ses_768,12,LOW,MASTITIS_RISK,0.94,"Parameters aligned with historical baseline.",2026-08-17T17:29:58.000Z
pred_769,cow_19,ses_769,8,LOW,MASTITIS_RISK,0.94,"Parameters aligned with historical baseline.",2026-08-17T18:03:40.000Z
pred_770,cow_20,ses_770,14,LOW,MASTITIS_RISK,0.94,"Parameters aligned with historical baseline.",2026-08-17T17:50:28.000Z
pred_771,cow_21,ses_771,9,LOW,MASTITIS_RISK,0.94,"Parameters aligned with historical baseline.",2026-08-17T17:14:39.000Z
pred_772,cow_22,ses_772,11,LOW,MASTITIS_RISK,0.94,"Parameters aligned with historical baseline.",2026-08-17T17:14:12.000Z
pred_773,cow_23,ses_773,14,LOW,MASTITIS_RISK,0.94,"Parameters aligned with historical baseline.",2026-08-17T17:30:13.000Z
pred_774,cow_24,ses_774,16,LOW,MASTITIS_RISK,0.94,"Parameters aligned with historical baseline.",2026-08-17T17:24:26.000Z
pred_775,cow_25,ses_775,10,LOW,MASTITIS_RISK,0.94,"Parameters aligned with historical baseline.",2026-08-17T18:10:51.000Z
pred_776,cow_26,ses_776,7,LOW,MASTITIS_RISK,0.94,"Parameters aligned with historical baseline.",2026-08-17T17:47:35.000Z
pred_777,cow_27,ses_777,12,LOW,MASTITIS_RISK,0.94,"Parameters aligned with historical baseline.",2026-08-17T17:13:04.000Z
pred_778,cow_28,ses_778,13,LOW,MASTITIS_RISK,0.94,"Parameters aligned with historical baseline.",2026-08-17T17:04:21.000Z
pred_779,cow_29,ses_779,9,LOW,MASTITIS_RISK,0.94,"Parameters aligned with historical baseline.",2026-08-17T17:53:45.000Z
pred_780,cow_30,ses_780,15,LOW,MASTITIS_RISK,0.94,"Parameters aligned with historical baseline.",2026-08-17T17:43:36.000Z
pred_781,cow_1,ses_781,14,LOW,MASTITIS_RISK,0.94,"Parameters aligned with historical baseline.",2026-08-18T07:07:50.000Z
pred_782,cow_2,ses_782,15,LOW,MASTITIS_RISK,0.94,"Parameters aligned with historical baseline.",2026-08-18T06:55:00.000Z
pred_783,cow_3,ses_783,13,LOW,MASTITIS_RISK,0.94,"Parameters aligned with historical baseline.",2026-08-18T06:28:02.000Z
pred_784,cow_4,ses_784,9,LOW,MASTITIS_RISK,0.94,"Parameters aligned with historical baseline.",2026-08-18T06:33:31.000Z
pred_785,cow_5,ses_785,11,LOW,MASTITIS_RISK,0.94,"Parameters aligned with historical baseline.",2026-08-18T06:13:39.000Z
pred_786,cow_6,ses_786,9,LOW,MASTITIS_RISK,0.94,"Parameters aligned with historical baseline.",2026-08-18T06:57:44.000Z
pred_787,cow_7,ses_787,12,LOW,MASTITIS_RISK,0.94,"Parameters aligned with historical baseline.",2026-08-18T06:44:03.000Z
pred_788,cow_8,ses_788,11,LOW,MASTITIS_RISK,0.94,"Parameters aligned with historical baseline.",2026-08-18T07:07:18.000Z
pred_789,cow_9,ses_789,9,LOW,MASTITIS_RISK,0.94,"Parameters aligned with historical baseline.",2026-08-18T07:19:18.000Z
pred_790,cow_10,ses_790,15,LOW,MASTITIS_RISK,0.94,"Parameters aligned with historical baseline.",2026-08-18T06:33:35.000Z
pred_791,cow_11,ses_791,11,LOW,MASTITIS_RISK,0.94,"Parameters aligned with historical baseline.",2026-08-18T06:12:07.000Z
pred_792,cow_12,ses_792,13,LOW,MASTITIS_RISK,0.94,"Parameters aligned with historical baseline.",2026-08-18T06:34:54.000Z
pred_793,cow_13,ses_793,9,LOW,MASTITIS_RISK,0.94,"Parameters aligned with historical baseline.",2026-08-18T07:25:13.000Z
pred_794,cow_14,ses_794,14,LOW,MASTITIS_RISK,0.94,"Parameters aligned with historical baseline.",2026-08-18T07:24:16.000Z
pred_795,cow_15,ses_795,9,LOW,MASTITIS_RISK,0.94,"Parameters aligned with historical baseline.",2026-08-18T07:19:22.000Z
pred_796,cow_16,ses_796,7,LOW,MASTITIS_RISK,0.94,"Parameters aligned with historical baseline.",2026-08-18T07:05:12.000Z
pred_797,cow_17,ses_797,16,LOW,MASTITIS_RISK,0.94,"Parameters aligned with historical baseline.",2026-08-18T06:59:35.000Z
pred_798,cow_18,ses_798,10,LOW,MASTITIS_RISK,0.94,"Parameters aligned with historical baseline.",2026-08-18T07:20:51.000Z
pred_799,cow_19,ses_799,8,LOW,MASTITIS_RISK,0.94,"Parameters aligned with historical baseline.",2026-08-18T06:25:50.000Z
pred_800,cow_20,ses_800,16,LOW,MASTITIS_RISK,0.94,"Parameters aligned with historical baseline.",2026-08-18T07:08:03.000Z
pred_801,cow_21,ses_801,8,LOW,MASTITIS_RISK,0.94,"Parameters aligned with historical baseline.",2026-08-18T07:15:38.000Z
pred_802,cow_22,ses_802,12,LOW,MASTITIS_RISK,0.94,"Parameters aligned with historical baseline.",2026-08-18T06:59:13.000Z
pred_803,cow_23,ses_803,12,LOW,MASTITIS_RISK,0.94,"Parameters aligned with historical baseline.",2026-08-18T07:25:12.000Z
pred_804,cow_24,ses_804,17,LOW,MASTITIS_RISK,0.94,"Parameters aligned with historical baseline.",2026-08-18T06:48:09.000Z
pred_805,cow_25,ses_805,9,LOW,MASTITIS_RISK,0.94,"Parameters aligned with historical baseline.",2026-08-18T07:22:23.000Z
pred_806,cow_26,ses_806,8,LOW,MASTITIS_RISK,0.94,"Parameters aligned with historical baseline.",2026-08-18T07:23:31.000Z
pred_807,cow_27,ses_807,11,LOW,MASTITIS_RISK,0.94,"Parameters aligned with historical baseline.",2026-08-18T06:16:28.000Z
pred_808,cow_28,ses_808,11,LOW,MASTITIS_RISK,0.94,"Parameters aligned with historical baseline.",2026-08-18T06:04:07.000Z
pred_809,cow_29,ses_809,9,LOW,MASTITIS_RISK,0.94,"Parameters aligned with historical baseline.",2026-08-18T07:05:48.000Z
pred_810,cow_30,ses_810,16,LOW,MASTITIS_RISK,0.94,"Parameters aligned with historical baseline.",2026-08-18T06:54:31.000Z
pred_811,cow_1,ses_811,13,LOW,MASTITIS_RISK,0.94,"Parameters aligned with historical baseline.",2026-08-18T18:34:38.000Z
pred_812,cow_2,ses_812,11,LOW,MASTITIS_RISK,0.94,"Parameters aligned with historical baseline.",2026-08-18T18:15:21.000Z
pred_813,cow_3,ses_813,13,LOW,MASTITIS_RISK,0.94,"Parameters aligned with historical baseline.",2026-08-18T17:06:09.000Z
pred_814,cow_4,ses_814,11,LOW,MASTITIS_RISK,0.94,"Parameters aligned with historical baseline.",2026-08-18T18:04:51.000Z
pred_815,cow_5,ses_815,17,LOW,MASTITIS_RISK,0.94,"Parameters aligned with historical baseline.",2026-08-18T17:34:01.000Z
pred_816,cow_6,ses_816,14,LOW,MASTITIS_RISK,0.94,"Parameters aligned with historical baseline.",2026-08-18T17:27:47.000Z
pred_817,cow_7,ses_817,15,LOW,MASTITIS_RISK,0.94,"Parameters aligned with historical baseline.",2026-08-18T17:11:30.000Z
pred_818,cow_8,ses_818,9,LOW,MASTITIS_RISK,0.94,"Parameters aligned with historical baseline.",2026-08-18T17:39:51.000Z
pred_819,cow_9,ses_819,13,LOW,MASTITIS_RISK,0.94,"Parameters aligned with historical baseline.",2026-08-18T17:07:47.000Z
pred_820,cow_10,ses_820,7,LOW,MASTITIS_RISK,0.94,"Parameters aligned with historical baseline.",2026-08-18T17:50:07.000Z
pred_821,cow_11,ses_821,12,LOW,MASTITIS_RISK,0.94,"Parameters aligned with historical baseline.",2026-08-18T17:56:45.000Z
pred_822,cow_12,ses_822,9,LOW,MASTITIS_RISK,0.94,"Parameters aligned with historical baseline.",2026-08-18T18:16:53.000Z
pred_823,cow_13,ses_823,14,LOW,MASTITIS_RISK,0.94,"Parameters aligned with historical baseline.",2026-08-18T18:10:45.000Z
pred_824,cow_14,ses_824,14,LOW,MASTITIS_RISK,0.94,"Parameters aligned with historical baseline.",2026-08-18T17:37:33.000Z
pred_825,cow_15,ses_825,13,LOW,MASTITIS_RISK,0.94,"Parameters aligned with historical baseline.",2026-08-18T17:16:49.000Z
pred_826,cow_16,ses_826,16,LOW,MASTITIS_RISK,0.94,"Parameters aligned with historical baseline.",2026-08-18T18:07:55.000Z
pred_827,cow_17,ses_827,15,LOW,MASTITIS_RISK,0.94,"Parameters aligned with historical baseline.",2026-08-18T18:25:57.000Z
pred_828,cow_18,ses_828,12,LOW,MASTITIS_RISK,0.94,"Parameters aligned with historical baseline.",2026-08-18T17:12:15.000Z
pred_829,cow_19,ses_829,8,LOW,MASTITIS_RISK,0.94,"Parameters aligned with historical baseline.",2026-08-18T17:05:32.000Z
pred_830,cow_20,ses_830,12,LOW,MASTITIS_RISK,0.94,"Parameters aligned with historical baseline.",2026-08-18T17:15:28.000Z
pred_831,cow_21,ses_831,15,LOW,MASTITIS_RISK,0.94,"Parameters aligned with historical baseline.",2026-08-18T18:34:40.000Z
pred_832,cow_22,ses_832,9,LOW,MASTITIS_RISK,0.94,"Parameters aligned with historical baseline.",2026-08-18T18:07:50.000Z
pred_833,cow_23,ses_833,16,LOW,MASTITIS_RISK,0.94,"Parameters aligned with historical baseline.",2026-08-18T18:15:32.000Z
pred_834,cow_24,ses_834,16,LOW,MASTITIS_RISK,0.94,"Parameters aligned with historical baseline.",2026-08-18T17:12:55.000Z
pred_835,cow_25,ses_835,14,LOW,MASTITIS_RISK,0.94,"Parameters aligned with historical baseline.",2026-08-18T17:39:57.000Z
pred_836,cow_26,ses_836,13,LOW,MASTITIS_RISK,0.94,"Parameters aligned with historical baseline.",2026-08-18T17:10:09.000Z
pred_837,cow_27,ses_837,13,LOW,MASTITIS_RISK,0.94,"Parameters aligned with historical baseline.",2026-08-18T18:16:33.000Z
pred_838,cow_28,ses_838,10,LOW,MASTITIS_RISK,0.94,"Parameters aligned with historical baseline.",2026-08-18T17:53:06.000Z
pred_839,cow_29,ses_839,11,LOW,MASTITIS_RISK,0.94,"Parameters aligned with historical baseline.",2026-08-18T17:40:16.000Z
pred_840,cow_30,ses_840,8,LOW,MASTITIS_RISK,0.94,"Parameters aligned with historical baseline.",2026-08-18T17:24:42.000Z
pred_841,cow_1,ses_841,16,LOW,MASTITIS_RISK,0.94,"Parameters aligned with historical baseline.",2026-08-19T06:06:35.000Z
pred_842,cow_2,ses_842,17,LOW,MASTITIS_RISK,0.94,"Parameters aligned with historical baseline.",2026-08-19T06:33:39.000Z
pred_843,cow_3,ses_843,14,LOW,MASTITIS_RISK,0.94,"Parameters aligned with historical baseline.",2026-08-19T06:20:33.000Z
pred_844,cow_4,ses_844,15,LOW,MASTITIS_RISK,0.94,"Parameters aligned with historical baseline.",2026-08-19T06:58:25.000Z
pred_845,cow_5,ses_845,13,LOW,MASTITIS_RISK,0.94,"Parameters aligned with historical baseline.",2026-08-19T06:13:01.000Z
pred_846,cow_6,ses_846,7,LOW,MASTITIS_RISK,0.94,"Parameters aligned with historical baseline.",2026-08-19T07:18:40.000Z
pred_847,cow_7,ses_847,12,LOW,MASTITIS_RISK,0.94,"Parameters aligned with historical baseline.",2026-08-19T06:22:35.000Z
pred_848,cow_8,ses_848,15,LOW,MASTITIS_RISK,0.94,"Parameters aligned with historical baseline.",2026-08-19T06:07:32.000Z
pred_849,cow_9,ses_849,12,LOW,MASTITIS_RISK,0.94,"Parameters aligned with historical baseline.",2026-08-19T06:51:11.000Z
pred_850,cow_10,ses_850,10,LOW,MASTITIS_RISK,0.94,"Parameters aligned with historical baseline.",2026-08-19T06:39:54.000Z
pred_851,cow_11,ses_851,12,LOW,MASTITIS_RISK,0.94,"Parameters aligned with historical baseline.",2026-08-19T07:12:24.000Z
pred_852,cow_12,ses_852,11,LOW,MASTITIS_RISK,0.94,"Parameters aligned with historical baseline.",2026-08-19T06:42:35.000Z
pred_853,cow_13,ses_853,16,LOW,MASTITIS_RISK,0.94,"Parameters aligned with historical baseline.",2026-08-19T06:24:21.000Z
pred_854,cow_14,ses_854,12,LOW,MASTITIS_RISK,0.94,"Parameters aligned with historical baseline.",2026-08-19T06:19:01.000Z
pred_855,cow_15,ses_855,7,LOW,MASTITIS_RISK,0.94,"Parameters aligned with historical baseline.",2026-08-19T06:13:57.000Z
pred_856,cow_16,ses_856,16,LOW,MASTITIS_RISK,0.94,"Parameters aligned with historical baseline.",2026-08-19T06:09:08.000Z
pred_857,cow_17,ses_857,16,LOW,MASTITIS_RISK,0.94,"Parameters aligned with historical baseline.",2026-08-19T06:27:00.000Z
pred_858,cow_18,ses_858,14,LOW,MASTITIS_RISK,0.94,"Parameters aligned with historical baseline.",2026-08-19T06:47:43.000Z
pred_859,cow_19,ses_859,14,LOW,MASTITIS_RISK,0.94,"Parameters aligned with historical baseline.",2026-08-19T06:27:04.000Z
pred_860,cow_20,ses_860,15,LOW,MASTITIS_RISK,0.94,"Parameters aligned with historical baseline.",2026-08-19T06:04:17.000Z
pred_861,cow_21,ses_861,12,LOW,MASTITIS_RISK,0.94,"Parameters aligned with historical baseline.",2026-08-19T06:13:09.000Z
pred_862,cow_22,ses_862,14,LOW,MASTITIS_RISK,0.94,"Parameters aligned with historical baseline.",2026-08-19T06:07:25.000Z
pred_863,cow_23,ses_863,15,LOW,MASTITIS_RISK,0.94,"Parameters aligned with historical baseline.",2026-08-19T07:35:21.000Z
pred_864,cow_24,ses_864,13,LOW,MASTITIS_RISK,0.94,"Parameters aligned with historical baseline.",2026-08-19T06:05:18.000Z
pred_865,cow_25,ses_865,9,LOW,MASTITIS_RISK,0.94,"Parameters aligned with historical baseline.",2026-08-19T06:19:17.000Z
pred_866,cow_26,ses_866,10,LOW,MASTITIS_RISK,0.94,"Parameters aligned with historical baseline.",2026-08-19T06:11:45.000Z
pred_867,cow_27,ses_867,16,LOW,MASTITIS_RISK,0.94,"Parameters aligned with historical baseline.",2026-08-19T06:44:47.000Z
pred_868,cow_28,ses_868,8,LOW,MASTITIS_RISK,0.94,"Parameters aligned with historical baseline.",2026-08-19T07:29:32.000Z
pred_869,cow_29,ses_869,17,LOW,MASTITIS_RISK,0.94,"Parameters aligned with historical baseline.",2026-08-19T06:51:02.000Z
pred_870,cow_30,ses_870,11,LOW,MASTITIS_RISK,0.94,"Parameters aligned with historical baseline.",2026-08-19T07:11:11.000Z
pred_871,cow_1,ses_871,11,LOW,MASTITIS_RISK,0.94,"Parameters aligned with historical baseline.",2026-08-19T17:51:53.000Z
pred_872,cow_2,ses_872,15,LOW,MASTITIS_RISK,0.94,"Parameters aligned with historical baseline.",2026-08-19T17:46:24.000Z
pred_873,cow_3,ses_873,7,LOW,MASTITIS_RISK,0.94,"Parameters aligned with historical baseline.",2026-08-19T17:22:49.000Z
pred_874,cow_4,ses_874,13,LOW,MASTITIS_RISK,0.94,"Parameters aligned with historical baseline.",2026-08-19T18:24:08.000Z
pred_875,cow_5,ses_875,11,LOW,MASTITIS_RISK,0.94,"Parameters aligned with historical baseline.",2026-08-19T18:28:14.000Z
pred_876,cow_6,ses_876,11,LOW,MASTITIS_RISK,0.94,"Parameters aligned with historical baseline.",2026-08-19T18:23:15.000Z
pred_877,cow_7,ses_877,15,LOW,MASTITIS_RISK,0.94,"Parameters aligned with historical baseline.",2026-08-19T17:24:47.000Z
pred_878,cow_8,ses_878,9,LOW,MASTITIS_RISK,0.94,"Parameters aligned with historical baseline.",2026-08-19T17:43:17.000Z
pred_879,cow_9,ses_879,14,LOW,MASTITIS_RISK,0.94,"Parameters aligned with historical baseline.",2026-08-19T18:06:40.000Z
pred_880,cow_10,ses_880,14,LOW,MASTITIS_RISK,0.94,"Parameters aligned with historical baseline.",2026-08-19T17:05:41.000Z
pred_881,cow_11,ses_881,14,LOW,MASTITIS_RISK,0.94,"Parameters aligned with historical baseline.",2026-08-19T17:23:12.000Z
pred_882,cow_12,ses_882,11,LOW,MASTITIS_RISK,0.94,"Parameters aligned with historical baseline.",2026-08-19T17:20:55.000Z
pred_883,cow_13,ses_883,9,LOW,MASTITIS_RISK,0.94,"Parameters aligned with historical baseline.",2026-08-19T17:26:46.000Z
pred_884,cow_14,ses_884,16,LOW,MASTITIS_RISK,0.94,"Parameters aligned with historical baseline.",2026-08-19T17:50:26.000Z
pred_885,cow_15,ses_885,10,LOW,MASTITIS_RISK,0.94,"Parameters aligned with historical baseline.",2026-08-19T18:35:53.000Z
pred_886,cow_16,ses_886,16,LOW,MASTITIS_RISK,0.94,"Parameters aligned with historical baseline.",2026-08-19T18:32:44.000Z
pred_887,cow_17,ses_887,10,LOW,MASTITIS_RISK,0.94,"Parameters aligned with historical baseline.",2026-08-19T18:28:34.000Z
pred_888,cow_18,ses_888,17,LOW,MASTITIS_RISK,0.94,"Parameters aligned with historical baseline.",2026-08-19T17:43:54.000Z
pred_889,cow_19,ses_889,9,LOW,MASTITIS_RISK,0.94,"Parameters aligned with historical baseline.",2026-08-19T17:17:17.000Z
pred_890,cow_20,ses_890,16,LOW,MASTITIS_RISK,0.94,"Parameters aligned with historical baseline.",2026-08-19T17:33:52.000Z
pred_891,cow_21,ses_891,17,LOW,MASTITIS_RISK,0.94,"Parameters aligned with historical baseline.",2026-08-19T18:28:05.000Z
pred_892,cow_22,ses_892,12,LOW,MASTITIS_RISK,0.94,"Parameters aligned with historical baseline.",2026-08-19T18:26:38.000Z
pred_893,cow_23,ses_893,10,LOW,MASTITIS_RISK,0.94,"Parameters aligned with historical baseline.",2026-08-19T18:33:43.000Z
pred_894,cow_24,ses_894,17,LOW,MASTITIS_RISK,0.94,"Parameters aligned with historical baseline.",2026-08-19T17:08:03.000Z
pred_895,cow_25,ses_895,15,LOW,MASTITIS_RISK,0.94,"Parameters aligned with historical baseline.",2026-08-19T18:10:16.000Z
pred_896,cow_26,ses_896,16,LOW,MASTITIS_RISK,0.94,"Parameters aligned with historical baseline.",2026-08-19T17:16:19.000Z
pred_897,cow_27,ses_897,17,LOW,MASTITIS_RISK,0.94,"Parameters aligned with historical baseline.",2026-08-19T17:50:40.000Z
pred_898,cow_28,ses_898,13,LOW,MASTITIS_RISK,0.94,"Parameters aligned with historical baseline.",2026-08-19T18:27:52.000Z
pred_899,cow_29,ses_899,8,LOW,MASTITIS_RISK,0.94,"Parameters aligned with historical baseline.",2026-08-19T17:51:06.000Z
pred_900,cow_30,ses_900,10,LOW,MASTITIS_RISK,0.94,"Parameters aligned with historical baseline.",2026-08-19T17:48:49.000Z
pred_901,cow_1,ses_901,15,LOW,MASTITIS_RISK,0.94,"Parameters aligned with historical baseline.",2026-08-20T06:12:42.000Z
pred_902,cow_2,ses_902,8,LOW,MASTITIS_RISK,0.94,"Parameters aligned with historical baseline.",2026-08-20T06:31:17.000Z
pred_903,cow_3,ses_903,14,LOW,MASTITIS_RISK,0.94,"Parameters aligned with historical baseline.",2026-08-20T06:15:58.000Z
pred_904,cow_4,ses_904,7,LOW,MASTITIS_RISK,0.94,"Parameters aligned with historical baseline.",2026-08-20T07:05:06.000Z
pred_905,cow_5,ses_905,9,LOW,MASTITIS_RISK,0.94,"Parameters aligned with historical baseline.",2026-08-20T07:09:19.000Z
pred_906,cow_6,ses_906,15,LOW,MASTITIS_RISK,0.94,"Parameters aligned with historical baseline.",2026-08-20T06:15:32.000Z
pred_907,cow_7,ses_907,11,LOW,MASTITIS_RISK,0.94,"Parameters aligned with historical baseline.",2026-08-20T06:35:39.000Z
pred_908,cow_8,ses_908,14,LOW,MASTITIS_RISK,0.94,"Parameters aligned with historical baseline.",2026-08-20T06:32:19.000Z
pred_909,cow_9,ses_909,9,LOW,MASTITIS_RISK,0.94,"Parameters aligned with historical baseline.",2026-08-20T06:50:54.000Z
pred_910,cow_10,ses_910,9,LOW,MASTITIS_RISK,0.94,"Parameters aligned with historical baseline.",2026-08-20T06:43:52.000Z
pred_911,cow_11,ses_911,14,LOW,MASTITIS_RISK,0.94,"Parameters aligned with historical baseline.",2026-08-20T07:04:08.000Z
pred_912,cow_12,ses_912,10,LOW,MASTITIS_RISK,0.94,"Parameters aligned with historical baseline.",2026-08-20T06:14:18.000Z
pred_913,cow_13,ses_913,12,LOW,MASTITIS_RISK,0.94,"Parameters aligned with historical baseline.",2026-08-20T06:35:23.000Z
pred_914,cow_14,ses_914,15,LOW,MASTITIS_RISK,0.94,"Parameters aligned with historical baseline.",2026-08-20T06:28:31.000Z
pred_915,cow_15,ses_915,8,LOW,MASTITIS_RISK,0.94,"Parameters aligned with historical baseline.",2026-08-20T06:43:11.000Z
pred_916,cow_16,ses_916,15,LOW,MASTITIS_RISK,0.94,"Parameters aligned with historical baseline.",2026-08-20T07:18:54.000Z
pred_917,cow_17,ses_917,15,LOW,MASTITIS_RISK,0.94,"Parameters aligned with historical baseline.",2026-08-20T06:05:31.000Z
pred_918,cow_18,ses_918,14,LOW,MASTITIS_RISK,0.94,"Parameters aligned with historical baseline.",2026-08-20T06:49:24.000Z
pred_919,cow_19,ses_919,8,LOW,MASTITIS_RISK,0.94,"Parameters aligned with historical baseline.",2026-08-20T07:02:41.000Z
pred_920,cow_20,ses_920,17,LOW,MASTITIS_RISK,0.94,"Parameters aligned with historical baseline.",2026-08-20T06:35:13.000Z
pred_921,cow_21,ses_921,14,LOW,MASTITIS_RISK,0.94,"Parameters aligned with historical baseline.",2026-08-20T06:32:04.000Z
pred_922,cow_22,ses_922,7,LOW,MASTITIS_RISK,0.94,"Parameters aligned with historical baseline.",2026-08-20T06:50:11.000Z
pred_923,cow_23,ses_923,13,LOW,MASTITIS_RISK,0.94,"Parameters aligned with historical baseline.",2026-08-20T07:05:10.000Z
pred_924,cow_24,ses_924,10,LOW,MASTITIS_RISK,0.94,"Parameters aligned with historical baseline.",2026-08-20T07:28:39.000Z
pred_925,cow_25,ses_925,9,LOW,MASTITIS_RISK,0.94,"Parameters aligned with historical baseline.",2026-08-20T06:38:41.000Z
pred_926,cow_26,ses_926,13,LOW,MASTITIS_RISK,0.94,"Parameters aligned with historical baseline.",2026-08-20T06:08:36.000Z
pred_927,cow_27,ses_927,12,LOW,MASTITIS_RISK,0.94,"Parameters aligned with historical baseline.",2026-08-20T07:15:40.000Z
pred_928,cow_28,ses_928,8,LOW,MASTITIS_RISK,0.94,"Parameters aligned with historical baseline.",2026-08-20T06:42:04.000Z
pred_929,cow_29,ses_929,14,LOW,MASTITIS_RISK,0.94,"Parameters aligned with historical baseline.",2026-08-20T07:30:13.000Z
pred_930,cow_30,ses_930,17,LOW,MASTITIS_RISK,0.94,"Parameters aligned with historical baseline.",2026-08-20T06:46:47.000Z
pred_931,cow_1,ses_931,12,LOW,MASTITIS_RISK,0.94,"Parameters aligned with historical baseline.",2026-08-20T17:54:57.000Z
pred_932,cow_2,ses_932,7,LOW,MASTITIS_RISK,0.94,"Parameters aligned with historical baseline.",2026-08-20T17:43:23.000Z
pred_933,cow_3,ses_933,8,LOW,MASTITIS_RISK,0.94,"Parameters aligned with historical baseline.",2026-08-20T17:52:13.000Z
pred_934,cow_4,ses_934,12,LOW,MASTITIS_RISK,0.94,"Parameters aligned with historical baseline.",2026-08-20T17:09:07.000Z
pred_935,cow_5,ses_935,9,LOW,MASTITIS_RISK,0.94,"Parameters aligned with historical baseline.",2026-08-20T17:15:07.000Z
pred_936,cow_6,ses_936,12,LOW,MASTITIS_RISK,0.94,"Parameters aligned with historical baseline.",2026-08-20T17:31:54.000Z
pred_937,cow_7,ses_937,7,LOW,MASTITIS_RISK,0.94,"Parameters aligned with historical baseline.",2026-08-20T18:27:23.000Z
pred_938,cow_8,ses_938,8,LOW,MASTITIS_RISK,0.94,"Parameters aligned with historical baseline.",2026-08-20T17:16:24.000Z
pred_939,cow_9,ses_939,16,LOW,MASTITIS_RISK,0.94,"Parameters aligned with historical baseline.",2026-08-20T17:30:17.000Z
pred_940,cow_10,ses_940,8,LOW,MASTITIS_RISK,0.94,"Parameters aligned with historical baseline.",2026-08-20T17:20:56.000Z
pred_941,cow_11,ses_941,14,LOW,MASTITIS_RISK,0.94,"Parameters aligned with historical baseline.",2026-08-20T17:54:50.000Z
pred_942,cow_12,ses_942,8,LOW,MASTITIS_RISK,0.94,"Parameters aligned with historical baseline.",2026-08-20T18:21:59.000Z
pred_943,cow_13,ses_943,8,LOW,MASTITIS_RISK,0.94,"Parameters aligned with historical baseline.",2026-08-20T17:20:09.000Z
pred_944,cow_14,ses_944,13,LOW,MASTITIS_RISK,0.94,"Parameters aligned with historical baseline.",2026-08-20T18:04:32.000Z
pred_945,cow_15,ses_945,8,LOW,MASTITIS_RISK,0.94,"Parameters aligned with historical baseline.",2026-08-20T17:48:58.000Z
pred_946,cow_16,ses_946,15,LOW,MASTITIS_RISK,0.94,"Parameters aligned with historical baseline.",2026-08-20T18:35:46.000Z
pred_947,cow_17,ses_947,11,LOW,MASTITIS_RISK,0.94,"Parameters aligned with historical baseline.",2026-08-20T18:31:04.000Z
pred_948,cow_18,ses_948,9,LOW,MASTITIS_RISK,0.94,"Parameters aligned with historical baseline.",2026-08-20T18:16:17.000Z
pred_949,cow_19,ses_949,17,LOW,MASTITIS_RISK,0.94,"Parameters aligned with historical baseline.",2026-08-20T17:10:42.000Z
pred_950,cow_20,ses_950,9,LOW,MASTITIS_RISK,0.94,"Parameters aligned with historical baseline.",2026-08-20T17:56:29.000Z
pred_951,cow_21,ses_951,14,LOW,MASTITIS_RISK,0.94,"Parameters aligned with historical baseline.",2026-08-20T17:42:41.000Z
pred_952,cow_22,ses_952,9,LOW,MASTITIS_RISK,0.94,"Parameters aligned with historical baseline.",2026-08-20T17:25:13.000Z
pred_953,cow_23,ses_953,13,LOW,MASTITIS_RISK,0.94,"Parameters aligned with historical baseline.",2026-08-20T17:12:07.000Z
pred_954,cow_24,ses_954,16,LOW,MASTITIS_RISK,0.94,"Parameters aligned with historical baseline.",2026-08-20T18:16:34.000Z
pred_955,cow_25,ses_955,14,LOW,MASTITIS_RISK,0.94,"Parameters aligned with historical baseline.",2026-08-20T17:55:16.000Z
pred_956,cow_26,ses_956,15,LOW,MASTITIS_RISK,0.94,"Parameters aligned with historical baseline.",2026-08-20T17:51:36.000Z
pred_957,cow_27,ses_957,13,LOW,MASTITIS_RISK,0.94,"Parameters aligned with historical baseline.",2026-08-20T18:13:07.000Z
pred_958,cow_28,ses_958,16,LOW,MASTITIS_RISK,0.94,"Parameters aligned with historical baseline.",2026-08-20T17:11:47.000Z
pred_959,cow_29,ses_959,10,LOW,MASTITIS_RISK,0.94,"Parameters aligned with historical baseline.",2026-08-20T18:13:24.000Z
pred_960,cow_30,ses_960,7,LOW,MASTITIS_RISK,0.94,"Parameters aligned with historical baseline.",2026-08-20T18:31:28.000Z
pred_961,cow_1,ses_961,11,LOW,MASTITIS_RISK,0.94,"Parameters aligned with historical baseline.",2026-08-21T06:58:36.000Z
pred_962,cow_2,ses_962,9,LOW,MASTITIS_RISK,0.94,"Parameters aligned with historical baseline.",2026-08-21T07:17:47.000Z
pred_963,cow_3,ses_963,10,LOW,MASTITIS_RISK,0.94,"Parameters aligned with historical baseline.",2026-08-21T07:10:06.000Z
pred_964,cow_4,ses_964,14,LOW,MASTITIS_RISK,0.94,"Parameters aligned with historical baseline.",2026-08-21T07:00:56.000Z
pred_965,cow_5,ses_965,12,LOW,MASTITIS_RISK,0.94,"Parameters aligned with historical baseline.",2026-08-21T06:11:44.000Z
pred_966,cow_6,ses_966,12,LOW,MASTITIS_RISK,0.94,"Parameters aligned with historical baseline.",2026-08-21T06:13:47.000Z
pred_967,cow_7,ses_967,10,LOW,MASTITIS_RISK,0.94,"Parameters aligned with historical baseline.",2026-08-21T07:34:52.000Z
pred_968,cow_8,ses_968,14,LOW,MASTITIS_RISK,0.94,"Parameters aligned with historical baseline.",2026-08-21T06:08:11.000Z
pred_969,cow_9,ses_969,9,LOW,MASTITIS_RISK,0.94,"Parameters aligned with historical baseline.",2026-08-21T07:06:08.000Z
pred_970,cow_10,ses_970,15,LOW,MASTITIS_RISK,0.94,"Parameters aligned with historical baseline.",2026-08-21T06:25:13.000Z
pred_971,cow_11,ses_971,17,LOW,MASTITIS_RISK,0.94,"Parameters aligned with historical baseline.",2026-08-21T06:53:31.000Z
pred_972,cow_12,ses_972,15,LOW,MASTITIS_RISK,0.94,"Parameters aligned with historical baseline.",2026-08-21T06:59:32.000Z
pred_973,cow_13,ses_973,16,LOW,MASTITIS_RISK,0.94,"Parameters aligned with historical baseline.",2026-08-21T07:22:42.000Z
pred_974,cow_14,ses_974,13,LOW,MASTITIS_RISK,0.94,"Parameters aligned with historical baseline.",2026-08-21T07:03:42.000Z
pred_975,cow_15,ses_975,9,LOW,MASTITIS_RISK,0.94,"Parameters aligned with historical baseline.",2026-08-21T06:54:31.000Z
pred_976,cow_16,ses_976,16,LOW,MASTITIS_RISK,0.94,"Parameters aligned with historical baseline.",2026-08-21T06:05:09.000Z
pred_977,cow_17,ses_977,12,LOW,MASTITIS_RISK,0.94,"Parameters aligned with historical baseline.",2026-08-21T06:07:14.000Z
pred_978,cow_18,ses_978,8,LOW,MASTITIS_RISK,0.94,"Parameters aligned with historical baseline.",2026-08-21T06:12:38.000Z
pred_979,cow_19,ses_979,15,LOW,MASTITIS_RISK,0.94,"Parameters aligned with historical baseline.",2026-08-21T07:01:42.000Z
pred_980,cow_20,ses_980,13,LOW,MASTITIS_RISK,0.94,"Parameters aligned with historical baseline.",2026-08-21T06:05:04.000Z
pred_981,cow_21,ses_981,10,LOW,MASTITIS_RISK,0.94,"Parameters aligned with historical baseline.",2026-08-21T06:39:11.000Z
pred_982,cow_22,ses_982,15,LOW,MASTITIS_RISK,0.94,"Parameters aligned with historical baseline.",2026-08-21T06:54:50.000Z
pred_983,cow_23,ses_983,12,LOW,MASTITIS_RISK,0.94,"Parameters aligned with historical baseline.",2026-08-21T07:30:46.000Z
pred_984,cow_24,ses_984,16,LOW,MASTITIS_RISK,0.94,"Parameters aligned with historical baseline.",2026-08-21T06:27:32.000Z
pred_985,cow_25,ses_985,8,LOW,MASTITIS_RISK,0.94,"Parameters aligned with historical baseline.",2026-08-21T06:17:26.000Z
pred_986,cow_26,ses_986,12,LOW,MASTITIS_RISK,0.94,"Parameters aligned with historical baseline.",2026-08-21T06:10:52.000Z
pred_987,cow_27,ses_987,13,LOW,MASTITIS_RISK,0.94,"Parameters aligned with historical baseline.",2026-08-21T06:25:15.000Z
pred_988,cow_28,ses_988,12,LOW,MASTITIS_RISK,0.94,"Parameters aligned with historical baseline.",2026-08-21T06:15:02.000Z
pred_989,cow_29,ses_989,8,LOW,MASTITIS_RISK,0.94,"Parameters aligned with historical baseline.",2026-08-21T06:52:36.000Z
pred_990,cow_30,ses_990,9,LOW,MASTITIS_RISK,0.94,"Parameters aligned with historical baseline.",2026-08-21T07:24:13.000Z
pred_991,cow_1,ses_991,11,LOW,MASTITIS_RISK,0.94,"Parameters aligned with historical baseline.",2026-08-21T18:30:50.000Z
pred_992,cow_2,ses_992,7,LOW,MASTITIS_RISK,0.94,"Parameters aligned with historical baseline.",2026-08-21T17:34:40.000Z
pred_993,cow_3,ses_993,14,LOW,MASTITIS_RISK,0.94,"Parameters aligned with historical baseline.",2026-08-21T18:33:53.000Z
pred_994,cow_4,ses_994,17,LOW,MASTITIS_RISK,0.94,"Parameters aligned with historical baseline.",2026-08-21T17:09:28.000Z
pred_995,cow_5,ses_995,15,LOW,MASTITIS_RISK,0.94,"Parameters aligned with historical baseline.",2026-08-21T17:24:28.000Z
pred_996,cow_6,ses_996,16,LOW,MASTITIS_RISK,0.94,"Parameters aligned with historical baseline.",2026-08-21T18:12:49.000Z
pred_997,cow_7,ses_997,12,LOW,MASTITIS_RISK,0.94,"Parameters aligned with historical baseline.",2026-08-21T17:36:35.000Z
pred_998,cow_8,ses_998,11,LOW,MASTITIS_RISK,0.94,"Parameters aligned with historical baseline.",2026-08-21T18:33:12.000Z
pred_999,cow_9,ses_999,10,LOW,MASTITIS_RISK,0.94,"Parameters aligned with historical baseline.",2026-08-21T18:31:59.000Z
pred_1000,cow_10,ses_1000,13,LOW,MASTITIS_RISK,0.94,"Parameters aligned with historical baseline.",2026-08-21T17:38:21.000Z
pred_1001,cow_11,ses_1001,7,LOW,MASTITIS_RISK,0.94,"Parameters aligned with historical baseline.",2026-08-21T18:17:08.000Z
pred_1002,cow_12,ses_1002,12,LOW,MASTITIS_RISK,0.94,"Parameters aligned with historical baseline.",2026-08-21T18:30:35.000Z
pred_1003,cow_13,ses_1003,11,LOW,MASTITIS_RISK,0.94,"Parameters aligned with historical baseline.",2026-08-21T18:02:25.000Z
pred_1004,cow_14,ses_1004,11,LOW,MASTITIS_RISK,0.94,"Parameters aligned with historical baseline.",2026-08-21T18:15:27.000Z
pred_1005,cow_15,ses_1005,11,LOW,MASTITIS_RISK,0.94,"Parameters aligned with historical baseline.",2026-08-21T17:19:06.000Z
pred_1006,cow_16,ses_1006,12,LOW,MASTITIS_RISK,0.94,"Parameters aligned with historical baseline.",2026-08-21T17:28:02.000Z
pred_1007,cow_17,ses_1007,7,LOW,MASTITIS_RISK,0.94,"Parameters aligned with historical baseline.",2026-08-21T18:26:58.000Z
pred_1008,cow_18,ses_1008,10,LOW,MASTITIS_RISK,0.94,"Parameters aligned with historical baseline.",2026-08-21T17:49:15.000Z
pred_1009,cow_19,ses_1009,13,LOW,MASTITIS_RISK,0.94,"Parameters aligned with historical baseline.",2026-08-21T17:44:00.000Z
pred_1010,cow_20,ses_1010,9,LOW,MASTITIS_RISK,0.94,"Parameters aligned with historical baseline.",2026-08-21T18:04:32.000Z
pred_1011,cow_21,ses_1011,10,LOW,MASTITIS_RISK,0.94,"Parameters aligned with historical baseline.",2026-08-21T18:12:33.000Z
pred_1012,cow_22,ses_1012,14,LOW,MASTITIS_RISK,0.94,"Parameters aligned with historical baseline.",2026-08-21T17:10:42.000Z
pred_1013,cow_23,ses_1013,16,LOW,MASTITIS_RISK,0.94,"Parameters aligned with historical baseline.",2026-08-21T17:48:21.000Z
pred_1014,cow_24,ses_1014,9,LOW,MASTITIS_RISK,0.94,"Parameters aligned with historical baseline.",2026-08-21T18:28:33.000Z
pred_1015,cow_25,ses_1015,14,LOW,MASTITIS_RISK,0.94,"Parameters aligned with historical baseline.",2026-08-21T17:51:04.000Z
pred_1016,cow_26,ses_1016,12,LOW,MASTITIS_RISK,0.94,"Parameters aligned with historical baseline.",2026-08-21T18:12:58.000Z
pred_1017,cow_27,ses_1017,14,LOW,MASTITIS_RISK,0.94,"Parameters aligned with historical baseline.",2026-08-21T17:38:39.000Z
pred_1018,cow_28,ses_1018,10,LOW,MASTITIS_RISK,0.94,"Parameters aligned with historical baseline.",2026-08-21T17:20:51.000Z
pred_1019,cow_29,ses_1019,9,LOW,MASTITIS_RISK,0.94,"Parameters aligned with historical baseline.",2026-08-21T17:47:49.000Z
pred_1020,cow_30,ses_1020,11,LOW,MASTITIS_RISK,0.94,"Parameters aligned with historical baseline.",2026-08-21T18:09:06.000Z
pred_1021,cow_1,ses_1021,11,LOW,MASTITIS_RISK,0.94,"Parameters aligned with historical baseline.",2026-08-22T07:27:52.000Z
pred_1022,cow_2,ses_1022,13,LOW,MASTITIS_RISK,0.94,"Parameters aligned with historical baseline.",2026-08-22T06:33:38.000Z
pred_1023,cow_3,ses_1023,11,LOW,MASTITIS_RISK,0.94,"Parameters aligned with historical baseline.",2026-08-22T07:22:04.000Z
pred_1024,cow_4,ses_1024,10,LOW,MASTITIS_RISK,0.94,"Parameters aligned with historical baseline.",2026-08-22T07:19:49.000Z
pred_1025,cow_5,ses_1025,7,LOW,MASTITIS_RISK,0.94,"Parameters aligned with historical baseline.",2026-08-22T07:27:21.000Z
pred_1026,cow_6,ses_1026,13,LOW,MASTITIS_RISK,0.94,"Parameters aligned with historical baseline.",2026-08-22T06:32:05.000Z
pred_1027,cow_7,ses_1027,8,LOW,MASTITIS_RISK,0.94,"Parameters aligned with historical baseline.",2026-08-22T07:25:44.000Z
pred_1028,cow_8,ses_1028,11,LOW,MASTITIS_RISK,0.94,"Parameters aligned with historical baseline.",2026-08-22T06:32:55.000Z
pred_1029,cow_9,ses_1029,11,LOW,MASTITIS_RISK,0.94,"Parameters aligned with historical baseline.",2026-08-22T07:05:44.000Z
pred_1030,cow_10,ses_1030,8,LOW,MASTITIS_RISK,0.94,"Parameters aligned with historical baseline.",2026-08-22T06:10:55.000Z
pred_1031,cow_11,ses_1031,11,LOW,MASTITIS_RISK,0.94,"Parameters aligned with historical baseline.",2026-08-22T06:59:56.000Z
pred_1032,cow_12,ses_1032,15,LOW,MASTITIS_RISK,0.94,"Parameters aligned with historical baseline.",2026-08-22T06:20:16.000Z
pred_1033,cow_13,ses_1033,11,LOW,MASTITIS_RISK,0.94,"Parameters aligned with historical baseline.",2026-08-22T07:14:11.000Z
pred_1034,cow_14,ses_1034,8,LOW,MASTITIS_RISK,0.94,"Parameters aligned with historical baseline.",2026-08-22T07:10:36.000Z
pred_1035,cow_15,ses_1035,13,LOW,MASTITIS_RISK,0.94,"Parameters aligned with historical baseline.",2026-08-22T06:22:02.000Z
pred_1036,cow_16,ses_1036,17,LOW,MASTITIS_RISK,0.94,"Parameters aligned with historical baseline.",2026-08-22T06:31:33.000Z
pred_1037,cow_17,ses_1037,16,LOW,MASTITIS_RISK,0.94,"Parameters aligned with historical baseline.",2026-08-22T07:05:12.000Z
pred_1038,cow_18,ses_1038,12,LOW,MASTITIS_RISK,0.94,"Parameters aligned with historical baseline.",2026-08-22T06:20:42.000Z
pred_1039,cow_19,ses_1039,12,LOW,MASTITIS_RISK,0.94,"Parameters aligned with historical baseline.",2026-08-22T06:24:04.000Z
pred_1040,cow_20,ses_1040,16,LOW,MASTITIS_RISK,0.94,"Parameters aligned with historical baseline.",2026-08-22T06:46:20.000Z
pred_1041,cow_21,ses_1041,11,LOW,MASTITIS_RISK,0.94,"Parameters aligned with historical baseline.",2026-08-22T06:09:22.000Z
pred_1042,cow_22,ses_1042,10,LOW,MASTITIS_RISK,0.94,"Parameters aligned with historical baseline.",2026-08-22T06:36:51.000Z
pred_1043,cow_23,ses_1043,9,LOW,MASTITIS_RISK,0.94,"Parameters aligned with historical baseline.",2026-08-22T06:14:07.000Z
pred_1044,cow_24,ses_1044,11,LOW,MASTITIS_RISK,0.94,"Parameters aligned with historical baseline.",2026-08-22T06:49:47.000Z
pred_1045,cow_25,ses_1045,17,LOW,MASTITIS_RISK,0.94,"Parameters aligned with historical baseline.",2026-08-22T06:24:09.000Z
pred_1046,cow_26,ses_1046,15,LOW,MASTITIS_RISK,0.94,"Parameters aligned with historical baseline.",2026-08-22T06:05:05.000Z
pred_1047,cow_27,ses_1047,14,LOW,MASTITIS_RISK,0.94,"Parameters aligned with historical baseline.",2026-08-22T06:23:21.000Z
pred_1048,cow_28,ses_1048,12,LOW,MASTITIS_RISK,0.94,"Parameters aligned with historical baseline.",2026-08-22T07:07:32.000Z
pred_1049,cow_29,ses_1049,15,LOW,MASTITIS_RISK,0.94,"Parameters aligned with historical baseline.",2026-08-22T07:23:05.000Z
pred_1050,cow_30,ses_1050,15,LOW,MASTITIS_RISK,0.94,"Parameters aligned with historical baseline.",2026-08-22T06:24:17.000Z
pred_1051,cow_1,ses_1051,11,LOW,MASTITIS_RISK,0.94,"Parameters aligned with historical baseline.",2026-08-22T17:13:06.000Z
pred_1052,cow_2,ses_1052,15,LOW,MASTITIS_RISK,0.94,"Parameters aligned with historical baseline.",2026-08-22T17:34:23.000Z
pred_1053,cow_3,ses_1053,11,LOW,MASTITIS_RISK,0.94,"Parameters aligned with historical baseline.",2026-08-22T17:28:46.000Z
pred_1054,cow_4,ses_1054,14,LOW,MASTITIS_RISK,0.94,"Parameters aligned with historical baseline.",2026-08-22T17:21:15.000Z
pred_1055,cow_5,ses_1055,14,LOW,MASTITIS_RISK,0.94,"Parameters aligned with historical baseline.",2026-08-22T17:23:10.000Z
pred_1056,cow_6,ses_1056,9,LOW,MASTITIS_RISK,0.94,"Parameters aligned with historical baseline.",2026-08-22T17:17:50.000Z
pred_1057,cow_7,ses_1057,7,LOW,MASTITIS_RISK,0.94,"Parameters aligned with historical baseline.",2026-08-22T17:18:20.000Z
pred_1058,cow_8,ses_1058,17,LOW,MASTITIS_RISK,0.94,"Parameters aligned with historical baseline.",2026-08-22T17:27:49.000Z
pred_1059,cow_9,ses_1059,12,LOW,MASTITIS_RISK,0.94,"Parameters aligned with historical baseline.",2026-08-22T17:18:04.000Z
pred_1060,cow_10,ses_1060,14,LOW,MASTITIS_RISK,0.94,"Parameters aligned with historical baseline.",2026-08-22T18:10:18.000Z
pred_1061,cow_11,ses_1061,8,LOW,MASTITIS_RISK,0.94,"Parameters aligned with historical baseline.",2026-08-22T17:26:04.000Z
pred_1062,cow_12,ses_1062,13,LOW,MASTITIS_RISK,0.94,"Parameters aligned with historical baseline.",2026-08-22T18:11:23.000Z
pred_1063,cow_13,ses_1063,14,LOW,MASTITIS_RISK,0.94,"Parameters aligned with historical baseline.",2026-08-22T17:47:42.000Z
pred_1064,cow_14,ses_1064,14,LOW,MASTITIS_RISK,0.94,"Parameters aligned with historical baseline.",2026-08-22T17:21:46.000Z
pred_1065,cow_15,ses_1065,14,LOW,MASTITIS_RISK,0.94,"Parameters aligned with historical baseline.",2026-08-22T17:32:59.000Z
pred_1066,cow_16,ses_1066,11,LOW,MASTITIS_RISK,0.94,"Parameters aligned with historical baseline.",2026-08-22T18:02:27.000Z
pred_1067,cow_17,ses_1067,9,LOW,MASTITIS_RISK,0.94,"Parameters aligned with historical baseline.",2026-08-22T18:13:56.000Z
pred_1068,cow_18,ses_1068,15,LOW,MASTITIS_RISK,0.94,"Parameters aligned with historical baseline.",2026-08-22T17:37:22.000Z
pred_1069,cow_19,ses_1069,16,LOW,MASTITIS_RISK,0.94,"Parameters aligned with historical baseline.",2026-08-22T17:54:06.000Z
pred_1070,cow_20,ses_1070,13,LOW,MASTITIS_RISK,0.94,"Parameters aligned with historical baseline.",2026-08-22T17:17:38.000Z
pred_1071,cow_21,ses_1071,7,LOW,MASTITIS_RISK,0.94,"Parameters aligned with historical baseline.",2026-08-22T17:49:16.000Z
pred_1072,cow_22,ses_1072,10,LOW,MASTITIS_RISK,0.94,"Parameters aligned with historical baseline.",2026-08-22T17:38:22.000Z
pred_1073,cow_23,ses_1073,11,LOW,MASTITIS_RISK,0.94,"Parameters aligned with historical baseline.",2026-08-22T18:11:33.000Z
pred_1074,cow_24,ses_1074,15,LOW,MASTITIS_RISK,0.94,"Parameters aligned with historical baseline.",2026-08-22T17:35:36.000Z
pred_1075,cow_25,ses_1075,13,LOW,MASTITIS_RISK,0.94,"Parameters aligned with historical baseline.",2026-08-22T17:40:45.000Z
pred_1076,cow_26,ses_1076,8,LOW,MASTITIS_RISK,0.94,"Parameters aligned with historical baseline.",2026-08-22T18:17:17.000Z
pred_1077,cow_27,ses_1077,14,LOW,MASTITIS_RISK,0.94,"Parameters aligned with historical baseline.",2026-08-22T18:04:21.000Z
pred_1078,cow_28,ses_1078,11,LOW,MASTITIS_RISK,0.94,"Parameters aligned with historical baseline.",2026-08-22T17:29:16.000Z
pred_1079,cow_29,ses_1079,9,LOW,MASTITIS_RISK,0.94,"Parameters aligned with historical baseline.",2026-08-22T17:45:02.000Z
pred_1080,cow_30,ses_1080,9,LOW,MASTITIS_RISK,0.94,"Parameters aligned with historical baseline.",2026-08-22T17:23:48.000Z
pred_1081,cow_1,ses_1081,14,LOW,MASTITIS_RISK,0.94,"Parameters aligned with historical baseline.",2026-08-23T07:29:48.000Z
pred_1082,cow_2,ses_1082,13,LOW,MASTITIS_RISK,0.94,"Parameters aligned with historical baseline.",2026-08-23T06:43:44.000Z
pred_1083,cow_3,ses_1083,15,LOW,MASTITIS_RISK,0.94,"Parameters aligned with historical baseline.",2026-08-23T06:15:12.000Z
pred_1084,cow_4,ses_1084,13,LOW,MASTITIS_RISK,0.94,"Parameters aligned with historical baseline.",2026-08-23T06:36:39.000Z
pred_1085,cow_5,ses_1085,9,LOW,MASTITIS_RISK,0.94,"Parameters aligned with historical baseline.",2026-08-23T06:14:05.000Z
pred_1086,cow_6,ses_1086,12,LOW,MASTITIS_RISK,0.94,"Parameters aligned with historical baseline.",2026-08-23T06:12:45.000Z
pred_1087,cow_7,ses_1087,16,LOW,MASTITIS_RISK,0.94,"Parameters aligned with historical baseline.",2026-08-23T07:03:06.000Z
pred_1088,cow_8,ses_1088,16,LOW,MASTITIS_RISK,0.94,"Parameters aligned with historical baseline.",2026-08-23T06:15:27.000Z
pred_1089,cow_9,ses_1089,9,LOW,MASTITIS_RISK,0.94,"Parameters aligned with historical baseline.",2026-08-23T06:36:05.000Z
pred_1090,cow_10,ses_1090,16,LOW,MASTITIS_RISK,0.94,"Parameters aligned with historical baseline.",2026-08-23T07:33:56.000Z
pred_1091,cow_11,ses_1091,13,LOW,MASTITIS_RISK,0.94,"Parameters aligned with historical baseline.",2026-08-23T06:08:32.000Z
pred_1092,cow_12,ses_1092,17,LOW,MASTITIS_RISK,0.94,"Parameters aligned with historical baseline.",2026-08-23T06:20:07.000Z
pred_1093,cow_13,ses_1093,12,LOW,MASTITIS_RISK,0.94,"Parameters aligned with historical baseline.",2026-08-23T06:43:06.000Z
pred_1094,cow_14,ses_1094,8,LOW,MASTITIS_RISK,0.94,"Parameters aligned with historical baseline.",2026-08-23T07:15:05.000Z
pred_1095,cow_15,ses_1095,10,LOW,MASTITIS_RISK,0.94,"Parameters aligned with historical baseline.",2026-08-23T06:38:51.000Z
pred_1096,cow_16,ses_1096,14,LOW,MASTITIS_RISK,0.94,"Parameters aligned with historical baseline.",2026-08-23T06:04:57.000Z
pred_1097,cow_17,ses_1097,14,LOW,MASTITIS_RISK,0.94,"Parameters aligned with historical baseline.",2026-08-23T06:10:30.000Z
pred_1098,cow_18,ses_1098,12,LOW,MASTITIS_RISK,0.94,"Parameters aligned with historical baseline.",2026-08-23T06:11:12.000Z
pred_1099,cow_19,ses_1099,16,LOW,MASTITIS_RISK,0.94,"Parameters aligned with historical baseline.",2026-08-23T06:20:11.000Z
pred_1100,cow_20,ses_1100,11,LOW,MASTITIS_RISK,0.94,"Parameters aligned with historical baseline.",2026-08-23T07:15:40.000Z
pred_1101,cow_21,ses_1101,11,LOW,MASTITIS_RISK,0.94,"Parameters aligned with historical baseline.",2026-08-23T07:14:52.000Z
pred_1102,cow_22,ses_1102,8,LOW,MASTITIS_RISK,0.94,"Parameters aligned with historical baseline.",2026-08-23T06:23:03.000Z
pred_1103,cow_23,ses_1103,8,LOW,MASTITIS_RISK,0.94,"Parameters aligned with historical baseline.",2026-08-23T07:20:59.000Z
pred_1104,cow_24,ses_1104,8,LOW,MASTITIS_RISK,0.94,"Parameters aligned with historical baseline.",2026-08-23T07:26:34.000Z
pred_1105,cow_25,ses_1105,14,LOW,MASTITIS_RISK,0.94,"Parameters aligned with historical baseline.",2026-08-23T07:16:42.000Z
pred_1106,cow_26,ses_1106,10,LOW,MASTITIS_RISK,0.94,"Parameters aligned with historical baseline.",2026-08-23T06:50:29.000Z
pred_1107,cow_27,ses_1107,16,LOW,MASTITIS_RISK,0.94,"Parameters aligned with historical baseline.",2026-08-23T07:29:39.000Z
pred_1108,cow_28,ses_1108,14,LOW,MASTITIS_RISK,0.94,"Parameters aligned with historical baseline.",2026-08-23T07:34:29.000Z
pred_1109,cow_29,ses_1109,9,LOW,MASTITIS_RISK,0.94,"Parameters aligned with historical baseline.",2026-08-23T06:50:41.000Z
pred_1110,cow_30,ses_1110,12,LOW,MASTITIS_RISK,0.94,"Parameters aligned with historical baseline.",2026-08-23T07:11:46.000Z
pred_1111,cow_1,ses_1111,10,LOW,MASTITIS_RISK,0.94,"Parameters aligned with historical baseline.",2026-08-23T17:23:59.000Z
pred_1112,cow_2,ses_1112,13,LOW,MASTITIS_RISK,0.94,"Parameters aligned with historical baseline.",2026-08-23T18:03:16.000Z
pred_1113,cow_3,ses_1113,12,LOW,MASTITIS_RISK,0.94,"Parameters aligned with historical baseline.",2026-08-23T18:15:42.000Z
pred_1114,cow_4,ses_1114,12,LOW,MASTITIS_RISK,0.94,"Parameters aligned with historical baseline.",2026-08-23T18:31:16.000Z
pred_1115,cow_5,ses_1115,11,LOW,MASTITIS_RISK,0.94,"Parameters aligned with historical baseline.",2026-08-23T17:23:37.000Z
pred_1116,cow_6,ses_1116,15,LOW,MASTITIS_RISK,0.94,"Parameters aligned with historical baseline.",2026-08-23T17:56:49.000Z
pred_1117,cow_7,ses_1117,14,LOW,MASTITIS_RISK,0.94,"Parameters aligned with historical baseline.",2026-08-23T18:23:13.000Z
pred_1118,cow_8,ses_1118,14,LOW,MASTITIS_RISK,0.94,"Parameters aligned with historical baseline.",2026-08-23T18:07:15.000Z
pred_1119,cow_9,ses_1119,12,LOW,MASTITIS_RISK,0.94,"Parameters aligned with historical baseline.",2026-08-23T17:32:42.000Z
pred_1120,cow_10,ses_1120,12,LOW,MASTITIS_RISK,0.94,"Parameters aligned with historical baseline.",2026-08-23T17:06:44.000Z
pred_1121,cow_11,ses_1121,9,LOW,MASTITIS_RISK,0.94,"Parameters aligned with historical baseline.",2026-08-23T17:57:17.000Z
pred_1122,cow_12,ses_1122,9,LOW,MASTITIS_RISK,0.94,"Parameters aligned with historical baseline.",2026-08-23T18:19:04.000Z
pred_1123,cow_13,ses_1123,9,LOW,MASTITIS_RISK,0.94,"Parameters aligned with historical baseline.",2026-08-23T18:23:49.000Z
pred_1124,cow_14,ses_1124,10,LOW,MASTITIS_RISK,0.94,"Parameters aligned with historical baseline.",2026-08-23T18:18:37.000Z
pred_1125,cow_15,ses_1125,15,LOW,MASTITIS_RISK,0.94,"Parameters aligned with historical baseline.",2026-08-23T18:35:36.000Z
pred_1126,cow_16,ses_1126,11,LOW,MASTITIS_RISK,0.94,"Parameters aligned with historical baseline.",2026-08-23T17:21:00.000Z
pred_1127,cow_17,ses_1127,16,LOW,MASTITIS_RISK,0.94,"Parameters aligned with historical baseline.",2026-08-23T17:55:04.000Z
pred_1128,cow_18,ses_1128,10,LOW,MASTITIS_RISK,0.94,"Parameters aligned with historical baseline.",2026-08-23T18:11:52.000Z
pred_1129,cow_19,ses_1129,10,LOW,MASTITIS_RISK,0.94,"Parameters aligned with historical baseline.",2026-08-23T17:19:15.000Z
pred_1130,cow_20,ses_1130,7,LOW,MASTITIS_RISK,0.94,"Parameters aligned with historical baseline.",2026-08-23T18:20:54.000Z
pred_1131,cow_21,ses_1131,9,LOW,MASTITIS_RISK,0.94,"Parameters aligned with historical baseline.",2026-08-23T18:20:10.000Z
pred_1132,cow_22,ses_1132,8,LOW,MASTITIS_RISK,0.94,"Parameters aligned with historical baseline.",2026-08-23T17:34:14.000Z
pred_1133,cow_23,ses_1133,10,LOW,MASTITIS_RISK,0.94,"Parameters aligned with historical baseline.",2026-08-23T18:19:43.000Z
pred_1134,cow_24,ses_1134,10,LOW,MASTITIS_RISK,0.94,"Parameters aligned with historical baseline.",2026-08-23T18:08:27.000Z
pred_1135,cow_25,ses_1135,11,LOW,MASTITIS_RISK,0.94,"Parameters aligned with historical baseline.",2026-08-23T18:33:14.000Z
pred_1136,cow_26,ses_1136,9,LOW,MASTITIS_RISK,0.94,"Parameters aligned with historical baseline.",2026-08-23T17:12:16.000Z
pred_1137,cow_27,ses_1137,9,LOW,MASTITIS_RISK,0.94,"Parameters aligned with historical baseline.",2026-08-23T18:32:08.000Z
pred_1138,cow_28,ses_1138,10,LOW,MASTITIS_RISK,0.94,"Parameters aligned with historical baseline.",2026-08-23T17:34:50.000Z
pred_1139,cow_29,ses_1139,10,LOW,MASTITIS_RISK,0.94,"Parameters aligned with historical baseline.",2026-08-23T17:06:03.000Z
pred_1140,cow_30,ses_1140,13,LOW,MASTITIS_RISK,0.94,"Parameters aligned with historical baseline.",2026-08-23T18:04:56.000Z
pred_1141,cow_1,ses_1141,10,LOW,MASTITIS_RISK,0.94,"Parameters aligned with historical baseline.",2026-08-24T06:58:09.000Z
pred_1142,cow_2,ses_1142,17,LOW,MASTITIS_RISK,0.94,"Parameters aligned with historical baseline.",2026-08-24T07:10:36.000Z
pred_1143,cow_3,ses_1143,11,LOW,MASTITIS_RISK,0.94,"Parameters aligned with historical baseline.",2026-08-24T07:18:38.000Z
pred_1144,cow_4,ses_1144,8,LOW,MASTITIS_RISK,0.94,"Parameters aligned with historical baseline.",2026-08-24T07:16:07.000Z
pred_1145,cow_5,ses_1145,13,LOW,MASTITIS_RISK,0.94,"Parameters aligned with historical baseline.",2026-08-24T07:32:46.000Z
pred_1146,cow_6,ses_1146,10,LOW,MASTITIS_RISK,0.94,"Parameters aligned with historical baseline.",2026-08-24T07:15:10.000Z
pred_1147,cow_7,ses_1147,11,LOW,MASTITIS_RISK,0.94,"Parameters aligned with historical baseline.",2026-08-24T06:42:25.000Z
pred_1148,cow_8,ses_1148,12,LOW,MASTITIS_RISK,0.94,"Parameters aligned with historical baseline.",2026-08-24T07:26:38.000Z
pred_1149,cow_9,ses_1149,10,LOW,MASTITIS_RISK,0.94,"Parameters aligned with historical baseline.",2026-08-24T06:33:56.000Z
pred_1150,cow_10,ses_1150,10,LOW,MASTITIS_RISK,0.94,"Parameters aligned with historical baseline.",2026-08-24T07:26:26.000Z
pred_1151,cow_11,ses_1151,13,LOW,MASTITIS_RISK,0.94,"Parameters aligned with historical baseline.",2026-08-24T06:06:16.000Z
pred_1152,cow_12,ses_1152,14,LOW,MASTITIS_RISK,0.94,"Parameters aligned with historical baseline.",2026-08-24T06:34:05.000Z
pred_1153,cow_13,ses_1153,12,LOW,MASTITIS_RISK,0.94,"Parameters aligned with historical baseline.",2026-08-24T07:09:42.000Z
pred_1154,cow_14,ses_1154,11,LOW,MASTITIS_RISK,0.94,"Parameters aligned with historical baseline.",2026-08-24T06:05:43.000Z
pred_1155,cow_15,ses_1155,14,LOW,MASTITIS_RISK,0.94,"Parameters aligned with historical baseline.",2026-08-24T07:30:22.000Z
pred_1156,cow_16,ses_1156,8,LOW,MASTITIS_RISK,0.94,"Parameters aligned with historical baseline.",2026-08-24T07:08:00.000Z
pred_1157,cow_17,ses_1157,11,LOW,MASTITIS_RISK,0.94,"Parameters aligned with historical baseline.",2026-08-24T06:22:46.000Z
pred_1158,cow_18,ses_1158,16,LOW,MASTITIS_RISK,0.94,"Parameters aligned with historical baseline.",2026-08-24T06:31:54.000Z
pred_1159,cow_19,ses_1159,11,LOW,MASTITIS_RISK,0.94,"Parameters aligned with historical baseline.",2026-08-24T06:17:04.000Z
pred_1160,cow_20,ses_1160,13,LOW,MASTITIS_RISK,0.94,"Parameters aligned with historical baseline.",2026-08-24T07:34:35.000Z
pred_1161,cow_21,ses_1161,9,LOW,MASTITIS_RISK,0.94,"Parameters aligned with historical baseline.",2026-08-24T06:21:00.000Z
pred_1162,cow_22,ses_1162,14,LOW,MASTITIS_RISK,0.94,"Parameters aligned with historical baseline.",2026-08-24T07:22:52.000Z
pred_1163,cow_23,ses_1163,8,LOW,MASTITIS_RISK,0.94,"Parameters aligned with historical baseline.",2026-08-24T06:07:01.000Z
pred_1164,cow_24,ses_1164,15,LOW,MASTITIS_RISK,0.94,"Parameters aligned with historical baseline.",2026-08-24T07:33:20.000Z
pred_1165,cow_25,ses_1165,15,LOW,MASTITIS_RISK,0.94,"Parameters aligned with historical baseline.",2026-08-24T06:54:49.000Z
pred_1166,cow_26,ses_1166,14,LOW,MASTITIS_RISK,0.94,"Parameters aligned with historical baseline.",2026-08-24T07:19:47.000Z
pred_1167,cow_27,ses_1167,12,LOW,MASTITIS_RISK,0.94,"Parameters aligned with historical baseline.",2026-08-24T07:00:32.000Z
pred_1168,cow_28,ses_1168,8,LOW,MASTITIS_RISK,0.94,"Parameters aligned with historical baseline.",2026-08-24T07:12:53.000Z
pred_1169,cow_29,ses_1169,10,LOW,MASTITIS_RISK,0.94,"Parameters aligned with historical baseline.",2026-08-24T06:57:45.000Z
pred_1170,cow_30,ses_1170,13,LOW,MASTITIS_RISK,0.94,"Parameters aligned with historical baseline.",2026-08-24T07:04:42.000Z
pred_1171,cow_1,ses_1171,15,LOW,MASTITIS_RISK,0.94,"Parameters aligned with historical baseline.",2026-08-24T18:34:48.000Z
pred_1172,cow_2,ses_1172,17,LOW,MASTITIS_RISK,0.94,"Parameters aligned with historical baseline.",2026-08-24T17:17:15.000Z
pred_1173,cow_3,ses_1173,12,LOW,MASTITIS_RISK,0.94,"Parameters aligned with historical baseline.",2026-08-24T17:10:52.000Z
pred_1174,cow_4,ses_1174,13,LOW,MASTITIS_RISK,0.94,"Parameters aligned with historical baseline.",2026-08-24T18:29:17.000Z
pred_1175,cow_5,ses_1175,17,LOW,MASTITIS_RISK,0.94,"Parameters aligned with historical baseline.",2026-08-24T18:28:03.000Z
pred_1176,cow_6,ses_1176,9,LOW,MASTITIS_RISK,0.94,"Parameters aligned with historical baseline.",2026-08-24T17:37:04.000Z
pred_1177,cow_7,ses_1177,12,LOW,MASTITIS_RISK,0.94,"Parameters aligned with historical baseline.",2026-08-24T17:25:04.000Z
pred_1178,cow_8,ses_1178,8,LOW,MASTITIS_RISK,0.94,"Parameters aligned with historical baseline.",2026-08-24T18:09:55.000Z
pred_1179,cow_9,ses_1179,17,LOW,MASTITIS_RISK,0.94,"Parameters aligned with historical baseline.",2026-08-24T17:25:46.000Z
pred_1180,cow_10,ses_1180,13,LOW,MASTITIS_RISK,0.94,"Parameters aligned with historical baseline.",2026-08-24T18:02:44.000Z
pred_1181,cow_11,ses_1181,11,LOW,MASTITIS_RISK,0.94,"Parameters aligned with historical baseline.",2026-08-24T17:27:36.000Z
pred_1182,cow_12,ses_1182,10,LOW,MASTITIS_RISK,0.94,"Parameters aligned with historical baseline.",2026-08-24T17:44:59.000Z
pred_1183,cow_13,ses_1183,7,LOW,MASTITIS_RISK,0.94,"Parameters aligned with historical baseline.",2026-08-24T18:07:25.000Z
pred_1184,cow_14,ses_1184,13,LOW,MASTITIS_RISK,0.94,"Parameters aligned with historical baseline.",2026-08-24T18:28:33.000Z
pred_1185,cow_15,ses_1185,16,LOW,MASTITIS_RISK,0.94,"Parameters aligned with historical baseline.",2026-08-24T17:20:19.000Z
pred_1186,cow_16,ses_1186,13,LOW,MASTITIS_RISK,0.94,"Parameters aligned with historical baseline.",2026-08-24T17:45:31.000Z
pred_1187,cow_17,ses_1187,17,LOW,MASTITIS_RISK,0.94,"Parameters aligned with historical baseline.",2026-08-24T17:08:41.000Z
pred_1188,cow_18,ses_1188,8,LOW,MASTITIS_RISK,0.94,"Parameters aligned with historical baseline.",2026-08-24T17:53:00.000Z
pred_1189,cow_19,ses_1189,17,LOW,MASTITIS_RISK,0.94,"Parameters aligned with historical baseline.",2026-08-24T17:09:18.000Z
pred_1190,cow_20,ses_1190,16,LOW,MASTITIS_RISK,0.94,"Parameters aligned with historical baseline.",2026-08-24T18:01:55.000Z
pred_1191,cow_21,ses_1191,9,LOW,MASTITIS_RISK,0.94,"Parameters aligned with historical baseline.",2026-08-24T17:17:51.000Z
pred_1192,cow_22,ses_1192,12,LOW,MASTITIS_RISK,0.94,"Parameters aligned with historical baseline.",2026-08-24T18:16:35.000Z
pred_1193,cow_23,ses_1193,14,LOW,MASTITIS_RISK,0.94,"Parameters aligned with historical baseline.",2026-08-24T18:12:30.000Z
pred_1194,cow_24,ses_1194,10,LOW,MASTITIS_RISK,0.94,"Parameters aligned with historical baseline.",2026-08-24T17:27:55.000Z
pred_1195,cow_25,ses_1195,12,LOW,MASTITIS_RISK,0.94,"Parameters aligned with historical baseline.",2026-08-24T17:21:44.000Z
pred_1196,cow_26,ses_1196,14,LOW,MASTITIS_RISK,0.94,"Parameters aligned with historical baseline.",2026-08-24T18:29:07.000Z
pred_1197,cow_27,ses_1197,11,LOW,MASTITIS_RISK,0.94,"Parameters aligned with historical baseline.",2026-08-24T17:54:37.000Z
pred_1198,cow_28,ses_1198,10,LOW,MASTITIS_RISK,0.94,"Parameters aligned with historical baseline.",2026-08-24T18:06:18.000Z
pred_1199,cow_29,ses_1199,16,LOW,MASTITIS_RISK,0.94,"Parameters aligned with historical baseline.",2026-08-24T18:33:14.000Z
pred_1200,cow_30,ses_1200,16,LOW,MASTITIS_RISK,0.94,"Parameters aligned with historical baseline.",2026-08-24T17:43:24.000Z
pred_1201,cow_1,ses_1201,8,LOW,MASTITIS_RISK,0.94,"Parameters aligned with historical baseline.",2026-08-25T07:01:07.000Z
pred_1202,cow_2,ses_1202,15,LOW,MASTITIS_RISK,0.94,"Parameters aligned with historical baseline.",2026-08-25T06:53:15.000Z
pred_1203,cow_3,ses_1203,17,LOW,MASTITIS_RISK,0.94,"Parameters aligned with historical baseline.",2026-08-25T07:22:25.000Z
pred_1204,cow_4,ses_1204,15,LOW,MASTITIS_RISK,0.94,"Parameters aligned with historical baseline.",2026-08-25T06:35:06.000Z
pred_1205,cow_5,ses_1205,15,LOW,MASTITIS_RISK,0.94,"Parameters aligned with historical baseline.",2026-08-25T06:57:44.000Z
pred_1206,cow_6,ses_1206,13,LOW,MASTITIS_RISK,0.94,"Parameters aligned with historical baseline.",2026-08-25T06:23:07.000Z
pred_1207,cow_7,ses_1207,14,LOW,MASTITIS_RISK,0.94,"Parameters aligned with historical baseline.",2026-08-25T07:19:58.000Z
pred_1208,cow_8,ses_1208,11,LOW,MASTITIS_RISK,0.94,"Parameters aligned with historical baseline.",2026-08-25T07:30:49.000Z
pred_1209,cow_9,ses_1209,16,LOW,MASTITIS_RISK,0.94,"Parameters aligned with historical baseline.",2026-08-25T07:06:34.000Z
pred_1210,cow_10,ses_1210,16,LOW,MASTITIS_RISK,0.94,"Parameters aligned with historical baseline.",2026-08-25T07:32:35.000Z
pred_1211,cow_11,ses_1211,8,LOW,MASTITIS_RISK,0.94,"Parameters aligned with historical baseline.",2026-08-25T06:52:12.000Z
pred_1212,cow_12,ses_1212,11,LOW,MASTITIS_RISK,0.94,"Parameters aligned with historical baseline.",2026-08-25T06:58:15.000Z
pred_1213,cow_13,ses_1213,14,LOW,MASTITIS_RISK,0.94,"Parameters aligned with historical baseline.",2026-08-25T07:34:19.000Z
pred_1214,cow_14,ses_1214,8,LOW,MASTITIS_RISK,0.94,"Parameters aligned with historical baseline.",2026-08-25T07:31:07.000Z
pred_1215,cow_15,ses_1215,11,LOW,MASTITIS_RISK,0.94,"Parameters aligned with historical baseline.",2026-08-25T06:35:55.000Z
pred_1216,cow_16,ses_1216,11,LOW,MASTITIS_RISK,0.94,"Parameters aligned with historical baseline.",2026-08-25T06:47:50.000Z
pred_1217,cow_17,ses_1217,7,LOW,MASTITIS_RISK,0.94,"Parameters aligned with historical baseline.",2026-08-25T07:18:19.000Z
pred_1218,cow_18,ses_1218,16,LOW,MASTITIS_RISK,0.94,"Parameters aligned with historical baseline.",2026-08-25T06:52:02.000Z
pred_1219,cow_19,ses_1219,17,LOW,MASTITIS_RISK,0.94,"Parameters aligned with historical baseline.",2026-08-25T07:30:27.000Z
pred_1220,cow_20,ses_1220,10,LOW,MASTITIS_RISK,0.94,"Parameters aligned with historical baseline.",2026-08-25T06:14:43.000Z
pred_1221,cow_21,ses_1221,15,LOW,MASTITIS_RISK,0.94,"Parameters aligned with historical baseline.",2026-08-25T06:39:08.000Z
pred_1222,cow_22,ses_1222,13,LOW,MASTITIS_RISK,0.94,"Parameters aligned with historical baseline.",2026-08-25T07:09:42.000Z
pred_1223,cow_23,ses_1223,9,LOW,MASTITIS_RISK,0.94,"Parameters aligned with historical baseline.",2026-08-25T06:58:00.000Z
pred_1224,cow_24,ses_1224,11,LOW,MASTITIS_RISK,0.94,"Parameters aligned with historical baseline.",2026-08-25T06:31:56.000Z
pred_1225,cow_25,ses_1225,11,LOW,MASTITIS_RISK,0.94,"Parameters aligned with historical baseline.",2026-08-25T06:53:47.000Z
pred_1226,cow_26,ses_1226,26,LOW,MASTITIS_RISK,0.94,"Parameters aligned with historical baseline.",2026-08-25T06:06:31.000Z
pred_1227,cow_27,ses_1227,26,LOW,MASTITIS_RISK,0.94,"Parameters aligned with historical baseline.",2026-08-25T06:28:05.000Z
pred_1228,cow_28,ses_1228,26,LOW,MASTITIS_RISK,0.94,"Parameters aligned with historical baseline.",2026-08-25T07:15:44.000Z
pred_1229,cow_29,ses_1229,26,LOW,MASTITIS_RISK,0.94,"Parameters aligned with historical baseline.",2026-08-25T06:19:24.000Z
pred_1230,cow_30,ses_1230,26,LOW,MASTITIS_RISK,0.94,"Parameters aligned with historical baseline.",2026-08-25T07:12:36.000Z
pred_1231,cow_1,ses_1231,15,LOW,MASTITIS_RISK,0.94,"Parameters aligned with historical baseline.",2026-08-25T18:16:34.000Z
pred_1232,cow_2,ses_1232,13,LOW,MASTITIS_RISK,0.94,"Parameters aligned with historical baseline.",2026-08-25T17:23:53.000Z
pred_1233,cow_3,ses_1233,9,LOW,MASTITIS_RISK,0.94,"Parameters aligned with historical baseline.",2026-08-25T17:37:50.000Z
pred_1234,cow_4,ses_1234,10,LOW,MASTITIS_RISK,0.94,"Parameters aligned with historical baseline.",2026-08-25T18:16:21.000Z
pred_1235,cow_5,ses_1235,10,LOW,MASTITIS_RISK,0.94,"Parameters aligned with historical baseline.",2026-08-25T17:44:36.000Z
pred_1236,cow_6,ses_1236,16,LOW,MASTITIS_RISK,0.94,"Parameters aligned with historical baseline.",2026-08-25T17:50:02.000Z
pred_1237,cow_7,ses_1237,11,LOW,MASTITIS_RISK,0.94,"Parameters aligned with historical baseline.",2026-08-25T17:09:43.000Z
pred_1238,cow_8,ses_1238,10,LOW,MASTITIS_RISK,0.94,"Parameters aligned with historical baseline.",2026-08-25T17:24:37.000Z
pred_1239,cow_9,ses_1239,11,LOW,MASTITIS_RISK,0.94,"Parameters aligned with historical baseline.",2026-08-25T18:31:16.000Z
pred_1240,cow_10,ses_1240,8,LOW,MASTITIS_RISK,0.94,"Parameters aligned with historical baseline.",2026-08-25T17:34:42.000Z
pred_1241,cow_11,ses_1241,11,LOW,MASTITIS_RISK,0.94,"Parameters aligned with historical baseline.",2026-08-25T17:34:14.000Z
pred_1242,cow_12,ses_1242,15,LOW,MASTITIS_RISK,0.94,"Parameters aligned with historical baseline.",2026-08-25T17:57:06.000Z
pred_1243,cow_13,ses_1243,7,LOW,MASTITIS_RISK,0.94,"Parameters aligned with historical baseline.",2026-08-25T18:24:24.000Z
pred_1244,cow_14,ses_1244,11,LOW,MASTITIS_RISK,0.94,"Parameters aligned with historical baseline.",2026-08-25T17:28:00.000Z
pred_1245,cow_15,ses_1245,16,LOW,MASTITIS_RISK,0.94,"Parameters aligned with historical baseline.",2026-08-25T18:09:13.000Z
pred_1246,cow_16,ses_1246,8,LOW,MASTITIS_RISK,0.94,"Parameters aligned with historical baseline.",2026-08-25T18:24:26.000Z
pred_1247,cow_17,ses_1247,16,LOW,MASTITIS_RISK,0.94,"Parameters aligned with historical baseline.",2026-08-25T17:52:00.000Z
pred_1248,cow_18,ses_1248,13,LOW,MASTITIS_RISK,0.94,"Parameters aligned with historical baseline.",2026-08-25T17:31:07.000Z
pred_1249,cow_19,ses_1249,12,LOW,MASTITIS_RISK,0.94,"Parameters aligned with historical baseline.",2026-08-25T17:24:41.000Z
pred_1250,cow_20,ses_1250,15,LOW,MASTITIS_RISK,0.94,"Parameters aligned with historical baseline.",2026-08-25T17:32:01.000Z
pred_1251,cow_21,ses_1251,15,LOW,MASTITIS_RISK,0.94,"Parameters aligned with historical baseline.",2026-08-25T18:34:53.000Z
pred_1252,cow_22,ses_1252,10,LOW,MASTITIS_RISK,0.94,"Parameters aligned with historical baseline.",2026-08-25T17:15:47.000Z
pred_1253,cow_23,ses_1253,8,LOW,MASTITIS_RISK,0.94,"Parameters aligned with historical baseline.",2026-08-25T18:34:43.000Z
pred_1254,cow_24,ses_1254,12,LOW,MASTITIS_RISK,0.94,"Parameters aligned with historical baseline.",2026-08-25T17:41:21.000Z
pred_1255,cow_25,ses_1255,16,LOW,MASTITIS_RISK,0.94,"Parameters aligned with historical baseline.",2026-08-25T17:18:09.000Z
pred_1256,cow_26,ses_1256,26,LOW,MASTITIS_RISK,0.94,"Parameters aligned with historical baseline.",2026-08-25T18:35:31.000Z
pred_1257,cow_27,ses_1257,26,LOW,MASTITIS_RISK,0.94,"Parameters aligned with historical baseline.",2026-08-25T17:59:36.000Z
pred_1258,cow_28,ses_1258,26,LOW,MASTITIS_RISK,0.94,"Parameters aligned with historical baseline.",2026-08-25T17:59:15.000Z
pred_1259,cow_29,ses_1259,26,LOW,MASTITIS_RISK,0.94,"Parameters aligned with historical baseline.",2026-08-25T17:41:28.000Z
pred_1260,cow_30,ses_1260,26,LOW,MASTITIS_RISK,0.94,"Parameters aligned with historical baseline.",2026-08-25T18:05:00.000Z
pred_1261,cow_1,ses_1261,9,LOW,MASTITIS_RISK,0.94,"Parameters aligned with historical baseline.",2026-08-26T07:02:04.000Z
pred_1262,cow_2,ses_1262,16,LOW,MASTITIS_RISK,0.94,"Parameters aligned with historical baseline.",2026-08-26T06:37:59.000Z
pred_1263,cow_3,ses_1263,15,LOW,MASTITIS_RISK,0.94,"Parameters aligned with historical baseline.",2026-08-26T06:36:18.000Z
pred_1264,cow_4,ses_1264,14,LOW,MASTITIS_RISK,0.94,"Parameters aligned with historical baseline.",2026-08-26T06:48:37.000Z
pred_1265,cow_5,ses_1265,11,LOW,MASTITIS_RISK,0.94,"Parameters aligned with historical baseline.",2026-08-26T06:40:14.000Z
pred_1266,cow_6,ses_1266,16,LOW,MASTITIS_RISK,0.94,"Parameters aligned with historical baseline.",2026-08-26T06:53:25.000Z
pred_1267,cow_7,ses_1267,16,LOW,MASTITIS_RISK,0.94,"Parameters aligned with historical baseline.",2026-08-26T06:31:40.000Z
pred_1268,cow_8,ses_1268,16,LOW,MASTITIS_RISK,0.94,"Parameters aligned with historical baseline.",2026-08-26T07:03:19.000Z
pred_1269,cow_9,ses_1269,15,LOW,MASTITIS_RISK,0.94,"Parameters aligned with historical baseline.",2026-08-26T06:21:31.000Z
pred_1270,cow_10,ses_1270,12,LOW,MASTITIS_RISK,0.94,"Parameters aligned with historical baseline.",2026-08-26T07:04:09.000Z
pred_1271,cow_11,ses_1271,7,LOW,MASTITIS_RISK,0.94,"Parameters aligned with historical baseline.",2026-08-26T07:18:06.000Z
pred_1272,cow_12,ses_1272,14,LOW,MASTITIS_RISK,0.94,"Parameters aligned with historical baseline.",2026-08-26T06:08:57.000Z
pred_1273,cow_13,ses_1273,9,LOW,MASTITIS_RISK,0.94,"Parameters aligned with historical baseline.",2026-08-26T06:33:11.000Z
pred_1274,cow_14,ses_1274,14,LOW,MASTITIS_RISK,0.94,"Parameters aligned with historical baseline.",2026-08-26T07:30:45.000Z
pred_1275,cow_15,ses_1275,14,LOW,MASTITIS_RISK,0.94,"Parameters aligned with historical baseline.",2026-08-26T06:41:33.000Z
pred_1276,cow_16,ses_1276,7,LOW,MASTITIS_RISK,0.94,"Parameters aligned with historical baseline.",2026-08-26T06:09:10.000Z
pred_1277,cow_17,ses_1277,8,LOW,MASTITIS_RISK,0.94,"Parameters aligned with historical baseline.",2026-08-26T06:46:56.000Z
pred_1278,cow_18,ses_1278,12,LOW,MASTITIS_RISK,0.94,"Parameters aligned with historical baseline.",2026-08-26T06:33:35.000Z
pred_1279,cow_19,ses_1279,11,LOW,MASTITIS_RISK,0.94,"Parameters aligned with historical baseline.",2026-08-26T06:49:13.000Z
pred_1280,cow_20,ses_1280,11,LOW,MASTITIS_RISK,0.94,"Parameters aligned with historical baseline.",2026-08-26T07:19:09.000Z
pred_1281,cow_21,ses_1281,10,LOW,MASTITIS_RISK,0.94,"Parameters aligned with historical baseline.",2026-08-26T06:50:22.000Z
pred_1282,cow_22,ses_1282,10,LOW,MASTITIS_RISK,0.94,"Parameters aligned with historical baseline.",2026-08-26T06:39:53.000Z
pred_1283,cow_23,ses_1283,14,LOW,MASTITIS_RISK,0.94,"Parameters aligned with historical baseline.",2026-08-26T06:38:44.000Z
pred_1284,cow_24,ses_1284,12,LOW,MASTITIS_RISK,0.94,"Parameters aligned with historical baseline.",2026-08-26T07:32:54.000Z
pred_1285,cow_25,ses_1285,17,LOW,MASTITIS_RISK,0.94,"Parameters aligned with historical baseline.",2026-08-26T06:53:35.000Z
pred_1286,cow_26,ses_1286,27,LOW,MASTITIS_RISK,0.94,"Parameters aligned with historical baseline.",2026-08-26T06:24:56.000Z
pred_1287,cow_27,ses_1287,27,LOW,MASTITIS_RISK,0.94,"Parameters aligned with historical baseline.",2026-08-26T06:58:34.000Z
pred_1288,cow_28,ses_1288,27,LOW,MASTITIS_RISK,0.94,"Parameters aligned with historical baseline.",2026-08-26T06:35:00.000Z
pred_1289,cow_29,ses_1289,27,LOW,MASTITIS_RISK,0.94,"Parameters aligned with historical baseline.",2026-08-26T06:23:28.000Z
pred_1290,cow_30,ses_1290,27,LOW,MASTITIS_RISK,0.94,"Parameters aligned with historical baseline.",2026-08-26T07:27:32.000Z
pred_1291,cow_1,ses_1291,15,LOW,MASTITIS_RISK,0.94,"Parameters aligned with historical baseline.",2026-08-26T18:00:18.000Z
pred_1292,cow_2,ses_1292,17,LOW,MASTITIS_RISK,0.94,"Parameters aligned with historical baseline.",2026-08-26T18:10:17.000Z
pred_1293,cow_3,ses_1293,16,LOW,MASTITIS_RISK,0.94,"Parameters aligned with historical baseline.",2026-08-26T18:30:42.000Z
pred_1294,cow_4,ses_1294,7,LOW,MASTITIS_RISK,0.94,"Parameters aligned with historical baseline.",2026-08-26T18:02:33.000Z
pred_1295,cow_5,ses_1295,10,LOW,MASTITIS_RISK,0.94,"Parameters aligned with historical baseline.",2026-08-26T17:47:51.000Z
pred_1296,cow_6,ses_1296,15,LOW,MASTITIS_RISK,0.94,"Parameters aligned with historical baseline.",2026-08-26T17:30:20.000Z
pred_1297,cow_7,ses_1297,14,LOW,MASTITIS_RISK,0.94,"Parameters aligned with historical baseline.",2026-08-26T18:12:28.000Z
pred_1298,cow_8,ses_1298,13,LOW,MASTITIS_RISK,0.94,"Parameters aligned with historical baseline.",2026-08-26T18:21:47.000Z
pred_1299,cow_9,ses_1299,11,LOW,MASTITIS_RISK,0.94,"Parameters aligned with historical baseline.",2026-08-26T17:51:45.000Z
pred_1300,cow_10,ses_1300,13,LOW,MASTITIS_RISK,0.94,"Parameters aligned with historical baseline.",2026-08-26T18:05:10.000Z
pred_1301,cow_11,ses_1301,9,LOW,MASTITIS_RISK,0.94,"Parameters aligned with historical baseline.",2026-08-26T17:06:18.000Z
pred_1302,cow_12,ses_1302,7,LOW,MASTITIS_RISK,0.94,"Parameters aligned with historical baseline.",2026-08-26T18:31:04.000Z
pred_1303,cow_13,ses_1303,16,LOW,MASTITIS_RISK,0.94,"Parameters aligned with historical baseline.",2026-08-26T18:13:49.000Z
pred_1304,cow_14,ses_1304,7,LOW,MASTITIS_RISK,0.94,"Parameters aligned with historical baseline.",2026-08-26T18:04:36.000Z
pred_1305,cow_15,ses_1305,12,LOW,MASTITIS_RISK,0.94,"Parameters aligned with historical baseline.",2026-08-26T17:46:16.000Z
pred_1306,cow_16,ses_1306,11,LOW,MASTITIS_RISK,0.94,"Parameters aligned with historical baseline.",2026-08-26T17:06:15.000Z
pred_1307,cow_17,ses_1307,17,LOW,MASTITIS_RISK,0.94,"Parameters aligned with historical baseline.",2026-08-26T17:22:31.000Z
pred_1308,cow_18,ses_1308,16,LOW,MASTITIS_RISK,0.94,"Parameters aligned with historical baseline.",2026-08-26T17:09:36.000Z
pred_1309,cow_19,ses_1309,15,LOW,MASTITIS_RISK,0.94,"Parameters aligned with historical baseline.",2026-08-26T17:54:37.000Z
pred_1310,cow_20,ses_1310,14,LOW,MASTITIS_RISK,0.94,"Parameters aligned with historical baseline.",2026-08-26T18:16:15.000Z
pred_1311,cow_21,ses_1311,15,LOW,MASTITIS_RISK,0.94,"Parameters aligned with historical baseline.",2026-08-26T17:23:01.000Z
pred_1312,cow_22,ses_1312,16,LOW,MASTITIS_RISK,0.94,"Parameters aligned with historical baseline.",2026-08-26T17:26:57.000Z
pred_1313,cow_23,ses_1313,12,LOW,MASTITIS_RISK,0.94,"Parameters aligned with historical baseline.",2026-08-26T18:13:11.000Z
pred_1314,cow_24,ses_1314,17,LOW,MASTITIS_RISK,0.94,"Parameters aligned with historical baseline.",2026-08-26T17:19:10.000Z
pred_1315,cow_25,ses_1315,11,LOW,MASTITIS_RISK,0.94,"Parameters aligned with historical baseline.",2026-08-26T17:44:10.000Z
pred_1316,cow_26,ses_1316,27,LOW,MASTITIS_RISK,0.94,"Parameters aligned with historical baseline.",2026-08-26T18:13:10.000Z
pred_1317,cow_27,ses_1317,27,LOW,MASTITIS_RISK,0.94,"Parameters aligned with historical baseline.",2026-08-26T18:11:04.000Z
pred_1318,cow_28,ses_1318,27,LOW,MASTITIS_RISK,0.94,"Parameters aligned with historical baseline.",2026-08-26T17:31:09.000Z
pred_1319,cow_29,ses_1319,27,LOW,MASTITIS_RISK,0.94,"Parameters aligned with historical baseline.",2026-08-26T18:15:04.000Z
pred_1320,cow_30,ses_1320,27,LOW,MASTITIS_RISK,0.94,"Parameters aligned with historical baseline.",2026-08-26T17:42:39.000Z
pred_1321,cow_1,ses_1321,14,LOW,MASTITIS_RISK,0.94,"Parameters aligned with historical baseline.",2026-08-27T06:19:43.000Z
pred_1322,cow_2,ses_1322,7,LOW,MASTITIS_RISK,0.94,"Parameters aligned with historical baseline.",2026-08-27T06:09:18.000Z
pred_1323,cow_3,ses_1323,15,LOW,MASTITIS_RISK,0.94,"Parameters aligned with historical baseline.",2026-08-27T07:29:10.000Z
pred_1324,cow_4,ses_1324,7,LOW,MASTITIS_RISK,0.94,"Parameters aligned with historical baseline.",2026-08-27T07:11:45.000Z
pred_1325,cow_5,ses_1325,12,LOW,MASTITIS_RISK,0.94,"Parameters aligned with historical baseline.",2026-08-27T07:27:41.000Z
pred_1326,cow_6,ses_1326,9,LOW,MASTITIS_RISK,0.94,"Parameters aligned with historical baseline.",2026-08-27T07:04:52.000Z
pred_1327,cow_7,ses_1327,11,LOW,MASTITIS_RISK,0.94,"Parameters aligned with historical baseline.",2026-08-27T06:23:38.000Z
pred_1328,cow_8,ses_1328,8,LOW,MASTITIS_RISK,0.94,"Parameters aligned with historical baseline.",2026-08-27T06:21:08.000Z
pred_1329,cow_9,ses_1329,14,LOW,MASTITIS_RISK,0.94,"Parameters aligned with historical baseline.",2026-08-27T06:45:39.000Z
pred_1330,cow_10,ses_1330,9,LOW,MASTITIS_RISK,0.94,"Parameters aligned with historical baseline.",2026-08-27T06:36:08.000Z
pred_1331,cow_11,ses_1331,11,LOW,MASTITIS_RISK,0.94,"Parameters aligned with historical baseline.",2026-08-27T06:33:25.000Z
pred_1332,cow_12,ses_1332,13,LOW,MASTITIS_RISK,0.94,"Parameters aligned with historical baseline.",2026-08-27T06:21:27.000Z
pred_1333,cow_13,ses_1333,9,LOW,MASTITIS_RISK,0.94,"Parameters aligned with historical baseline.",2026-08-27T07:35:00.000Z
pred_1334,cow_14,ses_1334,16,LOW,MASTITIS_RISK,0.94,"Parameters aligned with historical baseline.",2026-08-27T06:54:42.000Z
pred_1335,cow_15,ses_1335,15,LOW,MASTITIS_RISK,0.94,"Parameters aligned with historical baseline.",2026-08-27T06:26:35.000Z
pred_1336,cow_16,ses_1336,16,LOW,MASTITIS_RISK,0.94,"Parameters aligned with historical baseline.",2026-08-27T06:44:47.000Z
pred_1337,cow_17,ses_1337,12,LOW,MASTITIS_RISK,0.94,"Parameters aligned with historical baseline.",2026-08-27T06:30:33.000Z
pred_1338,cow_18,ses_1338,9,LOW,MASTITIS_RISK,0.94,"Parameters aligned with historical baseline.",2026-08-27T07:18:35.000Z
pred_1339,cow_19,ses_1339,14,LOW,MASTITIS_RISK,0.94,"Parameters aligned with historical baseline.",2026-08-27T06:35:49.000Z
pred_1340,cow_20,ses_1340,12,LOW,MASTITIS_RISK,0.94,"Parameters aligned with historical baseline.",2026-08-27T06:30:47.000Z
pred_1341,cow_21,ses_1341,12,LOW,MASTITIS_RISK,0.94,"Parameters aligned with historical baseline.",2026-08-27T07:16:46.000Z
pred_1342,cow_22,ses_1342,16,LOW,MASTITIS_RISK,0.94,"Parameters aligned with historical baseline.",2026-08-27T06:53:20.000Z
pred_1343,cow_23,ses_1343,8,LOW,MASTITIS_RISK,0.94,"Parameters aligned with historical baseline.",2026-08-27T07:12:16.000Z
pred_1344,cow_24,ses_1344,16,LOW,MASTITIS_RISK,0.94,"Parameters aligned with historical baseline.",2026-08-27T06:34:30.000Z
pred_1345,cow_25,ses_1345,8,LOW,MASTITIS_RISK,0.94,"Parameters aligned with historical baseline.",2026-08-27T06:43:09.000Z
pred_1346,cow_26,ses_1346,28,LOW,MASTITIS_RISK,0.94,"Parameters aligned with historical baseline.",2026-08-27T06:18:44.000Z
pred_1347,cow_27,ses_1347,28,LOW,MASTITIS_RISK,0.94,"Parameters aligned with historical baseline.",2026-08-27T06:34:43.000Z
pred_1348,cow_28,ses_1348,28,LOW,MASTITIS_RISK,0.94,"Parameters aligned with historical baseline.",2026-08-27T07:21:10.000Z
pred_1349,cow_29,ses_1349,28,LOW,MASTITIS_RISK,0.94,"Parameters aligned with historical baseline.",2026-08-27T06:07:05.000Z
pred_1350,cow_30,ses_1350,28,LOW,MASTITIS_RISK,0.94,"Parameters aligned with historical baseline.",2026-08-27T07:10:38.000Z
pred_1351,cow_1,ses_1351,14,LOW,MASTITIS_RISK,0.94,"Parameters aligned with historical baseline.",2026-08-27T17:55:22.000Z
pred_1352,cow_2,ses_1352,13,LOW,MASTITIS_RISK,0.94,"Parameters aligned with historical baseline.",2026-08-27T17:24:47.000Z
pred_1353,cow_3,ses_1353,15,LOW,MASTITIS_RISK,0.94,"Parameters aligned with historical baseline.",2026-08-27T17:45:17.000Z
pred_1354,cow_4,ses_1354,17,LOW,MASTITIS_RISK,0.94,"Parameters aligned with historical baseline.",2026-08-27T18:34:48.000Z
pred_1355,cow_5,ses_1355,11,LOW,MASTITIS_RISK,0.94,"Parameters aligned with historical baseline.",2026-08-27T18:13:18.000Z
pred_1356,cow_6,ses_1356,16,LOW,MASTITIS_RISK,0.94,"Parameters aligned with historical baseline.",2026-08-27T18:04:43.000Z
pred_1357,cow_7,ses_1357,13,LOW,MASTITIS_RISK,0.94,"Parameters aligned with historical baseline.",2026-08-27T18:02:51.000Z
pred_1358,cow_8,ses_1358,13,LOW,MASTITIS_RISK,0.94,"Parameters aligned with historical baseline.",2026-08-27T17:52:45.000Z
pred_1359,cow_9,ses_1359,16,LOW,MASTITIS_RISK,0.94,"Parameters aligned with historical baseline.",2026-08-27T17:55:04.000Z
pred_1360,cow_10,ses_1360,15,LOW,MASTITIS_RISK,0.94,"Parameters aligned with historical baseline.",2026-08-27T18:00:47.000Z
pred_1361,cow_11,ses_1361,13,LOW,MASTITIS_RISK,0.94,"Parameters aligned with historical baseline.",2026-08-27T18:17:35.000Z
pred_1362,cow_12,ses_1362,7,LOW,MASTITIS_RISK,0.94,"Parameters aligned with historical baseline.",2026-08-27T17:38:29.000Z
pred_1363,cow_13,ses_1363,15,LOW,MASTITIS_RISK,0.94,"Parameters aligned with historical baseline.",2026-08-27T17:09:28.000Z
pred_1364,cow_14,ses_1364,14,LOW,MASTITIS_RISK,0.94,"Parameters aligned with historical baseline.",2026-08-27T17:31:21.000Z
pred_1365,cow_15,ses_1365,8,LOW,MASTITIS_RISK,0.94,"Parameters aligned with historical baseline.",2026-08-27T17:52:17.000Z
pred_1366,cow_16,ses_1366,11,LOW,MASTITIS_RISK,0.94,"Parameters aligned with historical baseline.",2026-08-27T18:31:28.000Z
pred_1367,cow_17,ses_1367,9,LOW,MASTITIS_RISK,0.94,"Parameters aligned with historical baseline.",2026-08-27T18:26:27.000Z
pred_1368,cow_18,ses_1368,15,LOW,MASTITIS_RISK,0.94,"Parameters aligned with historical baseline.",2026-08-27T18:18:00.000Z
pred_1369,cow_19,ses_1369,10,LOW,MASTITIS_RISK,0.94,"Parameters aligned with historical baseline.",2026-08-27T17:52:20.000Z
pred_1370,cow_20,ses_1370,13,LOW,MASTITIS_RISK,0.94,"Parameters aligned with historical baseline.",2026-08-27T17:46:59.000Z
pred_1371,cow_21,ses_1371,17,LOW,MASTITIS_RISK,0.94,"Parameters aligned with historical baseline.",2026-08-27T17:45:29.000Z
pred_1372,cow_22,ses_1372,11,LOW,MASTITIS_RISK,0.94,"Parameters aligned with historical baseline.",2026-08-27T17:51:12.000Z
pred_1373,cow_23,ses_1373,14,LOW,MASTITIS_RISK,0.94,"Parameters aligned with historical baseline.",2026-08-27T18:27:24.000Z
pred_1374,cow_24,ses_1374,15,LOW,MASTITIS_RISK,0.94,"Parameters aligned with historical baseline.",2026-08-27T18:13:36.000Z
pred_1375,cow_25,ses_1375,8,LOW,MASTITIS_RISK,0.94,"Parameters aligned with historical baseline.",2026-08-27T17:34:43.000Z
pred_1376,cow_26,ses_1376,28,LOW,MASTITIS_RISK,0.94,"Parameters aligned with historical baseline.",2026-08-27T18:16:18.000Z
pred_1377,cow_27,ses_1377,28,LOW,MASTITIS_RISK,0.94,"Parameters aligned with historical baseline.",2026-08-27T17:07:39.000Z
pred_1378,cow_28,ses_1378,28,LOW,MASTITIS_RISK,0.94,"Parameters aligned with historical baseline.",2026-08-27T17:35:30.000Z
pred_1379,cow_29,ses_1379,28,LOW,MASTITIS_RISK,0.94,"Parameters aligned with historical baseline.",2026-08-27T18:18:18.000Z
pred_1380,cow_30,ses_1380,28,LOW,MASTITIS_RISK,0.94,"Parameters aligned with historical baseline.",2026-08-27T17:23:42.000Z
pred_1381,cow_1,ses_1381,16,LOW,MASTITIS_RISK,0.94,"Parameters aligned with historical baseline.",2026-08-28T06:33:46.000Z
pred_1382,cow_2,ses_1382,13,LOW,MASTITIS_RISK,0.94,"Parameters aligned with historical baseline.",2026-08-28T06:45:11.000Z
pred_1383,cow_3,ses_1383,8,LOW,MASTITIS_RISK,0.94,"Parameters aligned with historical baseline.",2026-08-28T06:33:05.000Z
pred_1384,cow_4,ses_1384,15,LOW,MASTITIS_RISK,0.94,"Parameters aligned with historical baseline.",2026-08-28T06:05:35.000Z
pred_1385,cow_5,ses_1385,13,LOW,MASTITIS_RISK,0.94,"Parameters aligned with historical baseline.",2026-08-28T06:14:02.000Z
pred_1386,cow_6,ses_1386,10,LOW,MASTITIS_RISK,0.94,"Parameters aligned with historical baseline.",2026-08-28T07:22:13.000Z
pred_1387,cow_7,ses_1387,15,LOW,MASTITIS_RISK,0.94,"Parameters aligned with historical baseline.",2026-08-28T07:32:20.000Z
pred_1388,cow_8,ses_1388,15,LOW,MASTITIS_RISK,0.94,"Parameters aligned with historical baseline.",2026-08-28T06:17:04.000Z
pred_1389,cow_9,ses_1389,8,LOW,MASTITIS_RISK,0.94,"Parameters aligned with historical baseline.",2026-08-28T07:01:07.000Z
pred_1390,cow_10,ses_1390,12,LOW,MASTITIS_RISK,0.94,"Parameters aligned with historical baseline.",2026-08-28T06:51:22.000Z
pred_1391,cow_11,ses_1391,13,LOW,MASTITIS_RISK,0.94,"Parameters aligned with historical baseline.",2026-08-28T06:05:02.000Z
pred_1392,cow_12,ses_1392,11,LOW,MASTITIS_RISK,0.94,"Parameters aligned with historical baseline.",2026-08-28T07:15:38.000Z
pred_1393,cow_13,ses_1393,8,LOW,MASTITIS_RISK,0.94,"Parameters aligned with historical baseline.",2026-08-28T06:42:51.000Z
pred_1394,cow_14,ses_1394,11,LOW,MASTITIS_RISK,0.94,"Parameters aligned with historical baseline.",2026-08-28T06:06:15.000Z
pred_1395,cow_15,ses_1395,15,LOW,MASTITIS_RISK,0.94,"Parameters aligned with historical baseline.",2026-08-28T06:48:51.000Z
pred_1396,cow_16,ses_1396,12,LOW,MASTITIS_RISK,0.94,"Parameters aligned with historical baseline.",2026-08-28T06:45:52.000Z
pred_1397,cow_17,ses_1397,13,LOW,MASTITIS_RISK,0.94,"Parameters aligned with historical baseline.",2026-08-28T07:04:03.000Z
pred_1398,cow_18,ses_1398,11,LOW,MASTITIS_RISK,0.94,"Parameters aligned with historical baseline.",2026-08-28T06:17:52.000Z
pred_1399,cow_19,ses_1399,11,LOW,MASTITIS_RISK,0.94,"Parameters aligned with historical baseline.",2026-08-28T06:19:34.000Z
pred_1400,cow_20,ses_1400,8,LOW,MASTITIS_RISK,0.94,"Parameters aligned with historical baseline.",2026-08-28T07:19:14.000Z
pred_1401,cow_21,ses_1401,8,LOW,MASTITIS_RISK,0.94,"Parameters aligned with historical baseline.",2026-08-28T06:51:51.000Z
pred_1402,cow_22,ses_1402,15,LOW,MASTITIS_RISK,0.94,"Parameters aligned with historical baseline.",2026-08-28T06:05:52.000Z
pred_1403,cow_23,ses_1403,14,LOW,MASTITIS_RISK,0.94,"Parameters aligned with historical baseline.",2026-08-28T07:28:22.000Z
pred_1404,cow_24,ses_1404,13,LOW,MASTITIS_RISK,0.94,"Parameters aligned with historical baseline.",2026-08-28T07:30:20.000Z
pred_1405,cow_25,ses_1405,17,LOW,MASTITIS_RISK,0.94,"Parameters aligned with historical baseline.",2026-08-28T07:24:39.000Z
pred_1406,cow_26,ses_1406,29,LOW,MASTITIS_RISK,0.94,"Parameters aligned with historical baseline.",2026-08-28T06:15:29.000Z
pred_1407,cow_27,ses_1407,29,LOW,MASTITIS_RISK,0.94,"Parameters aligned with historical baseline.",2026-08-28T07:05:31.000Z
pred_1408,cow_28,ses_1408,29,LOW,MASTITIS_RISK,0.94,"Parameters aligned with historical baseline.",2026-08-28T06:39:18.000Z
pred_1409,cow_29,ses_1409,29,LOW,MASTITIS_RISK,0.94,"Parameters aligned with historical baseline.",2026-08-28T06:12:11.000Z
pred_1410,cow_30,ses_1410,29,LOW,MASTITIS_RISK,0.94,"Parameters aligned with historical baseline.",2026-08-28T06:54:49.000Z
pred_1411,cow_1,ses_1411,14,LOW,MASTITIS_RISK,0.94,"Parameters aligned with historical baseline.",2026-08-28T18:30:36.000Z
pred_1412,cow_2,ses_1412,11,LOW,MASTITIS_RISK,0.94,"Parameters aligned with historical baseline.",2026-08-28T18:29:59.000Z
pred_1413,cow_3,ses_1413,15,LOW,MASTITIS_RISK,0.94,"Parameters aligned with historical baseline.",2026-08-28T17:25:43.000Z
pred_1414,cow_4,ses_1414,10,LOW,MASTITIS_RISK,0.94,"Parameters aligned with historical baseline.",2026-08-28T18:35:18.000Z
pred_1415,cow_5,ses_1415,12,LOW,MASTITIS_RISK,0.94,"Parameters aligned with historical baseline.",2026-08-28T18:13:16.000Z
pred_1416,cow_6,ses_1416,16,LOW,MASTITIS_RISK,0.94,"Parameters aligned with historical baseline.",2026-08-28T17:51:49.000Z
pred_1417,cow_7,ses_1417,12,LOW,MASTITIS_RISK,0.94,"Parameters aligned with historical baseline.",2026-08-28T17:49:45.000Z
pred_1418,cow_8,ses_1418,16,LOW,MASTITIS_RISK,0.94,"Parameters aligned with historical baseline.",2026-08-28T17:12:41.000Z
pred_1419,cow_9,ses_1419,8,LOW,MASTITIS_RISK,0.94,"Parameters aligned with historical baseline.",2026-08-28T18:16:50.000Z
pred_1420,cow_10,ses_1420,10,LOW,MASTITIS_RISK,0.94,"Parameters aligned with historical baseline.",2026-08-28T18:20:57.000Z
pred_1421,cow_11,ses_1421,13,LOW,MASTITIS_RISK,0.94,"Parameters aligned with historical baseline.",2026-08-28T17:35:05.000Z
pred_1422,cow_12,ses_1422,11,LOW,MASTITIS_RISK,0.94,"Parameters aligned with historical baseline.",2026-08-28T17:08:56.000Z
pred_1423,cow_13,ses_1423,9,LOW,MASTITIS_RISK,0.94,"Parameters aligned with historical baseline.",2026-08-28T17:50:07.000Z
pred_1424,cow_14,ses_1424,12,LOW,MASTITIS_RISK,0.94,"Parameters aligned with historical baseline.",2026-08-28T18:19:59.000Z
pred_1425,cow_15,ses_1425,14,LOW,MASTITIS_RISK,0.94,"Parameters aligned with historical baseline.",2026-08-28T18:19:52.000Z
pred_1426,cow_16,ses_1426,17,LOW,MASTITIS_RISK,0.94,"Parameters aligned with historical baseline.",2026-08-28T18:31:28.000Z
pred_1427,cow_17,ses_1427,13,LOW,MASTITIS_RISK,0.94,"Parameters aligned with historical baseline.",2026-08-28T17:55:28.000Z
pred_1428,cow_18,ses_1428,17,LOW,MASTITIS_RISK,0.94,"Parameters aligned with historical baseline.",2026-08-28T18:28:35.000Z
pred_1429,cow_19,ses_1429,16,LOW,MASTITIS_RISK,0.94,"Parameters aligned with historical baseline.",2026-08-28T18:34:31.000Z
pred_1430,cow_20,ses_1430,7,LOW,MASTITIS_RISK,0.94,"Parameters aligned with historical baseline.",2026-08-28T17:49:28.000Z
pred_1431,cow_21,ses_1431,17,LOW,MASTITIS_RISK,0.94,"Parameters aligned with historical baseline.",2026-08-28T17:42:59.000Z
pred_1432,cow_22,ses_1432,14,LOW,MASTITIS_RISK,0.94,"Parameters aligned with historical baseline.",2026-08-28T17:30:45.000Z
pred_1433,cow_23,ses_1433,12,LOW,MASTITIS_RISK,0.94,"Parameters aligned with historical baseline.",2026-08-28T18:25:42.000Z
pred_1434,cow_24,ses_1434,13,LOW,MASTITIS_RISK,0.94,"Parameters aligned with historical baseline.",2026-08-28T17:57:33.000Z
pred_1435,cow_25,ses_1435,10,LOW,MASTITIS_RISK,0.94,"Parameters aligned with historical baseline.",2026-08-28T17:34:40.000Z
pred_1436,cow_26,ses_1436,29,LOW,MASTITIS_RISK,0.94,"Parameters aligned with historical baseline.",2026-08-28T17:58:45.000Z
pred_1437,cow_27,ses_1437,29,LOW,MASTITIS_RISK,0.94,"Parameters aligned with historical baseline.",2026-08-28T17:22:21.000Z
pred_1438,cow_28,ses_1438,29,LOW,MASTITIS_RISK,0.94,"Parameters aligned with historical baseline.",2026-08-28T17:47:00.000Z
pred_1439,cow_29,ses_1439,29,LOW,MASTITIS_RISK,0.94,"Parameters aligned with historical baseline.",2026-08-28T18:30:37.000Z
pred_1440,cow_30,ses_1440,29,LOW,MASTITIS_RISK,0.94,"Parameters aligned with historical baseline.",2026-08-28T17:09:15.000Z
pred_1441,cow_1,ses_1441,10,LOW,MASTITIS_RISK,0.94,"Parameters aligned with historical baseline.",2026-08-29T07:11:27.000Z
pred_1442,cow_2,ses_1442,9,LOW,MASTITIS_RISK,0.94,"Parameters aligned with historical baseline.",2026-08-29T07:09:09.000Z
pred_1443,cow_3,ses_1443,17,LOW,MASTITIS_RISK,0.94,"Parameters aligned with historical baseline.",2026-08-29T06:15:16.000Z
pred_1444,cow_4,ses_1444,9,LOW,MASTITIS_RISK,0.94,"Parameters aligned with historical baseline.",2026-08-29T06:12:59.000Z
pred_1445,cow_5,ses_1445,16,LOW,MASTITIS_RISK,0.94,"Parameters aligned with historical baseline.",2026-08-29T06:27:11.000Z
pred_1446,cow_6,ses_1446,9,LOW,MASTITIS_RISK,0.94,"Parameters aligned with historical baseline.",2026-08-29T07:15:35.000Z
pred_1447,cow_7,ses_1447,15,LOW,MASTITIS_RISK,0.94,"Parameters aligned with historical baseline.",2026-08-29T06:21:03.000Z
pred_1448,cow_8,ses_1448,16,LOW,MASTITIS_RISK,0.94,"Parameters aligned with historical baseline.",2026-08-29T07:16:35.000Z
pred_1449,cow_9,ses_1449,15,LOW,MASTITIS_RISK,0.94,"Parameters aligned with historical baseline.",2026-08-29T07:05:02.000Z
pred_1450,cow_10,ses_1450,16,LOW,MASTITIS_RISK,0.94,"Parameters aligned with historical baseline.",2026-08-29T06:10:42.000Z
pred_1451,cow_11,ses_1451,10,LOW,MASTITIS_RISK,0.94,"Parameters aligned with historical baseline.",2026-08-29T06:26:15.000Z
pred_1452,cow_12,ses_1452,9,LOW,MASTITIS_RISK,0.94,"Parameters aligned with historical baseline.",2026-08-29T06:46:17.000Z
pred_1453,cow_13,ses_1453,14,LOW,MASTITIS_RISK,0.94,"Parameters aligned with historical baseline.",2026-08-29T07:19:28.000Z
pred_1454,cow_14,ses_1454,16,LOW,MASTITIS_RISK,0.94,"Parameters aligned with historical baseline.",2026-08-29T06:33:45.000Z
pred_1455,cow_15,ses_1455,15,LOW,MASTITIS_RISK,0.94,"Parameters aligned with historical baseline.",2026-08-29T06:34:53.000Z
pred_1456,cow_16,ses_1456,11,LOW,MASTITIS_RISK,0.94,"Parameters aligned with historical baseline.",2026-08-29T06:24:25.000Z
pred_1457,cow_17,ses_1457,14,LOW,MASTITIS_RISK,0.94,"Parameters aligned with historical baseline.",2026-08-29T06:57:23.000Z
pred_1458,cow_18,ses_1458,15,LOW,MASTITIS_RISK,0.94,"Parameters aligned with historical baseline.",2026-08-29T06:52:30.000Z
pred_1459,cow_19,ses_1459,8,LOW,MASTITIS_RISK,0.94,"Parameters aligned with historical baseline.",2026-08-29T06:37:05.000Z
pred_1460,cow_20,ses_1460,13,LOW,MASTITIS_RISK,0.94,"Parameters aligned with historical baseline.",2026-08-29T06:47:55.000Z
pred_1461,cow_21,ses_1461,11,LOW,MASTITIS_RISK,0.94,"Parameters aligned with historical baseline.",2026-08-29T06:57:54.000Z
pred_1462,cow_22,ses_1462,15,LOW,MASTITIS_RISK,0.94,"Parameters aligned with historical baseline.",2026-08-29T07:12:33.000Z
pred_1463,cow_23,ses_1463,10,LOW,MASTITIS_RISK,0.94,"Parameters aligned with historical baseline.",2026-08-29T07:02:00.000Z
pred_1464,cow_24,ses_1464,17,LOW,MASTITIS_RISK,0.94,"Parameters aligned with historical baseline.",2026-08-29T07:33:46.000Z
pred_1465,cow_25,ses_1465,8,LOW,MASTITIS_RISK,0.94,"Parameters aligned with historical baseline.",2026-08-29T07:05:29.000Z
pred_1466,cow_26,ses_1466,30,MODERATE,MASTITIS_RISK,0.94,"Moderate deviation: SCC +33.3%, Conductivity +0.0%. Recommend continued monitoring.",2026-08-29T06:14:28.000Z
pred_1467,cow_27,ses_1467,30,MODERATE,MASTITIS_RISK,0.94,"Moderate deviation: SCC +25.2%, Conductivity +0.4%. Recommend continued monitoring.",2026-08-29T06:16:32.000Z
pred_1468,cow_28,ses_1468,30,MODERATE,MASTITIS_RISK,0.94,"Moderate deviation: SCC +19.9%, Conductivity +-0.9%. Recommend continued monitoring.",2026-08-29T07:18:58.000Z
pred_1469,cow_29,ses_1469,30,MODERATE,MASTITIS_RISK,0.94,"Moderate deviation: SCC +27.5%, Conductivity +0.7%. Recommend continued monitoring.",2026-08-29T06:19:48.000Z
pred_1470,cow_30,ses_1470,30,MODERATE,MASTITIS_RISK,0.94,"Moderate deviation: SCC +56.7%, Conductivity +-0.4%. Recommend continued monitoring.",2026-08-29T06:07:36.000Z
pred_1471,cow_1,ses_1471,13,LOW,MASTITIS_RISK,0.94,"Parameters aligned with historical baseline.",2026-08-29T18:13:30.000Z
pred_1472,cow_2,ses_1472,11,LOW,MASTITIS_RISK,0.94,"Parameters aligned with historical baseline.",2026-08-29T17:58:58.000Z
pred_1473,cow_3,ses_1473,12,LOW,MASTITIS_RISK,0.94,"Parameters aligned with historical baseline.",2026-08-29T17:28:57.000Z
pred_1474,cow_4,ses_1474,13,LOW,MASTITIS_RISK,0.94,"Parameters aligned with historical baseline.",2026-08-29T17:46:31.000Z
pred_1475,cow_5,ses_1475,14,LOW,MASTITIS_RISK,0.94,"Parameters aligned with historical baseline.",2026-08-29T17:24:41.000Z
pred_1476,cow_6,ses_1476,16,LOW,MASTITIS_RISK,0.94,"Parameters aligned with historical baseline.",2026-08-29T17:10:49.000Z
pred_1477,cow_7,ses_1477,8,LOW,MASTITIS_RISK,0.94,"Parameters aligned with historical baseline.",2026-08-29T18:11:41.000Z
pred_1478,cow_8,ses_1478,15,LOW,MASTITIS_RISK,0.94,"Parameters aligned with historical baseline.",2026-08-29T17:46:46.000Z
pred_1479,cow_9,ses_1479,13,LOW,MASTITIS_RISK,0.94,"Parameters aligned with historical baseline.",2026-08-29T18:33:15.000Z
pred_1480,cow_10,ses_1480,15,LOW,MASTITIS_RISK,0.94,"Parameters aligned with historical baseline.",2026-08-29T17:58:42.000Z
pred_1481,cow_11,ses_1481,17,LOW,MASTITIS_RISK,0.94,"Parameters aligned with historical baseline.",2026-08-29T18:33:44.000Z
pred_1482,cow_12,ses_1482,12,LOW,MASTITIS_RISK,0.94,"Parameters aligned with historical baseline.",2026-08-29T17:32:50.000Z
pred_1483,cow_13,ses_1483,9,LOW,MASTITIS_RISK,0.94,"Parameters aligned with historical baseline.",2026-08-29T17:21:16.000Z
pred_1484,cow_14,ses_1484,15,LOW,MASTITIS_RISK,0.94,"Parameters aligned with historical baseline.",2026-08-29T18:12:00.000Z
pred_1485,cow_15,ses_1485,10,LOW,MASTITIS_RISK,0.94,"Parameters aligned with historical baseline.",2026-08-29T18:19:29.000Z
pred_1486,cow_16,ses_1486,17,LOW,MASTITIS_RISK,0.94,"Parameters aligned with historical baseline.",2026-08-29T18:21:16.000Z
pred_1487,cow_17,ses_1487,14,LOW,MASTITIS_RISK,0.94,"Parameters aligned with historical baseline.",2026-08-29T17:17:56.000Z
pred_1488,cow_18,ses_1488,9,LOW,MASTITIS_RISK,0.94,"Parameters aligned with historical baseline.",2026-08-29T18:26:31.000Z
pred_1489,cow_19,ses_1489,11,LOW,MASTITIS_RISK,0.94,"Parameters aligned with historical baseline.",2026-08-29T17:22:06.000Z
pred_1490,cow_20,ses_1490,11,LOW,MASTITIS_RISK,0.94,"Parameters aligned with historical baseline.",2026-08-29T18:31:53.000Z
pred_1491,cow_21,ses_1491,14,LOW,MASTITIS_RISK,0.94,"Parameters aligned with historical baseline.",2026-08-29T17:57:57.000Z
pred_1492,cow_22,ses_1492,11,LOW,MASTITIS_RISK,0.94,"Parameters aligned with historical baseline.",2026-08-29T18:14:22.000Z
pred_1493,cow_23,ses_1493,16,LOW,MASTITIS_RISK,0.94,"Parameters aligned with historical baseline.",2026-08-29T17:47:05.000Z
pred_1494,cow_24,ses_1494,16,LOW,MASTITIS_RISK,0.94,"Parameters aligned with historical baseline.",2026-08-29T18:11:49.000Z
pred_1495,cow_25,ses_1495,8,LOW,MASTITIS_RISK,0.94,"Parameters aligned with historical baseline.",2026-08-29T17:06:39.000Z
pred_1496,cow_26,ses_1496,30,MODERATE,MASTITIS_RISK,0.94,"Moderate deviation: SCC +37.9%, Conductivity +-0.4%. Recommend continued monitoring.",2026-08-29T17:34:38.000Z
pred_1497,cow_27,ses_1497,30,MODERATE,MASTITIS_RISK,0.94,"Moderate deviation: SCC +30.2%, Conductivity +0.5%. Recommend continued monitoring.",2026-08-29T17:19:24.000Z
pred_1498,cow_28,ses_1498,30,MODERATE,MASTITIS_RISK,0.94,"Moderate deviation: SCC +29.5%, Conductivity +0.4%. Recommend continued monitoring.",2026-08-29T18:22:42.000Z
pred_1499,cow_29,ses_1499,30,MODERATE,MASTITIS_RISK,0.94,"Moderate deviation: SCC +20.3%, Conductivity +-0.9%. Recommend continued monitoring.",2026-08-29T17:54:33.000Z
pred_1500,cow_30,ses_1500,30,MODERATE,MASTITIS_RISK,0.94,"Moderate deviation: SCC +34.4%, Conductivity +0.6%. Recommend continued monitoring.",2026-08-29T17:26:15.000Z
pred_1501,cow_1,ses_1501,9,LOW,MASTITIS_RISK,0.94,"Parameters aligned with historical baseline.",2026-08-30T06:40:21.000Z
pred_1502,cow_2,ses_1502,9,LOW,MASTITIS_RISK,0.94,"Parameters aligned with historical baseline.",2026-08-30T07:03:35.000Z
pred_1503,cow_3,ses_1503,9,LOW,MASTITIS_RISK,0.94,"Parameters aligned with historical baseline.",2026-08-30T06:36:37.000Z
pred_1504,cow_4,ses_1504,8,LOW,MASTITIS_RISK,0.94,"Parameters aligned with historical baseline.",2026-08-30T07:13:21.000Z
pred_1505,cow_5,ses_1505,15,LOW,MASTITIS_RISK,0.94,"Parameters aligned with historical baseline.",2026-08-30T06:19:00.000Z
pred_1506,cow_6,ses_1506,16,LOW,MASTITIS_RISK,0.94,"Parameters aligned with historical baseline.",2026-08-30T06:11:23.000Z
pred_1507,cow_7,ses_1507,11,LOW,MASTITIS_RISK,0.94,"Parameters aligned with historical baseline.",2026-08-30T06:39:20.000Z
pred_1508,cow_8,ses_1508,10,LOW,MASTITIS_RISK,0.94,"Parameters aligned with historical baseline.",2026-08-30T06:22:55.000Z
pred_1509,cow_9,ses_1509,17,LOW,MASTITIS_RISK,0.94,"Parameters aligned with historical baseline.",2026-08-30T07:35:58.000Z
pred_1510,cow_10,ses_1510,13,LOW,MASTITIS_RISK,0.94,"Parameters aligned with historical baseline.",2026-08-30T07:30:30.000Z
pred_1511,cow_11,ses_1511,12,LOW,MASTITIS_RISK,0.94,"Parameters aligned with historical baseline.",2026-08-30T07:06:24.000Z
pred_1512,cow_12,ses_1512,12,LOW,MASTITIS_RISK,0.94,"Parameters aligned with historical baseline.",2026-08-30T06:05:46.000Z
pred_1513,cow_13,ses_1513,15,LOW,MASTITIS_RISK,0.94,"Parameters aligned with historical baseline.",2026-08-30T06:07:34.000Z
pred_1514,cow_14,ses_1514,13,LOW,MASTITIS_RISK,0.94,"Parameters aligned with historical baseline.",2026-08-30T07:24:24.000Z
pred_1515,cow_15,ses_1515,8,LOW,MASTITIS_RISK,0.94,"Parameters aligned with historical baseline.",2026-08-30T06:20:52.000Z
pred_1516,cow_16,ses_1516,11,LOW,MASTITIS_RISK,0.94,"Parameters aligned with historical baseline.",2026-08-30T07:20:58.000Z
pred_1517,cow_17,ses_1517,13,LOW,MASTITIS_RISK,0.94,"Parameters aligned with historical baseline.",2026-08-30T06:09:57.000Z
pred_1518,cow_18,ses_1518,14,LOW,MASTITIS_RISK,0.94,"Parameters aligned with historical baseline.",2026-08-30T07:13:00.000Z
pred_1519,cow_19,ses_1519,12,LOW,MASTITIS_RISK,0.94,"Parameters aligned with historical baseline.",2026-08-30T07:16:35.000Z
pred_1520,cow_20,ses_1520,10,LOW,MASTITIS_RISK,0.94,"Parameters aligned with historical baseline.",2026-08-30T06:30:35.000Z
pred_1521,cow_21,ses_1521,8,LOW,MASTITIS_RISK,0.94,"Parameters aligned with historical baseline.",2026-08-30T07:26:24.000Z
pred_1522,cow_22,ses_1522,11,LOW,MASTITIS_RISK,0.94,"Parameters aligned with historical baseline.",2026-08-30T07:02:11.000Z
pred_1523,cow_23,ses_1523,12,LOW,MASTITIS_RISK,0.94,"Parameters aligned with historical baseline.",2026-08-30T06:35:30.000Z
pred_1524,cow_24,ses_1524,12,LOW,MASTITIS_RISK,0.94,"Parameters aligned with historical baseline.",2026-08-30T06:32:03.000Z
pred_1525,cow_25,ses_1525,9,LOW,MASTITIS_RISK,0.94,"Parameters aligned with historical baseline.",2026-08-30T06:32:38.000Z
pred_1526,cow_26,ses_1526,31,MODERATE,MASTITIS_RISK,0.94,"Moderate deviation: SCC +29.5%, Conductivity +-1.1%. Recommend continued monitoring.",2026-08-30T07:21:16.000Z
pred_1527,cow_27,ses_1527,31,MODERATE,MASTITIS_RISK,0.94,"Moderate deviation: SCC +31.7%, Conductivity +0.9%. Recommend continued monitoring.",2026-08-30T07:10:17.000Z
pred_1528,cow_28,ses_1528,31,MODERATE,MASTITIS_RISK,0.94,"Moderate deviation: SCC +37.7%, Conductivity +0.4%. Recommend continued monitoring.",2026-08-30T06:32:47.000Z
pred_1529,cow_29,ses_1529,31,MODERATE,MASTITIS_RISK,0.94,"Moderate deviation: SCC +27.5%, Conductivity +0.9%. Recommend continued monitoring.",2026-08-30T07:25:14.000Z
pred_1530,cow_30,ses_1530,31,MODERATE,MASTITIS_RISK,0.94,"Moderate deviation: SCC +44.4%, Conductivity +-0.4%. Recommend continued monitoring.",2026-08-30T07:19:20.000Z
pred_1531,cow_1,ses_1531,12,LOW,MASTITIS_RISK,0.94,"Parameters aligned with historical baseline.",2026-08-30T18:27:38.000Z
pred_1532,cow_2,ses_1532,9,LOW,MASTITIS_RISK,0.94,"Parameters aligned with historical baseline.",2026-08-30T17:47:54.000Z
pred_1533,cow_3,ses_1533,14,LOW,MASTITIS_RISK,0.94,"Parameters aligned with historical baseline.",2026-08-30T18:23:53.000Z
pred_1534,cow_4,ses_1534,13,LOW,MASTITIS_RISK,0.94,"Parameters aligned with historical baseline.",2026-08-30T17:22:39.000Z
pred_1535,cow_5,ses_1535,11,LOW,MASTITIS_RISK,0.94,"Parameters aligned with historical baseline.",2026-08-30T17:59:27.000Z
pred_1536,cow_6,ses_1536,13,LOW,MASTITIS_RISK,0.94,"Parameters aligned with historical baseline.",2026-08-30T18:27:41.000Z
pred_1537,cow_7,ses_1537,15,LOW,MASTITIS_RISK,0.94,"Parameters aligned with historical baseline.",2026-08-30T18:05:06.000Z
pred_1538,cow_8,ses_1538,17,LOW,MASTITIS_RISK,0.94,"Parameters aligned with historical baseline.",2026-08-30T17:50:35.000Z
pred_1539,cow_9,ses_1539,9,LOW,MASTITIS_RISK,0.94,"Parameters aligned with historical baseline.",2026-08-30T17:31:04.000Z
pred_1540,cow_10,ses_1540,7,LOW,MASTITIS_RISK,0.94,"Parameters aligned with historical baseline.",2026-08-30T18:26:35.000Z
pred_1541,cow_11,ses_1541,13,LOW,MASTITIS_RISK,0.94,"Parameters aligned with historical baseline.",2026-08-30T17:34:54.000Z
pred_1542,cow_12,ses_1542,11,LOW,MASTITIS_RISK,0.94,"Parameters aligned with historical baseline.",2026-08-30T17:17:46.000Z
pred_1543,cow_13,ses_1543,13,LOW,MASTITIS_RISK,0.94,"Parameters aligned with historical baseline.",2026-08-30T18:04:55.000Z
pred_1544,cow_14,ses_1544,17,LOW,MASTITIS_RISK,0.94,"Parameters aligned with historical baseline.",2026-08-30T17:51:33.000Z
pred_1545,cow_15,ses_1545,16,LOW,MASTITIS_RISK,0.94,"Parameters aligned with historical baseline.",2026-08-30T17:31:38.000Z
pred_1546,cow_16,ses_1546,17,LOW,MASTITIS_RISK,0.94,"Parameters aligned with historical baseline.",2026-08-30T17:41:03.000Z
pred_1547,cow_17,ses_1547,15,LOW,MASTITIS_RISK,0.94,"Parameters aligned with historical baseline.",2026-08-30T18:23:24.000Z
pred_1548,cow_18,ses_1548,14,LOW,MASTITIS_RISK,0.94,"Parameters aligned with historical baseline.",2026-08-30T17:18:08.000Z
pred_1549,cow_19,ses_1549,8,LOW,MASTITIS_RISK,0.94,"Parameters aligned with historical baseline.",2026-08-30T18:26:54.000Z
pred_1550,cow_20,ses_1550,12,LOW,MASTITIS_RISK,0.94,"Parameters aligned with historical baseline.",2026-08-30T18:04:16.000Z
pred_1551,cow_21,ses_1551,16,LOW,MASTITIS_RISK,0.94,"Parameters aligned with historical baseline.",2026-08-30T18:00:34.000Z
pred_1552,cow_22,ses_1552,12,LOW,MASTITIS_RISK,0.94,"Parameters aligned with historical baseline.",2026-08-30T17:47:47.000Z
pred_1553,cow_23,ses_1553,12,LOW,MASTITIS_RISK,0.94,"Parameters aligned with historical baseline.",2026-08-30T17:26:16.000Z
pred_1554,cow_24,ses_1554,12,LOW,MASTITIS_RISK,0.94,"Parameters aligned with historical baseline.",2026-08-30T18:11:52.000Z
pred_1555,cow_25,ses_1555,10,LOW,MASTITIS_RISK,0.94,"Parameters aligned with historical baseline.",2026-08-30T18:24:45.000Z
pred_1556,cow_26,ses_1556,31,MODERATE,MASTITIS_RISK,0.94,"Moderate deviation: SCC +31.8%, Conductivity +-0.9%. Recommend continued monitoring.",2026-08-30T17:27:53.000Z
pred_1557,cow_27,ses_1557,31,MODERATE,MASTITIS_RISK,0.94,"Moderate deviation: SCC +40.3%, Conductivity +0.7%. Recommend continued monitoring.",2026-08-30T17:20:14.000Z
pred_1558,cow_28,ses_1558,31,MODERATE,MASTITIS_RISK,0.94,"Moderate deviation: SCC +36.3%, Conductivity +0.0%. Recommend continued monitoring.",2026-08-30T17:48:35.000Z
pred_1559,cow_29,ses_1559,31,MODERATE,MASTITIS_RISK,0.94,"Moderate deviation: SCC +34.6%, Conductivity +-0.4%. Recommend continued monitoring.",2026-08-30T18:08:38.000Z
pred_1560,cow_30,ses_1560,31,MODERATE,MASTITIS_RISK,0.94,"Moderate deviation: SCC +60%, Conductivity +-0.7%. Recommend continued monitoring.",2026-08-30T17:45:40.000Z
pred_1561,cow_1,ses_1561,8,LOW,MASTITIS_RISK,0.94,"Parameters aligned with historical baseline.",2026-08-31T07:16:03.000Z
pred_1562,cow_2,ses_1562,16,LOW,MASTITIS_RISK,0.94,"Parameters aligned with historical baseline.",2026-08-31T06:15:24.000Z
pred_1563,cow_3,ses_1563,15,LOW,MASTITIS_RISK,0.94,"Parameters aligned with historical baseline.",2026-08-31T06:26:10.000Z
pred_1564,cow_4,ses_1564,10,LOW,MASTITIS_RISK,0.94,"Parameters aligned with historical baseline.",2026-08-31T06:45:29.000Z
pred_1565,cow_5,ses_1565,15,LOW,MASTITIS_RISK,0.94,"Parameters aligned with historical baseline.",2026-08-31T06:57:26.000Z
pred_1566,cow_6,ses_1566,8,LOW,MASTITIS_RISK,0.94,"Parameters aligned with historical baseline.",2026-08-31T07:09:36.000Z
pred_1567,cow_7,ses_1567,11,LOW,MASTITIS_RISK,0.94,"Parameters aligned with historical baseline.",2026-08-31T06:22:05.000Z
pred_1568,cow_8,ses_1568,12,LOW,MASTITIS_RISK,0.94,"Parameters aligned with historical baseline.",2026-08-31T06:27:28.000Z
pred_1569,cow_9,ses_1569,13,LOW,MASTITIS_RISK,0.94,"Parameters aligned with historical baseline.",2026-08-31T07:31:40.000Z
pred_1570,cow_10,ses_1570,16,LOW,MASTITIS_RISK,0.94,"Parameters aligned with historical baseline.",2026-08-31T06:08:06.000Z
pred_1571,cow_11,ses_1571,7,LOW,MASTITIS_RISK,0.94,"Parameters aligned with historical baseline.",2026-08-31T07:35:00.000Z
pred_1572,cow_12,ses_1572,11,LOW,MASTITIS_RISK,0.94,"Parameters aligned with historical baseline.",2026-08-31T06:59:30.000Z
pred_1573,cow_13,ses_1573,13,LOW,MASTITIS_RISK,0.94,"Parameters aligned with historical baseline.",2026-08-31T06:15:54.000Z
pred_1574,cow_14,ses_1574,12,LOW,MASTITIS_RISK,0.94,"Parameters aligned with historical baseline.",2026-08-31T07:21:29.000Z
pred_1575,cow_15,ses_1575,8,LOW,MASTITIS_RISK,0.94,"Parameters aligned with historical baseline.",2026-08-31T06:04:33.000Z
pred_1576,cow_16,ses_1576,10,LOW,MASTITIS_RISK,0.94,"Parameters aligned with historical baseline.",2026-08-31T06:11:56.000Z
pred_1577,cow_17,ses_1577,14,LOW,MASTITIS_RISK,0.94,"Parameters aligned with historical baseline.",2026-08-31T06:26:17.000Z
pred_1578,cow_18,ses_1578,16,LOW,MASTITIS_RISK,0.94,"Parameters aligned with historical baseline.",2026-08-31T07:18:19.000Z
pred_1579,cow_19,ses_1579,16,LOW,MASTITIS_RISK,0.94,"Parameters aligned with historical baseline.",2026-08-31T06:55:44.000Z
pred_1580,cow_20,ses_1580,15,LOW,MASTITIS_RISK,0.94,"Parameters aligned with historical baseline.",2026-08-31T06:30:51.000Z
pred_1581,cow_21,ses_1581,9,LOW,MASTITIS_RISK,0.94,"Parameters aligned with historical baseline.",2026-08-31T07:26:40.000Z
pred_1582,cow_22,ses_1582,16,LOW,MASTITIS_RISK,0.94,"Parameters aligned with historical baseline.",2026-08-31T06:29:03.000Z
pred_1583,cow_23,ses_1583,8,LOW,MASTITIS_RISK,0.94,"Parameters aligned with historical baseline.",2026-08-31T06:22:33.000Z
pred_1584,cow_24,ses_1584,14,LOW,MASTITIS_RISK,0.94,"Parameters aligned with historical baseline.",2026-08-31T06:39:23.000Z
pred_1585,cow_25,ses_1585,8,LOW,MASTITIS_RISK,0.94,"Parameters aligned with historical baseline.",2026-08-31T06:25:21.000Z
pred_1586,cow_26,ses_1586,32,MODERATE,MASTITIS_RISK,0.94,"Moderate deviation: SCC +40.2%, Conductivity +0.4%. Recommend continued monitoring.",2026-08-31T07:02:00.000Z
pred_1587,cow_27,ses_1587,32,MODERATE,MASTITIS_RISK,0.94,"Moderate deviation: SCC +46%, Conductivity +-0.2%. Recommend continued monitoring.",2026-08-31T06:46:47.000Z
pred_1588,cow_28,ses_1588,32,MODERATE,MASTITIS_RISK,0.94,"Moderate deviation: SCC +37.7%, Conductivity +0.7%. Recommend continued monitoring.",2026-08-31T06:18:17.000Z
pred_1589,cow_29,ses_1589,32,MODERATE,MASTITIS_RISK,0.94,"Moderate deviation: SCC +33.3%, Conductivity +-0.5%. Recommend continued monitoring.",2026-08-31T06:57:05.000Z
pred_1590,cow_30,ses_1590,32,MODERATE,MASTITIS_RISK,0.94,"Moderate deviation: SCC +55.6%, Conductivity +0.4%. Recommend continued monitoring.",2026-08-31T07:09:21.000Z
pred_1591,cow_1,ses_1591,16,LOW,MASTITIS_RISK,0.94,"Parameters aligned with historical baseline.",2026-08-31T18:08:05.000Z
pred_1592,cow_2,ses_1592,13,LOW,MASTITIS_RISK,0.94,"Parameters aligned with historical baseline.",2026-08-31T17:45:51.000Z
pred_1593,cow_3,ses_1593,13,LOW,MASTITIS_RISK,0.94,"Parameters aligned with historical baseline.",2026-08-31T17:18:56.000Z
pred_1594,cow_4,ses_1594,16,LOW,MASTITIS_RISK,0.94,"Parameters aligned with historical baseline.",2026-08-31T17:52:38.000Z
pred_1595,cow_5,ses_1595,7,LOW,MASTITIS_RISK,0.94,"Parameters aligned with historical baseline.",2026-08-31T18:07:15.000Z
pred_1596,cow_6,ses_1596,13,LOW,MASTITIS_RISK,0.94,"Parameters aligned with historical baseline.",2026-08-31T17:21:42.000Z
pred_1597,cow_7,ses_1597,15,LOW,MASTITIS_RISK,0.94,"Parameters aligned with historical baseline.",2026-08-31T17:56:31.000Z
pred_1598,cow_8,ses_1598,16,LOW,MASTITIS_RISK,0.94,"Parameters aligned with historical baseline.",2026-08-31T17:12:09.000Z
pred_1599,cow_9,ses_1599,14,LOW,MASTITIS_RISK,0.94,"Parameters aligned with historical baseline.",2026-08-31T17:35:41.000Z
pred_1600,cow_10,ses_1600,15,LOW,MASTITIS_RISK,0.94,"Parameters aligned with historical baseline.",2026-08-31T18:22:29.000Z
pred_1601,cow_11,ses_1601,10,LOW,MASTITIS_RISK,0.94,"Parameters aligned with historical baseline.",2026-08-31T18:03:29.000Z
pred_1602,cow_12,ses_1602,10,LOW,MASTITIS_RISK,0.94,"Parameters aligned with historical baseline.",2026-08-31T17:42:56.000Z
pred_1603,cow_13,ses_1603,12,LOW,MASTITIS_RISK,0.94,"Parameters aligned with historical baseline.",2026-08-31T17:43:57.000Z
pred_1604,cow_14,ses_1604,17,LOW,MASTITIS_RISK,0.94,"Parameters aligned with historical baseline.",2026-08-31T18:11:24.000Z
pred_1605,cow_15,ses_1605,16,LOW,MASTITIS_RISK,0.94,"Parameters aligned with historical baseline.",2026-08-31T17:52:46.000Z
pred_1606,cow_16,ses_1606,13,LOW,MASTITIS_RISK,0.94,"Parameters aligned with historical baseline.",2026-08-31T17:45:38.000Z
pred_1607,cow_17,ses_1607,7,LOW,MASTITIS_RISK,0.94,"Parameters aligned with historical baseline.",2026-08-31T17:14:17.000Z
pred_1608,cow_18,ses_1608,15,LOW,MASTITIS_RISK,0.94,"Parameters aligned with historical baseline.",2026-08-31T17:47:41.000Z
pred_1609,cow_19,ses_1609,17,LOW,MASTITIS_RISK,0.94,"Parameters aligned with historical baseline.",2026-08-31T17:10:26.000Z
pred_1610,cow_20,ses_1610,12,LOW,MASTITIS_RISK,0.94,"Parameters aligned with historical baseline.",2026-08-31T17:24:45.000Z
pred_1611,cow_21,ses_1611,7,LOW,MASTITIS_RISK,0.94,"Parameters aligned with historical baseline.",2026-08-31T18:16:24.000Z
pred_1612,cow_22,ses_1612,11,LOW,MASTITIS_RISK,0.94,"Parameters aligned with historical baseline.",2026-08-31T17:29:48.000Z
pred_1613,cow_23,ses_1613,11,LOW,MASTITIS_RISK,0.94,"Parameters aligned with historical baseline.",2026-08-31T18:24:42.000Z
pred_1614,cow_24,ses_1614,9,LOW,MASTITIS_RISK,0.94,"Parameters aligned with historical baseline.",2026-08-31T17:58:28.000Z
pred_1615,cow_25,ses_1615,16,LOW,MASTITIS_RISK,0.94,"Parameters aligned with historical baseline.",2026-08-31T17:49:53.000Z
pred_1616,cow_26,ses_1616,32,MODERATE,MASTITIS_RISK,0.94,"Moderate deviation: SCC +34.8%, Conductivity +0.7%. Recommend continued monitoring.",2026-08-31T17:27:10.000Z
pred_1617,cow_27,ses_1617,32,MODERATE,MASTITIS_RISK,0.94,"Moderate deviation: SCC +41%, Conductivity +0.9%. Recommend continued monitoring.",2026-08-31T18:25:39.000Z
pred_1618,cow_28,ses_1618,32,MODERATE,MASTITIS_RISK,0.94,"Moderate deviation: SCC +43.8%, Conductivity +-0.5%. Recommend continued monitoring.",2026-08-31T18:05:11.000Z
pred_1619,cow_29,ses_1619,32,MODERATE,MASTITIS_RISK,0.94,"Moderate deviation: SCC +37.3%, Conductivity +-0.9%. Recommend continued monitoring.",2026-08-31T18:02:07.000Z
pred_1620,cow_30,ses_1620,32,MODERATE,MASTITIS_RISK,0.94,"Moderate deviation: SCC +71.1%, Conductivity +-0.6%. Recommend continued monitoring.",2026-08-31T18:25:23.000Z
pred_1621,cow_1,ses_1621,12,LOW,MASTITIS_RISK,0.94,"Parameters aligned with historical baseline.",2026-09-01T07:26:56.000Z
pred_1622,cow_2,ses_1622,14,LOW,MASTITIS_RISK,0.94,"Parameters aligned with historical baseline.",2026-09-01T06:08:49.000Z
pred_1623,cow_3,ses_1623,15,LOW,MASTITIS_RISK,0.94,"Parameters aligned with historical baseline.",2026-09-01T07:30:38.000Z
pred_1624,cow_4,ses_1624,10,LOW,MASTITIS_RISK,0.94,"Parameters aligned with historical baseline.",2026-09-01T06:37:11.000Z
pred_1625,cow_5,ses_1625,12,LOW,MASTITIS_RISK,0.94,"Parameters aligned with historical baseline.",2026-09-01T07:30:02.000Z
pred_1626,cow_6,ses_1626,15,LOW,MASTITIS_RISK,0.94,"Parameters aligned with historical baseline.",2026-09-01T06:11:23.000Z
pred_1627,cow_7,ses_1627,14,LOW,MASTITIS_RISK,0.94,"Parameters aligned with historical baseline.",2026-09-01T06:53:30.000Z
pred_1628,cow_8,ses_1628,8,LOW,MASTITIS_RISK,0.94,"Parameters aligned with historical baseline.",2026-09-01T07:29:26.000Z
pred_1629,cow_9,ses_1629,10,LOW,MASTITIS_RISK,0.94,"Parameters aligned with historical baseline.",2026-09-01T06:44:32.000Z
pred_1630,cow_10,ses_1630,15,LOW,MASTITIS_RISK,0.94,"Parameters aligned with historical baseline.",2026-09-01T07:02:32.000Z
pred_1631,cow_11,ses_1631,10,LOW,MASTITIS_RISK,0.94,"Parameters aligned with historical baseline.",2026-09-01T06:18:26.000Z
pred_1632,cow_12,ses_1632,15,LOW,MASTITIS_RISK,0.94,"Parameters aligned with historical baseline.",2026-09-01T07:28:13.000Z
pred_1633,cow_13,ses_1633,10,LOW,MASTITIS_RISK,0.94,"Parameters aligned with historical baseline.",2026-09-01T07:17:57.000Z
pred_1634,cow_14,ses_1634,17,LOW,MASTITIS_RISK,0.94,"Parameters aligned with historical baseline.",2026-09-01T07:22:30.000Z
pred_1635,cow_15,ses_1635,8,LOW,MASTITIS_RISK,0.94,"Parameters aligned with historical baseline.",2026-09-01T07:06:49.000Z
pred_1636,cow_16,ses_1636,9,LOW,MASTITIS_RISK,0.94,"Parameters aligned with historical baseline.",2026-09-01T07:07:32.000Z
pred_1637,cow_17,ses_1637,7,LOW,MASTITIS_RISK,0.94,"Parameters aligned with historical baseline.",2026-09-01T06:55:47.000Z
pred_1638,cow_18,ses_1638,12,LOW,MASTITIS_RISK,0.94,"Parameters aligned with historical baseline.",2026-09-01T06:49:33.000Z
pred_1639,cow_19,ses_1639,15,LOW,MASTITIS_RISK,0.94,"Parameters aligned with historical baseline.",2026-09-01T06:20:01.000Z
pred_1640,cow_20,ses_1640,12,LOW,MASTITIS_RISK,0.94,"Parameters aligned with historical baseline.",2026-09-01T06:55:27.000Z
pred_1641,cow_21,ses_1641,7,LOW,MASTITIS_RISK,0.94,"Parameters aligned with historical baseline.",2026-09-01T06:14:46.000Z
pred_1642,cow_22,ses_1642,14,LOW,MASTITIS_RISK,0.94,"Parameters aligned with historical baseline.",2026-09-01T06:12:42.000Z
pred_1643,cow_23,ses_1643,16,LOW,MASTITIS_RISK,0.94,"Parameters aligned with historical baseline.",2026-09-01T07:26:49.000Z
pred_1644,cow_24,ses_1644,13,LOW,MASTITIS_RISK,0.94,"Parameters aligned with historical baseline.",2026-09-01T06:56:49.000Z
pred_1645,cow_25,ses_1645,16,LOW,MASTITIS_RISK,0.94,"Parameters aligned with historical baseline.",2026-09-01T06:10:30.000Z
pred_1646,cow_26,ses_1646,33,MODERATE,MASTITIS_RISK,0.94,"Moderate deviation: SCC +41.7%, Conductivity +-0.5%. Recommend continued monitoring.",2026-09-01T07:24:14.000Z
pred_1647,cow_27,ses_1647,33,MODERATE,MASTITIS_RISK,0.94,"Moderate deviation: SCC +40.3%, Conductivity +-0.4%. Recommend continued monitoring.",2026-09-01T06:16:04.000Z
pred_1648,cow_28,ses_1648,33,MODERATE,MASTITIS_RISK,0.94,"Moderate deviation: SCC +43.2%, Conductivity +0.4%. Recommend continued monitoring.",2026-09-01T06:52:57.000Z
pred_1649,cow_29,ses_1649,33,MODERATE,MASTITIS_RISK,0.94,"Moderate deviation: SCC +45.1%, Conductivity +-0.2%. Recommend continued monitoring.",2026-09-01T07:06:19.000Z
pred_1650,cow_30,ses_1650,33,MODERATE,MASTITIS_RISK,0.94,"Moderate deviation: SCC +67.8%, Conductivity +-0.2%. Recommend continued monitoring.",2026-09-01T06:21:20.000Z
pred_1651,cow_1,ses_1651,11,LOW,MASTITIS_RISK,0.94,"Parameters aligned with historical baseline.",2026-09-01T18:28:13.000Z
pred_1652,cow_2,ses_1652,13,LOW,MASTITIS_RISK,0.94,"Parameters aligned with historical baseline.",2026-09-01T18:31:51.000Z
pred_1653,cow_3,ses_1653,10,LOW,MASTITIS_RISK,0.94,"Parameters aligned with historical baseline.",2026-09-01T17:49:22.000Z
pred_1654,cow_4,ses_1654,8,LOW,MASTITIS_RISK,0.94,"Parameters aligned with historical baseline.",2026-09-01T17:42:16.000Z
pred_1655,cow_5,ses_1655,9,LOW,MASTITIS_RISK,0.94,"Parameters aligned with historical baseline.",2026-09-01T18:00:26.000Z
pred_1656,cow_6,ses_1656,14,LOW,MASTITIS_RISK,0.94,"Parameters aligned with historical baseline.",2026-09-01T17:34:25.000Z
pred_1657,cow_7,ses_1657,11,LOW,MASTITIS_RISK,0.94,"Parameters aligned with historical baseline.",2026-09-01T17:34:25.000Z
pred_1658,cow_8,ses_1658,13,LOW,MASTITIS_RISK,0.94,"Parameters aligned with historical baseline.",2026-09-01T17:57:42.000Z
pred_1659,cow_9,ses_1659,14,LOW,MASTITIS_RISK,0.94,"Parameters aligned with historical baseline.",2026-09-01T18:01:18.000Z
pred_1660,cow_10,ses_1660,13,LOW,MASTITIS_RISK,0.94,"Parameters aligned with historical baseline.",2026-09-01T17:19:46.000Z
pred_1661,cow_11,ses_1661,17,LOW,MASTITIS_RISK,0.94,"Parameters aligned with historical baseline.",2026-09-01T17:45:25.000Z
pred_1662,cow_12,ses_1662,10,LOW,MASTITIS_RISK,0.94,"Parameters aligned with historical baseline.",2026-09-01T17:12:08.000Z
pred_1663,cow_13,ses_1663,12,LOW,MASTITIS_RISK,0.94,"Parameters aligned with historical baseline.",2026-09-01T17:54:10.000Z
pred_1664,cow_14,ses_1664,10,LOW,MASTITIS_RISK,0.94,"Parameters aligned with historical baseline.",2026-09-01T17:54:35.000Z
pred_1665,cow_15,ses_1665,7,LOW,MASTITIS_RISK,0.94,"Parameters aligned with historical baseline.",2026-09-01T18:23:32.000Z
pred_1666,cow_16,ses_1666,9,LOW,MASTITIS_RISK,0.94,"Parameters aligned with historical baseline.",2026-09-01T18:17:44.000Z
pred_1667,cow_17,ses_1667,9,LOW,MASTITIS_RISK,0.94,"Parameters aligned with historical baseline.",2026-09-01T17:59:35.000Z
pred_1668,cow_18,ses_1668,9,LOW,MASTITIS_RISK,0.94,"Parameters aligned with historical baseline.",2026-09-01T17:19:38.000Z
pred_1669,cow_19,ses_1669,9,LOW,MASTITIS_RISK,0.94,"Parameters aligned with historical baseline.",2026-09-01T17:11:59.000Z
pred_1670,cow_20,ses_1670,16,LOW,MASTITIS_RISK,0.94,"Parameters aligned with historical baseline.",2026-09-01T17:30:36.000Z
pred_1671,cow_21,ses_1671,9,LOW,MASTITIS_RISK,0.94,"Parameters aligned with historical baseline.",2026-09-01T18:26:56.000Z
pred_1672,cow_22,ses_1672,12,LOW,MASTITIS_RISK,0.94,"Parameters aligned with historical baseline.",2026-09-01T18:14:44.000Z
pred_1673,cow_23,ses_1673,13,LOW,MASTITIS_RISK,0.94,"Parameters aligned with historical baseline.",2026-09-01T17:32:03.000Z
pred_1674,cow_24,ses_1674,9,LOW,MASTITIS_RISK,0.94,"Parameters aligned with historical baseline.",2026-09-01T17:08:30.000Z
pred_1675,cow_25,ses_1675,16,LOW,MASTITIS_RISK,0.94,"Parameters aligned with historical baseline.",2026-09-01T17:24:10.000Z
pred_1676,cow_26,ses_1676,33,MODERATE,MASTITIS_RISK,0.94,"Moderate deviation: SCC +44.7%, Conductivity +-0.9%. Recommend continued monitoring.",2026-09-01T18:24:03.000Z
pred_1677,cow_27,ses_1677,33,MODERATE,MASTITIS_RISK,0.94,"Moderate deviation: SCC +40.3%, Conductivity +-0.2%. Recommend continued monitoring.",2026-09-01T17:52:10.000Z
pred_1678,cow_28,ses_1678,33,MODERATE,MASTITIS_RISK,0.94,"Moderate deviation: SCC +41.1%, Conductivity +0.9%. Recommend continued monitoring.",2026-09-01T17:28:50.000Z
pred_1679,cow_29,ses_1679,33,MODERATE,MASTITIS_RISK,0.94,"Moderate deviation: SCC +35.9%, Conductivity +0.5%. Recommend continued monitoring.",2026-09-01T17:34:38.000Z
pred_1680,cow_30,ses_1680,33,MODERATE,MASTITIS_RISK,0.94,"Moderate deviation: SCC +58.9%, Conductivity +-0.9%. Recommend continued monitoring.",2026-09-01T18:10:32.000Z
pred_1681,cow_1,ses_1681,8,LOW,MASTITIS_RISK,0.94,"Parameters aligned with historical baseline.",2026-09-02T06:54:49.000Z
pred_1682,cow_2,ses_1682,15,LOW,MASTITIS_RISK,0.94,"Parameters aligned with historical baseline.",2026-09-02T06:44:01.000Z
pred_1683,cow_3,ses_1683,14,LOW,MASTITIS_RISK,0.94,"Parameters aligned with historical baseline.",2026-09-02T06:07:51.000Z
pred_1684,cow_4,ses_1684,12,LOW,MASTITIS_RISK,0.94,"Parameters aligned with historical baseline.",2026-09-02T07:05:45.000Z
pred_1685,cow_5,ses_1685,14,LOW,MASTITIS_RISK,0.94,"Parameters aligned with historical baseline.",2026-09-02T06:08:53.000Z
pred_1686,cow_6,ses_1686,10,LOW,MASTITIS_RISK,0.94,"Parameters aligned with historical baseline.",2026-09-02T07:19:47.000Z
pred_1687,cow_7,ses_1687,10,LOW,MASTITIS_RISK,0.94,"Parameters aligned with historical baseline.",2026-09-02T07:03:38.000Z
pred_1688,cow_8,ses_1688,14,LOW,MASTITIS_RISK,0.94,"Parameters aligned with historical baseline.",2026-09-02T06:14:26.000Z
pred_1689,cow_9,ses_1689,10,LOW,MASTITIS_RISK,0.94,"Parameters aligned with historical baseline.",2026-09-02T06:30:40.000Z
pred_1690,cow_10,ses_1690,15,LOW,MASTITIS_RISK,0.94,"Parameters aligned with historical baseline.",2026-09-02T07:02:46.000Z
pred_1691,cow_11,ses_1691,10,LOW,MASTITIS_RISK,0.94,"Parameters aligned with historical baseline.",2026-09-02T06:42:56.000Z
pred_1692,cow_12,ses_1692,16,LOW,MASTITIS_RISK,0.94,"Parameters aligned with historical baseline.",2026-09-02T06:29:54.000Z
pred_1693,cow_13,ses_1693,15,LOW,MASTITIS_RISK,0.94,"Parameters aligned with historical baseline.",2026-09-02T06:27:39.000Z
pred_1694,cow_14,ses_1694,10,LOW,MASTITIS_RISK,0.94,"Parameters aligned with historical baseline.",2026-09-02T06:12:04.000Z
pred_1695,cow_15,ses_1695,10,LOW,MASTITIS_RISK,0.94,"Parameters aligned with historical baseline.",2026-09-02T06:54:51.000Z
pred_1696,cow_16,ses_1696,17,LOW,MASTITIS_RISK,0.94,"Parameters aligned with historical baseline.",2026-09-02T07:29:10.000Z
pred_1697,cow_17,ses_1697,8,LOW,MASTITIS_RISK,0.94,"Parameters aligned with historical baseline.",2026-09-02T06:37:06.000Z
pred_1698,cow_18,ses_1698,11,LOW,MASTITIS_RISK,0.94,"Parameters aligned with historical baseline.",2026-09-02T07:12:09.000Z
pred_1699,cow_19,ses_1699,15,LOW,MASTITIS_RISK,0.94,"Parameters aligned with historical baseline.",2026-09-02T07:18:13.000Z
pred_1700,cow_20,ses_1700,12,LOW,MASTITIS_RISK,0.94,"Parameters aligned with historical baseline.",2026-09-02T06:31:38.000Z
pred_1701,cow_21,ses_1701,8,LOW,MASTITIS_RISK,0.94,"Parameters aligned with historical baseline.",2026-09-02T06:29:44.000Z
pred_1702,cow_22,ses_1702,16,LOW,MASTITIS_RISK,0.94,"Parameters aligned with historical baseline.",2026-09-02T06:32:34.000Z
pred_1703,cow_23,ses_1703,15,LOW,MASTITIS_RISK,0.94,"Parameters aligned with historical baseline.",2026-09-02T07:33:00.000Z
pred_1704,cow_24,ses_1704,14,LOW,MASTITIS_RISK,0.94,"Parameters aligned with historical baseline.",2026-09-02T06:25:25.000Z
pred_1705,cow_25,ses_1705,8,LOW,MASTITIS_RISK,0.94,"Parameters aligned with historical baseline.",2026-09-02T06:30:42.000Z
pred_1706,cow_26,ses_1706,34,MODERATE,MASTITIS_RISK,0.94,"Moderate deviation: SCC +51.5%, Conductivity +-0.5%. Recommend continued monitoring.",2026-09-02T06:53:42.000Z
pred_1707,cow_27,ses_1707,34,MODERATE,MASTITIS_RISK,0.94,"Moderate deviation: SCC +50.4%, Conductivity +-0.4%. Recommend continued monitoring.",2026-09-02T06:09:42.000Z
pred_1708,cow_28,ses_1708,34,MODERATE,MASTITIS_RISK,0.94,"Moderate deviation: SCC +45.2%, Conductivity +0.9%. Recommend continued monitoring.",2026-09-02T06:58:08.000Z
pred_1709,cow_29,ses_1709,34,MODERATE,MASTITIS_RISK,0.94,"Moderate deviation: SCC +46.4%, Conductivity +0.7%. Recommend continued monitoring.",2026-09-02T07:29:21.000Z
pred_1710,cow_30,ses_1710,34,MODERATE,MASTITIS_RISK,0.94,"Moderate deviation: SCC +68.9%, Conductivity +-0.9%. Recommend continued monitoring.",2026-09-02T07:23:23.000Z
pred_1711,cow_1,ses_1711,12,LOW,MASTITIS_RISK,0.94,"Parameters aligned with historical baseline.",2026-09-02T18:34:49.000Z
pred_1712,cow_2,ses_1712,15,LOW,MASTITIS_RISK,0.94,"Parameters aligned with historical baseline.",2026-09-02T18:03:00.000Z
pred_1713,cow_3,ses_1713,14,LOW,MASTITIS_RISK,0.94,"Parameters aligned with historical baseline.",2026-09-02T17:26:30.000Z
pred_1714,cow_4,ses_1714,10,LOW,MASTITIS_RISK,0.94,"Parameters aligned with historical baseline.",2026-09-02T18:02:08.000Z
pred_1715,cow_5,ses_1715,10,LOW,MASTITIS_RISK,0.94,"Parameters aligned with historical baseline.",2026-09-02T18:29:58.000Z
pred_1716,cow_6,ses_1716,10,LOW,MASTITIS_RISK,0.94,"Parameters aligned with historical baseline.",2026-09-02T17:38:26.000Z
pred_1717,cow_7,ses_1717,16,LOW,MASTITIS_RISK,0.94,"Parameters aligned with historical baseline.",2026-09-02T17:35:14.000Z
pred_1718,cow_8,ses_1718,11,LOW,MASTITIS_RISK,0.94,"Parameters aligned with historical baseline.",2026-09-02T17:21:06.000Z
pred_1719,cow_9,ses_1719,13,LOW,MASTITIS_RISK,0.94,"Parameters aligned with historical baseline.",2026-09-02T17:58:21.000Z
pred_1720,cow_10,ses_1720,17,LOW,MASTITIS_RISK,0.94,"Parameters aligned with historical baseline.",2026-09-02T17:13:09.000Z
pred_1721,cow_11,ses_1721,7,LOW,MASTITIS_RISK,0.94,"Parameters aligned with historical baseline.",2026-09-02T18:17:13.000Z
pred_1722,cow_12,ses_1722,17,LOW,MASTITIS_RISK,0.94,"Parameters aligned with historical baseline.",2026-09-02T18:11:14.000Z
pred_1723,cow_13,ses_1723,15,LOW,MASTITIS_RISK,0.94,"Parameters aligned with historical baseline.",2026-09-02T17:45:52.000Z
pred_1724,cow_14,ses_1724,11,LOW,MASTITIS_RISK,0.94,"Parameters aligned with historical baseline.",2026-09-02T18:00:50.000Z
pred_1725,cow_15,ses_1725,14,LOW,MASTITIS_RISK,0.94,"Parameters aligned with historical baseline.",2026-09-02T17:36:43.000Z
pred_1726,cow_16,ses_1726,16,LOW,MASTITIS_RISK,0.94,"Parameters aligned with historical baseline.",2026-09-02T18:33:13.000Z
pred_1727,cow_17,ses_1727,8,LOW,MASTITIS_RISK,0.94,"Parameters aligned with historical baseline.",2026-09-02T17:51:38.000Z
pred_1728,cow_18,ses_1728,11,LOW,MASTITIS_RISK,0.94,"Parameters aligned with historical baseline.",2026-09-02T17:18:27.000Z
pred_1729,cow_19,ses_1729,17,LOW,MASTITIS_RISK,0.94,"Parameters aligned with historical baseline.",2026-09-02T17:14:06.000Z
pred_1730,cow_20,ses_1730,11,LOW,MASTITIS_RISK,0.94,"Parameters aligned with historical baseline.",2026-09-02T17:05:12.000Z
pred_1731,cow_21,ses_1731,11,LOW,MASTITIS_RISK,0.94,"Parameters aligned with historical baseline.",2026-09-02T17:36:36.000Z
pred_1732,cow_22,ses_1732,15,LOW,MASTITIS_RISK,0.94,"Parameters aligned with historical baseline.",2026-09-02T17:42:08.000Z
pred_1733,cow_23,ses_1733,15,LOW,MASTITIS_RISK,0.94,"Parameters aligned with historical baseline.",2026-09-02T18:23:04.000Z
pred_1734,cow_24,ses_1734,9,LOW,MASTITIS_RISK,0.94,"Parameters aligned with historical baseline.",2026-09-02T18:02:20.000Z
pred_1735,cow_25,ses_1735,15,LOW,MASTITIS_RISK,0.94,"Parameters aligned with historical baseline.",2026-09-02T18:03:40.000Z
pred_1736,cow_26,ses_1736,34,MODERATE,MASTITIS_RISK,0.94,"Moderate deviation: SCC +50.8%, Conductivity +0.0%. Recommend continued monitoring.",2026-09-02T18:16:10.000Z
pred_1737,cow_27,ses_1737,34,MODERATE,MASTITIS_RISK,0.94,"Moderate deviation: SCC +46%, Conductivity +1.1%. Recommend continued monitoring.",2026-09-02T18:27:46.000Z
pred_1738,cow_28,ses_1738,34,MODERATE,MASTITIS_RISK,0.94,"Moderate deviation: SCC +41.1%, Conductivity +-0.7%. Recommend continued monitoring.",2026-09-02T18:34:34.000Z
pred_1739,cow_29,ses_1739,34,MODERATE,MASTITIS_RISK,0.94,"Moderate deviation: SCC +41.2%, Conductivity +0.9%. Recommend continued monitoring.",2026-09-02T17:42:51.000Z
pred_1740,cow_30,ses_1740,34,MODERATE,MASTITIS_RISK,0.94,"Moderate deviation: SCC +85.6%, Conductivity +0.2%. Recommend continued monitoring.",2026-09-02T17:56:25.000Z
pred_1741,cow_1,ses_1741,8,LOW,MASTITIS_RISK,0.94,"Parameters aligned with historical baseline.",2026-09-03T06:30:42.000Z
pred_1742,cow_2,ses_1742,16,LOW,MASTITIS_RISK,0.94,"Parameters aligned with historical baseline.",2026-09-03T07:35:38.000Z
pred_1743,cow_3,ses_1743,14,LOW,MASTITIS_RISK,0.94,"Parameters aligned with historical baseline.",2026-09-03T07:20:16.000Z
pred_1744,cow_4,ses_1744,14,LOW,MASTITIS_RISK,0.94,"Parameters aligned with historical baseline.",2026-09-03T06:50:00.000Z
pred_1745,cow_5,ses_1745,13,LOW,MASTITIS_RISK,0.94,"Parameters aligned with historical baseline.",2026-09-03T06:16:31.000Z
pred_1746,cow_6,ses_1746,9,LOW,MASTITIS_RISK,0.94,"Parameters aligned with historical baseline.",2026-09-03T07:22:06.000Z
pred_1747,cow_7,ses_1747,12,LOW,MASTITIS_RISK,0.94,"Parameters aligned with historical baseline.",2026-09-03T06:49:09.000Z
pred_1748,cow_8,ses_1748,13,LOW,MASTITIS_RISK,0.94,"Parameters aligned with historical baseline.",2026-09-03T07:01:24.000Z
pred_1749,cow_9,ses_1749,17,LOW,MASTITIS_RISK,0.94,"Parameters aligned with historical baseline.",2026-09-03T07:30:18.000Z
pred_1750,cow_10,ses_1750,8,LOW,MASTITIS_RISK,0.94,"Parameters aligned with historical baseline.",2026-09-03T06:15:07.000Z
pred_1751,cow_11,ses_1751,11,LOW,MASTITIS_RISK,0.94,"Parameters aligned with historical baseline.",2026-09-03T06:31:57.000Z
pred_1752,cow_12,ses_1752,15,LOW,MASTITIS_RISK,0.94,"Parameters aligned with historical baseline.",2026-09-03T06:08:38.000Z
pred_1753,cow_13,ses_1753,7,LOW,MASTITIS_RISK,0.94,"Parameters aligned with historical baseline.",2026-09-03T06:13:31.000Z
pred_1754,cow_14,ses_1754,9,LOW,MASTITIS_RISK,0.94,"Parameters aligned with historical baseline.",2026-09-03T06:08:43.000Z
pred_1755,cow_15,ses_1755,7,LOW,MASTITIS_RISK,0.94,"Parameters aligned with historical baseline.",2026-09-03T06:27:48.000Z
pred_1756,cow_16,ses_1756,13,LOW,MASTITIS_RISK,0.94,"Parameters aligned with historical baseline.",2026-09-03T06:48:57.000Z
pred_1757,cow_17,ses_1757,10,LOW,MASTITIS_RISK,0.94,"Parameters aligned with historical baseline.",2026-09-03T06:38:38.000Z
pred_1758,cow_18,ses_1758,16,LOW,MASTITIS_RISK,0.94,"Parameters aligned with historical baseline.",2026-09-03T07:18:45.000Z
pred_1759,cow_19,ses_1759,14,LOW,MASTITIS_RISK,0.94,"Parameters aligned with historical baseline.",2026-09-03T07:04:00.000Z
pred_1760,cow_20,ses_1760,8,LOW,MASTITIS_RISK,0.94,"Parameters aligned with historical baseline.",2026-09-03T07:30:22.000Z
pred_1761,cow_21,ses_1761,11,LOW,MASTITIS_RISK,0.94,"Parameters aligned with historical baseline.",2026-09-03T07:03:47.000Z
pred_1762,cow_22,ses_1762,10,LOW,MASTITIS_RISK,0.94,"Parameters aligned with historical baseline.",2026-09-03T06:41:24.000Z
pred_1763,cow_23,ses_1763,15,LOW,MASTITIS_RISK,0.94,"Parameters aligned with historical baseline.",2026-09-03T07:06:10.000Z
pred_1764,cow_24,ses_1764,7,LOW,MASTITIS_RISK,0.94,"Parameters aligned with historical baseline.",2026-09-03T06:21:05.000Z
pred_1765,cow_25,ses_1765,12,LOW,MASTITIS_RISK,0.94,"Parameters aligned with historical baseline.",2026-09-03T06:07:43.000Z
pred_1766,cow_26,ses_1766,35,MODERATE,MASTITIS_RISK,0.94,"Moderate deviation: SCC +54.5%, Conductivity +-0.7%. Recommend continued monitoring.",2026-09-03T07:02:10.000Z
pred_1767,cow_27,ses_1767,35,MODERATE,MASTITIS_RISK,0.94,"Moderate deviation: SCC +57.6%, Conductivity +-0.7%. Recommend continued monitoring.",2026-09-03T07:25:03.000Z
pred_1768,cow_28,ses_1768,35,MODERATE,MASTITIS_RISK,0.94,"Moderate deviation: SCC +53.4%, Conductivity +0.5%. Recommend continued monitoring.",2026-09-03T06:10:11.000Z
pred_1769,cow_29,ses_1769,35,MODERATE,MASTITIS_RISK,0.94,"Moderate deviation: SCC +45.1%, Conductivity +0.0%. Recommend continued monitoring.",2026-09-03T06:52:13.000Z
pred_1770,cow_30,ses_1770,35,MODERATE,MASTITIS_RISK,0.94,"Moderate deviation: SCC +90%, Conductivity +0.7%. Recommend continued monitoring.",2026-09-03T06:05:06.000Z
pred_1771,cow_1,ses_1771,10,LOW,MASTITIS_RISK,0.94,"Parameters aligned with historical baseline.",2026-09-03T17:22:59.000Z
pred_1772,cow_2,ses_1772,16,LOW,MASTITIS_RISK,0.94,"Parameters aligned with historical baseline.",2026-09-03T18:04:16.000Z
pred_1773,cow_3,ses_1773,12,LOW,MASTITIS_RISK,0.94,"Parameters aligned with historical baseline.",2026-09-03T17:16:46.000Z
pred_1774,cow_4,ses_1774,13,LOW,MASTITIS_RISK,0.94,"Parameters aligned with historical baseline.",2026-09-03T17:55:24.000Z
pred_1775,cow_5,ses_1775,16,LOW,MASTITIS_RISK,0.94,"Parameters aligned with historical baseline.",2026-09-03T17:24:12.000Z
pred_1776,cow_6,ses_1776,8,LOW,MASTITIS_RISK,0.94,"Parameters aligned with historical baseline.",2026-09-03T17:13:55.000Z
pred_1777,cow_7,ses_1777,11,LOW,MASTITIS_RISK,0.94,"Parameters aligned with historical baseline.",2026-09-03T18:31:16.000Z
pred_1778,cow_8,ses_1778,8,LOW,MASTITIS_RISK,0.94,"Parameters aligned with historical baseline.",2026-09-03T18:12:17.000Z
pred_1779,cow_9,ses_1779,16,LOW,MASTITIS_RISK,0.94,"Parameters aligned with historical baseline.",2026-09-03T18:15:20.000Z
pred_1780,cow_10,ses_1780,10,LOW,MASTITIS_RISK,0.94,"Parameters aligned with historical baseline.",2026-09-03T17:54:49.000Z
pred_1781,cow_11,ses_1781,14,LOW,MASTITIS_RISK,0.94,"Parameters aligned with historical baseline.",2026-09-03T18:16:04.000Z
pred_1782,cow_12,ses_1782,9,LOW,MASTITIS_RISK,0.94,"Parameters aligned with historical baseline.",2026-09-03T17:14:50.000Z
pred_1783,cow_13,ses_1783,9,LOW,MASTITIS_RISK,0.94,"Parameters aligned with historical baseline.",2026-09-03T18:00:33.000Z
pred_1784,cow_14,ses_1784,11,LOW,MASTITIS_RISK,0.94,"Parameters aligned with historical baseline.",2026-09-03T17:51:11.000Z
pred_1785,cow_15,ses_1785,12,LOW,MASTITIS_RISK,0.94,"Parameters aligned with historical baseline.",2026-09-03T18:07:23.000Z
pred_1786,cow_16,ses_1786,8,LOW,MASTITIS_RISK,0.94,"Parameters aligned with historical baseline.",2026-09-03T18:21:46.000Z
pred_1787,cow_17,ses_1787,10,LOW,MASTITIS_RISK,0.94,"Parameters aligned with historical baseline.",2026-09-03T17:47:10.000Z
pred_1788,cow_18,ses_1788,13,LOW,MASTITIS_RISK,0.94,"Parameters aligned with historical baseline.",2026-09-03T18:17:19.000Z
pred_1789,cow_19,ses_1789,17,LOW,MASTITIS_RISK,0.94,"Parameters aligned with historical baseline.",2026-09-03T18:13:46.000Z
pred_1790,cow_20,ses_1790,13,LOW,MASTITIS_RISK,0.94,"Parameters aligned with historical baseline.",2026-09-03T17:49:57.000Z
pred_1791,cow_21,ses_1791,16,LOW,MASTITIS_RISK,0.94,"Parameters aligned with historical baseline.",2026-09-03T17:12:28.000Z
pred_1792,cow_22,ses_1792,10,LOW,MASTITIS_RISK,0.94,"Parameters aligned with historical baseline.",2026-09-03T18:10:16.000Z
pred_1793,cow_23,ses_1793,7,LOW,MASTITIS_RISK,0.94,"Parameters aligned with historical baseline.",2026-09-03T18:07:15.000Z
pred_1794,cow_24,ses_1794,8,LOW,MASTITIS_RISK,0.94,"Parameters aligned with historical baseline.",2026-09-03T18:05:46.000Z
pred_1795,cow_25,ses_1795,7,LOW,MASTITIS_RISK,0.94,"Parameters aligned with historical baseline.",2026-09-03T17:07:36.000Z
pred_1796,cow_26,ses_1796,35,MODERATE,MASTITIS_RISK,0.94,"Moderate deviation: SCC +68.2%, Conductivity +-0.7%. Recommend continued monitoring.",2026-09-03T17:08:44.000Z
pred_1797,cow_27,ses_1797,35,MODERATE,MASTITIS_RISK,0.94,"Moderate deviation: SCC +53.2%, Conductivity +0.0%. Recommend continued monitoring.",2026-09-03T17:49:27.000Z
pred_1798,cow_28,ses_1798,35,MODERATE,MASTITIS_RISK,0.94,"Moderate deviation: SCC +50%, Conductivity +0.7%. Recommend continued monitoring.",2026-09-03T17:51:21.000Z
pred_1799,cow_29,ses_1799,35,MODERATE,MASTITIS_RISK,0.94,"Moderate deviation: SCC +45.1%, Conductivity +-0.2%. Recommend continued monitoring.",2026-09-03T17:24:08.000Z
pred_1800,cow_30,ses_1800,35,MODERATE,MASTITIS_RISK,0.94,"Moderate deviation: SCC +76.7%, Conductivity +-0.2%. Recommend continued monitoring.",2026-09-03T18:33:44.000Z
pred_1801,cow_1,ses_1801,11,LOW,MASTITIS_RISK,0.94,"Parameters aligned with historical baseline.",2026-09-04T07:28:35.000Z
pred_1802,cow_2,ses_1802,16,LOW,MASTITIS_RISK,0.94,"Parameters aligned with historical baseline.",2026-09-04T06:05:30.000Z
pred_1803,cow_3,ses_1803,14,LOW,MASTITIS_RISK,0.94,"Parameters aligned with historical baseline.",2026-09-04T07:26:46.000Z
pred_1804,cow_4,ses_1804,12,LOW,MASTITIS_RISK,0.94,"Parameters aligned with historical baseline.",2026-09-04T06:56:19.000Z
pred_1805,cow_5,ses_1805,9,LOW,MASTITIS_RISK,0.94,"Parameters aligned with historical baseline.",2026-09-04T06:52:55.000Z
pred_1806,cow_6,ses_1806,8,LOW,MASTITIS_RISK,0.94,"Parameters aligned with historical baseline.",2026-09-04T07:07:57.000Z
pred_1807,cow_7,ses_1807,10,LOW,MASTITIS_RISK,0.94,"Parameters aligned with historical baseline.",2026-09-04T07:08:56.000Z
pred_1808,cow_8,ses_1808,7,LOW,MASTITIS_RISK,0.94,"Parameters aligned with historical baseline.",2026-09-04T06:24:01.000Z
pred_1809,cow_9,ses_1809,14,LOW,MASTITIS_RISK,0.94,"Parameters aligned with historical baseline.",2026-09-04T06:12:15.000Z
pred_1810,cow_10,ses_1810,13,LOW,MASTITIS_RISK,0.94,"Parameters aligned with historical baseline.",2026-09-04T06:39:41.000Z
pred_1811,cow_11,ses_1811,16,LOW,MASTITIS_RISK,0.94,"Parameters aligned with historical baseline.",2026-09-04T06:41:14.000Z
pred_1812,cow_12,ses_1812,15,LOW,MASTITIS_RISK,0.94,"Parameters aligned with historical baseline.",2026-09-04T07:31:52.000Z
pred_1813,cow_13,ses_1813,13,LOW,MASTITIS_RISK,0.94,"Parameters aligned with historical baseline.",2026-09-04T06:34:58.000Z
pred_1814,cow_14,ses_1814,13,LOW,MASTITIS_RISK,0.94,"Parameters aligned with historical baseline.",2026-09-04T06:40:22.000Z
pred_1815,cow_15,ses_1815,16,LOW,MASTITIS_RISK,0.94,"Parameters aligned with historical baseline.",2026-09-04T06:24:28.000Z
pred_1816,cow_16,ses_1816,17,LOW,MASTITIS_RISK,0.94,"Parameters aligned with historical baseline.",2026-09-04T07:33:54.000Z
pred_1817,cow_17,ses_1817,15,LOW,MASTITIS_RISK,0.94,"Parameters aligned with historical baseline.",2026-09-04T06:57:12.000Z
pred_1818,cow_18,ses_1818,12,LOW,MASTITIS_RISK,0.94,"Parameters aligned with historical baseline.",2026-09-04T07:24:21.000Z
pred_1819,cow_19,ses_1819,13,LOW,MASTITIS_RISK,0.94,"Parameters aligned with historical baseline.",2026-09-04T07:08:28.000Z
pred_1820,cow_20,ses_1820,13,LOW,MASTITIS_RISK,0.94,"Parameters aligned with historical baseline.",2026-09-04T06:16:46.000Z
pred_1821,cow_21,ses_1821,31,MODERATE,MASTITIS_RISK,0.94,"Moderate deviation: SCC +6.2%, Conductivity +0.7%. Recommend continued monitoring.",2026-09-04T07:18:57.000Z
pred_1822,cow_22,ses_1822,32,MODERATE,MASTITIS_RISK,0.94,"Moderate deviation: SCC +10.6%, Conductivity +0.4%. Recommend continued monitoring.",2026-09-04T07:33:13.000Z
pred_1823,cow_23,ses_1823,30,MODERATE,MASTITIS_RISK,0.94,"Moderate deviation: SCC +-2.7%, Conductivity +1.1%. Recommend continued monitoring.",2026-09-04T06:42:11.000Z
pred_1824,cow_24,ses_1824,29,LOW,MASTITIS_RISK,0.94,"Parameters aligned with historical baseline.",2026-09-04T07:10:07.000Z
pred_1825,cow_25,ses_1825,30,MODERATE,MASTITIS_RISK,0.94,"Moderate deviation: SCC +4.8%, Conductivity +0.7%. Recommend continued monitoring.",2026-09-04T06:26:28.000Z
pred_1826,cow_26,ses_1826,36,MODERATE,MASTITIS_RISK,0.94,"Moderate deviation: SCC +74.2%, Conductivity +0.7%. Recommend continued monitoring.",2026-09-04T06:20:51.000Z
pred_1827,cow_27,ses_1827,36,MODERATE,MASTITIS_RISK,0.94,"Moderate deviation: SCC +56.8%, Conductivity +-0.4%. Recommend continued monitoring.",2026-09-04T06:18:24.000Z
pred_1828,cow_28,ses_1828,36,MODERATE,MASTITIS_RISK,0.94,"Moderate deviation: SCC +58.2%, Conductivity +-0.5%. Recommend continued monitoring.",2026-09-04T06:46:58.000Z
pred_1829,cow_29,ses_1829,36,MODERATE,MASTITIS_RISK,0.94,"Moderate deviation: SCC +49.7%, Conductivity +0.7%. Recommend continued monitoring.",2026-09-04T07:11:04.000Z
pred_1830,cow_30,ses_1830,36,MODERATE,MASTITIS_RISK,0.94,"Moderate deviation: SCC +91.1%, Conductivity +0.4%. Recommend continued monitoring.",2026-09-04T06:06:02.000Z
pred_1831,cow_1,ses_1831,10,LOW,MASTITIS_RISK,0.94,"Parameters aligned with historical baseline.",2026-09-04T18:09:47.000Z
pred_1832,cow_2,ses_1832,14,LOW,MASTITIS_RISK,0.94,"Parameters aligned with historical baseline.",2026-09-04T18:13:51.000Z
pred_1833,cow_3,ses_1833,7,LOW,MASTITIS_RISK,0.94,"Parameters aligned with historical baseline.",2026-09-04T18:06:30.000Z
pred_1834,cow_4,ses_1834,14,LOW,MASTITIS_RISK,0.94,"Parameters aligned with historical baseline.",2026-09-04T18:08:27.000Z
pred_1835,cow_5,ses_1835,14,LOW,MASTITIS_RISK,0.94,"Parameters aligned with historical baseline.",2026-09-04T17:26:24.000Z
pred_1836,cow_6,ses_1836,11,LOW,MASTITIS_RISK,0.94,"Parameters aligned with historical baseline.",2026-09-04T17:54:08.000Z
pred_1837,cow_7,ses_1837,15,LOW,MASTITIS_RISK,0.94,"Parameters aligned with historical baseline.",2026-09-04T17:17:52.000Z
pred_1838,cow_8,ses_1838,14,LOW,MASTITIS_RISK,0.94,"Parameters aligned with historical baseline.",2026-09-04T17:06:54.000Z
pred_1839,cow_9,ses_1839,11,LOW,MASTITIS_RISK,0.94,"Parameters aligned with historical baseline.",2026-09-04T18:26:28.000Z
pred_1840,cow_10,ses_1840,15,LOW,MASTITIS_RISK,0.94,"Parameters aligned with historical baseline.",2026-09-04T18:25:06.000Z
pred_1841,cow_11,ses_1841,13,LOW,MASTITIS_RISK,0.94,"Parameters aligned with historical baseline.",2026-09-04T17:37:32.000Z
pred_1842,cow_12,ses_1842,14,LOW,MASTITIS_RISK,0.94,"Parameters aligned with historical baseline.",2026-09-04T17:11:22.000Z
pred_1843,cow_13,ses_1843,15,LOW,MASTITIS_RISK,0.94,"Parameters aligned with historical baseline.",2026-09-04T17:31:35.000Z
pred_1844,cow_14,ses_1844,7,LOW,MASTITIS_RISK,0.94,"Parameters aligned with historical baseline.",2026-09-04T17:37:37.000Z
pred_1845,cow_15,ses_1845,9,LOW,MASTITIS_RISK,0.94,"Parameters aligned with historical baseline.",2026-09-04T17:50:01.000Z
pred_1846,cow_16,ses_1846,10,LOW,MASTITIS_RISK,0.94,"Parameters aligned with historical baseline.",2026-09-04T17:32:03.000Z
pred_1847,cow_17,ses_1847,11,LOW,MASTITIS_RISK,0.94,"Parameters aligned with historical baseline.",2026-09-04T17:56:50.000Z
pred_1848,cow_18,ses_1848,14,LOW,MASTITIS_RISK,0.94,"Parameters aligned with historical baseline.",2026-09-04T17:37:14.000Z
pred_1849,cow_19,ses_1849,16,LOW,MASTITIS_RISK,0.94,"Parameters aligned with historical baseline.",2026-09-04T17:59:32.000Z
pred_1850,cow_20,ses_1850,12,LOW,MASTITIS_RISK,0.94,"Parameters aligned with historical baseline.",2026-09-04T17:40:24.000Z
pred_1851,cow_21,ses_1851,35,MODERATE,MASTITIS_RISK,0.94,"Moderate deviation: SCC +-2.1%, Conductivity +0.4%. Recommend continued monitoring.",2026-09-04T17:25:38.000Z
pred_1852,cow_22,ses_1852,32,MODERATE,MASTITIS_RISK,0.94,"Moderate deviation: SCC +4.8%, Conductivity +1.4%. Recommend continued monitoring.",2026-09-04T17:24:18.000Z
pred_1853,cow_23,ses_1853,31,MODERATE,MASTITIS_RISK,0.94,"Moderate deviation: SCC +6.3%, Conductivity +0.9%. Recommend continued monitoring.",2026-09-04T17:31:16.000Z
pred_1854,cow_24,ses_1854,32,MODERATE,MASTITIS_RISK,0.94,"Moderate deviation: SCC +-2.5%, Conductivity +-0.5%. Recommend continued monitoring.",2026-09-04T17:42:37.000Z
pred_1855,cow_25,ses_1855,36,MODERATE,MASTITIS_RISK,0.94,"Moderate deviation: SCC +-5.6%, Conductivity +0.7%. Recommend continued monitoring.",2026-09-04T17:46:54.000Z
pred_1856,cow_26,ses_1856,36,MODERATE,MASTITIS_RISK,0.94,"Moderate deviation: SCC +67.4%, Conductivity +-0.5%. Recommend continued monitoring.",2026-09-04T18:16:31.000Z
pred_1857,cow_27,ses_1857,36,MODERATE,MASTITIS_RISK,0.94,"Moderate deviation: SCC +65.5%, Conductivity +0.2%. Recommend continued monitoring.",2026-09-04T18:19:22.000Z
pred_1858,cow_28,ses_1858,36,MODERATE,MASTITIS_RISK,0.94,"Moderate deviation: SCC +59.6%, Conductivity +0.4%. Recommend continued monitoring.",2026-09-04T18:18:08.000Z
pred_1859,cow_29,ses_1859,36,MODERATE,MASTITIS_RISK,0.94,"Moderate deviation: SCC +61.4%, Conductivity +0.7%. Recommend continued monitoring.",2026-09-04T17:06:59.000Z
pred_1860,cow_30,ses_1860,36,MODERATE,MASTITIS_RISK,0.94,"Moderate deviation: SCC +85.6%, Conductivity +0.7%. Recommend continued monitoring.",2026-09-04T18:33:24.000Z
pred_1861,cow_1,ses_1861,8,LOW,MASTITIS_RISK,0.94,"Parameters aligned with historical baseline.",2026-09-05T07:31:07.000Z
pred_1862,cow_2,ses_1862,8,LOW,MASTITIS_RISK,0.94,"Parameters aligned with historical baseline.",2026-09-05T07:23:50.000Z
pred_1863,cow_3,ses_1863,9,LOW,MASTITIS_RISK,0.94,"Parameters aligned with historical baseline.",2026-09-05T07:06:20.000Z
pred_1864,cow_4,ses_1864,16,LOW,MASTITIS_RISK,0.94,"Parameters aligned with historical baseline.",2026-09-05T06:09:02.000Z
pred_1865,cow_5,ses_1865,14,LOW,MASTITIS_RISK,0.94,"Parameters aligned with historical baseline.",2026-09-05T07:16:15.000Z
pred_1866,cow_6,ses_1866,11,LOW,MASTITIS_RISK,0.94,"Parameters aligned with historical baseline.",2026-09-05T06:58:37.000Z
pred_1867,cow_7,ses_1867,12,LOW,MASTITIS_RISK,0.94,"Parameters aligned with historical baseline.",2026-09-05T06:24:52.000Z
pred_1868,cow_8,ses_1868,15,LOW,MASTITIS_RISK,0.94,"Parameters aligned with historical baseline.",2026-09-05T07:09:59.000Z
pred_1869,cow_9,ses_1869,7,LOW,MASTITIS_RISK,0.94,"Parameters aligned with historical baseline.",2026-09-05T06:11:23.000Z
pred_1870,cow_10,ses_1870,8,LOW,MASTITIS_RISK,0.94,"Parameters aligned with historical baseline.",2026-09-05T06:08:49.000Z
pred_1871,cow_11,ses_1871,15,LOW,MASTITIS_RISK,0.94,"Parameters aligned with historical baseline.",2026-09-05T06:09:41.000Z
pred_1872,cow_12,ses_1872,8,LOW,MASTITIS_RISK,0.94,"Parameters aligned with historical baseline.",2026-09-05T07:12:44.000Z
pred_1873,cow_13,ses_1873,14,LOW,MASTITIS_RISK,0.94,"Parameters aligned with historical baseline.",2026-09-05T06:17:49.000Z
pred_1874,cow_14,ses_1874,8,LOW,MASTITIS_RISK,0.94,"Parameters aligned with historical baseline.",2026-09-05T06:23:25.000Z
pred_1875,cow_15,ses_1875,16,LOW,MASTITIS_RISK,0.94,"Parameters aligned with historical baseline.",2026-09-05T07:23:58.000Z
pred_1876,cow_16,ses_1876,11,LOW,MASTITIS_RISK,0.94,"Parameters aligned with historical baseline.",2026-09-05T06:12:52.000Z
pred_1877,cow_17,ses_1877,12,LOW,MASTITIS_RISK,0.94,"Parameters aligned with historical baseline.",2026-09-05T07:17:15.000Z
pred_1878,cow_18,ses_1878,11,LOW,MASTITIS_RISK,0.94,"Parameters aligned with historical baseline.",2026-09-05T06:31:16.000Z
pred_1879,cow_19,ses_1879,12,LOW,MASTITIS_RISK,0.94,"Parameters aligned with historical baseline.",2026-09-05T06:40:24.000Z
pred_1880,cow_20,ses_1880,17,LOW,MASTITIS_RISK,0.94,"Parameters aligned with historical baseline.",2026-09-05T06:31:27.000Z
pred_1881,cow_21,ses_1881,34,MODERATE,MASTITIS_RISK,0.94,"Moderate deviation: SCC +8.2%, Conductivity +0.5%. Recommend continued monitoring.",2026-09-05T06:54:03.000Z
pred_1882,cow_22,ses_1882,35,MODERATE,MASTITIS_RISK,0.94,"Moderate deviation: SCC +1%, Conductivity +0.9%. Recommend continued monitoring.",2026-09-05T06:08:57.000Z
pred_1883,cow_23,ses_1883,33,MODERATE,MASTITIS_RISK,0.94,"Moderate deviation: SCC +4.5%, Conductivity +0.5%. Recommend continued monitoring.",2026-09-05T06:04:18.000Z
pred_1884,cow_24,ses_1884,35,MODERATE,MASTITIS_RISK,0.94,"Moderate deviation: SCC +5.9%, Conductivity +-0.2%. Recommend continued monitoring.",2026-09-05T07:04:10.000Z
pred_1885,cow_25,ses_1885,31,MODERATE,MASTITIS_RISK,0.94,"Moderate deviation: SCC +8%, Conductivity +1.8%. Recommend continued monitoring.",2026-09-05T06:26:45.000Z
pred_1886,cow_26,ses_1886,37,MODERATE,MASTITIS_RISK,0.94,"Moderate deviation: SCC +77.3%, Conductivity +0.4%. Recommend continued monitoring.",2026-09-05T06:08:14.000Z
pred_1887,cow_27,ses_1887,37,MODERATE,MASTITIS_RISK,0.94,"Moderate deviation: SCC +75.5%, Conductivity +-1.1%. Recommend continued monitoring.",2026-09-05T06:35:52.000Z
pred_1888,cow_28,ses_1888,37,MODERATE,MASTITIS_RISK,0.94,"Moderate deviation: SCC +58.9%, Conductivity +-1.1%. Recommend continued monitoring.",2026-09-05T07:09:47.000Z
pred_1889,cow_29,ses_1889,37,MODERATE,MASTITIS_RISK,0.94,"Moderate deviation: SCC +69.3%, Conductivity +0.0%. Recommend continued monitoring.",2026-09-05T06:34:08.000Z
pred_1890,cow_30,ses_1890,37,MODERATE,MASTITIS_RISK,0.94,"Moderate deviation: SCC +102.2%, Conductivity +0.4%. Recommend continued monitoring.",2026-09-05T07:18:04.000Z
pred_1891,cow_1,ses_1891,11,LOW,MASTITIS_RISK,0.94,"Parameters aligned with historical baseline.",2026-09-05T17:57:39.000Z
pred_1892,cow_2,ses_1892,13,LOW,MASTITIS_RISK,0.94,"Parameters aligned with historical baseline.",2026-09-05T17:20:31.000Z
pred_1893,cow_3,ses_1893,16,LOW,MASTITIS_RISK,0.94,"Parameters aligned with historical baseline.",2026-09-05T17:39:12.000Z
pred_1894,cow_4,ses_1894,12,LOW,MASTITIS_RISK,0.94,"Parameters aligned with historical baseline.",2026-09-05T17:46:10.000Z
pred_1895,cow_5,ses_1895,16,LOW,MASTITIS_RISK,0.94,"Parameters aligned with historical baseline.",2026-09-05T18:31:51.000Z
pred_1896,cow_6,ses_1896,10,LOW,MASTITIS_RISK,0.94,"Parameters aligned with historical baseline.",2026-09-05T18:11:26.000Z
pred_1897,cow_7,ses_1897,16,LOW,MASTITIS_RISK,0.94,"Parameters aligned with historical baseline.",2026-09-05T18:08:06.000Z
pred_1898,cow_8,ses_1898,9,LOW,MASTITIS_RISK,0.94,"Parameters aligned with historical baseline.",2026-09-05T18:01:25.000Z
pred_1899,cow_9,ses_1899,13,LOW,MASTITIS_RISK,0.94,"Parameters aligned with historical baseline.",2026-09-05T17:19:32.000Z
pred_1900,cow_10,ses_1900,14,LOW,MASTITIS_RISK,0.94,"Parameters aligned with historical baseline.",2026-09-05T18:34:24.000Z
pred_1901,cow_11,ses_1901,11,LOW,MASTITIS_RISK,0.94,"Parameters aligned with historical baseline.",2026-09-05T18:15:44.000Z
pred_1902,cow_12,ses_1902,16,LOW,MASTITIS_RISK,0.94,"Parameters aligned with historical baseline.",2026-09-05T17:30:10.000Z
pred_1903,cow_13,ses_1903,14,LOW,MASTITIS_RISK,0.94,"Parameters aligned with historical baseline.",2026-09-05T18:28:43.000Z
pred_1904,cow_14,ses_1904,16,LOW,MASTITIS_RISK,0.94,"Parameters aligned with historical baseline.",2026-09-05T17:19:46.000Z
pred_1905,cow_15,ses_1905,13,LOW,MASTITIS_RISK,0.94,"Parameters aligned with historical baseline.",2026-09-05T17:49:05.000Z
pred_1906,cow_16,ses_1906,15,LOW,MASTITIS_RISK,0.94,"Parameters aligned with historical baseline.",2026-09-05T17:29:23.000Z
pred_1907,cow_17,ses_1907,14,LOW,MASTITIS_RISK,0.94,"Parameters aligned with historical baseline.",2026-09-05T18:19:37.000Z
pred_1908,cow_18,ses_1908,16,LOW,MASTITIS_RISK,0.94,"Parameters aligned with historical baseline.",2026-09-05T18:03:10.000Z
pred_1909,cow_19,ses_1909,9,LOW,MASTITIS_RISK,0.94,"Parameters aligned with historical baseline.",2026-09-05T17:57:18.000Z
pred_1910,cow_20,ses_1910,15,LOW,MASTITIS_RISK,0.94,"Parameters aligned with historical baseline.",2026-09-05T17:38:16.000Z
pred_1911,cow_21,ses_1911,31,MODERATE,MASTITIS_RISK,0.94,"Moderate deviation: SCC +-1%, Conductivity +0.7%. Recommend continued monitoring.",2026-09-05T18:17:38.000Z
pred_1912,cow_22,ses_1912,37,MODERATE,MASTITIS_RISK,0.94,"Moderate deviation: SCC +16.3%, Conductivity +-0.2%. Recommend continued monitoring.",2026-09-05T18:28:57.000Z
pred_1913,cow_23,ses_1913,35,MODERATE,MASTITIS_RISK,0.94,"Moderate deviation: SCC +9.9%, Conductivity +0.5%. Recommend continued monitoring.",2026-09-05T17:45:13.000Z
pred_1914,cow_24,ses_1914,30,MODERATE,MASTITIS_RISK,0.94,"Moderate deviation: SCC +6.8%, Conductivity +-0.2%. Recommend continued monitoring.",2026-09-05T18:18:03.000Z
pred_1915,cow_25,ses_1915,35,MODERATE,MASTITIS_RISK,0.94,"Moderate deviation: SCC +12.8%, Conductivity +1.5%. Recommend continued monitoring.",2026-09-05T17:55:23.000Z
pred_1916,cow_26,ses_1916,37,MODERATE,MASTITIS_RISK,0.94,"Moderate deviation: SCC +67.4%, Conductivity +0.2%. Recommend continued monitoring.",2026-09-05T17:43:00.000Z
pred_1917,cow_27,ses_1917,37,MODERATE,MASTITIS_RISK,0.94,"Moderate deviation: SCC +74.8%, Conductivity +-0.4%. Recommend continued monitoring.",2026-09-05T17:45:55.000Z
pred_1918,cow_28,ses_1918,37,MODERATE,MASTITIS_RISK,0.94,"Moderate deviation: SCC +67.1%, Conductivity +0.2%. Recommend continued monitoring.",2026-09-05T17:22:10.000Z
pred_1919,cow_29,ses_1919,37,MODERATE,MASTITIS_RISK,0.94,"Moderate deviation: SCC +57.5%, Conductivity +0.2%. Recommend continued monitoring.",2026-09-05T18:05:01.000Z
pred_1920,cow_30,ses_1920,37,MODERATE,MASTITIS_RISK,0.94,"Moderate deviation: SCC +98.9%, Conductivity +0.4%. Recommend continued monitoring.",2026-09-05T18:06:38.000Z
pred_1921,cow_1,ses_1921,11,LOW,MASTITIS_RISK,0.94,"Parameters aligned with historical baseline.",2026-09-06T06:23:23.000Z
pred_1922,cow_2,ses_1922,12,LOW,MASTITIS_RISK,0.94,"Parameters aligned with historical baseline.",2026-09-06T06:26:01.000Z
pred_1923,cow_3,ses_1923,11,LOW,MASTITIS_RISK,0.94,"Parameters aligned with historical baseline.",2026-09-06T06:21:34.000Z
pred_1924,cow_4,ses_1924,15,LOW,MASTITIS_RISK,0.94,"Parameters aligned with historical baseline.",2026-09-06T07:33:22.000Z
pred_1925,cow_5,ses_1925,14,LOW,MASTITIS_RISK,0.94,"Parameters aligned with historical baseline.",2026-09-06T06:15:10.000Z
pred_1926,cow_6,ses_1926,15,LOW,MASTITIS_RISK,0.94,"Parameters aligned with historical baseline.",2026-09-06T06:46:08.000Z
pred_1927,cow_7,ses_1927,13,LOW,MASTITIS_RISK,0.94,"Parameters aligned with historical baseline.",2026-09-06T07:19:25.000Z
pred_1928,cow_8,ses_1928,11,LOW,MASTITIS_RISK,0.94,"Parameters aligned with historical baseline.",2026-09-06T06:15:03.000Z
pred_1929,cow_9,ses_1929,11,LOW,MASTITIS_RISK,0.94,"Parameters aligned with historical baseline.",2026-09-06T07:11:42.000Z
pred_1930,cow_10,ses_1930,13,LOW,MASTITIS_RISK,0.94,"Parameters aligned with historical baseline.",2026-09-06T07:20:03.000Z
pred_1931,cow_11,ses_1931,8,LOW,MASTITIS_RISK,0.94,"Parameters aligned with historical baseline.",2026-09-06T06:44:46.000Z
pred_1932,cow_12,ses_1932,9,LOW,MASTITIS_RISK,0.94,"Parameters aligned with historical baseline.",2026-09-06T07:20:47.000Z
pred_1933,cow_13,ses_1933,11,LOW,MASTITIS_RISK,0.94,"Parameters aligned with historical baseline.",2026-09-06T07:08:55.000Z
pred_1934,cow_14,ses_1934,14,LOW,MASTITIS_RISK,0.94,"Parameters aligned with historical baseline.",2026-09-06T06:49:42.000Z
pred_1935,cow_15,ses_1935,17,LOW,MASTITIS_RISK,0.94,"Parameters aligned with historical baseline.",2026-09-06T06:12:59.000Z
pred_1936,cow_16,ses_1936,10,LOW,MASTITIS_RISK,0.94,"Parameters aligned with historical baseline.",2026-09-06T06:54:24.000Z
pred_1937,cow_17,ses_1937,14,LOW,MASTITIS_RISK,0.94,"Parameters aligned with historical baseline.",2026-09-06T07:30:32.000Z
pred_1938,cow_18,ses_1938,10,LOW,MASTITIS_RISK,0.94,"Parameters aligned with historical baseline.",2026-09-06T06:20:50.000Z
pred_1939,cow_19,ses_1939,10,LOW,MASTITIS_RISK,0.94,"Parameters aligned with historical baseline.",2026-09-06T06:05:18.000Z
pred_1940,cow_20,ses_1940,7,LOW,MASTITIS_RISK,0.94,"Parameters aligned with historical baseline.",2026-09-06T06:39:32.000Z
pred_1941,cow_21,ses_1941,32,MODERATE,MASTITIS_RISK,0.94,"Moderate deviation: SCC +12.4%, Conductivity +0.5%. Recommend continued monitoring.",2026-09-06T07:19:23.000Z
pred_1942,cow_22,ses_1942,32,MODERATE,MASTITIS_RISK,0.94,"Moderate deviation: SCC +7.7%, Conductivity +1.1%. Recommend continued monitoring.",2026-09-06T06:24:32.000Z
pred_1943,cow_23,ses_1943,33,MODERATE,MASTITIS_RISK,0.94,"Moderate deviation: SCC +16.2%, Conductivity +1.1%. Recommend continued monitoring.",2026-09-06T06:48:10.000Z
pred_1944,cow_24,ses_1944,36,MODERATE,MASTITIS_RISK,0.94,"Moderate deviation: SCC +5.9%, Conductivity +0.4%. Recommend continued monitoring.",2026-09-06T06:42:27.000Z
pred_1945,cow_25,ses_1945,32,MODERATE,MASTITIS_RISK,0.94,"Moderate deviation: SCC +16%, Conductivity +0.4%. Recommend continued monitoring.",2026-09-06T06:39:35.000Z
pred_1946,cow_26,ses_1946,38,MODERATE,MASTITIS_RISK,0.94,"Moderate deviation: SCC +85.6%, Conductivity +0.7%. Recommend continued monitoring.",2026-09-06T07:07:59.000Z
pred_1947,cow_27,ses_1947,38,MODERATE,MASTITIS_RISK,0.94,"Moderate deviation: SCC +75.5%, Conductivity +-0.4%. Recommend continued monitoring.",2026-09-06T06:51:08.000Z
pred_1948,cow_28,ses_1948,38,MODERATE,MASTITIS_RISK,0.94,"Moderate deviation: SCC +69.2%, Conductivity +0.4%. Recommend continued monitoring.",2026-09-06T07:10:53.000Z
pred_1949,cow_29,ses_1949,38,MODERATE,MASTITIS_RISK,0.94,"Moderate deviation: SCC +75.2%, Conductivity +0.0%. Recommend continued monitoring.",2026-09-06T07:17:12.000Z
pred_1950,cow_30,ses_1950,38,MODERATE,MASTITIS_RISK,0.94,"Moderate deviation: SCC +112.2%, Conductivity +0.7%. Recommend continued monitoring.",2026-09-06T06:23:55.000Z
pred_1951,cow_1,ses_1951,9,LOW,MASTITIS_RISK,0.94,"Parameters aligned with historical baseline.",2026-09-06T17:21:23.000Z
pred_1952,cow_2,ses_1952,17,LOW,MASTITIS_RISK,0.94,"Parameters aligned with historical baseline.",2026-09-06T18:17:50.000Z
pred_1953,cow_3,ses_1953,13,LOW,MASTITIS_RISK,0.94,"Parameters aligned with historical baseline.",2026-09-06T18:17:53.000Z
pred_1954,cow_4,ses_1954,15,LOW,MASTITIS_RISK,0.94,"Parameters aligned with historical baseline.",2026-09-06T18:19:36.000Z
pred_1955,cow_5,ses_1955,13,LOW,MASTITIS_RISK,0.94,"Parameters aligned with historical baseline.",2026-09-06T18:09:46.000Z
pred_1956,cow_6,ses_1956,15,LOW,MASTITIS_RISK,0.94,"Parameters aligned with historical baseline.",2026-09-06T18:30:58.000Z
pred_1957,cow_7,ses_1957,10,LOW,MASTITIS_RISK,0.94,"Parameters aligned with historical baseline.",2026-09-06T17:48:20.000Z
pred_1958,cow_8,ses_1958,17,LOW,MASTITIS_RISK,0.94,"Parameters aligned with historical baseline.",2026-09-06T17:43:27.000Z
pred_1959,cow_9,ses_1959,9,LOW,MASTITIS_RISK,0.94,"Parameters aligned with historical baseline.",2026-09-06T18:11:56.000Z
pred_1960,cow_10,ses_1960,9,LOW,MASTITIS_RISK,0.94,"Parameters aligned with historical baseline.",2026-09-06T18:24:53.000Z
pred_1961,cow_11,ses_1961,16,LOW,MASTITIS_RISK,0.94,"Parameters aligned with historical baseline.",2026-09-06T17:43:10.000Z
pred_1962,cow_12,ses_1962,12,LOW,MASTITIS_RISK,0.94,"Parameters aligned with historical baseline.",2026-09-06T17:51:15.000Z
pred_1963,cow_13,ses_1963,8,LOW,MASTITIS_RISK,0.94,"Parameters aligned with historical baseline.",2026-09-06T17:44:11.000Z
pred_1964,cow_14,ses_1964,16,LOW,MASTITIS_RISK,0.94,"Parameters aligned with historical baseline.",2026-09-06T18:12:22.000Z
pred_1965,cow_15,ses_1965,7,LOW,MASTITIS_RISK,0.94,"Parameters aligned with historical baseline.",2026-09-06T17:14:32.000Z
pred_1966,cow_16,ses_1966,8,LOW,MASTITIS_RISK,0.94,"Parameters aligned with historical baseline.",2026-09-06T18:20:32.000Z
pred_1967,cow_17,ses_1967,14,LOW,MASTITIS_RISK,0.94,"Parameters aligned with historical baseline.",2026-09-06T17:54:18.000Z
pred_1968,cow_18,ses_1968,13,LOW,MASTITIS_RISK,0.94,"Parameters aligned with historical baseline.",2026-09-06T17:06:58.000Z
pred_1969,cow_19,ses_1969,15,LOW,MASTITIS_RISK,0.94,"Parameters aligned with historical baseline.",2026-09-06T17:04:16.000Z
pred_1970,cow_20,ses_1970,12,LOW,MASTITIS_RISK,0.94,"Parameters aligned with historical baseline.",2026-09-06T17:47:07.000Z
pred_1971,cow_21,ses_1971,37,MODERATE,MASTITIS_RISK,0.94,"Moderate deviation: SCC +14.4%, Conductivity +2.2%. Recommend continued monitoring.",2026-09-06T17:28:29.000Z
pred_1972,cow_22,ses_1972,36,MODERATE,MASTITIS_RISK,0.94,"Moderate deviation: SCC +-1.9%, Conductivity +1.1%. Recommend continued monitoring.",2026-09-06T17:09:41.000Z
pred_1973,cow_23,ses_1973,36,MODERATE,MASTITIS_RISK,0.94,"Moderate deviation: SCC +8.1%, Conductivity +1.5%. Recommend continued monitoring.",2026-09-06T17:45:14.000Z
pred_1974,cow_24,ses_1974,38,MODERATE,MASTITIS_RISK,0.94,"Moderate deviation: SCC +6.8%, Conductivity +1.4%. Recommend continued monitoring.",2026-09-06T17:05:13.000Z
pred_1975,cow_25,ses_1975,34,MODERATE,MASTITIS_RISK,0.94,"Moderate deviation: SCC +14.4%, Conductivity +2.2%. Recommend continued monitoring.",2026-09-06T17:41:19.000Z
pred_1976,cow_26,ses_1976,38,MODERATE,MASTITIS_RISK,0.94,"Moderate deviation: SCC +71.2%, Conductivity +-0.9%. Recommend continued monitoring.",2026-09-06T17:30:20.000Z
pred_1977,cow_27,ses_1977,38,MODERATE,MASTITIS_RISK,0.94,"Moderate deviation: SCC +82.7%, Conductivity +-0.7%. Recommend continued monitoring.",2026-09-06T17:21:41.000Z
pred_1978,cow_28,ses_1978,38,MODERATE,MASTITIS_RISK,0.94,"Moderate deviation: SCC +78.1%, Conductivity +0.7%. Recommend continued monitoring.",2026-09-06T18:17:15.000Z
pred_1979,cow_29,ses_1979,38,MODERATE,MASTITIS_RISK,0.94,"Moderate deviation: SCC +60.8%, Conductivity +-0.5%. Recommend continued monitoring.",2026-09-06T17:27:11.000Z
pred_1980,cow_30,ses_1980,38,MODERATE,MASTITIS_RISK,0.94,"Moderate deviation: SCC +107.8%, Conductivity +-0.6%. Recommend continued monitoring.",2026-09-06T18:29:59.000Z
pred_1981,cow_1,ses_1981,10,LOW,MASTITIS_RISK,0.94,"Parameters aligned with historical baseline.",2026-09-07T07:02:16.000Z
pred_1982,cow_2,ses_1982,15,LOW,MASTITIS_RISK,0.94,"Parameters aligned with historical baseline.",2026-09-07T06:54:34.000Z
pred_1983,cow_3,ses_1983,10,LOW,MASTITIS_RISK,0.94,"Parameters aligned with historical baseline.",2026-09-07T06:39:29.000Z
pred_1984,cow_4,ses_1984,10,LOW,MASTITIS_RISK,0.94,"Parameters aligned with historical baseline.",2026-09-07T06:46:26.000Z
pred_1985,cow_5,ses_1985,9,LOW,MASTITIS_RISK,0.94,"Parameters aligned with historical baseline.",2026-09-07T06:32:56.000Z
pred_1986,cow_6,ses_1986,15,LOW,MASTITIS_RISK,0.94,"Parameters aligned with historical baseline.",2026-09-07T07:10:35.000Z
pred_1987,cow_7,ses_1987,16,LOW,MASTITIS_RISK,0.94,"Parameters aligned with historical baseline.",2026-09-07T06:56:08.000Z
pred_1988,cow_8,ses_1988,10,LOW,MASTITIS_RISK,0.94,"Parameters aligned with historical baseline.",2026-09-07T07:06:02.000Z
pred_1989,cow_9,ses_1989,7,LOW,MASTITIS_RISK,0.94,"Parameters aligned with historical baseline.",2026-09-07T07:26:53.000Z
pred_1990,cow_10,ses_1990,14,LOW,MASTITIS_RISK,0.94,"Parameters aligned with historical baseline.",2026-09-07T06:56:47.000Z
pred_1991,cow_11,ses_1991,11,LOW,MASTITIS_RISK,0.94,"Parameters aligned with historical baseline.",2026-09-07T07:29:44.000Z
pred_1992,cow_12,ses_1992,14,LOW,MASTITIS_RISK,0.94,"Parameters aligned with historical baseline.",2026-09-07T07:30:41.000Z
pred_1993,cow_13,ses_1993,10,LOW,MASTITIS_RISK,0.94,"Parameters aligned with historical baseline.",2026-09-07T06:20:05.000Z
pred_1994,cow_14,ses_1994,12,LOW,MASTITIS_RISK,0.94,"Parameters aligned with historical baseline.",2026-09-07T06:08:01.000Z
pred_1995,cow_15,ses_1995,17,LOW,MASTITIS_RISK,0.94,"Parameters aligned with historical baseline.",2026-09-07T07:03:34.000Z
pred_1996,cow_16,ses_1996,13,LOW,MASTITIS_RISK,0.94,"Parameters aligned with historical baseline.",2026-09-07T06:17:42.000Z
pred_1997,cow_17,ses_1997,9,LOW,MASTITIS_RISK,0.94,"Parameters aligned with historical baseline.",2026-09-07T06:16:23.000Z
pred_1998,cow_18,ses_1998,12,LOW,MASTITIS_RISK,0.94,"Parameters aligned with historical baseline.",2026-09-07T07:09:34.000Z
pred_1999,cow_19,ses_1999,13,LOW,MASTITIS_RISK,0.94,"Parameters aligned with historical baseline.",2026-09-07T07:16:17.000Z
pred_2000,cow_20,ses_2000,7,LOW,MASTITIS_RISK,0.94,"Parameters aligned with historical baseline.",2026-09-07T07:31:37.000Z
pred_2001,cow_21,ses_2001,32,MODERATE,MASTITIS_RISK,0.94,"Moderate deviation: SCC +15.5%, Conductivity +1.1%. Recommend continued monitoring.",2026-09-07T07:15:14.000Z
pred_2002,cow_22,ses_2002,32,MODERATE,MASTITIS_RISK,0.94,"Moderate deviation: SCC +9.6%, Conductivity +0.7%. Recommend continued monitoring.",2026-09-07T07:33:03.000Z
pred_2003,cow_23,ses_2003,33,MODERATE,MASTITIS_RISK,0.94,"Moderate deviation: SCC +4.5%, Conductivity +1.1%. Recommend continued monitoring.",2026-09-07T06:33:45.000Z
pred_2004,cow_24,ses_2004,37,MODERATE,MASTITIS_RISK,0.94,"Moderate deviation: SCC +4.2%, Conductivity +2.3%. Recommend continued monitoring.",2026-09-07T06:58:01.000Z
pred_2005,cow_25,ses_2005,38,MODERATE,MASTITIS_RISK,0.94,"Moderate deviation: SCC +13.6%, Conductivity +0.7%. Recommend continued monitoring.",2026-09-07T06:55:21.000Z
pred_2006,cow_26,ses_2006,39,MODERATE,MASTITIS_RISK,0.94,"Moderate deviation: SCC +80.3%, Conductivity +-0.5%. Recommend continued monitoring.",2026-09-07T06:15:10.000Z
pred_2007,cow_27,ses_2007,39,MODERATE,MASTITIS_RISK,0.94,"Moderate deviation: SCC +80.6%, Conductivity +0.9%. Recommend continued monitoring.",2026-09-07T06:07:30.000Z
pred_2008,cow_28,ses_2008,39,MODERATE,MASTITIS_RISK,0.94,"Moderate deviation: SCC +78.1%, Conductivity +-0.2%. Recommend continued monitoring.",2026-09-07T06:44:13.000Z
pred_2009,cow_29,ses_2009,39,MODERATE,MASTITIS_RISK,0.94,"Moderate deviation: SCC +67.3%, Conductivity +1.1%. Recommend continued monitoring.",2026-09-07T07:34:34.000Z
pred_2010,cow_30,ses_2010,39,MODERATE,MASTITIS_RISK,0.94,"Moderate deviation: SCC +113.3%, Conductivity +0.6%. Recommend continued monitoring.",2026-09-07T06:10:39.000Z
pred_2011,cow_1,ses_2011,12,LOW,MASTITIS_RISK,0.94,"Parameters aligned with historical baseline.",2026-09-07T18:31:15.000Z
pred_2012,cow_2,ses_2012,13,LOW,MASTITIS_RISK,0.94,"Parameters aligned with historical baseline.",2026-09-07T17:57:35.000Z
pred_2013,cow_3,ses_2013,13,LOW,MASTITIS_RISK,0.94,"Parameters aligned with historical baseline.",2026-09-07T17:36:16.000Z
pred_2014,cow_4,ses_2014,9,LOW,MASTITIS_RISK,0.94,"Parameters aligned with historical baseline.",2026-09-07T17:41:44.000Z
pred_2015,cow_5,ses_2015,12,LOW,MASTITIS_RISK,0.94,"Parameters aligned with historical baseline.",2026-09-07T17:13:10.000Z
pred_2016,cow_6,ses_2016,16,LOW,MASTITIS_RISK,0.94,"Parameters aligned with historical baseline.",2026-09-07T18:14:43.000Z
pred_2017,cow_7,ses_2017,7,LOW,MASTITIS_RISK,0.94,"Parameters aligned with historical baseline.",2026-09-07T18:13:51.000Z
pred_2018,cow_8,ses_2018,12,LOW,MASTITIS_RISK,0.94,"Parameters aligned with historical baseline.",2026-09-07T17:10:19.000Z
pred_2019,cow_9,ses_2019,15,LOW,MASTITIS_RISK,0.94,"Parameters aligned with historical baseline.",2026-09-07T17:47:13.000Z
pred_2020,cow_10,ses_2020,14,LOW,MASTITIS_RISK,0.94,"Parameters aligned with historical baseline.",2026-09-07T18:24:28.000Z
pred_2021,cow_11,ses_2021,10,LOW,MASTITIS_RISK,0.94,"Parameters aligned with historical baseline.",2026-09-07T17:22:52.000Z
pred_2022,cow_12,ses_2022,9,LOW,MASTITIS_RISK,0.94,"Parameters aligned with historical baseline.",2026-09-07T17:45:30.000Z
pred_2023,cow_13,ses_2023,8,LOW,MASTITIS_RISK,0.94,"Parameters aligned with historical baseline.",2026-09-07T17:23:27.000Z
pred_2024,cow_14,ses_2024,8,LOW,MASTITIS_RISK,0.94,"Parameters aligned with historical baseline.",2026-09-07T17:47:50.000Z
pred_2025,cow_15,ses_2025,13,LOW,MASTITIS_RISK,0.94,"Parameters aligned with historical baseline.",2026-09-07T18:30:11.000Z
pred_2026,cow_16,ses_2026,15,LOW,MASTITIS_RISK,0.94,"Parameters aligned with historical baseline.",2026-09-07T18:19:58.000Z
pred_2027,cow_17,ses_2027,15,LOW,MASTITIS_RISK,0.94,"Parameters aligned with historical baseline.",2026-09-07T17:35:12.000Z
pred_2028,cow_18,ses_2028,7,LOW,MASTITIS_RISK,0.94,"Parameters aligned with historical baseline.",2026-09-07T18:06:40.000Z
pred_2029,cow_19,ses_2029,11,LOW,MASTITIS_RISK,0.94,"Parameters aligned with historical baseline.",2026-09-07T18:00:48.000Z
pred_2030,cow_20,ses_2030,12,LOW,MASTITIS_RISK,0.94,"Parameters aligned with historical baseline.",2026-09-07T17:36:50.000Z
pred_2031,cow_21,ses_2031,35,MODERATE,MASTITIS_RISK,0.94,"Moderate deviation: SCC +0%, Conductivity +1.1%. Recommend continued monitoring.",2026-09-07T17:45:44.000Z
pred_2032,cow_22,ses_2032,37,MODERATE,MASTITIS_RISK,0.94,"Moderate deviation: SCC +2.9%, Conductivity +1.2%. Recommend continued monitoring.",2026-09-07T18:18:24.000Z
pred_2033,cow_23,ses_2033,38,MODERATE,MASTITIS_RISK,0.94,"Moderate deviation: SCC +3.6%, Conductivity +1.5%. Recommend continued monitoring.",2026-09-07T17:12:41.000Z
pred_2034,cow_24,ses_2034,31,MODERATE,MASTITIS_RISK,0.94,"Moderate deviation: SCC +7.6%, Conductivity +0.7%. Recommend continued monitoring.",2026-09-07T18:09:30.000Z
pred_2035,cow_25,ses_2035,32,MODERATE,MASTITIS_RISK,0.94,"Moderate deviation: SCC +15.2%, Conductivity +1.3%. Recommend continued monitoring.",2026-09-07T17:24:08.000Z
pred_2036,cow_26,ses_2036,39,MODERATE,MASTITIS_RISK,0.94,"Moderate deviation: SCC +90.9%, Conductivity +0.5%. Recommend continued monitoring.",2026-09-07T18:34:25.000Z
pred_2037,cow_27,ses_2037,39,MODERATE,MASTITIS_RISK,0.94,"Moderate deviation: SCC +77.7%, Conductivity +1.1%. Recommend continued monitoring.",2026-09-07T18:02:05.000Z
pred_2038,cow_28,ses_2038,39,MODERATE,MASTITIS_RISK,0.94,"Moderate deviation: SCC +75.3%, Conductivity +1.1%. Recommend continued monitoring.",2026-09-07T18:32:15.000Z
pred_2039,cow_29,ses_2039,39,MODERATE,MASTITIS_RISK,0.94,"Moderate deviation: SCC +69.3%, Conductivity +-0.2%. Recommend continued monitoring.",2026-09-07T18:31:05.000Z
pred_2040,cow_30,ses_2040,39,MODERATE,MASTITIS_RISK,0.94,"Moderate deviation: SCC +125.6%, Conductivity +-0.7%. Recommend continued monitoring.",2026-09-07T18:10:38.000Z
pred_2041,cow_1,ses_2041,13,LOW,MASTITIS_RISK,0.94,"Parameters aligned with historical baseline.",2026-09-08T06:52:25.000Z
pred_2042,cow_2,ses_2042,11,LOW,MASTITIS_RISK,0.94,"Parameters aligned with historical baseline.",2026-09-08T06:55:48.000Z
pred_2043,cow_3,ses_2043,14,LOW,MASTITIS_RISK,0.94,"Parameters aligned with historical baseline.",2026-09-08T07:23:01.000Z
pred_2044,cow_4,ses_2044,14,LOW,MASTITIS_RISK,0.94,"Parameters aligned with historical baseline.",2026-09-08T06:15:24.000Z
pred_2045,cow_5,ses_2045,9,LOW,MASTITIS_RISK,0.94,"Parameters aligned with historical baseline.",2026-09-08T06:33:16.000Z
pred_2046,cow_6,ses_2046,15,LOW,MASTITIS_RISK,0.94,"Parameters aligned with historical baseline.",2026-09-08T06:55:57.000Z
pred_2047,cow_7,ses_2047,15,LOW,MASTITIS_RISK,0.94,"Parameters aligned with historical baseline.",2026-09-08T06:20:52.000Z
pred_2048,cow_8,ses_2048,10,LOW,MASTITIS_RISK,0.94,"Parameters aligned with historical baseline.",2026-09-08T07:08:24.000Z
pred_2049,cow_9,ses_2049,11,LOW,MASTITIS_RISK,0.94,"Parameters aligned with historical baseline.",2026-09-08T06:49:51.000Z
pred_2050,cow_10,ses_2050,14,LOW,MASTITIS_RISK,0.94,"Parameters aligned with historical baseline.",2026-09-08T06:18:33.000Z
pred_2051,cow_11,ses_2051,17,LOW,MASTITIS_RISK,0.94,"Parameters aligned with historical baseline.",2026-09-08T06:57:04.000Z
pred_2052,cow_12,ses_2052,15,LOW,MASTITIS_RISK,0.94,"Parameters aligned with historical baseline.",2026-09-08T06:36:55.000Z
pred_2053,cow_13,ses_2053,8,LOW,MASTITIS_RISK,0.94,"Parameters aligned with historical baseline.",2026-09-08T06:41:08.000Z
pred_2054,cow_14,ses_2054,9,LOW,MASTITIS_RISK,0.94,"Parameters aligned with historical baseline.",2026-09-08T07:19:11.000Z
pred_2055,cow_15,ses_2055,11,LOW,MASTITIS_RISK,0.94,"Parameters aligned with historical baseline.",2026-09-08T06:22:17.000Z
pred_2056,cow_16,ses_2056,14,LOW,MASTITIS_RISK,0.94,"Parameters aligned with historical baseline.",2026-09-08T06:08:21.000Z
pred_2057,cow_17,ses_2057,8,LOW,MASTITIS_RISK,0.94,"Parameters aligned with historical baseline.",2026-09-08T06:10:29.000Z
pred_2058,cow_18,ses_2058,14,LOW,MASTITIS_RISK,0.94,"Parameters aligned with historical baseline.",2026-09-08T07:19:38.000Z
pred_2059,cow_19,ses_2059,13,LOW,MASTITIS_RISK,0.94,"Parameters aligned with historical baseline.",2026-09-08T07:24:18.000Z
pred_2060,cow_20,ses_2060,16,LOW,MASTITIS_RISK,0.94,"Parameters aligned with historical baseline.",2026-09-08T06:58:49.000Z
pred_2061,cow_21,ses_2061,33,MODERATE,MASTITIS_RISK,0.94,"Moderate deviation: SCC +24.7%, Conductivity +2.3%. Recommend continued monitoring.",2026-09-08T06:12:40.000Z
pred_2062,cow_22,ses_2062,32,MODERATE,MASTITIS_RISK,0.94,"Moderate deviation: SCC +12.5%, Conductivity +2.3%. Recommend continued monitoring.",2026-09-08T07:00:04.000Z
pred_2063,cow_23,ses_2063,37,MODERATE,MASTITIS_RISK,0.94,"Moderate deviation: SCC +9%, Conductivity +2.2%. Recommend continued monitoring.",2026-09-08T06:46:51.000Z
pred_2064,cow_24,ses_2064,33,MODERATE,MASTITIS_RISK,0.94,"Moderate deviation: SCC +22.9%, Conductivity +1.2%. Recommend continued monitoring.",2026-09-08T06:38:18.000Z
pred_2065,cow_25,ses_2065,36,MODERATE,MASTITIS_RISK,0.94,"Moderate deviation: SCC +10.4%, Conductivity +2.0%. Recommend continued monitoring.",2026-09-08T07:06:18.000Z
pred_2066,cow_26,ses_2066,40,MODERATE,MASTITIS_RISK,0.94,"Moderate deviation: SCC +88.6%, Conductivity +-0.7%. Recommend continued monitoring.",2026-09-08T06:22:52.000Z
pred_2067,cow_27,ses_2067,40,MODERATE,MASTITIS_RISK,0.94,"Moderate deviation: SCC +78.4%, Conductivity +0.4%. Recommend continued monitoring.",2026-09-08T07:20:16.000Z
pred_2068,cow_28,ses_2068,40,MODERATE,MASTITIS_RISK,0.94,"Moderate deviation: SCC +80.8%, Conductivity +-0.2%. Recommend continued monitoring.",2026-09-08T06:09:18.000Z
pred_2069,cow_29,ses_2069,40,MODERATE,MASTITIS_RISK,0.94,"Moderate deviation: SCC +80.4%, Conductivity +0.4%. Recommend continued monitoring.",2026-09-08T06:11:02.000Z
pred_2070,cow_30,ses_2070,40,MODERATE,MASTITIS_RISK,0.94,"Moderate deviation: SCC +143.3%, Conductivity +-0.7%. Recommend continued monitoring.",2026-09-08T06:37:13.000Z
pred_2071,cow_1,ses_2071,11,LOW,MASTITIS_RISK,0.94,"Parameters aligned with historical baseline.",2026-09-08T18:25:53.000Z
pred_2072,cow_2,ses_2072,11,LOW,MASTITIS_RISK,0.94,"Parameters aligned with historical baseline.",2026-09-08T17:27:29.000Z
pred_2073,cow_3,ses_2073,10,LOW,MASTITIS_RISK,0.94,"Parameters aligned with historical baseline.",2026-09-08T18:18:23.000Z
pred_2074,cow_4,ses_2074,15,LOW,MASTITIS_RISK,0.94,"Parameters aligned with historical baseline.",2026-09-08T18:20:54.000Z
pred_2075,cow_5,ses_2075,16,LOW,MASTITIS_RISK,0.94,"Parameters aligned with historical baseline.",2026-09-08T17:26:31.000Z
pred_2076,cow_6,ses_2076,12,LOW,MASTITIS_RISK,0.94,"Parameters aligned with historical baseline.",2026-09-08T17:45:03.000Z
pred_2077,cow_7,ses_2077,15,LOW,MASTITIS_RISK,0.94,"Parameters aligned with historical baseline.",2026-09-08T17:14:22.000Z
pred_2078,cow_8,ses_2078,14,LOW,MASTITIS_RISK,0.94,"Parameters aligned with historical baseline.",2026-09-08T18:05:42.000Z
pred_2079,cow_9,ses_2079,9,LOW,MASTITIS_RISK,0.94,"Parameters aligned with historical baseline.",2026-09-08T18:26:31.000Z
pred_2080,cow_10,ses_2080,12,LOW,MASTITIS_RISK,0.94,"Parameters aligned with historical baseline.",2026-09-08T18:28:57.000Z
pred_2081,cow_11,ses_2081,13,LOW,MASTITIS_RISK,0.94,"Parameters aligned with historical baseline.",2026-09-08T18:11:08.000Z
pred_2082,cow_12,ses_2082,9,LOW,MASTITIS_RISK,0.94,"Parameters aligned with historical baseline.",2026-09-08T17:34:16.000Z
pred_2083,cow_13,ses_2083,13,LOW,MASTITIS_RISK,0.94,"Parameters aligned with historical baseline.",2026-09-08T17:52:23.000Z
pred_2084,cow_14,ses_2084,11,LOW,MASTITIS_RISK,0.94,"Parameters aligned with historical baseline.",2026-09-08T17:25:36.000Z
pred_2085,cow_15,ses_2085,7,LOW,MASTITIS_RISK,0.94,"Parameters aligned with historical baseline.",2026-09-08T18:24:12.000Z
pred_2086,cow_16,ses_2086,11,LOW,MASTITIS_RISK,0.94,"Parameters aligned with historical baseline.",2026-09-08T17:56:37.000Z
pred_2087,cow_17,ses_2087,13,LOW,MASTITIS_RISK,0.94,"Parameters aligned with historical baseline.",2026-09-08T18:27:56.000Z
pred_2088,cow_18,ses_2088,7,LOW,MASTITIS_RISK,0.94,"Parameters aligned with historical baseline.",2026-09-08T17:25:49.000Z
pred_2089,cow_19,ses_2089,8,LOW,MASTITIS_RISK,0.94,"Parameters aligned with historical baseline.",2026-09-08T17:27:04.000Z
pred_2090,cow_20,ses_2090,16,LOW,MASTITIS_RISK,0.94,"Parameters aligned with historical baseline.",2026-09-08T18:23:55.000Z
pred_2091,cow_21,ses_2091,35,MODERATE,MASTITIS_RISK,0.94,"Moderate deviation: SCC +20.6%, Conductivity +2.9%. Recommend continued monitoring.",2026-09-08T18:19:48.000Z
pred_2092,cow_22,ses_2092,39,MODERATE,MASTITIS_RISK,0.94,"Moderate deviation: SCC +5.8%, Conductivity +1.1%. Recommend continued monitoring.",2026-09-08T18:02:37.000Z
pred_2093,cow_23,ses_2093,38,MODERATE,MASTITIS_RISK,0.94,"Moderate deviation: SCC +18.9%, Conductivity +2.4%. Recommend continued monitoring.",2026-09-08T17:21:57.000Z
pred_2094,cow_24,ses_2094,38,MODERATE,MASTITIS_RISK,0.94,"Moderate deviation: SCC +21.2%, Conductivity +1.1%. Recommend continued monitoring.",2026-09-08T17:05:24.000Z
pred_2095,cow_25,ses_2095,39,MODERATE,MASTITIS_RISK,0.94,"Moderate deviation: SCC +12.8%, Conductivity +2.6%. Recommend continued monitoring.",2026-09-08T18:12:34.000Z
pred_2096,cow_26,ses_2096,40,MODERATE,MASTITIS_RISK,0.94,"Moderate deviation: SCC +96.2%, Conductivity +0.5%. Recommend continued monitoring.",2026-09-08T17:55:57.000Z
pred_2097,cow_27,ses_2097,40,MODERATE,MASTITIS_RISK,0.94,"Moderate deviation: SCC +81.3%, Conductivity +-0.9%. Recommend continued monitoring.",2026-09-08T18:31:13.000Z
pred_2098,cow_28,ses_2098,40,MODERATE,MASTITIS_RISK,0.94,"Moderate deviation: SCC +74.7%, Conductivity +0.5%. Recommend continued monitoring.",2026-09-08T18:25:23.000Z
pred_2099,cow_29,ses_2099,40,MODERATE,MASTITIS_RISK,0.94,"Moderate deviation: SCC +79.7%, Conductivity +-1.1%. Recommend continued monitoring.",2026-09-08T18:10:45.000Z
pred_2100,cow_30,ses_2100,40,MODERATE,MASTITIS_RISK,0.94,"Moderate deviation: SCC +135.6%, Conductivity +0.9%. Recommend continued monitoring.",2026-09-08T17:56:56.000Z
pred_2101,cow_1,ses_2101,11,LOW,MASTITIS_RISK,0.94,"Parameters aligned with historical baseline.",2026-09-09T06:49:20.000Z
pred_2102,cow_2,ses_2102,9,LOW,MASTITIS_RISK,0.94,"Parameters aligned with historical baseline.",2026-09-09T06:32:20.000Z
pred_2103,cow_3,ses_2103,10,LOW,MASTITIS_RISK,0.94,"Parameters aligned with historical baseline.",2026-09-09T07:20:42.000Z
pred_2104,cow_4,ses_2104,17,LOW,MASTITIS_RISK,0.94,"Parameters aligned with historical baseline.",2026-09-09T07:07:59.000Z
pred_2105,cow_5,ses_2105,14,LOW,MASTITIS_RISK,0.94,"Parameters aligned with historical baseline.",2026-09-09T06:09:22.000Z
pred_2106,cow_6,ses_2106,13,LOW,MASTITIS_RISK,0.94,"Parameters aligned with historical baseline.",2026-09-09T06:29:08.000Z
pred_2107,cow_7,ses_2107,16,LOW,MASTITIS_RISK,0.94,"Parameters aligned with historical baseline.",2026-09-09T06:33:35.000Z
pred_2108,cow_8,ses_2108,13,LOW,MASTITIS_RISK,0.94,"Parameters aligned with historical baseline.",2026-09-09T07:28:31.000Z
pred_2109,cow_9,ses_2109,14,LOW,MASTITIS_RISK,0.94,"Parameters aligned with historical baseline.",2026-09-09T06:45:41.000Z
pred_2110,cow_10,ses_2110,10,LOW,MASTITIS_RISK,0.94,"Parameters aligned with historical baseline.",2026-09-09T06:29:01.000Z
pred_2111,cow_11,ses_2111,9,LOW,MASTITIS_RISK,0.94,"Parameters aligned with historical baseline.",2026-09-09T06:37:29.000Z
pred_2112,cow_12,ses_2112,12,LOW,MASTITIS_RISK,0.94,"Parameters aligned with historical baseline.",2026-09-09T07:34:28.000Z
pred_2113,cow_13,ses_2113,13,LOW,MASTITIS_RISK,0.94,"Parameters aligned with historical baseline.",2026-09-09T06:15:04.000Z
pred_2114,cow_14,ses_2114,17,LOW,MASTITIS_RISK,0.94,"Parameters aligned with historical baseline.",2026-09-09T06:34:43.000Z
pred_2115,cow_15,ses_2115,12,LOW,MASTITIS_RISK,0.94,"Parameters aligned with historical baseline.",2026-09-09T07:05:01.000Z
pred_2116,cow_16,ses_2116,15,LOW,MASTITIS_RISK,0.94,"Parameters aligned with historical baseline.",2026-09-09T07:17:10.000Z
pred_2117,cow_17,ses_2117,11,LOW,MASTITIS_RISK,0.94,"Parameters aligned with historical baseline.",2026-09-09T07:25:42.000Z
pred_2118,cow_18,ses_2118,14,LOW,MASTITIS_RISK,0.94,"Parameters aligned with historical baseline.",2026-09-09T07:08:37.000Z
pred_2119,cow_19,ses_2119,9,LOW,MASTITIS_RISK,0.94,"Parameters aligned with historical baseline.",2026-09-09T06:58:56.000Z
pred_2120,cow_20,ses_2120,16,LOW,MASTITIS_RISK,0.94,"Parameters aligned with historical baseline.",2026-09-09T07:14:47.000Z
pred_2121,cow_21,ses_2121,40,MODERATE,MASTITIS_RISK,0.94,"Moderate deviation: SCC +9.3%, Conductivity +2.9%. Recommend continued monitoring.",2026-09-09T06:35:43.000Z
pred_2122,cow_22,ses_2122,36,MODERATE,MASTITIS_RISK,0.94,"Moderate deviation: SCC +23.1%, Conductivity +3.0%. Recommend continued monitoring.",2026-09-09T06:47:04.000Z
pred_2123,cow_23,ses_2123,37,MODERATE,MASTITIS_RISK,0.94,"Moderate deviation: SCC +27.9%, Conductivity +3.1%. Recommend continued monitoring.",2026-09-09T06:35:00.000Z
pred_2124,cow_24,ses_2124,38,MODERATE,MASTITIS_RISK,0.94,"Moderate deviation: SCC +11.9%, Conductivity +3.2%. Recommend continued monitoring.",2026-09-09T07:11:42.000Z
pred_2125,cow_25,ses_2125,34,MODERATE,MASTITIS_RISK,0.94,"Moderate deviation: SCC +22.4%, Conductivity +2.6%. Recommend continued monitoring.",2026-09-09T06:44:12.000Z
pred_2126,cow_26,ses_2126,42,MODERATE,MASTITIS_RISK,0.94,"Moderate deviation: SCC +98.5%, Conductivity +1.8%. Recommend continued monitoring.",2026-09-09T06:50:17.000Z
pred_2127,cow_27,ses_2127,42,MODERATE,MASTITIS_RISK,0.94,"Moderate deviation: SCC +107.9%, Conductivity +0.2%. Recommend continued monitoring.",2026-09-09T06:51:14.000Z
pred_2128,cow_28,ses_2128,42,MODERATE,MASTITIS_RISK,0.94,"Moderate deviation: SCC +99.3%, Conductivity +0.9%. Recommend continued monitoring.",2026-09-09T06:12:10.000Z
pred_2129,cow_29,ses_2129,42,MODERATE,MASTITIS_RISK,0.94,"Moderate deviation: SCC +95.4%, Conductivity +1.4%. Recommend continued monitoring.",2026-09-09T06:58:13.000Z
pred_2130,cow_30,ses_2130,42,MODERATE,MASTITIS_RISK,0.94,"Moderate deviation: SCC +165.6%, Conductivity +0.6%. Recommend continued monitoring.",2026-09-09T06:18:48.000Z
pred_2131,cow_1,ses_2131,15,LOW,MASTITIS_RISK,0.94,"Parameters aligned with historical baseline.",2026-09-09T17:17:00.000Z
pred_2132,cow_2,ses_2132,11,LOW,MASTITIS_RISK,0.94,"Parameters aligned with historical baseline.",2026-09-09T17:56:33.000Z
pred_2133,cow_3,ses_2133,15,LOW,MASTITIS_RISK,0.94,"Parameters aligned with historical baseline.",2026-09-09T17:54:38.000Z
pred_2134,cow_4,ses_2134,10,LOW,MASTITIS_RISK,0.94,"Parameters aligned with historical baseline.",2026-09-09T17:11:34.000Z
pred_2135,cow_5,ses_2135,11,LOW,MASTITIS_RISK,0.94,"Parameters aligned with historical baseline.",2026-09-09T17:22:07.000Z
pred_2136,cow_6,ses_2136,17,LOW,MASTITIS_RISK,0.94,"Parameters aligned with historical baseline.",2026-09-09T17:56:44.000Z
pred_2137,cow_7,ses_2137,10,LOW,MASTITIS_RISK,0.94,"Parameters aligned with historical baseline.",2026-09-09T17:18:49.000Z
pred_2138,cow_8,ses_2138,13,LOW,MASTITIS_RISK,0.94,"Parameters aligned with historical baseline.",2026-09-09T18:25:41.000Z
pred_2139,cow_9,ses_2139,15,LOW,MASTITIS_RISK,0.94,"Parameters aligned with historical baseline.",2026-09-09T18:18:10.000Z
pred_2140,cow_10,ses_2140,10,LOW,MASTITIS_RISK,0.94,"Parameters aligned with historical baseline.",2026-09-09T17:19:32.000Z
pred_2141,cow_11,ses_2141,9,LOW,MASTITIS_RISK,0.94,"Parameters aligned with historical baseline.",2026-09-09T17:14:23.000Z
pred_2142,cow_12,ses_2142,12,LOW,MASTITIS_RISK,0.94,"Parameters aligned with historical baseline.",2026-09-09T17:33:36.000Z
pred_2143,cow_13,ses_2143,15,LOW,MASTITIS_RISK,0.94,"Parameters aligned with historical baseline.",2026-09-09T17:11:57.000Z
pred_2144,cow_14,ses_2144,15,LOW,MASTITIS_RISK,0.94,"Parameters aligned with historical baseline.",2026-09-09T17:48:09.000Z
pred_2145,cow_15,ses_2145,7,LOW,MASTITIS_RISK,0.94,"Parameters aligned with historical baseline.",2026-09-09T18:00:11.000Z
pred_2146,cow_16,ses_2146,9,LOW,MASTITIS_RISK,0.94,"Parameters aligned with historical baseline.",2026-09-09T17:20:24.000Z
pred_2147,cow_17,ses_2147,9,LOW,MASTITIS_RISK,0.94,"Parameters aligned with historical baseline.",2026-09-09T18:02:27.000Z
pred_2148,cow_18,ses_2148,8,LOW,MASTITIS_RISK,0.94,"Parameters aligned with historical baseline.",2026-09-09T17:26:41.000Z
pred_2149,cow_19,ses_2149,13,LOW,MASTITIS_RISK,0.94,"Parameters aligned with historical baseline.",2026-09-09T18:18:05.000Z
pred_2150,cow_20,ses_2150,13,LOW,MASTITIS_RISK,0.94,"Parameters aligned with historical baseline.",2026-09-09T17:49:36.000Z
pred_2151,cow_21,ses_2151,37,MODERATE,MASTITIS_RISK,0.94,"Moderate deviation: SCC +7.2%, Conductivity +3.2%. Recommend continued monitoring.",2026-09-09T17:10:45.000Z
pred_2152,cow_22,ses_2152,36,MODERATE,MASTITIS_RISK,0.94,"Moderate deviation: SCC +10.6%, Conductivity +1.9%. Recommend continued monitoring.",2026-09-09T17:50:20.000Z
pred_2153,cow_23,ses_2153,33,MODERATE,MASTITIS_RISK,0.94,"Moderate deviation: SCC +13.5%, Conductivity +2.4%. Recommend continued monitoring.",2026-09-09T18:15:15.000Z
pred_2154,cow_24,ses_2154,35,MODERATE,MASTITIS_RISK,0.94,"Moderate deviation: SCC +27.1%, Conductivity +3.0%. Recommend continued monitoring.",2026-09-09T17:38:48.000Z
pred_2155,cow_25,ses_2155,37,MODERATE,MASTITIS_RISK,0.94,"Moderate deviation: SCC +22.4%, Conductivity +1.8%. Recommend continued monitoring.",2026-09-09T17:57:36.000Z
pred_2156,cow_26,ses_2156,42,MODERATE,MASTITIS_RISK,0.94,"Moderate deviation: SCC +106.1%, Conductivity +0.5%. Recommend continued monitoring.",2026-09-09T18:14:44.000Z
pred_2157,cow_27,ses_2157,42,MODERATE,MASTITIS_RISK,0.94,"Moderate deviation: SCC +102.9%, Conductivity +1.9%. Recommend continued monitoring.",2026-09-09T18:16:50.000Z
pred_2158,cow_28,ses_2158,42,MODERATE,MASTITIS_RISK,0.94,"Moderate deviation: SCC +88.4%, Conductivity +0.7%. Recommend continued monitoring.",2026-09-09T17:40:30.000Z
pred_2159,cow_29,ses_2159,42,MODERATE,MASTITIS_RISK,0.94,"Moderate deviation: SCC +88.9%, Conductivity +1.6%. Recommend continued monitoring.",2026-09-09T17:11:19.000Z
pred_2160,cow_30,ses_2160,42,MODERATE,MASTITIS_RISK,0.94,"Moderate deviation: SCC +154.4%, Conductivity +1.8%. Recommend continued monitoring.",2026-09-09T17:23:32.000Z
pred_2161,cow_1,ses_2161,12,LOW,MASTITIS_RISK,0.94,"Parameters aligned with historical baseline.",2026-09-10T06:45:35.000Z
pred_2162,cow_2,ses_2162,11,LOW,MASTITIS_RISK,0.94,"Parameters aligned with historical baseline.",2026-09-10T06:20:35.000Z
pred_2163,cow_3,ses_2163,16,LOW,MASTITIS_RISK,0.94,"Parameters aligned with historical baseline.",2026-09-10T06:05:00.000Z
pred_2164,cow_4,ses_2164,14,LOW,MASTITIS_RISK,0.94,"Parameters aligned with historical baseline.",2026-09-10T06:44:58.000Z
pred_2165,cow_5,ses_2165,13,LOW,MASTITIS_RISK,0.94,"Parameters aligned with historical baseline.",2026-09-10T06:58:44.000Z
pred_2166,cow_6,ses_2166,12,LOW,MASTITIS_RISK,0.94,"Parameters aligned with historical baseline.",2026-09-10T07:01:15.000Z
pred_2167,cow_7,ses_2167,11,LOW,MASTITIS_RISK,0.94,"Parameters aligned with historical baseline.",2026-09-10T06:32:36.000Z
pred_2168,cow_8,ses_2168,13,LOW,MASTITIS_RISK,0.94,"Parameters aligned with historical baseline.",2026-09-10T06:11:04.000Z
pred_2169,cow_9,ses_2169,15,LOW,MASTITIS_RISK,0.94,"Parameters aligned with historical baseline.",2026-09-10T07:03:34.000Z
pred_2170,cow_10,ses_2170,10,LOW,MASTITIS_RISK,0.94,"Parameters aligned with historical baseline.",2026-09-10T06:24:53.000Z
pred_2171,cow_11,ses_2171,13,LOW,MASTITIS_RISK,0.94,"Parameters aligned with historical baseline.",2026-09-10T06:23:58.000Z
pred_2172,cow_12,ses_2172,9,LOW,MASTITIS_RISK,0.94,"Parameters aligned with historical baseline.",2026-09-10T07:11:55.000Z
pred_2173,cow_13,ses_2173,15,LOW,MASTITIS_RISK,0.94,"Parameters aligned with historical baseline.",2026-09-10T06:54:36.000Z
pred_2174,cow_14,ses_2174,8,LOW,MASTITIS_RISK,0.94,"Parameters aligned with historical baseline.",2026-09-10T07:33:45.000Z
pred_2175,cow_15,ses_2175,12,LOW,MASTITIS_RISK,0.94,"Parameters aligned with historical baseline.",2026-09-10T06:52:52.000Z
pred_2176,cow_16,ses_2176,8,LOW,MASTITIS_RISK,0.94,"Parameters aligned with historical baseline.",2026-09-10T06:52:26.000Z
pred_2177,cow_17,ses_2177,13,LOW,MASTITIS_RISK,0.94,"Parameters aligned with historical baseline.",2026-09-10T06:51:22.000Z
pred_2178,cow_18,ses_2178,12,LOW,MASTITIS_RISK,0.94,"Parameters aligned with historical baseline.",2026-09-10T06:55:48.000Z
pred_2179,cow_19,ses_2179,13,LOW,MASTITIS_RISK,0.94,"Parameters aligned with historical baseline.",2026-09-10T07:20:00.000Z
pred_2180,cow_20,ses_2180,17,LOW,MASTITIS_RISK,0.94,"Parameters aligned with historical baseline.",2026-09-10T06:23:13.000Z
pred_2181,cow_21,ses_2181,38,MODERATE,MASTITIS_RISK,0.94,"Moderate deviation: SCC +28.9%, Conductivity +2.2%. Recommend continued monitoring.",2026-09-10T06:25:41.000Z
pred_2182,cow_22,ses_2182,36,MODERATE,MASTITIS_RISK,0.94,"Moderate deviation: SCC +26%, Conductivity +3.7%. Recommend continued monitoring.",2026-09-10T07:07:32.000Z
pred_2183,cow_23,ses_2183,41,MODERATE,MASTITIS_RISK,0.94,"Moderate deviation: SCC +16.2%, Conductivity +2.4%. Recommend continued monitoring.",2026-09-10T06:42:53.000Z
pred_2184,cow_24,ses_2184,39,MODERATE,MASTITIS_RISK,0.94,"Moderate deviation: SCC +28.8%, Conductivity +2.5%. Recommend continued monitoring.",2026-09-10T06:42:29.000Z
pred_2185,cow_25,ses_2185,39,MODERATE,MASTITIS_RISK,0.94,"Moderate deviation: SCC +15.2%, Conductivity +2.2%. Recommend continued monitoring.",2026-09-10T06:44:32.000Z
pred_2186,cow_26,ses_2186,44,MODERATE,MASTITIS_RISK,0.94,"Moderate deviation: SCC +116.7%, Conductivity +2.2%. Recommend continued monitoring.",2026-09-10T07:10:54.000Z
pred_2187,cow_27,ses_2187,44,MODERATE,MASTITIS_RISK,0.94,"Moderate deviation: SCC +115.8%, Conductivity +1.8%. Recommend continued monitoring.",2026-09-10T07:23:47.000Z
pred_2188,cow_28,ses_2188,44,MODERATE,MASTITIS_RISK,0.94,"Moderate deviation: SCC +111%, Conductivity +1.8%. Recommend continued monitoring.",2026-09-10T06:40:00.000Z
pred_2189,cow_29,ses_2189,44,MODERATE,MASTITIS_RISK,0.94,"Moderate deviation: SCC +102.6%, Conductivity +2.0%. Recommend continued monitoring.",2026-09-10T07:01:34.000Z
pred_2190,cow_30,ses_2190,44,MODERATE,MASTITIS_RISK,0.94,"Moderate deviation: SCC +172.2%, Conductivity +1.7%. Recommend continued monitoring.",2026-09-10T07:11:25.000Z
pred_2191,cow_1,ses_2191,10,LOW,MASTITIS_RISK,0.94,"Parameters aligned with historical baseline.",2026-09-10T17:06:11.000Z
pred_2192,cow_2,ses_2192,12,LOW,MASTITIS_RISK,0.94,"Parameters aligned with historical baseline.",2026-09-10T18:15:05.000Z
pred_2193,cow_3,ses_2193,14,LOW,MASTITIS_RISK,0.94,"Parameters aligned with historical baseline.",2026-09-10T17:09:49.000Z
pred_2194,cow_4,ses_2194,17,LOW,MASTITIS_RISK,0.94,"Parameters aligned with historical baseline.",2026-09-10T18:04:36.000Z
pred_2195,cow_5,ses_2195,15,LOW,MASTITIS_RISK,0.94,"Parameters aligned with historical baseline.",2026-09-10T18:31:10.000Z
pred_2196,cow_6,ses_2196,12,LOW,MASTITIS_RISK,0.94,"Parameters aligned with historical baseline.",2026-09-10T18:17:06.000Z
pred_2197,cow_7,ses_2197,8,LOW,MASTITIS_RISK,0.94,"Parameters aligned with historical baseline.",2026-09-10T17:07:28.000Z
pred_2198,cow_8,ses_2198,10,LOW,MASTITIS_RISK,0.94,"Parameters aligned with historical baseline.",2026-09-10T18:07:16.000Z
pred_2199,cow_9,ses_2199,13,LOW,MASTITIS_RISK,0.94,"Parameters aligned with historical baseline.",2026-09-10T17:51:21.000Z
pred_2200,cow_10,ses_2200,12,LOW,MASTITIS_RISK,0.94,"Parameters aligned with historical baseline.",2026-09-10T17:46:33.000Z
pred_2201,cow_11,ses_2201,14,LOW,MASTITIS_RISK,0.94,"Parameters aligned with historical baseline.",2026-09-10T17:08:31.000Z
pred_2202,cow_12,ses_2202,11,LOW,MASTITIS_RISK,0.94,"Parameters aligned with historical baseline.",2026-09-10T17:17:50.000Z
pred_2203,cow_13,ses_2203,15,LOW,MASTITIS_RISK,0.94,"Parameters aligned with historical baseline.",2026-09-10T18:03:01.000Z
pred_2204,cow_14,ses_2204,13,LOW,MASTITIS_RISK,0.94,"Parameters aligned with historical baseline.",2026-09-10T18:12:31.000Z
pred_2205,cow_15,ses_2205,10,LOW,MASTITIS_RISK,0.94,"Parameters aligned with historical baseline.",2026-09-10T18:00:30.000Z
pred_2206,cow_16,ses_2206,16,LOW,MASTITIS_RISK,0.94,"Parameters aligned with historical baseline.",2026-09-10T17:08:37.000Z
pred_2207,cow_17,ses_2207,16,LOW,MASTITIS_RISK,0.94,"Parameters aligned with historical baseline.",2026-09-10T17:59:21.000Z
pred_2208,cow_18,ses_2208,16,LOW,MASTITIS_RISK,0.94,"Parameters aligned with historical baseline.",2026-09-10T17:05:02.000Z
pred_2209,cow_19,ses_2209,15,LOW,MASTITIS_RISK,0.94,"Parameters aligned with historical baseline.",2026-09-10T18:08:10.000Z
pred_2210,cow_20,ses_2210,7,LOW,MASTITIS_RISK,0.94,"Parameters aligned with historical baseline.",2026-09-10T18:16:40.000Z
pred_2211,cow_21,ses_2211,33,MODERATE,MASTITIS_RISK,0.94,"Moderate deviation: SCC +20.6%, Conductivity +3.6%. Recommend continued monitoring.",2026-09-10T18:09:55.000Z
pred_2212,cow_22,ses_2212,40,MODERATE,MASTITIS_RISK,0.94,"Moderate deviation: SCC +25%, Conductivity +2.8%. Recommend continued monitoring.",2026-09-10T18:06:12.000Z
pred_2213,cow_23,ses_2213,40,MODERATE,MASTITIS_RISK,0.94,"Moderate deviation: SCC +29.7%, Conductivity +2.7%. Recommend continued monitoring.",2026-09-10T17:05:48.000Z
pred_2214,cow_24,ses_2214,38,MODERATE,MASTITIS_RISK,0.94,"Moderate deviation: SCC +25.4%, Conductivity +2.1%. Recommend continued monitoring.",2026-09-10T17:29:58.000Z
pred_2215,cow_25,ses_2215,34,MODERATE,MASTITIS_RISK,0.94,"Moderate deviation: SCC +22.4%, Conductivity +3.5%. Recommend continued monitoring.",2026-09-10T18:21:21.000Z
pred_2216,cow_26,ses_2216,44,MODERATE,MASTITIS_RISK,0.94,"Moderate deviation: SCC +126.5%, Conductivity +1.4%. Recommend continued monitoring.",2026-09-10T17:50:32.000Z
pred_2217,cow_27,ses_2217,44,MODERATE,MASTITIS_RISK,0.94,"Moderate deviation: SCC +118%, Conductivity +1.8%. Recommend continued monitoring.",2026-09-10T18:31:40.000Z
pred_2218,cow_28,ses_2218,44,MODERATE,MASTITIS_RISK,0.94,"Moderate deviation: SCC +109.6%, Conductivity +2.7%. Recommend continued monitoring.",2026-09-10T17:46:12.000Z
pred_2219,cow_29,ses_2219,44,MODERATE,MASTITIS_RISK,0.94,"Moderate deviation: SCC +105.2%, Conductivity +1.6%. Recommend continued monitoring.",2026-09-10T17:20:02.000Z
pred_2220,cow_30,ses_2220,44,MODERATE,MASTITIS_RISK,0.94,"Moderate deviation: SCC +190%, Conductivity +1.3%. Recommend continued monitoring.",2026-09-10T18:21:34.000Z
pred_2221,cow_1,ses_2221,10,LOW,MASTITIS_RISK,0.94,"Parameters aligned with historical baseline.",2026-09-11T06:20:03.000Z
pred_2222,cow_2,ses_2222,17,LOW,MASTITIS_RISK,0.94,"Parameters aligned with historical baseline.",2026-09-11T07:22:37.000Z
pred_2223,cow_3,ses_2223,12,LOW,MASTITIS_RISK,0.94,"Parameters aligned with historical baseline.",2026-09-11T06:39:06.000Z
pred_2224,cow_4,ses_2224,16,LOW,MASTITIS_RISK,0.94,"Parameters aligned with historical baseline.",2026-09-11T06:34:30.000Z
pred_2225,cow_5,ses_2225,14,LOW,MASTITIS_RISK,0.94,"Parameters aligned with historical baseline.",2026-09-11T06:26:25.000Z
pred_2226,cow_6,ses_2226,14,LOW,MASTITIS_RISK,0.94,"Parameters aligned with historical baseline.",2026-09-11T06:12:50.000Z
pred_2227,cow_7,ses_2227,17,LOW,MASTITIS_RISK,0.94,"Parameters aligned with historical baseline.",2026-09-11T06:23:33.000Z
pred_2228,cow_8,ses_2228,11,LOW,MASTITIS_RISK,0.94,"Parameters aligned with historical baseline.",2026-09-11T06:25:29.000Z
pred_2229,cow_9,ses_2229,10,LOW,MASTITIS_RISK,0.94,"Parameters aligned with historical baseline.",2026-09-11T07:20:49.000Z
pred_2230,cow_10,ses_2230,7,LOW,MASTITIS_RISK,0.94,"Parameters aligned with historical baseline.",2026-09-11T07:33:04.000Z
pred_2231,cow_11,ses_2231,9,LOW,MASTITIS_RISK,0.94,"Parameters aligned with historical baseline.",2026-09-11T06:25:32.000Z
pred_2232,cow_12,ses_2232,14,LOW,MASTITIS_RISK,0.94,"Parameters aligned with historical baseline.",2026-09-11T06:33:28.000Z
pred_2233,cow_13,ses_2233,8,LOW,MASTITIS_RISK,0.94,"Parameters aligned with historical baseline.",2026-09-11T07:29:52.000Z
pred_2234,cow_14,ses_2234,10,LOW,MASTITIS_RISK,0.94,"Parameters aligned with historical baseline.",2026-09-11T07:28:34.000Z
pred_2235,cow_15,ses_2235,16,LOW,MASTITIS_RISK,0.94,"Parameters aligned with historical baseline.",2026-09-11T07:03:08.000Z
pred_2236,cow_16,ses_2236,8,LOW,MASTITIS_RISK,0.94,"Parameters aligned with historical baseline.",2026-09-11T06:40:08.000Z
pred_2237,cow_17,ses_2237,15,LOW,MASTITIS_RISK,0.94,"Parameters aligned with historical baseline.",2026-09-11T06:59:34.000Z
pred_2238,cow_18,ses_2238,16,LOW,MASTITIS_RISK,0.94,"Parameters aligned with historical baseline.",2026-09-11T06:39:20.000Z
pred_2239,cow_19,ses_2239,11,LOW,MASTITIS_RISK,0.94,"Parameters aligned with historical baseline.",2026-09-11T06:05:17.000Z
pred_2240,cow_20,ses_2240,10,LOW,MASTITIS_RISK,0.94,"Parameters aligned with historical baseline.",2026-09-11T07:26:44.000Z
pred_2241,cow_21,ses_2241,42,MODERATE,MASTITIS_RISK,0.94,"Moderate deviation: SCC +22.7%, Conductivity +4.3%. Recommend continued monitoring.",2026-09-11T06:59:05.000Z
pred_2242,cow_22,ses_2242,34,MODERATE,MASTITIS_RISK,0.94,"Moderate deviation: SCC +33.7%, Conductivity +3.9%. Recommend continued monitoring.",2026-09-11T07:34:20.000Z
pred_2243,cow_23,ses_2243,38,MODERATE,MASTITIS_RISK,0.94,"Moderate deviation: SCC +16.2%, Conductivity +4.2%. Recommend continued monitoring.",2026-09-11T06:47:14.000Z
pred_2244,cow_24,ses_2244,40,MODERATE,MASTITIS_RISK,0.94,"Moderate deviation: SCC +26.3%, Conductivity +2.5%. Recommend continued monitoring.",2026-09-11T07:32:06.000Z
pred_2245,cow_25,ses_2245,38,MODERATE,MASTITIS_RISK,0.94,"Moderate deviation: SCC +32%, Conductivity +3.9%. Recommend continued monitoring.",2026-09-11T07:23:48.000Z
pred_2246,cow_26,ses_2246,46,MODERATE,MASTITIS_RISK,0.94,"Moderate deviation: SCC +142.4%, Conductivity +2.9%. Recommend continued monitoring.",2026-09-11T06:47:48.000Z
pred_2247,cow_27,ses_2247,46,MODERATE,MASTITIS_RISK,0.94,"Moderate deviation: SCC +123.7%, Conductivity +3.5%. Recommend continued monitoring.",2026-09-11T06:55:42.000Z
pred_2248,cow_28,ses_2248,46,MODERATE,MASTITIS_RISK,0.94,"Moderate deviation: SCC +128.1%, Conductivity +3.3%. Recommend continued monitoring.",2026-09-11T07:30:00.000Z
pred_2249,cow_29,ses_2249,46,MODERATE,MASTITIS_RISK,0.94,"Moderate deviation: SCC +124.2%, Conductivity +2.7%. Recommend continued monitoring.",2026-09-11T07:17:28.000Z
pred_2250,cow_30,ses_2250,46,MODERATE,MASTITIS_RISK,0.94,"Moderate deviation: SCC +195.6%, Conductivity +3.7%. Recommend continued monitoring.",2026-09-11T07:27:46.000Z
pred_2251,cow_1,ses_2251,15,LOW,MASTITIS_RISK,0.94,"Parameters aligned with historical baseline.",2026-09-11T18:28:23.000Z
pred_2252,cow_2,ses_2252,17,LOW,MASTITIS_RISK,0.94,"Parameters aligned with historical baseline.",2026-09-11T17:53:59.000Z
pred_2253,cow_3,ses_2253,10,LOW,MASTITIS_RISK,0.94,"Parameters aligned with historical baseline.",2026-09-11T18:27:54.000Z
pred_2254,cow_4,ses_2254,14,LOW,MASTITIS_RISK,0.94,"Parameters aligned with historical baseline.",2026-09-11T18:32:30.000Z
pred_2255,cow_5,ses_2255,10,LOW,MASTITIS_RISK,0.94,"Parameters aligned with historical baseline.",2026-09-11T17:27:34.000Z
pred_2256,cow_6,ses_2256,13,LOW,MASTITIS_RISK,0.94,"Parameters aligned with historical baseline.",2026-09-11T17:50:11.000Z
pred_2257,cow_7,ses_2257,15,LOW,MASTITIS_RISK,0.94,"Parameters aligned with historical baseline.",2026-09-11T17:51:27.000Z
pred_2258,cow_8,ses_2258,10,LOW,MASTITIS_RISK,0.94,"Parameters aligned with historical baseline.",2026-09-11T17:55:58.000Z
pred_2259,cow_9,ses_2259,12,LOW,MASTITIS_RISK,0.94,"Parameters aligned with historical baseline.",2026-09-11T18:01:30.000Z
pred_2260,cow_10,ses_2260,15,LOW,MASTITIS_RISK,0.94,"Parameters aligned with historical baseline.",2026-09-11T18:01:53.000Z
pred_2261,cow_11,ses_2261,15,LOW,MASTITIS_RISK,0.94,"Parameters aligned with historical baseline.",2026-09-11T17:38:55.000Z
pred_2262,cow_12,ses_2262,8,LOW,MASTITIS_RISK,0.94,"Parameters aligned with historical baseline.",2026-09-11T17:37:21.000Z
pred_2263,cow_13,ses_2263,16,LOW,MASTITIS_RISK,0.94,"Parameters aligned with historical baseline.",2026-09-11T17:38:26.000Z
pred_2264,cow_14,ses_2264,10,LOW,MASTITIS_RISK,0.94,"Parameters aligned with historical baseline.",2026-09-11T18:15:01.000Z
pred_2265,cow_15,ses_2265,17,LOW,MASTITIS_RISK,0.94,"Parameters aligned with historical baseline.",2026-09-11T18:18:38.000Z
pred_2266,cow_16,ses_2266,11,LOW,MASTITIS_RISK,0.94,"Parameters aligned with historical baseline.",2026-09-11T17:33:04.000Z
pred_2267,cow_17,ses_2267,8,LOW,MASTITIS_RISK,0.94,"Parameters aligned with historical baseline.",2026-09-11T17:16:02.000Z
pred_2268,cow_18,ses_2268,15,LOW,MASTITIS_RISK,0.94,"Parameters aligned with historical baseline.",2026-09-11T17:42:53.000Z
pred_2269,cow_19,ses_2269,8,LOW,MASTITIS_RISK,0.94,"Parameters aligned with historical baseline.",2026-09-11T17:22:07.000Z
pred_2270,cow_20,ses_2270,16,LOW,MASTITIS_RISK,0.94,"Parameters aligned with historical baseline.",2026-09-11T18:01:07.000Z
pred_2271,cow_21,ses_2271,38,MODERATE,MASTITIS_RISK,0.94,"Moderate deviation: SCC +34%, Conductivity +2.7%. Recommend continued monitoring.",2026-09-11T17:46:20.000Z
pred_2272,cow_22,ses_2272,36,MODERATE,MASTITIS_RISK,0.94,"Moderate deviation: SCC +14.4%, Conductivity +2.3%. Recommend continued monitoring.",2026-09-11T18:00:32.000Z
pred_2273,cow_23,ses_2273,39,MODERATE,MASTITIS_RISK,0.94,"Moderate deviation: SCC +23.4%, Conductivity +3.6%. Recommend continued monitoring.",2026-09-11T17:53:23.000Z
pred_2274,cow_24,ses_2274,36,MODERATE,MASTITIS_RISK,0.94,"Moderate deviation: SCC +28.8%, Conductivity +4.1%. Recommend continued monitoring.",2026-09-11T17:19:08.000Z
pred_2275,cow_25,ses_2275,34,MODERATE,MASTITIS_RISK,0.94,"Moderate deviation: SCC +14.4%, Conductivity +2.9%. Recommend continued monitoring.",2026-09-11T17:32:41.000Z
pred_2276,cow_26,ses_2276,46,MODERATE,MASTITIS_RISK,0.94,"Moderate deviation: SCC +141.7%, Conductivity +4.1%. Recommend continued monitoring.",2026-09-11T17:32:52.000Z
pred_2277,cow_27,ses_2277,46,MODERATE,MASTITIS_RISK,0.94,"Moderate deviation: SCC +130.9%, Conductivity +2.3%. Recommend continued monitoring.",2026-09-11T17:39:59.000Z
pred_2278,cow_28,ses_2278,46,MODERATE,MASTITIS_RISK,0.94,"Moderate deviation: SCC +131.5%, Conductivity +3.3%. Recommend continued monitoring.",2026-09-11T17:32:43.000Z
pred_2279,cow_29,ses_2279,46,MODERATE,MASTITIS_RISK,0.94,"Moderate deviation: SCC +119%, Conductivity +2.3%. Recommend continued monitoring.",2026-09-11T17:53:13.000Z
pred_2280,cow_30,ses_2280,46,MODERATE,MASTITIS_RISK,0.94,"Moderate deviation: SCC +204.4%, Conductivity +3.7%. Recommend continued monitoring.",2026-09-11T17:34:02.000Z
pred_2281,cow_1,ses_2281,9,LOW,MASTITIS_RISK,0.94,"Parameters aligned with historical baseline.",2026-09-12T07:09:53.000Z
pred_2282,cow_2,ses_2282,12,LOW,MASTITIS_RISK,0.94,"Parameters aligned with historical baseline.",2026-09-12T07:31:33.000Z
pred_2283,cow_3,ses_2283,13,LOW,MASTITIS_RISK,0.94,"Parameters aligned with historical baseline.",2026-09-12T07:31:14.000Z
pred_2284,cow_4,ses_2284,14,LOW,MASTITIS_RISK,0.94,"Parameters aligned with historical baseline.",2026-09-12T06:44:05.000Z
pred_2285,cow_5,ses_2285,16,LOW,MASTITIS_RISK,0.94,"Parameters aligned with historical baseline.",2026-09-12T06:08:11.000Z
pred_2286,cow_6,ses_2286,11,LOW,MASTITIS_RISK,0.94,"Parameters aligned with historical baseline.",2026-09-12T07:15:41.000Z
pred_2287,cow_7,ses_2287,9,LOW,MASTITIS_RISK,0.94,"Parameters aligned with historical baseline.",2026-09-12T06:13:17.000Z
pred_2288,cow_8,ses_2288,14,LOW,MASTITIS_RISK,0.94,"Parameters aligned with historical baseline.",2026-09-12T06:57:19.000Z
pred_2289,cow_9,ses_2289,9,LOW,MASTITIS_RISK,0.94,"Parameters aligned with historical baseline.",2026-09-12T07:08:48.000Z
pred_2290,cow_10,ses_2290,13,LOW,MASTITIS_RISK,0.94,"Parameters aligned with historical baseline.",2026-09-12T07:13:51.000Z
pred_2291,cow_11,ses_2291,14,LOW,MASTITIS_RISK,0.94,"Parameters aligned with historical baseline.",2026-09-12T07:25:24.000Z
pred_2292,cow_12,ses_2292,10,LOW,MASTITIS_RISK,0.94,"Parameters aligned with historical baseline.",2026-09-12T06:25:02.000Z
pred_2293,cow_13,ses_2293,11,LOW,MASTITIS_RISK,0.94,"Parameters aligned with historical baseline.",2026-09-12T07:20:48.000Z
pred_2294,cow_14,ses_2294,11,LOW,MASTITIS_RISK,0.94,"Parameters aligned with historical baseline.",2026-09-12T06:10:21.000Z
pred_2295,cow_15,ses_2295,12,LOW,MASTITIS_RISK,0.94,"Parameters aligned with historical baseline.",2026-09-12T07:03:45.000Z
pred_2296,cow_16,ses_2296,10,LOW,MASTITIS_RISK,0.94,"Parameters aligned with historical baseline.",2026-09-12T06:08:41.000Z
pred_2297,cow_17,ses_2297,10,LOW,MASTITIS_RISK,0.94,"Parameters aligned with historical baseline.",2026-09-12T07:28:15.000Z
pred_2298,cow_18,ses_2298,8,LOW,MASTITIS_RISK,0.94,"Parameters aligned with historical baseline.",2026-09-12T07:25:44.000Z
pred_2299,cow_19,ses_2299,16,LOW,MASTITIS_RISK,0.94,"Parameters aligned with historical baseline.",2026-09-12T07:12:13.000Z
pred_2300,cow_20,ses_2300,11,LOW,MASTITIS_RISK,0.94,"Parameters aligned with historical baseline.",2026-09-12T06:26:12.000Z
pred_2301,cow_21,ses_2301,39,MODERATE,MASTITIS_RISK,0.94,"Moderate deviation: SCC +16.5%, Conductivity +2.9%. Recommend continued monitoring.",2026-09-12T07:26:26.000Z
pred_2302,cow_22,ses_2302,37,MODERATE,MASTITIS_RISK,0.94,"Moderate deviation: SCC +17.3%, Conductivity +4.4%. Recommend continued monitoring.",2026-09-12T07:05:09.000Z
pred_2303,cow_23,ses_2303,38,MODERATE,MASTITIS_RISK,0.94,"Moderate deviation: SCC +27%, Conductivity +3.1%. Recommend continued monitoring.",2026-09-12T06:50:49.000Z
pred_2304,cow_24,ses_2304,35,MODERATE,MASTITIS_RISK,0.94,"Moderate deviation: SCC +18.6%, Conductivity +3.7%. Recommend continued monitoring.",2026-09-12T06:41:56.000Z
pred_2305,cow_25,ses_2305,42,MODERATE,MASTITIS_RISK,0.94,"Moderate deviation: SCC +31.2%, Conductivity +3.7%. Recommend continued monitoring.",2026-09-12T07:03:11.000Z
pred_2306,cow_26,ses_2306,48,MODERATE,MASTITIS_RISK,0.94,"Moderate deviation: SCC +142.4%, Conductivity +5.2%. Recommend continued monitoring.",2026-09-12T07:06:24.000Z
pred_2307,cow_27,ses_2307,48,MODERATE,MASTITIS_RISK,0.94,"Moderate deviation: SCC +148.2%, Conductivity +3.3%. Recommend continued monitoring.",2026-09-12T06:16:21.000Z
pred_2308,cow_28,ses_2308,48,MODERATE,MASTITIS_RISK,0.94,"Moderate deviation: SCC +134.9%, Conductivity +4.7%. Recommend continued monitoring.",2026-09-12T06:51:16.000Z
pred_2309,cow_29,ses_2309,48,MODERATE,MASTITIS_RISK,0.94,"Moderate deviation: SCC +124.8%, Conductivity +5.3%. Recommend continued monitoring.",2026-09-12T07:23:17.000Z
pred_2310,cow_30,ses_2310,48,MODERATE,MASTITIS_RISK,0.94,"Moderate deviation: SCC +214.4%, Conductivity +4.2%. Recommend continued monitoring.",2026-09-12T06:56:54.000Z
pred_2311,cow_1,ses_2311,7,LOW,MASTITIS_RISK,0.94,"Parameters aligned with historical baseline.",2026-09-12T17:25:55.000Z
pred_2312,cow_2,ses_2312,10,LOW,MASTITIS_RISK,0.94,"Parameters aligned with historical baseline.",2026-09-12T17:07:07.000Z
pred_2313,cow_3,ses_2313,15,LOW,MASTITIS_RISK,0.94,"Parameters aligned with historical baseline.",2026-09-12T17:17:56.000Z
pred_2314,cow_4,ses_2314,9,LOW,MASTITIS_RISK,0.94,"Parameters aligned with historical baseline.",2026-09-12T18:29:56.000Z
pred_2315,cow_5,ses_2315,11,LOW,MASTITIS_RISK,0.94,"Parameters aligned with historical baseline.",2026-09-12T18:19:25.000Z
pred_2316,cow_6,ses_2316,14,LOW,MASTITIS_RISK,0.94,"Parameters aligned with historical baseline.",2026-09-12T17:30:53.000Z
pred_2317,cow_7,ses_2317,17,LOW,MASTITIS_RISK,0.94,"Parameters aligned with historical baseline.",2026-09-12T18:04:13.000Z
pred_2318,cow_8,ses_2318,10,LOW,MASTITIS_RISK,0.94,"Parameters aligned with historical baseline.",2026-09-12T17:11:12.000Z
pred_2319,cow_9,ses_2319,10,LOW,MASTITIS_RISK,0.94,"Parameters aligned with historical baseline.",2026-09-12T18:03:01.000Z
pred_2320,cow_10,ses_2320,14,LOW,MASTITIS_RISK,0.94,"Parameters aligned with historical baseline.",2026-09-12T18:16:20.000Z
pred_2321,cow_11,ses_2321,7,LOW,MASTITIS_RISK,0.94,"Parameters aligned with historical baseline.",2026-09-12T17:33:24.000Z
pred_2322,cow_12,ses_2322,16,LOW,MASTITIS_RISK,0.94,"Parameters aligned with historical baseline.",2026-09-12T17:41:52.000Z
pred_2323,cow_13,ses_2323,7,LOW,MASTITIS_RISK,0.94,"Parameters aligned with historical baseline.",2026-09-12T18:08:22.000Z
pred_2324,cow_14,ses_2324,8,LOW,MASTITIS_RISK,0.94,"Parameters aligned with historical baseline.",2026-09-12T17:41:44.000Z
pred_2325,cow_15,ses_2325,16,LOW,MASTITIS_RISK,0.94,"Parameters aligned with historical baseline.",2026-09-12T18:16:34.000Z
pred_2326,cow_16,ses_2326,16,LOW,MASTITIS_RISK,0.94,"Parameters aligned with historical baseline.",2026-09-12T18:07:44.000Z
pred_2327,cow_17,ses_2327,12,LOW,MASTITIS_RISK,0.94,"Parameters aligned with historical baseline.",2026-09-12T18:08:33.000Z
pred_2328,cow_18,ses_2328,16,LOW,MASTITIS_RISK,0.94,"Parameters aligned with historical baseline.",2026-09-12T17:44:32.000Z
pred_2329,cow_19,ses_2329,12,LOW,MASTITIS_RISK,0.94,"Parameters aligned with historical baseline.",2026-09-12T17:16:16.000Z
pred_2330,cow_20,ses_2330,11,LOW,MASTITIS_RISK,0.94,"Parameters aligned with historical baseline.",2026-09-12T18:34:05.000Z
pred_2331,cow_21,ses_2331,39,MODERATE,MASTITIS_RISK,0.94,"Moderate deviation: SCC +37.1%, Conductivity +4.3%. Recommend continued monitoring.",2026-09-12T17:54:52.000Z
pred_2332,cow_22,ses_2332,37,MODERATE,MASTITIS_RISK,0.94,"Moderate deviation: SCC +36.5%, Conductivity +2.6%. Recommend continued monitoring.",2026-09-12T17:23:59.000Z
pred_2333,cow_23,ses_2333,40,MODERATE,MASTITIS_RISK,0.94,"Moderate deviation: SCC +18%, Conductivity +4.7%. Recommend continued monitoring.",2026-09-12T17:20:00.000Z
pred_2334,cow_24,ses_2334,40,MODERATE,MASTITIS_RISK,0.94,"Moderate deviation: SCC +36.4%, Conductivity +3.2%. Recommend continued monitoring.",2026-09-12T17:38:15.000Z
pred_2335,cow_25,ses_2335,39,MODERATE,MASTITIS_RISK,0.94,"Moderate deviation: SCC +34.4%, Conductivity +3.9%. Recommend continued monitoring.",2026-09-12T18:33:43.000Z
pred_2336,cow_26,ses_2336,48,MODERATE,MASTITIS_RISK,0.94,"Moderate deviation: SCC +145.5%, Conductivity +4.7%. Recommend continued monitoring.",2026-09-12T17:37:53.000Z
pred_2337,cow_27,ses_2337,48,MODERATE,MASTITIS_RISK,0.94,"Moderate deviation: SCC +141%, Conductivity +3.7%. Recommend continued monitoring.",2026-09-12T17:45:25.000Z
pred_2338,cow_28,ses_2338,48,MODERATE,MASTITIS_RISK,0.94,"Moderate deviation: SCC +142.5%, Conductivity +3.8%. Recommend continued monitoring.",2026-09-12T18:14:16.000Z
pred_2339,cow_29,ses_2339,48,MODERATE,MASTITIS_RISK,0.94,"Moderate deviation: SCC +122.9%, Conductivity +4.1%. Recommend continued monitoring.",2026-09-12T18:02:25.000Z
pred_2340,cow_30,ses_2340,48,MODERATE,MASTITIS_RISK,0.94,"Moderate deviation: SCC +215.6%, Conductivity +4.4%. Recommend continued monitoring.",2026-09-12T17:47:17.000Z
pred_2341,cow_1,ses_2341,15,LOW,MASTITIS_RISK,0.94,"Parameters aligned with historical baseline.",2026-09-13T07:18:36.000Z
pred_2342,cow_2,ses_2342,15,LOW,MASTITIS_RISK,0.94,"Parameters aligned with historical baseline.",2026-09-13T07:04:25.000Z
pred_2343,cow_3,ses_2343,11,LOW,MASTITIS_RISK,0.94,"Parameters aligned with historical baseline.",2026-09-13T06:21:48.000Z
pred_2344,cow_4,ses_2344,15,LOW,MASTITIS_RISK,0.94,"Parameters aligned with historical baseline.",2026-09-13T06:24:54.000Z
pred_2345,cow_5,ses_2345,9,LOW,MASTITIS_RISK,0.94,"Parameters aligned with historical baseline.",2026-09-13T06:22:59.000Z
pred_2346,cow_6,ses_2346,16,LOW,MASTITIS_RISK,0.94,"Parameters aligned with historical baseline.",2026-09-13T06:13:22.000Z
pred_2347,cow_7,ses_2347,16,LOW,MASTITIS_RISK,0.94,"Parameters aligned with historical baseline.",2026-09-13T06:10:22.000Z
pred_2348,cow_8,ses_2348,13,LOW,MASTITIS_RISK,0.94,"Parameters aligned with historical baseline.",2026-09-13T07:06:55.000Z
pred_2349,cow_9,ses_2349,10,LOW,MASTITIS_RISK,0.94,"Parameters aligned with historical baseline.",2026-09-13T07:03:09.000Z
pred_2350,cow_10,ses_2350,13,LOW,MASTITIS_RISK,0.94,"Parameters aligned with historical baseline.",2026-09-13T07:21:34.000Z
pred_2351,cow_11,ses_2351,7,LOW,MASTITIS_RISK,0.94,"Parameters aligned with historical baseline.",2026-09-13T07:29:56.000Z
pred_2352,cow_12,ses_2352,14,LOW,MASTITIS_RISK,0.94,"Parameters aligned with historical baseline.",2026-09-13T06:37:37.000Z
pred_2353,cow_13,ses_2353,16,LOW,MASTITIS_RISK,0.94,"Parameters aligned with historical baseline.",2026-09-13T06:37:13.000Z
pred_2354,cow_14,ses_2354,12,LOW,MASTITIS_RISK,0.94,"Parameters aligned with historical baseline.",2026-09-13T07:20:32.000Z
pred_2355,cow_15,ses_2355,15,LOW,MASTITIS_RISK,0.94,"Parameters aligned with historical baseline.",2026-09-13T07:15:32.000Z
pred_2356,cow_16,ses_2356,10,LOW,MASTITIS_RISK,0.94,"Parameters aligned with historical baseline.",2026-09-13T06:53:40.000Z
pred_2357,cow_17,ses_2357,15,LOW,MASTITIS_RISK,0.94,"Parameters aligned with historical baseline.",2026-09-13T06:53:11.000Z
pred_2358,cow_18,ses_2358,11,LOW,MASTITIS_RISK,0.94,"Parameters aligned with historical baseline.",2026-09-13T07:34:51.000Z
pred_2359,cow_19,ses_2359,16,LOW,MASTITIS_RISK,0.94,"Parameters aligned with historical baseline.",2026-09-13T07:21:58.000Z
pred_2360,cow_20,ses_2360,9,LOW,MASTITIS_RISK,0.94,"Parameters aligned with historical baseline.",2026-09-13T06:29:32.000Z
pred_2361,cow_21,ses_2361,38,MODERATE,MASTITIS_RISK,0.94,"Moderate deviation: SCC +28.9%, Conductivity +4.8%. Recommend continued monitoring.",2026-09-13T06:13:32.000Z
pred_2362,cow_22,ses_2362,42,MODERATE,MASTITIS_RISK,0.94,"Moderate deviation: SCC +26%, Conductivity +3.7%. Recommend continued monitoring.",2026-09-13T06:22:46.000Z
pred_2363,cow_23,ses_2363,40,MODERATE,MASTITIS_RISK,0.94,"Moderate deviation: SCC +23.4%, Conductivity +5.1%. Recommend continued monitoring.",2026-09-13T06:59:43.000Z
pred_2364,cow_24,ses_2364,40,MODERATE,MASTITIS_RISK,0.94,"Moderate deviation: SCC +20.3%, Conductivity +3.2%. Recommend continued monitoring.",2026-09-13T06:25:57.000Z
pred_2365,cow_25,ses_2365,43,MODERATE,MASTITIS_RISK,0.94,"Moderate deviation: SCC +27.2%, Conductivity +4.8%. Recommend continued monitoring.",2026-09-13T06:14:41.000Z
pred_2366,cow_26,ses_2366,50,MODERATE,MASTITIS_RISK,0.94,"Moderate deviation: SCC +168.9%, Conductivity +4.3%. Recommend continued monitoring.",2026-09-13T06:53:50.000Z
pred_2367,cow_27,ses_2367,50,MODERATE,MASTITIS_RISK,0.94,"Moderate deviation: SCC +159.7%, Conductivity +5.6%. Recommend continued monitoring.",2026-09-13T07:33:25.000Z
pred_2368,cow_28,ses_2368,50,MODERATE,MASTITIS_RISK,0.94,"Moderate deviation: SCC +152.1%, Conductivity +6.4%. Recommend continued monitoring.",2026-09-13T06:20:29.000Z
pred_2369,cow_29,ses_2369,50,MODERATE,MASTITIS_RISK,0.94,"Moderate deviation: SCC +136.6%, Conductivity +5.2%. Recommend continued monitoring.",2026-09-13T06:40:30.000Z
pred_2370,cow_30,ses_2370,50,MODERATE,MASTITIS_RISK,0.94,"Moderate deviation: SCC +240%, Conductivity +5.5%. Recommend continued monitoring.",2026-09-13T07:22:59.000Z
pred_2371,cow_1,ses_2371,9,LOW,MASTITIS_RISK,0.94,"Parameters aligned with historical baseline.",2026-09-13T17:45:13.000Z
pred_2372,cow_2,ses_2372,10,LOW,MASTITIS_RISK,0.94,"Parameters aligned with historical baseline.",2026-09-13T17:44:19.000Z
pred_2373,cow_3,ses_2373,17,LOW,MASTITIS_RISK,0.94,"Parameters aligned with historical baseline.",2026-09-13T17:18:28.000Z
pred_2374,cow_4,ses_2374,13,LOW,MASTITIS_RISK,0.94,"Parameters aligned with historical baseline.",2026-09-13T17:38:47.000Z
pred_2375,cow_5,ses_2375,8,LOW,MASTITIS_RISK,0.94,"Parameters aligned with historical baseline.",2026-09-13T17:55:34.000Z
pred_2376,cow_6,ses_2376,9,LOW,MASTITIS_RISK,0.94,"Parameters aligned with historical baseline.",2026-09-13T17:24:18.000Z
pred_2377,cow_7,ses_2377,8,LOW,MASTITIS_RISK,0.94,"Parameters aligned with historical baseline.",2026-09-13T17:23:28.000Z
pred_2378,cow_8,ses_2378,13,LOW,MASTITIS_RISK,0.94,"Parameters aligned with historical baseline.",2026-09-13T18:25:56.000Z
pred_2379,cow_9,ses_2379,15,LOW,MASTITIS_RISK,0.94,"Parameters aligned with historical baseline.",2026-09-13T17:36:14.000Z
pred_2380,cow_10,ses_2380,14,LOW,MASTITIS_RISK,0.94,"Parameters aligned with historical baseline.",2026-09-13T18:29:35.000Z
pred_2381,cow_11,ses_2381,8,LOW,MASTITIS_RISK,0.94,"Parameters aligned with historical baseline.",2026-09-13T17:42:49.000Z
pred_2382,cow_12,ses_2382,13,LOW,MASTITIS_RISK,0.94,"Parameters aligned with historical baseline.",2026-09-13T17:15:46.000Z
pred_2383,cow_13,ses_2383,12,LOW,MASTITIS_RISK,0.94,"Parameters aligned with historical baseline.",2026-09-13T17:11:16.000Z
pred_2384,cow_14,ses_2384,14,LOW,MASTITIS_RISK,0.94,"Parameters aligned with historical baseline.",2026-09-13T18:33:52.000Z
pred_2385,cow_15,ses_2385,8,LOW,MASTITIS_RISK,0.94,"Parameters aligned with historical baseline.",2026-09-13T18:22:31.000Z
pred_2386,cow_16,ses_2386,8,LOW,MASTITIS_RISK,0.94,"Parameters aligned with historical baseline.",2026-09-13T17:17:03.000Z
pred_2387,cow_17,ses_2387,14,LOW,MASTITIS_RISK,0.94,"Parameters aligned with historical baseline.",2026-09-13T17:14:08.000Z
pred_2388,cow_18,ses_2388,16,LOW,MASTITIS_RISK,0.94,"Parameters aligned with historical baseline.",2026-09-13T18:34:25.000Z
pred_2389,cow_19,ses_2389,16,LOW,MASTITIS_RISK,0.94,"Parameters aligned with historical baseline.",2026-09-13T17:32:42.000Z
pred_2390,cow_20,ses_2390,9,LOW,MASTITIS_RISK,0.94,"Parameters aligned with historical baseline.",2026-09-13T17:38:02.000Z
pred_2391,cow_21,ses_2391,43,MODERATE,MASTITIS_RISK,0.94,"Moderate deviation: SCC +20.6%, Conductivity +3.4%. Recommend continued monitoring.",2026-09-13T18:03:48.000Z
pred_2392,cow_22,ses_2392,40,MODERATE,MASTITIS_RISK,0.94,"Moderate deviation: SCC +25%, Conductivity +5.1%. Recommend continued monitoring.",2026-09-13T17:19:59.000Z
pred_2393,cow_23,ses_2393,42,MODERATE,MASTITIS_RISK,0.94,"Moderate deviation: SCC +27.9%, Conductivity +3.6%. Recommend continued monitoring.",2026-09-13T18:00:15.000Z
pred_2394,cow_24,ses_2394,42,MODERATE,MASTITIS_RISK,0.94,"Moderate deviation: SCC +25.4%, Conductivity +3.6%. Recommend continued monitoring.",2026-09-13T18:07:24.000Z
pred_2395,cow_25,ses_2395,40,MODERATE,MASTITIS_RISK,0.94,"Moderate deviation: SCC +31.2%, Conductivity +4.8%. Recommend continued monitoring.",2026-09-13T17:29:14.000Z
pred_2396,cow_26,ses_2396,50,MODERATE,MASTITIS_RISK,0.94,"Moderate deviation: SCC +159.8%, Conductivity +5.6%. Recommend continued monitoring.",2026-09-13T17:54:45.000Z
pred_2397,cow_27,ses_2397,50,MODERATE,MASTITIS_RISK,0.94,"Moderate deviation: SCC +150.4%, Conductivity +6.2%. Recommend continued monitoring.",2026-09-13T17:27:02.000Z
pred_2398,cow_28,ses_2398,50,MODERATE,MASTITIS_RISK,0.94,"Moderate deviation: SCC +143.2%, Conductivity +5.3%. Recommend continued monitoring.",2026-09-13T17:35:31.000Z
pred_2399,cow_29,ses_2399,50,MODERATE,MASTITIS_RISK,0.94,"Moderate deviation: SCC +147.1%, Conductivity +4.4%. Recommend continued monitoring.",2026-09-13T18:04:30.000Z
pred_2400,cow_30,ses_2400,50,MODERATE,MASTITIS_RISK,0.94,"Moderate deviation: SCC +241.1%, Conductivity +5.9%. Recommend continued monitoring.",2026-09-13T18:16:25.000Z
pred_2401,cow_1,ses_2401,11,LOW,MASTITIS_RISK,0.94,"Parameters aligned with historical baseline.",2026-09-14T06:59:03.000Z
pred_2402,cow_2,ses_2402,15,LOW,MASTITIS_RISK,0.94,"Parameters aligned with historical baseline.",2026-09-14T07:28:34.000Z
pred_2403,cow_3,ses_2403,12,LOW,MASTITIS_RISK,0.94,"Parameters aligned with historical baseline.",2026-09-14T07:23:40.000Z
pred_2404,cow_4,ses_2404,13,LOW,MASTITIS_RISK,0.94,"Parameters aligned with historical baseline.",2026-09-14T07:07:18.000Z
pred_2405,cow_5,ses_2405,15,LOW,MASTITIS_RISK,0.94,"Parameters aligned with historical baseline.",2026-09-14T06:14:11.000Z
pred_2406,cow_6,ses_2406,11,LOW,MASTITIS_RISK,0.94,"Parameters aligned with historical baseline.",2026-09-14T07:35:17.000Z
pred_2407,cow_7,ses_2407,12,LOW,MASTITIS_RISK,0.94,"Parameters aligned with historical baseline.",2026-09-14T06:28:46.000Z
pred_2408,cow_8,ses_2408,16,LOW,MASTITIS_RISK,0.94,"Parameters aligned with historical baseline.",2026-09-14T07:11:25.000Z
pred_2409,cow_9,ses_2409,16,LOW,MASTITIS_RISK,0.94,"Parameters aligned with historical baseline.",2026-09-14T06:06:53.000Z
pred_2410,cow_10,ses_2410,14,LOW,MASTITIS_RISK,0.94,"Parameters aligned with historical baseline.",2026-09-14T06:51:26.000Z
pred_2411,cow_11,ses_2411,14,LOW,MASTITIS_RISK,0.94,"Parameters aligned with historical baseline.",2026-09-14T06:40:37.000Z
pred_2412,cow_12,ses_2412,12,LOW,MASTITIS_RISK,0.94,"Parameters aligned with historical baseline.",2026-09-14T07:19:17.000Z
pred_2413,cow_13,ses_2413,11,LOW,MASTITIS_RISK,0.94,"Parameters aligned with historical baseline.",2026-09-14T06:35:13.000Z
pred_2414,cow_14,ses_2414,14,LOW,MASTITIS_RISK,0.94,"Parameters aligned with historical baseline.",2026-09-14T07:15:45.000Z
pred_2415,cow_15,ses_2415,11,LOW,MASTITIS_RISK,0.94,"Parameters aligned with historical baseline.",2026-09-14T07:26:37.000Z
pred_2416,cow_16,ses_2416,16,LOW,MASTITIS_RISK,0.94,"Parameters aligned with historical baseline.",2026-09-14T07:12:25.000Z
pred_2417,cow_17,ses_2417,9,LOW,MASTITIS_RISK,0.94,"Parameters aligned with historical baseline.",2026-09-14T06:56:59.000Z
pred_2418,cow_18,ses_2418,12,LOW,MASTITIS_RISK,0.94,"Parameters aligned with historical baseline.",2026-09-14T06:12:41.000Z
pred_2419,cow_19,ses_2419,7,LOW,MASTITIS_RISK,0.94,"Parameters aligned with historical baseline.",2026-09-14T07:15:45.000Z
pred_2420,cow_20,ses_2420,9,LOW,MASTITIS_RISK,0.94,"Parameters aligned with historical baseline.",2026-09-14T06:15:35.000Z
pred_2421,cow_21,ses_2421,40,MODERATE,MASTITIS_RISK,0.94,"Moderate deviation: SCC +43.3%, Conductivity +4.7%. Recommend continued monitoring.",2026-09-14T07:06:12.000Z
pred_2422,cow_22,ses_2422,43,MODERATE,MASTITIS_RISK,0.94,"Moderate deviation: SCC +32.7%, Conductivity +3.7%. Recommend continued monitoring.",2026-09-14T06:10:38.000Z
pred_2423,cow_23,ses_2423,42,MODERATE,MASTITIS_RISK,0.94,"Moderate deviation: SCC +36%, Conductivity +4.9%. Recommend continued monitoring.",2026-09-14T07:06:08.000Z
pred_2424,cow_24,ses_2424,38,MODERATE,MASTITIS_RISK,0.94,"Moderate deviation: SCC +28%, Conductivity +4.4%. Recommend continued monitoring.",2026-09-14T06:19:13.000Z
pred_2425,cow_25,ses_2425,42,MODERATE,MASTITIS_RISK,0.94,"Moderate deviation: SCC +26.4%, Conductivity +5.7%. Recommend continued monitoring.",2026-09-14T06:24:34.000Z
pred_2426,cow_26,ses_2426,52,MODERATE,MASTITIS_RISK,0.94,"Moderate deviation: SCC +182.6%, Conductivity +7.4%. Recommend continued monitoring.",2026-09-14T06:09:33.000Z
pred_2427,cow_27,ses_2427,52,MODERATE,MASTITIS_RISK,0.94,"Moderate deviation: SCC +178.4%, Conductivity +5.4%. Recommend continued monitoring.",2026-09-14T06:10:03.000Z
pred_2428,cow_28,ses_2428,52,MODERATE,MASTITIS_RISK,0.94,"Moderate deviation: SCC +159.6%, Conductivity +5.6%. Recommend continued monitoring.",2026-09-14T06:06:13.000Z
pred_2429,cow_29,ses_2429,52,MODERATE,MASTITIS_RISK,0.94,"Moderate deviation: SCC +156.9%, Conductivity +5.9%. Recommend continued monitoring.",2026-09-14T06:48:12.000Z
pred_2430,cow_30,ses_2430,52,MODERATE,MASTITIS_RISK,0.94,"Moderate deviation: SCC +278.9%, Conductivity +5.7%. Recommend continued monitoring.",2026-09-14T07:20:41.000Z
pred_2431,cow_1,ses_2431,8,LOW,MASTITIS_RISK,0.94,"Parameters aligned with historical baseline.",2026-09-14T18:15:42.000Z
pred_2432,cow_2,ses_2432,8,LOW,MASTITIS_RISK,0.94,"Parameters aligned with historical baseline.",2026-09-14T18:06:39.000Z
pred_2433,cow_3,ses_2433,9,LOW,MASTITIS_RISK,0.94,"Parameters aligned with historical baseline.",2026-09-14T17:08:21.000Z
pred_2434,cow_4,ses_2434,14,LOW,MASTITIS_RISK,0.94,"Parameters aligned with historical baseline.",2026-09-14T17:46:29.000Z
pred_2435,cow_5,ses_2435,7,LOW,MASTITIS_RISK,0.94,"Parameters aligned with historical baseline.",2026-09-14T17:38:22.000Z
pred_2436,cow_6,ses_2436,15,LOW,MASTITIS_RISK,0.94,"Parameters aligned with historical baseline.",2026-09-14T18:32:20.000Z
pred_2437,cow_7,ses_2437,17,LOW,MASTITIS_RISK,0.94,"Parameters aligned with historical baseline.",2026-09-14T17:57:31.000Z
pred_2438,cow_8,ses_2438,11,LOW,MASTITIS_RISK,0.94,"Parameters aligned with historical baseline.",2026-09-14T18:09:49.000Z
pred_2439,cow_9,ses_2439,14,LOW,MASTITIS_RISK,0.94,"Parameters aligned with historical baseline.",2026-09-14T18:23:19.000Z
pred_2440,cow_10,ses_2440,16,LOW,MASTITIS_RISK,0.94,"Parameters aligned with historical baseline.",2026-09-14T17:10:08.000Z
pred_2441,cow_11,ses_2441,10,LOW,MASTITIS_RISK,0.94,"Parameters aligned with historical baseline.",2026-09-14T18:21:50.000Z
pred_2442,cow_12,ses_2442,14,LOW,MASTITIS_RISK,0.94,"Parameters aligned with historical baseline.",2026-09-14T18:18:40.000Z
pred_2443,cow_13,ses_2443,15,LOW,MASTITIS_RISK,0.94,"Parameters aligned with historical baseline.",2026-09-14T17:34:15.000Z
pred_2444,cow_14,ses_2444,16,LOW,MASTITIS_RISK,0.94,"Parameters aligned with historical baseline.",2026-09-14T17:05:48.000Z
pred_2445,cow_15,ses_2445,9,LOW,MASTITIS_RISK,0.94,"Parameters aligned with historical baseline.",2026-09-14T17:15:38.000Z
pred_2446,cow_16,ses_2446,8,LOW,MASTITIS_RISK,0.94,"Parameters aligned with historical baseline.",2026-09-14T17:06:01.000Z
pred_2447,cow_17,ses_2447,9,LOW,MASTITIS_RISK,0.94,"Parameters aligned with historical baseline.",2026-09-14T18:20:18.000Z
pred_2448,cow_18,ses_2448,13,LOW,MASTITIS_RISK,0.94,"Parameters aligned with historical baseline.",2026-09-14T17:40:50.000Z
pred_2449,cow_19,ses_2449,16,LOW,MASTITIS_RISK,0.94,"Parameters aligned with historical baseline.",2026-09-14T17:16:36.000Z
pred_2450,cow_20,ses_2450,16,LOW,MASTITIS_RISK,0.94,"Parameters aligned with historical baseline.",2026-09-14T17:59:39.000Z
pred_2451,cow_21,ses_2451,41,MODERATE,MASTITIS_RISK,0.94,"Moderate deviation: SCC +27.8%, Conductivity +4.3%. Recommend continued monitoring.",2026-09-14T17:12:25.000Z
pred_2452,cow_22,ses_2452,43,MODERATE,MASTITIS_RISK,0.94,"Moderate deviation: SCC +36.5%, Conductivity +4.0%. Recommend continued monitoring.",2026-09-14T18:28:54.000Z
pred_2453,cow_23,ses_2453,39,MODERATE,MASTITIS_RISK,0.94,"Moderate deviation: SCC +30.6%, Conductivity +4.4%. Recommend continued monitoring.",2026-09-14T17:16:05.000Z
pred_2454,cow_24,ses_2454,41,MODERATE,MASTITIS_RISK,0.94,"Moderate deviation: SCC +33.9%, Conductivity +4.1%. Recommend continued monitoring.",2026-09-14T18:27:28.000Z
pred_2455,cow_25,ses_2455,43,MODERATE,MASTITIS_RISK,0.94,"Moderate deviation: SCC +30.4%, Conductivity +3.9%. Recommend continued monitoring.",2026-09-14T18:14:55.000Z
pred_2456,cow_26,ses_2456,52,MODERATE,MASTITIS_RISK,0.94,"Moderate deviation: SCC +175.8%, Conductivity +7.2%. Recommend continued monitoring.",2026-09-14T18:12:30.000Z
pred_2457,cow_27,ses_2457,52,MODERATE,MASTITIS_RISK,0.94,"Moderate deviation: SCC +170.5%, Conductivity +6.5%. Recommend continued monitoring.",2026-09-14T18:10:21.000Z
pred_2458,cow_28,ses_2458,52,MODERATE,MASTITIS_RISK,0.94,"Moderate deviation: SCC +170.5%, Conductivity +6.2%. Recommend continued monitoring.",2026-09-14T17:46:37.000Z
pred_2459,cow_29,ses_2459,52,MODERATE,MASTITIS_RISK,0.94,"Moderate deviation: SCC +160.1%, Conductivity +5.7%. Recommend continued monitoring.",2026-09-14T17:24:43.000Z
pred_2460,cow_30,ses_2460,52,MODERATE,MASTITIS_RISK,0.94,"Moderate deviation: SCC +260%, Conductivity +6.6%. Recommend continued monitoring.",2026-09-14T17:18:55.000Z
pred_2461,cow_1,ses_2461,16,LOW,MASTITIS_RISK,0.94,"Parameters aligned with historical baseline.",2026-09-15T06:57:18.000Z
pred_2462,cow_2,ses_2462,13,LOW,MASTITIS_RISK,0.94,"Parameters aligned with historical baseline.",2026-09-15T07:29:51.000Z
pred_2463,cow_3,ses_2463,13,LOW,MASTITIS_RISK,0.94,"Parameters aligned with historical baseline.",2026-09-15T07:24:34.000Z
pred_2464,cow_4,ses_2464,12,LOW,MASTITIS_RISK,0.94,"Parameters aligned with historical baseline.",2026-09-15T07:16:28.000Z
pred_2465,cow_5,ses_2465,13,LOW,MASTITIS_RISK,0.94,"Parameters aligned with historical baseline.",2026-09-15T07:29:26.000Z
pred_2466,cow_6,ses_2466,10,LOW,MASTITIS_RISK,0.94,"Parameters aligned with historical baseline.",2026-09-15T06:48:50.000Z
pred_2467,cow_7,ses_2467,11,LOW,MASTITIS_RISK,0.94,"Parameters aligned with historical baseline.",2026-09-15T07:23:47.000Z
pred_2468,cow_8,ses_2468,15,LOW,MASTITIS_RISK,0.94,"Parameters aligned with historical baseline.",2026-09-15T06:23:18.000Z
pred_2469,cow_9,ses_2469,7,LOW,MASTITIS_RISK,0.94,"Parameters aligned with historical baseline.",2026-09-15T07:08:57.000Z
pred_2470,cow_10,ses_2470,8,LOW,MASTITIS_RISK,0.94,"Parameters aligned with historical baseline.",2026-09-15T06:05:43.000Z
pred_2471,cow_11,ses_2471,14,LOW,MASTITIS_RISK,0.94,"Parameters aligned with historical baseline.",2026-09-15T06:08:45.000Z
pred_2472,cow_12,ses_2472,9,LOW,MASTITIS_RISK,0.94,"Parameters aligned with historical baseline.",2026-09-15T06:14:04.000Z
pred_2473,cow_13,ses_2473,16,LOW,MASTITIS_RISK,0.94,"Parameters aligned with historical baseline.",2026-09-15T07:30:46.000Z
pred_2474,cow_14,ses_2474,13,LOW,MASTITIS_RISK,0.94,"Parameters aligned with historical baseline.",2026-09-15T06:32:31.000Z
pred_2475,cow_15,ses_2475,8,LOW,MASTITIS_RISK,0.94,"Parameters aligned with historical baseline.",2026-09-15T07:24:03.000Z
pred_2476,cow_16,ses_2476,11,LOW,MASTITIS_RISK,0.94,"Parameters aligned with historical baseline.",2026-09-15T06:58:48.000Z
pred_2477,cow_17,ses_2477,17,LOW,MASTITIS_RISK,0.94,"Parameters aligned with historical baseline.",2026-09-15T07:16:08.000Z
pred_2478,cow_18,ses_2478,16,LOW,MASTITIS_RISK,0.94,"Parameters aligned with historical baseline.",2026-09-15T07:18:11.000Z
pred_2479,cow_19,ses_2479,12,LOW,MASTITIS_RISK,0.94,"Parameters aligned with historical baseline.",2026-09-15T07:15:15.000Z
pred_2480,cow_20,ses_2480,17,LOW,MASTITIS_RISK,0.94,"Parameters aligned with historical baseline.",2026-09-15T07:08:29.000Z
pred_2481,cow_21,ses_2481,44,MODERATE,MASTITIS_RISK,0.94,"Moderate deviation: SCC +44.3%, Conductivity +5.6%. Recommend continued monitoring.",2026-09-15T06:17:07.000Z
pred_2482,cow_22,ses_2482,42,MODERATE,MASTITIS_RISK,0.94,"Moderate deviation: SCC +43.3%, Conductivity +4.9%. Recommend continued monitoring.",2026-09-15T06:34:42.000Z
pred_2483,cow_23,ses_2483,43,MODERATE,MASTITIS_RISK,0.94,"Moderate deviation: SCC +41.4%, Conductivity +4.0%. Recommend continued monitoring.",2026-09-15T07:29:49.000Z
pred_2484,cow_24,ses_2484,37,MODERATE,MASTITIS_RISK,0.94,"Moderate deviation: SCC +40.7%, Conductivity +5.5%. Recommend continued monitoring.",2026-09-15T06:18:53.000Z
pred_2485,cow_25,ses_2485,40,MODERATE,MASTITIS_RISK,0.94,"Moderate deviation: SCC +33.6%, Conductivity +5.0%. Recommend continued monitoring.",2026-09-15T06:39:28.000Z
pred_2486,cow_26,ses_2486,54,MODERATE,MASTITIS_RISK,0.94,"Moderate deviation: SCC +200.8%, Conductivity +6.5%. Recommend continued monitoring.",2026-09-15T06:45:56.000Z
pred_2487,cow_27,ses_2487,54,MODERATE,MASTITIS_RISK,0.94,"Moderate deviation: SCC +186.3%, Conductivity +8.4%. Recommend continued monitoring.",2026-09-15T06:34:00.000Z
pred_2488,cow_28,ses_2488,54,MODERATE,MASTITIS_RISK,0.94,"Moderate deviation: SCC +178.1%, Conductivity +8.2%. Recommend continued monitoring.",2026-09-15T07:22:41.000Z
pred_2489,cow_29,ses_2489,54,MODERATE,MASTITIS_RISK,0.94,"Moderate deviation: SCC +167.3%, Conductivity +7.6%. Recommend continued monitoring.",2026-09-15T06:44:15.000Z
pred_2490,cow_30,ses_2490,54,MODERATE,MASTITIS_RISK,0.94,"Moderate deviation: SCC +287.8%, Conductivity +7.2%. Recommend continued monitoring.",2026-09-15T06:29:17.000Z
pred_2491,cow_1,ses_2491,13,LOW,MASTITIS_RISK,0.94,"Parameters aligned with historical baseline.",2026-09-15T18:25:16.000Z
pred_2492,cow_2,ses_2492,13,LOW,MASTITIS_RISK,0.94,"Parameters aligned with historical baseline.",2026-09-15T17:53:56.000Z
pred_2493,cow_3,ses_2493,8,LOW,MASTITIS_RISK,0.94,"Parameters aligned with historical baseline.",2026-09-15T17:50:26.000Z
pred_2494,cow_4,ses_2494,8,LOW,MASTITIS_RISK,0.94,"Parameters aligned with historical baseline.",2026-09-15T18:28:32.000Z
pred_2495,cow_5,ses_2495,12,LOW,MASTITIS_RISK,0.94,"Parameters aligned with historical baseline.",2026-09-15T17:42:39.000Z
pred_2496,cow_6,ses_2496,9,LOW,MASTITIS_RISK,0.94,"Parameters aligned with historical baseline.",2026-09-15T18:30:00.000Z
pred_2497,cow_7,ses_2497,8,LOW,MASTITIS_RISK,0.94,"Parameters aligned with historical baseline.",2026-09-15T18:08:01.000Z
pred_2498,cow_8,ses_2498,17,LOW,MASTITIS_RISK,0.94,"Parameters aligned with historical baseline.",2026-09-15T17:57:59.000Z
pred_2499,cow_9,ses_2499,13,LOW,MASTITIS_RISK,0.94,"Parameters aligned with historical baseline.",2026-09-15T18:29:17.000Z
pred_2500,cow_10,ses_2500,8,LOW,MASTITIS_RISK,0.94,"Parameters aligned with historical baseline.",2026-09-15T18:17:21.000Z
pred_2501,cow_11,ses_2501,12,LOW,MASTITIS_RISK,0.94,"Parameters aligned with historical baseline.",2026-09-15T18:28:25.000Z
pred_2502,cow_12,ses_2502,12,LOW,MASTITIS_RISK,0.94,"Parameters aligned with historical baseline.",2026-09-15T17:44:49.000Z
pred_2503,cow_13,ses_2503,16,LOW,MASTITIS_RISK,0.94,"Parameters aligned with historical baseline.",2026-09-15T17:48:53.000Z
pred_2504,cow_14,ses_2504,7,LOW,MASTITIS_RISK,0.94,"Parameters aligned with historical baseline.",2026-09-15T17:33:51.000Z
pred_2505,cow_15,ses_2505,12,LOW,MASTITIS_RISK,0.94,"Parameters aligned with historical baseline.",2026-09-15T17:08:44.000Z
pred_2506,cow_16,ses_2506,13,LOW,MASTITIS_RISK,0.94,"Parameters aligned with historical baseline.",2026-09-15T18:02:40.000Z
pred_2507,cow_17,ses_2507,9,LOW,MASTITIS_RISK,0.94,"Parameters aligned with historical baseline.",2026-09-15T17:58:54.000Z
pred_2508,cow_18,ses_2508,9,LOW,MASTITIS_RISK,0.94,"Parameters aligned with historical baseline.",2026-09-15T17:21:57.000Z
pred_2509,cow_19,ses_2509,11,LOW,MASTITIS_RISK,0.94,"Parameters aligned with historical baseline.",2026-09-15T18:33:49.000Z
pred_2510,cow_20,ses_2510,16,LOW,MASTITIS_RISK,0.94,"Parameters aligned with historical baseline.",2026-09-15T17:23:53.000Z
pred_2511,cow_21,ses_2511,41,MODERATE,MASTITIS_RISK,0.94,"Moderate deviation: SCC +45.4%, Conductivity +4.1%. Recommend continued monitoring.",2026-09-15T18:26:17.000Z
pred_2512,cow_22,ses_2512,42,MODERATE,MASTITIS_RISK,0.94,"Moderate deviation: SCC +29.8%, Conductivity +4.4%. Recommend continued monitoring.",2026-09-15T18:06:39.000Z
pred_2513,cow_23,ses_2513,38,MODERATE,MASTITIS_RISK,0.94,"Moderate deviation: SCC +33.3%, Conductivity +5.6%. Recommend continued monitoring.",2026-09-15T17:53:39.000Z
pred_2514,cow_24,ses_2514,38,MODERATE,MASTITIS_RISK,0.94,"Moderate deviation: SCC +31.4%, Conductivity +3.9%. Recommend continued monitoring.",2026-09-15T17:13:50.000Z
pred_2515,cow_25,ses_2515,39,MODERATE,MASTITIS_RISK,0.94,"Moderate deviation: SCC +31.2%, Conductivity +5.1%. Recommend continued monitoring.",2026-09-15T18:30:34.000Z
pred_2516,cow_26,ses_2516,54,MODERATE,MASTITIS_RISK,0.94,"Moderate deviation: SCC +196.2%, Conductivity +7.7%. Recommend continued monitoring.",2026-09-15T18:10:33.000Z
pred_2517,cow_27,ses_2517,54,MODERATE,MASTITIS_RISK,0.94,"Moderate deviation: SCC +182.7%, Conductivity +8.3%. Recommend continued monitoring.",2026-09-15T17:04:06.000Z
pred_2518,cow_28,ses_2518,54,MODERATE,MASTITIS_RISK,0.94,"Moderate deviation: SCC +177.4%, Conductivity +7.4%. Recommend continued monitoring.",2026-09-15T17:31:47.000Z
pred_2519,cow_29,ses_2519,54,MODERATE,MASTITIS_RISK,0.94,"Moderate deviation: SCC +171.9%, Conductivity +8.2%. Recommend continued monitoring.",2026-09-15T17:18:51.000Z
pred_2520,cow_30,ses_2520,54,MODERATE,MASTITIS_RISK,0.94,"Moderate deviation: SCC +281.1%, Conductivity +8.6%. Recommend continued monitoring.",2026-09-15T17:46:57.000Z
pred_2521,cow_1,ses_2521,17,LOW,MASTITIS_RISK,0.94,"Parameters aligned with historical baseline.",2026-09-16T06:24:30.000Z
pred_2522,cow_2,ses_2522,8,LOW,MASTITIS_RISK,0.94,"Parameters aligned with historical baseline.",2026-09-16T06:28:59.000Z
pred_2523,cow_3,ses_2523,16,LOW,MASTITIS_RISK,0.94,"Parameters aligned with historical baseline.",2026-09-16T06:18:41.000Z
pred_2524,cow_4,ses_2524,14,LOW,MASTITIS_RISK,0.94,"Parameters aligned with historical baseline.",2026-09-16T07:28:04.000Z
pred_2525,cow_5,ses_2525,7,LOW,MASTITIS_RISK,0.94,"Parameters aligned with historical baseline.",2026-09-16T07:06:52.000Z
pred_2526,cow_6,ses_2526,16,LOW,MASTITIS_RISK,0.94,"Parameters aligned with historical baseline.",2026-09-16T07:00:09.000Z
pred_2527,cow_7,ses_2527,9,LOW,MASTITIS_RISK,0.94,"Parameters aligned with historical baseline.",2026-09-16T06:35:49.000Z
pred_2528,cow_8,ses_2528,8,LOW,MASTITIS_RISK,0.94,"Parameters aligned with historical baseline.",2026-09-16T06:10:22.000Z
pred_2529,cow_9,ses_2529,16,LOW,MASTITIS_RISK,0.94,"Parameters aligned with historical baseline.",2026-09-16T06:57:57.000Z
pred_2530,cow_10,ses_2530,11,LOW,MASTITIS_RISK,0.94,"Parameters aligned with historical baseline.",2026-09-16T07:22:29.000Z
pred_2531,cow_11,ses_2531,9,LOW,MASTITIS_RISK,0.94,"Parameters aligned with historical baseline.",2026-09-16T06:15:23.000Z
pred_2532,cow_12,ses_2532,9,LOW,MASTITIS_RISK,0.94,"Parameters aligned with historical baseline.",2026-09-16T06:48:00.000Z
pred_2533,cow_13,ses_2533,11,LOW,MASTITIS_RISK,0.94,"Parameters aligned with historical baseline.",2026-09-16T07:08:25.000Z
pred_2534,cow_14,ses_2534,9,LOW,MASTITIS_RISK,0.94,"Parameters aligned with historical baseline.",2026-09-16T07:02:53.000Z
pred_2535,cow_15,ses_2535,13,LOW,MASTITIS_RISK,0.94,"Parameters aligned with historical baseline.",2026-09-16T06:32:41.000Z
pred_2536,cow_16,ses_2536,9,LOW,MASTITIS_RISK,0.94,"Parameters aligned with historical baseline.",2026-09-16T06:22:57.000Z
pred_2537,cow_17,ses_2537,16,LOW,MASTITIS_RISK,0.94,"Parameters aligned with historical baseline.",2026-09-16T06:28:53.000Z
pred_2538,cow_18,ses_2538,17,LOW,MASTITIS_RISK,0.94,"Parameters aligned with historical baseline.",2026-09-16T06:55:34.000Z
pred_2539,cow_19,ses_2539,15,LOW,MASTITIS_RISK,0.94,"Parameters aligned with historical baseline.",2026-09-16T06:30:34.000Z
pred_2540,cow_20,ses_2540,9,LOW,MASTITIS_RISK,0.94,"Parameters aligned with historical baseline.",2026-09-16T06:18:33.000Z
pred_2541,cow_21,ses_2541,38,MODERATE,MASTITIS_RISK,0.94,"Moderate deviation: SCC +49.5%, Conductivity +5.4%. Recommend continued monitoring.",2026-09-16T07:04:25.000Z
pred_2542,cow_22,ses_2542,44,MODERATE,MASTITIS_RISK,0.94,"Moderate deviation: SCC +43.3%, Conductivity +4.4%. Recommend continued monitoring.",2026-09-16T06:53:23.000Z
pred_2543,cow_23,ses_2543,38,MODERATE,MASTITIS_RISK,0.94,"Moderate deviation: SCC +38.7%, Conductivity +6.4%. Recommend continued monitoring.",2026-09-16T07:09:30.000Z
pred_2544,cow_24,ses_2544,41,MODERATE,MASTITIS_RISK,0.94,"Moderate deviation: SCC +29.7%, Conductivity +6.2%. Recommend continued monitoring.",2026-09-16T07:21:06.000Z
pred_2545,cow_25,ses_2545,38,MODERATE,MASTITIS_RISK,0.94,"Moderate deviation: SCC +29.6%, Conductivity +4.8%. Recommend continued monitoring.",2026-09-16T06:05:22.000Z
pred_2546,cow_26,ses_2546,56,MODERATE,MASTITIS_RISK,0.94,"Moderate deviation: SCC +212.1%, Conductivity +8.4%. Recommend continued monitoring.",2026-09-16T06:16:56.000Z
pred_2547,cow_27,ses_2547,56,MODERATE,MASTITIS_RISK,0.94,"Moderate deviation: SCC +202.9%, Conductivity +7.7%. Recommend continued monitoring.",2026-09-16T06:54:13.000Z
pred_2548,cow_28,ses_2548,56,MODERATE,MASTITIS_RISK,0.94,"Moderate deviation: SCC +192.5%, Conductivity +9.8%. Recommend continued monitoring.",2026-09-16T07:25:11.000Z
pred_2549,cow_29,ses_2549,56,MODERATE,MASTITIS_RISK,0.94,"Moderate deviation: SCC +188.2%, Conductivity +8.9%. Recommend continued monitoring.",2026-09-16T06:50:52.000Z
pred_2550,cow_30,ses_2550,56,MODERATE,MASTITIS_RISK,0.94,"Moderate deviation: SCC +315.6%, Conductivity +7.9%. Recommend continued monitoring.",2026-09-16T06:12:31.000Z
pred_2551,cow_1,ses_2551,14,LOW,MASTITIS_RISK,0.94,"Parameters aligned with historical baseline.",2026-09-16T17:33:13.000Z
pred_2552,cow_2,ses_2552,11,LOW,MASTITIS_RISK,0.94,"Parameters aligned with historical baseline.",2026-09-16T17:47:05.000Z
pred_2553,cow_3,ses_2553,16,LOW,MASTITIS_RISK,0.94,"Parameters aligned with historical baseline.",2026-09-16T18:18:26.000Z
pred_2554,cow_4,ses_2554,13,LOW,MASTITIS_RISK,0.94,"Parameters aligned with historical baseline.",2026-09-16T17:48:39.000Z
pred_2555,cow_5,ses_2555,14,LOW,MASTITIS_RISK,0.94,"Parameters aligned with historical baseline.",2026-09-16T18:04:07.000Z
pred_2556,cow_6,ses_2556,8,LOW,MASTITIS_RISK,0.94,"Parameters aligned with historical baseline.",2026-09-16T17:07:40.000Z
pred_2557,cow_7,ses_2557,9,LOW,MASTITIS_RISK,0.94,"Parameters aligned with historical baseline.",2026-09-16T17:12:43.000Z
pred_2558,cow_8,ses_2558,14,LOW,MASTITIS_RISK,0.94,"Parameters aligned with historical baseline.",2026-09-16T18:00:24.000Z
pred_2559,cow_9,ses_2559,10,LOW,MASTITIS_RISK,0.94,"Parameters aligned with historical baseline.",2026-09-16T18:30:08.000Z
pred_2560,cow_10,ses_2560,15,LOW,MASTITIS_RISK,0.94,"Parameters aligned with historical baseline.",2026-09-16T17:09:07.000Z
pred_2561,cow_11,ses_2561,12,LOW,MASTITIS_RISK,0.94,"Parameters aligned with historical baseline.",2026-09-16T18:20:53.000Z
pred_2562,cow_12,ses_2562,7,LOW,MASTITIS_RISK,0.94,"Parameters aligned with historical baseline.",2026-09-16T18:04:43.000Z
pred_2563,cow_13,ses_2563,11,LOW,MASTITIS_RISK,0.94,"Parameters aligned with historical baseline.",2026-09-16T18:18:11.000Z
pred_2564,cow_14,ses_2564,7,LOW,MASTITIS_RISK,0.94,"Parameters aligned with historical baseline.",2026-09-16T18:11:52.000Z
pred_2565,cow_15,ses_2565,16,LOW,MASTITIS_RISK,0.94,"Parameters aligned with historical baseline.",2026-09-16T18:31:26.000Z
pred_2566,cow_16,ses_2566,8,LOW,MASTITIS_RISK,0.94,"Parameters aligned with historical baseline.",2026-09-16T17:22:14.000Z
pred_2567,cow_17,ses_2567,9,LOW,MASTITIS_RISK,0.94,"Parameters aligned with historical baseline.",2026-09-16T17:31:31.000Z
pred_2568,cow_18,ses_2568,13,LOW,MASTITIS_RISK,0.94,"Parameters aligned with historical baseline.",2026-09-16T17:35:31.000Z
pred_2569,cow_19,ses_2569,13,LOW,MASTITIS_RISK,0.94,"Parameters aligned with historical baseline.",2026-09-16T17:35:26.000Z
pred_2570,cow_20,ses_2570,12,LOW,MASTITIS_RISK,0.94,"Parameters aligned with historical baseline.",2026-09-16T17:23:18.000Z
pred_2571,cow_21,ses_2571,40,MODERATE,MASTITIS_RISK,0.94,"Moderate deviation: SCC +42.3%, Conductivity +5.7%. Recommend continued monitoring.",2026-09-16T17:10:40.000Z
pred_2572,cow_22,ses_2572,42,MODERATE,MASTITIS_RISK,0.94,"Moderate deviation: SCC +50%, Conductivity +6.2%. Recommend continued monitoring.",2026-09-16T17:38:18.000Z
pred_2573,cow_23,ses_2573,45,MODERATE,MASTITIS_RISK,0.94,"Moderate deviation: SCC +48.6%, Conductivity +6.4%. Recommend continued monitoring.",2026-09-16T17:57:34.000Z
pred_2574,cow_24,ses_2574,42,MODERATE,MASTITIS_RISK,0.94,"Moderate deviation: SCC +44.1%, Conductivity +5.5%. Recommend continued monitoring.",2026-09-16T18:33:34.000Z
pred_2575,cow_25,ses_2575,45,MODERATE,MASTITIS_RISK,0.94,"Moderate deviation: SCC +31.2%, Conductivity +5.9%. Recommend continued monitoring.",2026-09-16T17:09:43.000Z
pred_2576,cow_26,ses_2576,56,MODERATE,MASTITIS_RISK,0.94,"Moderate deviation: SCC +206.1%, Conductivity +9.3%. Recommend continued monitoring.",2026-09-16T17:11:10.000Z
pred_2577,cow_27,ses_2577,56,MODERATE,MASTITIS_RISK,0.94,"Moderate deviation: SCC +194.2%, Conductivity +9.0%. Recommend continued monitoring.",2026-09-16T18:27:02.000Z
pred_2578,cow_28,ses_2578,56,MODERATE,MASTITIS_RISK,0.94,"Moderate deviation: SCC +193.2%, Conductivity +8.0%. Recommend continued monitoring.",2026-09-16T18:25:00.000Z
pred_2579,cow_29,ses_2579,56,MODERATE,MASTITIS_RISK,0.94,"Moderate deviation: SCC +188.9%, Conductivity +9.1%. Recommend continued monitoring.",2026-09-16T17:30:01.000Z
pred_2580,cow_30,ses_2580,56,MODERATE,MASTITIS_RISK,0.94,"Moderate deviation: SCC +310%, Conductivity +8.6%. Recommend continued monitoring.",2026-09-16T17:15:12.000Z
pred_2581,cow_1,ses_2581,10,LOW,MASTITIS_RISK,0.94,"Parameters aligned with historical baseline.",2026-09-17T07:26:18.000Z
pred_2582,cow_2,ses_2582,14,LOW,MASTITIS_RISK,0.94,"Parameters aligned with historical baseline.",2026-09-17T07:07:20.000Z
pred_2583,cow_3,ses_2583,10,LOW,MASTITIS_RISK,0.94,"Parameters aligned with historical baseline.",2026-09-17T07:05:30.000Z
pred_2584,cow_4,ses_2584,13,LOW,MASTITIS_RISK,0.94,"Parameters aligned with historical baseline.",2026-09-17T06:56:52.000Z
pred_2585,cow_5,ses_2585,16,LOW,MASTITIS_RISK,0.94,"Parameters aligned with historical baseline.",2026-09-17T07:22:07.000Z
pred_2586,cow_6,ses_2586,8,LOW,MASTITIS_RISK,0.94,"Parameters aligned with historical baseline.",2026-09-17T07:23:18.000Z
pred_2587,cow_7,ses_2587,14,LOW,MASTITIS_RISK,0.94,"Parameters aligned with historical baseline.",2026-09-17T06:28:32.000Z
pred_2588,cow_8,ses_2588,15,LOW,MASTITIS_RISK,0.94,"Parameters aligned with historical baseline.",2026-09-17T06:10:01.000Z
pred_2589,cow_9,ses_2589,9,LOW,MASTITIS_RISK,0.94,"Parameters aligned with historical baseline.",2026-09-17T06:12:00.000Z
pred_2590,cow_10,ses_2590,15,LOW,MASTITIS_RISK,0.94,"Parameters aligned with historical baseline.",2026-09-17T07:21:08.000Z
pred_2591,cow_11,ses_2591,16,LOW,MASTITIS_RISK,0.94,"Parameters aligned with historical baseline.",2026-09-17T07:11:09.000Z
pred_2592,cow_12,ses_2592,14,LOW,MASTITIS_RISK,0.94,"Parameters aligned with historical baseline.",2026-09-17T06:57:54.000Z
pred_2593,cow_13,ses_2593,10,LOW,MASTITIS_RISK,0.94,"Parameters aligned with historical baseline.",2026-09-17T06:47:51.000Z
pred_2594,cow_14,ses_2594,8,LOW,MASTITIS_RISK,0.94,"Parameters aligned with historical baseline.",2026-09-17T07:17:44.000Z
pred_2595,cow_15,ses_2595,12,LOW,MASTITIS_RISK,0.94,"Parameters aligned with historical baseline.",2026-09-17T06:06:48.000Z
pred_2596,cow_16,ses_2596,8,LOW,MASTITIS_RISK,0.94,"Parameters aligned with historical baseline.",2026-09-17T06:14:18.000Z
pred_2597,cow_17,ses_2597,10,LOW,MASTITIS_RISK,0.94,"Parameters aligned with historical baseline.",2026-09-17T07:00:36.000Z
pred_2598,cow_18,ses_2598,9,LOW,MASTITIS_RISK,0.94,"Parameters aligned with historical baseline.",2026-09-17T07:19:58.000Z
pred_2599,cow_19,ses_2599,12,LOW,MASTITIS_RISK,0.94,"Parameters aligned with historical baseline.",2026-09-17T07:06:20.000Z
pred_2600,cow_20,ses_2600,11,LOW,MASTITIS_RISK,0.94,"Parameters aligned with historical baseline.",2026-09-17T06:17:57.000Z
pred_2601,cow_21,ses_2601,43,MODERATE,MASTITIS_RISK,0.94,"Moderate deviation: SCC +33%, Conductivity +5.6%. Recommend continued monitoring.",2026-09-17T06:29:35.000Z
pred_2602,cow_22,ses_2602,45,MODERATE,MASTITIS_RISK,0.94,"Moderate deviation: SCC +35.6%, Conductivity +5.3%. Recommend continued monitoring.",2026-09-17T06:22:20.000Z
pred_2603,cow_23,ses_2603,39,MODERATE,MASTITIS_RISK,0.94,"Moderate deviation: SCC +51.4%, Conductivity +6.0%. Recommend continued monitoring.",2026-09-17T07:31:53.000Z
pred_2604,cow_24,ses_2604,44,MODERATE,MASTITIS_RISK,0.94,"Moderate deviation: SCC +36.4%, Conductivity +5.7%. Recommend continued monitoring.",2026-09-17T07:20:42.000Z
pred_2605,cow_25,ses_2605,44,MODERATE,MASTITIS_RISK,0.94,"Moderate deviation: SCC +40.8%, Conductivity +6.4%. Recommend continued monitoring.",2026-09-17T06:06:45.000Z
pred_2606,cow_26,ses_2606,58,MODERATE,MASTITIS_RISK,0.94,"Moderate deviation: SCC +226.5%, Conductivity +9.7%. Recommend continued monitoring.",2026-09-17T06:26:38.000Z
pred_2607,cow_27,ses_2607,58,MODERATE,MASTITIS_RISK,0.94,"Moderate deviation: SCC +216.5%, Conductivity +8.8%. Recommend continued monitoring.",2026-09-17T06:20:40.000Z
pred_2608,cow_28,ses_2608,58,MODERATE,MASTITIS_RISK,0.94,"Moderate deviation: SCC +204.8%, Conductivity +9.4%. Recommend continued monitoring.",2026-09-17T06:43:42.000Z
pred_2609,cow_29,ses_2609,58,MODERATE,MASTITIS_RISK,0.94,"Moderate deviation: SCC +193.5%, Conductivity +9.9%. Recommend continued monitoring.",2026-09-17T06:33:37.000Z
pred_2610,cow_30,ses_2610,58,MODERATE,MASTITIS_RISK,0.94,"Moderate deviation: SCC +321.1%, Conductivity +9.9%. Recommend continued monitoring.",2026-09-17T07:21:30.000Z
pred_2611,cow_1,ses_2611,16,LOW,MASTITIS_RISK,0.94,"Parameters aligned with historical baseline.",2026-09-17T18:23:15.000Z
pred_2612,cow_2,ses_2612,10,LOW,MASTITIS_RISK,0.94,"Parameters aligned with historical baseline.",2026-09-17T17:30:24.000Z
pred_2613,cow_3,ses_2613,10,LOW,MASTITIS_RISK,0.94,"Parameters aligned with historical baseline.",2026-09-17T18:14:14.000Z
pred_2614,cow_4,ses_2614,12,LOW,MASTITIS_RISK,0.94,"Parameters aligned with historical baseline.",2026-09-17T18:13:55.000Z
pred_2615,cow_5,ses_2615,7,LOW,MASTITIS_RISK,0.94,"Parameters aligned with historical baseline.",2026-09-17T18:30:24.000Z
pred_2616,cow_6,ses_2616,13,LOW,MASTITIS_RISK,0.94,"Parameters aligned with historical baseline.",2026-09-17T18:20:59.000Z
pred_2617,cow_7,ses_2617,13,LOW,MASTITIS_RISK,0.94,"Parameters aligned with historical baseline.",2026-09-17T18:30:30.000Z
pred_2618,cow_8,ses_2618,8,LOW,MASTITIS_RISK,0.94,"Parameters aligned with historical baseline.",2026-09-17T17:54:25.000Z
pred_2619,cow_9,ses_2619,9,LOW,MASTITIS_RISK,0.94,"Parameters aligned with historical baseline.",2026-09-17T17:05:21.000Z
pred_2620,cow_10,ses_2620,10,LOW,MASTITIS_RISK,0.94,"Parameters aligned with historical baseline.",2026-09-17T17:32:41.000Z
pred_2621,cow_11,ses_2621,17,LOW,MASTITIS_RISK,0.94,"Parameters aligned with historical baseline.",2026-09-17T18:10:08.000Z
pred_2622,cow_12,ses_2622,15,LOW,MASTITIS_RISK,0.94,"Parameters aligned with historical baseline.",2026-09-17T17:40:20.000Z
pred_2623,cow_13,ses_2623,10,LOW,MASTITIS_RISK,0.94,"Parameters aligned with historical baseline.",2026-09-17T17:35:52.000Z
pred_2624,cow_14,ses_2624,16,LOW,MASTITIS_RISK,0.94,"Parameters aligned with historical baseline.",2026-09-17T17:29:09.000Z
pred_2625,cow_15,ses_2625,9,LOW,MASTITIS_RISK,0.94,"Parameters aligned with historical baseline.",2026-09-17T18:22:10.000Z
pred_2626,cow_16,ses_2626,12,LOW,MASTITIS_RISK,0.94,"Parameters aligned with historical baseline.",2026-09-17T17:50:00.000Z
pred_2627,cow_17,ses_2627,16,LOW,MASTITIS_RISK,0.94,"Parameters aligned with historical baseline.",2026-09-17T18:15:25.000Z
pred_2628,cow_18,ses_2628,10,LOW,MASTITIS_RISK,0.94,"Parameters aligned with historical baseline.",2026-09-17T18:30:00.000Z
pred_2629,cow_19,ses_2629,8,LOW,MASTITIS_RISK,0.94,"Parameters aligned with historical baseline.",2026-09-17T18:06:36.000Z
pred_2630,cow_20,ses_2630,10,LOW,MASTITIS_RISK,0.94,"Parameters aligned with historical baseline.",2026-09-17T17:20:16.000Z
pred_2631,cow_21,ses_2631,39,MODERATE,MASTITIS_RISK,0.94,"Moderate deviation: SCC +36.1%, Conductivity +6.5%. Recommend continued monitoring.",2026-09-17T17:09:10.000Z
pred_2632,cow_22,ses_2632,42,MODERATE,MASTITIS_RISK,0.94,"Moderate deviation: SCC +39.4%, Conductivity +5.6%. Recommend continued monitoring.",2026-09-17T17:36:01.000Z
pred_2633,cow_23,ses_2633,44,MODERATE,MASTITIS_RISK,0.94,"Moderate deviation: SCC +33.3%, Conductivity +6.2%. Recommend continued monitoring.",2026-09-17T18:35:21.000Z
pred_2634,cow_24,ses_2634,41,MODERATE,MASTITIS_RISK,0.94,"Moderate deviation: SCC +47.5%, Conductivity +5.7%. Recommend continued monitoring.",2026-09-17T17:16:11.000Z
pred_2635,cow_25,ses_2635,43,MODERATE,MASTITIS_RISK,0.94,"Moderate deviation: SCC +39.2%, Conductivity +6.2%. Recommend continued monitoring.",2026-09-17T18:18:30.000Z
pred_2636,cow_26,ses_2636,58,MODERATE,MASTITIS_RISK,0.94,"Moderate deviation: SCC +225%, Conductivity +10.8%. Recommend continued monitoring.",2026-09-17T18:11:13.000Z
pred_2637,cow_27,ses_2637,58,MODERATE,MASTITIS_RISK,0.94,"Moderate deviation: SCC +209.4%, Conductivity +10.4%. Recommend continued monitoring.",2026-09-17T18:28:45.000Z
pred_2638,cow_28,ses_2638,58,MODERATE,MASTITIS_RISK,0.94,"Moderate deviation: SCC +202.1%, Conductivity +10.0%. Recommend continued monitoring.",2026-09-17T18:14:56.000Z
pred_2639,cow_29,ses_2639,58,MODERATE,MASTITIS_RISK,0.94,"Moderate deviation: SCC +198.7%, Conductivity +10.5%. Recommend continued monitoring.",2026-09-17T18:02:39.000Z
pred_2640,cow_30,ses_2640,58,MODERATE,MASTITIS_RISK,0.94,"Moderate deviation: SCC +341.1%, Conductivity +9.4%. Recommend continued monitoring.",2026-09-17T17:28:02.000Z
pred_2641,cow_1,ses_2641,13,LOW,MASTITIS_RISK,0.94,"Parameters aligned with historical baseline.",2026-09-18T06:22:00.000Z
pred_2642,cow_2,ses_2642,7,LOW,MASTITIS_RISK,0.94,"Parameters aligned with historical baseline.",2026-09-18T06:06:00.000Z
pred_2643,cow_3,ses_2643,11,LOW,MASTITIS_RISK,0.94,"Parameters aligned with historical baseline.",2026-09-18T07:06:34.000Z
pred_2644,cow_4,ses_2644,12,LOW,MASTITIS_RISK,0.94,"Parameters aligned with historical baseline.",2026-09-18T06:14:10.000Z
pred_2645,cow_5,ses_2645,13,LOW,MASTITIS_RISK,0.94,"Parameters aligned with historical baseline.",2026-09-18T07:31:12.000Z
pred_2646,cow_6,ses_2646,15,LOW,MASTITIS_RISK,0.94,"Parameters aligned with historical baseline.",2026-09-18T06:22:12.000Z
pred_2647,cow_7,ses_2647,8,LOW,MASTITIS_RISK,0.94,"Parameters aligned with historical baseline.",2026-09-18T06:29:25.000Z
pred_2648,cow_8,ses_2648,16,LOW,MASTITIS_RISK,0.94,"Parameters aligned with historical baseline.",2026-09-18T06:59:44.000Z
pred_2649,cow_9,ses_2649,12,LOW,MASTITIS_RISK,0.94,"Parameters aligned with historical baseline.",2026-09-18T07:13:33.000Z
pred_2650,cow_10,ses_2650,9,LOW,MASTITIS_RISK,0.94,"Parameters aligned with historical baseline.",2026-09-18T06:42:07.000Z
pred_2651,cow_11,ses_2651,14,LOW,MASTITIS_RISK,0.94,"Parameters aligned with historical baseline.",2026-09-18T07:34:26.000Z
pred_2652,cow_12,ses_2652,10,LOW,MASTITIS_RISK,0.94,"Parameters aligned with historical baseline.",2026-09-18T07:25:20.000Z
pred_2653,cow_13,ses_2653,13,LOW,MASTITIS_RISK,0.94,"Parameters aligned with historical baseline.",2026-09-18T06:30:55.000Z
pred_2654,cow_14,ses_2654,9,LOW,MASTITIS_RISK,0.94,"Parameters aligned with historical baseline.",2026-09-18T07:13:22.000Z
pred_2655,cow_15,ses_2655,11,LOW,MASTITIS_RISK,0.94,"Parameters aligned with historical baseline.",2026-09-18T07:05:46.000Z
pred_2656,cow_16,ses_2656,8,LOW,MASTITIS_RISK,0.94,"Parameters aligned with historical baseline.",2026-09-18T06:54:46.000Z
pred_2657,cow_17,ses_2657,8,LOW,MASTITIS_RISK,0.94,"Parameters aligned with historical baseline.",2026-09-18T06:07:55.000Z
pred_2658,cow_18,ses_2658,7,LOW,MASTITIS_RISK,0.94,"Parameters aligned with historical baseline.",2026-09-18T06:45:06.000Z
pred_2659,cow_19,ses_2659,8,LOW,MASTITIS_RISK,0.94,"Parameters aligned with historical baseline.",2026-09-18T06:45:49.000Z
pred_2660,cow_20,ses_2660,13,LOW,MASTITIS_RISK,0.94,"Parameters aligned with historical baseline.",2026-09-18T07:17:19.000Z
pred_2661,cow_21,ses_2661,46,MODERATE,MASTITIS_RISK,0.94,"Moderate deviation: SCC +52.6%, Conductivity +7.0%. Recommend continued monitoring.",2026-09-18T07:28:28.000Z
pred_2662,cow_22,ses_2662,40,MODERATE,MASTITIS_RISK,0.94,"Moderate deviation: SCC +36.5%, Conductivity +6.9%. Recommend continued monitoring.",2026-09-18T06:20:52.000Z
pred_2663,cow_23,ses_2663,44,MODERATE,MASTITIS_RISK,0.94,"Moderate deviation: SCC +54.1%, Conductivity +6.4%. Recommend continued monitoring.",2026-09-18T06:32:44.000Z
pred_2664,cow_24,ses_2664,41,MODERATE,MASTITIS_RISK,0.94,"Moderate deviation: SCC +40.7%, Conductivity +5.5%. Recommend continued monitoring.",2026-09-18T06:25:34.000Z
pred_2665,cow_25,ses_2665,42,MODERATE,MASTITIS_RISK,0.94,"Moderate deviation: SCC +42.4%, Conductivity +5.5%. Recommend continued monitoring.",2026-09-18T07:28:26.000Z
pred_2666,cow_26,ses_2666,60,HIGH,MASTITIS_RISK,0.94,"Significant deviation: SCC surged by +237.9% (446 k/mL), Milk yield dropped by 4.3%, Conductivity elevated to 6.13 mS/cm. Prototype AI risk estimate — not a veterinary diagnosis.",2026-09-18T06:56:07.000Z
pred_2667,cow_27,ses_2667,60,HIGH,MASTITIS_RISK,0.94,"Significant deviation: SCC surged by +226.6% (454 k/mL), Milk yield dropped by 1.9%, Conductivity elevated to 6.33 mS/cm. Prototype AI risk estimate — not a veterinary diagnosis.",2026-09-18T07:32:32.000Z
pred_2668,cow_28,ses_2668,60,HIGH,MASTITIS_RISK,0.94,"Significant deviation: SCC surged by +217.1% (463 k/mL), Milk yield dropped by 1.2%, Conductivity elevated to 6.15 mS/cm. Prototype AI risk estimate — not a veterinary diagnosis.",2026-09-18T06:42:38.000Z
pred_2669,cow_29,ses_2669,60,HIGH,MASTITIS_RISK,0.94,"Significant deviation: SCC surged by +206.5% (469 k/mL), Milk yield dropped by 2.8%, Conductivity elevated to 6.21 mS/cm. Prototype AI risk estimate — not a veterinary diagnosis.",2026-09-18T06:11:56.000Z
pred_2670,cow_30,ses_2670,60,HIGH,MASTITIS_RISK,0.94,"Significant deviation: SCC surged by +358.9% (413 k/mL), Milk yield dropped by 0.2%, Conductivity elevated to 6.03 mS/cm. Prototype AI risk estimate — not a veterinary diagnosis.",2026-09-18T07:34:01.000Z
pred_2671,cow_1,ses_2671,11,LOW,MASTITIS_RISK,0.94,"Parameters aligned with historical baseline.",2026-09-18T18:07:37.000Z
pred_2672,cow_2,ses_2672,12,LOW,MASTITIS_RISK,0.94,"Parameters aligned with historical baseline.",2026-09-18T17:11:39.000Z
pred_2673,cow_3,ses_2673,16,LOW,MASTITIS_RISK,0.94,"Parameters aligned with historical baseline.",2026-09-18T18:27:33.000Z
pred_2674,cow_4,ses_2674,16,LOW,MASTITIS_RISK,0.94,"Parameters aligned with historical baseline.",2026-09-18T17:40:04.000Z
pred_2675,cow_5,ses_2675,16,LOW,MASTITIS_RISK,0.94,"Parameters aligned with historical baseline.",2026-09-18T17:24:02.000Z
pred_2676,cow_6,ses_2676,11,LOW,MASTITIS_RISK,0.94,"Parameters aligned with historical baseline.",2026-09-18T17:41:55.000Z
pred_2677,cow_7,ses_2677,9,LOW,MASTITIS_RISK,0.94,"Parameters aligned with historical baseline.",2026-09-18T17:05:23.000Z
pred_2678,cow_8,ses_2678,16,LOW,MASTITIS_RISK,0.94,"Parameters aligned with historical baseline.",2026-09-18T17:44:28.000Z
pred_2679,cow_9,ses_2679,9,LOW,MASTITIS_RISK,0.94,"Parameters aligned with historical baseline.",2026-09-18T18:33:54.000Z
pred_2680,cow_10,ses_2680,12,LOW,MASTITIS_RISK,0.94,"Parameters aligned with historical baseline.",2026-09-18T18:00:40.000Z
pred_2681,cow_11,ses_2681,17,LOW,MASTITIS_RISK,0.94,"Parameters aligned with historical baseline.",2026-09-18T18:22:45.000Z
pred_2682,cow_12,ses_2682,8,LOW,MASTITIS_RISK,0.94,"Parameters aligned with historical baseline.",2026-09-18T17:54:34.000Z
pred_2683,cow_13,ses_2683,10,LOW,MASTITIS_RISK,0.94,"Parameters aligned with historical baseline.",2026-09-18T17:10:15.000Z
pred_2684,cow_14,ses_2684,13,LOW,MASTITIS_RISK,0.94,"Parameters aligned with historical baseline.",2026-09-18T18:12:43.000Z
pred_2685,cow_15,ses_2685,9,LOW,MASTITIS_RISK,0.94,"Parameters aligned with historical baseline.",2026-09-18T18:20:41.000Z
pred_2686,cow_16,ses_2686,12,LOW,MASTITIS_RISK,0.94,"Parameters aligned with historical baseline.",2026-09-18T17:44:23.000Z
pred_2687,cow_17,ses_2687,11,LOW,MASTITIS_RISK,0.94,"Parameters aligned with historical baseline.",2026-09-18T17:17:25.000Z
pred_2688,cow_18,ses_2688,13,LOW,MASTITIS_RISK,0.94,"Parameters aligned with historical baseline.",2026-09-18T18:20:37.000Z
pred_2689,cow_19,ses_2689,16,LOW,MASTITIS_RISK,0.94,"Parameters aligned with historical baseline.",2026-09-18T18:26:34.000Z
pred_2690,cow_20,ses_2690,8,LOW,MASTITIS_RISK,0.94,"Parameters aligned with historical baseline.",2026-09-18T17:42:00.000Z
pred_2691,cow_21,ses_2691,46,MODERATE,MASTITIS_RISK,0.94,"Moderate deviation: SCC +46.4%, Conductivity +6.5%. Recommend continued monitoring.",2026-09-18T18:05:46.000Z
pred_2692,cow_22,ses_2692,44,MODERATE,MASTITIS_RISK,0.94,"Moderate deviation: SCC +44.2%, Conductivity +6.9%. Recommend continued monitoring.",2026-09-18T18:26:47.000Z
pred_2693,cow_23,ses_2693,39,MODERATE,MASTITIS_RISK,0.94,"Moderate deviation: SCC +52.3%, Conductivity +7.1%. Recommend continued monitoring.",2026-09-18T17:38:40.000Z
pred_2694,cow_24,ses_2694,41,MODERATE,MASTITIS_RISK,0.94,"Moderate deviation: SCC +42.4%, Conductivity +6.2%. Recommend continued monitoring.",2026-09-18T17:25:52.000Z
pred_2695,cow_25,ses_2695,44,MODERATE,MASTITIS_RISK,0.94,"Moderate deviation: SCC +42.4%, Conductivity +7.0%. Recommend continued monitoring.",2026-09-18T17:38:59.000Z
pred_2696,cow_26,ses_2696,60,HIGH,MASTITIS_RISK,0.94,"Significant deviation: SCC surged by +237.9% (446 k/mL), Milk yield dropped by 3.4%, Conductivity elevated to 6.16 mS/cm. Prototype AI risk estimate — not a veterinary diagnosis.",2026-09-18T17:44:29.000Z
pred_2697,cow_27,ses_2697,60,HIGH,MASTITIS_RISK,0.94,"Significant deviation: SCC surged by +230.2% (459 k/mL), Milk yield dropped by 3.5%, Conductivity elevated to 6.3 mS/cm. Prototype AI risk estimate — not a veterinary diagnosis.",2026-09-18T18:28:05.000Z
pred_2698,cow_28,ses_2698,60,HIGH,MASTITIS_RISK,0.94,"Significant deviation: SCC surged by +222.6% (471 k/mL), Milk yield dropped by 3.7%, Conductivity elevated to 6.07 mS/cm. Prototype AI risk estimate — not a veterinary diagnosis.",2026-09-18T18:22:31.000Z
pred_2699,cow_29,ses_2699,60,HIGH,MASTITIS_RISK,0.94,"Significant deviation: SCC surged by +213.1% (479 k/mL), Milk yield dropped by 4.5%, Conductivity elevated to 6.24 mS/cm. Prototype AI risk estimate — not a veterinary diagnosis.",2026-09-18T18:05:03.000Z
pred_2700,cow_30,ses_2700,60,HIGH,MASTITIS_RISK,0.94,"Significant deviation: SCC surged by +345.6% (401 k/mL), Milk yield dropped by 2.8%, Conductivity elevated to 5.99 mS/cm. Prototype AI risk estimate — not a veterinary diagnosis.",2026-09-18T18:14:09.000Z
pred_2701,cow_1,ses_2701,16,LOW,MASTITIS_RISK,0.94,"Parameters aligned with historical baseline.",2026-09-19T07:28:46.000Z
pred_2702,cow_2,ses_2702,15,LOW,MASTITIS_RISK,0.94,"Parameters aligned with historical baseline.",2026-09-19T07:21:22.000Z
pred_2703,cow_3,ses_2703,12,LOW,MASTITIS_RISK,0.94,"Parameters aligned with historical baseline.",2026-09-19T06:31:22.000Z
pred_2704,cow_4,ses_2704,12,LOW,MASTITIS_RISK,0.94,"Parameters aligned with historical baseline.",2026-09-19T07:02:19.000Z
pred_2705,cow_5,ses_2705,13,LOW,MASTITIS_RISK,0.94,"Parameters aligned with historical baseline.",2026-09-19T06:38:46.000Z
pred_2706,cow_6,ses_2706,8,LOW,MASTITIS_RISK,0.94,"Parameters aligned with historical baseline.",2026-09-19T06:21:09.000Z
pred_2707,cow_7,ses_2707,11,LOW,MASTITIS_RISK,0.94,"Parameters aligned with historical baseline.",2026-09-19T06:48:00.000Z
pred_2708,cow_8,ses_2708,7,LOW,MASTITIS_RISK,0.94,"Parameters aligned with historical baseline.",2026-09-19T06:58:00.000Z
pred_2709,cow_9,ses_2709,9,LOW,MASTITIS_RISK,0.94,"Parameters aligned with historical baseline.",2026-09-19T06:10:31.000Z
pred_2710,cow_10,ses_2710,9,LOW,MASTITIS_RISK,0.94,"Parameters aligned with historical baseline.",2026-09-19T06:43:15.000Z
pred_2711,cow_11,ses_2711,10,LOW,MASTITIS_RISK,0.94,"Parameters aligned with historical baseline.",2026-09-19T06:09:34.000Z
pred_2712,cow_12,ses_2712,9,LOW,MASTITIS_RISK,0.94,"Parameters aligned with historical baseline.",2026-09-19T07:26:26.000Z
pred_2713,cow_13,ses_2713,16,LOW,MASTITIS_RISK,0.94,"Parameters aligned with historical baseline.",2026-09-19T07:01:00.000Z
pred_2714,cow_14,ses_2714,8,LOW,MASTITIS_RISK,0.94,"Parameters aligned with historical baseline.",2026-09-19T07:23:57.000Z
pred_2715,cow_15,ses_2715,10,LOW,MASTITIS_RISK,0.94,"Parameters aligned with historical baseline.",2026-09-19T07:00:15.000Z
pred_2716,cow_16,ses_2716,15,LOW,MASTITIS_RISK,0.94,"Parameters aligned with historical baseline.",2026-09-19T06:41:37.000Z
pred_2717,cow_17,ses_2717,13,LOW,MASTITIS_RISK,0.94,"Parameters aligned with historical baseline.",2026-09-19T06:23:10.000Z
pred_2718,cow_18,ses_2718,14,LOW,MASTITIS_RISK,0.94,"Parameters aligned with historical baseline.",2026-09-19T07:14:39.000Z
pred_2719,cow_19,ses_2719,14,LOW,MASTITIS_RISK,0.94,"Parameters aligned with historical baseline.",2026-09-19T06:13:13.000Z
pred_2720,cow_20,ses_2720,9,LOW,MASTITIS_RISK,0.94,"Parameters aligned with historical baseline.",2026-09-19T07:04:29.000Z
pred_2721,cow_21,ses_2721,41,MODERATE,MASTITIS_RISK,0.94,"Moderate deviation: SCC +39.2%, Conductivity +7.5%. Recommend continued monitoring.",2026-09-19T06:46:19.000Z
pred_2722,cow_22,ses_2722,42,MODERATE,MASTITIS_RISK,0.94,"Moderate deviation: SCC +53.8%, Conductivity +7.4%. Recommend continued monitoring.",2026-09-19T06:13:07.000Z
pred_2723,cow_23,ses_2723,48,MODERATE,MASTITIS_RISK,0.94,"Moderate deviation: SCC +56.8%, Conductivity +6.0%. Recommend continued monitoring.",2026-09-19T07:12:21.000Z
pred_2724,cow_24,ses_2724,41,MODERATE,MASTITIS_RISK,0.94,"Moderate deviation: SCC +44.9%, Conductivity +6.4%. Recommend continued monitoring.",2026-09-19T06:21:22.000Z
pred_2725,cow_25,ses_2725,48,MODERATE,MASTITIS_RISK,0.94,"Moderate deviation: SCC +56.8%, Conductivity +6.2%. Recommend continued monitoring.",2026-09-19T07:07:30.000Z
pred_2726,cow_26,ses_2726,64,HIGH,MASTITIS_RISK,0.94,"Significant deviation: SCC surged by +288.6% (513 k/mL), Milk yield dropped by 9.2%, Conductivity elevated to 6.29 mS/cm. Prototype AI risk estimate — not a veterinary diagnosis.",2026-09-19T07:29:02.000Z
pred_2727,cow_27,ses_2727,64,HIGH,MASTITIS_RISK,0.94,"Significant deviation: SCC surged by +281.3% (530 k/mL), Milk yield dropped by 7.8%, Conductivity elevated to 6.49 mS/cm. Prototype AI risk estimate — not a veterinary diagnosis.",2026-09-19T06:24:38.000Z
pred_2728,cow_28,ses_2728,64,HIGH,MASTITIS_RISK,0.94,"Significant deviation: SCC surged by +259.6% (525 k/mL), Milk yield dropped by 7.4%, Conductivity elevated to 6.31 mS/cm. Prototype AI risk estimate — not a veterinary diagnosis.",2026-09-19T06:52:05.000Z
pred_2729,cow_29,ses_2729,64,HIGH,MASTITIS_RISK,0.94,"Significant deviation: SCC surged by +247.7% (532 k/mL), Milk yield dropped by 1.3%, Conductivity elevated to 6.33 mS/cm. Prototype AI risk estimate — not a veterinary diagnosis.",2026-09-19T06:57:12.000Z
pred_2730,cow_30,ses_2730,64,HIGH,MASTITIS_RISK,0.94,"Significant deviation: SCC surged by +414.4% (463 k/mL), Milk yield dropped by 4.3%, Conductivity elevated to 6.21 mS/cm. Prototype AI risk estimate — not a veterinary diagnosis.",2026-09-19T06:23:25.000Z
pred_2731,cow_1,ses_2731,13,LOW,MASTITIS_RISK,0.94,"Parameters aligned with historical baseline.",2026-09-19T17:46:17.000Z
pred_2732,cow_2,ses_2732,13,LOW,MASTITIS_RISK,0.94,"Parameters aligned with historical baseline.",2026-09-19T18:30:38.000Z
pred_2733,cow_3,ses_2733,14,LOW,MASTITIS_RISK,0.94,"Parameters aligned with historical baseline.",2026-09-19T17:36:40.000Z
pred_2734,cow_4,ses_2734,9,LOW,MASTITIS_RISK,0.94,"Parameters aligned with historical baseline.",2026-09-19T18:23:10.000Z
pred_2735,cow_5,ses_2735,11,LOW,MASTITIS_RISK,0.94,"Parameters aligned with historical baseline.",2026-09-19T18:07:15.000Z
pred_2736,cow_6,ses_2736,15,LOW,MASTITIS_RISK,0.94,"Parameters aligned with historical baseline.",2026-09-19T17:55:43.000Z
pred_2737,cow_7,ses_2737,14,LOW,MASTITIS_RISK,0.94,"Parameters aligned with historical baseline.",2026-09-19T17:09:53.000Z
pred_2738,cow_8,ses_2738,13,LOW,MASTITIS_RISK,0.94,"Parameters aligned with historical baseline.",2026-09-19T18:29:50.000Z
pred_2739,cow_9,ses_2739,8,LOW,MASTITIS_RISK,0.94,"Parameters aligned with historical baseline.",2026-09-19T18:33:16.000Z
pred_2740,cow_10,ses_2740,8,LOW,MASTITIS_RISK,0.94,"Parameters aligned with historical baseline.",2026-09-19T18:31:39.000Z
pred_2741,cow_11,ses_2741,8,LOW,MASTITIS_RISK,0.94,"Parameters aligned with historical baseline.",2026-09-19T18:26:35.000Z
pred_2742,cow_12,ses_2742,12,LOW,MASTITIS_RISK,0.94,"Parameters aligned with historical baseline.",2026-09-19T17:39:28.000Z
pred_2743,cow_13,ses_2743,9,LOW,MASTITIS_RISK,0.94,"Parameters aligned with historical baseline.",2026-09-19T18:29:31.000Z
pred_2744,cow_14,ses_2744,9,LOW,MASTITIS_RISK,0.94,"Parameters aligned with historical baseline.",2026-09-19T18:11:14.000Z
pred_2745,cow_15,ses_2745,8,LOW,MASTITIS_RISK,0.94,"Parameters aligned with historical baseline.",2026-09-19T17:58:58.000Z
pred_2746,cow_16,ses_2746,16,LOW,MASTITIS_RISK,0.94,"Parameters aligned with historical baseline.",2026-09-19T17:26:28.000Z
pred_2747,cow_17,ses_2747,14,LOW,MASTITIS_RISK,0.94,"Parameters aligned with historical baseline.",2026-09-19T18:19:14.000Z
pred_2748,cow_18,ses_2748,14,LOW,MASTITIS_RISK,0.94,"Parameters aligned with historical baseline.",2026-09-19T17:37:52.000Z
pred_2749,cow_19,ses_2749,8,LOW,MASTITIS_RISK,0.94,"Parameters aligned with historical baseline.",2026-09-19T17:45:49.000Z
pred_2750,cow_20,ses_2750,13,LOW,MASTITIS_RISK,0.94,"Parameters aligned with historical baseline.",2026-09-19T18:20:06.000Z
pred_2751,cow_21,ses_2751,43,MODERATE,MASTITIS_RISK,0.94,"Moderate deviation: SCC +53.6%, Conductivity +7.2%. Recommend continued monitoring.",2026-09-19T18:18:25.000Z
pred_2752,cow_22,ses_2752,47,MODERATE,MASTITIS_RISK,0.94,"Moderate deviation: SCC +42.3%, Conductivity +6.3%. Recommend continued monitoring.",2026-09-19T18:03:22.000Z
pred_2753,cow_23,ses_2753,45,MODERATE,MASTITIS_RISK,0.94,"Moderate deviation: SCC +54.1%, Conductivity +6.4%. Recommend continued monitoring.",2026-09-19T17:05:48.000Z
pred_2754,cow_24,ses_2754,41,MODERATE,MASTITIS_RISK,0.94,"Moderate deviation: SCC +46.6%, Conductivity +5.7%. Recommend continued monitoring.",2026-09-19T18:14:43.000Z
pred_2755,cow_25,ses_2755,40,MODERATE,MASTITIS_RISK,0.94,"Moderate deviation: SCC +39.2%, Conductivity +7.7%. Recommend continued monitoring.",2026-09-19T18:02:54.000Z
pred_2756,cow_26,ses_2756,64,HIGH,MASTITIS_RISK,0.94,"Significant deviation: SCC surged by +291.7% (517 k/mL), Milk yield dropped by 2.4%, Conductivity elevated to 6.26 mS/cm. Prototype AI risk estimate — not a veterinary diagnosis.",2026-09-19T18:32:00.000Z
pred_2757,cow_27,ses_2757,64,HIGH,MASTITIS_RISK,0.94,"Significant deviation: SCC surged by +273.4% (519 k/mL), Milk yield dropped by 3.6%, Conductivity elevated to 6.47 mS/cm. Prototype AI risk estimate — not a veterinary diagnosis.",2026-09-19T17:22:13.000Z
pred_2758,cow_28,ses_2758,64,HIGH,MASTITIS_RISK,0.94,"Significant deviation: SCC surged by +256.2% (520 k/mL), Milk yield dropped by 8.9%, Conductivity elevated to 6.29 mS/cm. Prototype AI risk estimate — not a veterinary diagnosis.",2026-09-19T18:09:46.000Z
pred_2759,cow_29,ses_2759,64,HIGH,MASTITIS_RISK,0.94,"Significant deviation: SCC surged by +243.8% (526 k/mL), Milk yield dropped by 6.6%, Conductivity elevated to 6.39 mS/cm. Prototype AI risk estimate — not a veterinary diagnosis.",2026-09-19T17:43:25.000Z
pred_2760,cow_30,ses_2760,64,HIGH,MASTITIS_RISK,0.94,"Significant deviation: SCC surged by +431.1% (478 k/mL), Milk yield dropped by 0.1%, Conductivity elevated to 6.13 mS/cm. Prototype AI risk estimate — not a veterinary diagnosis.",2026-09-19T17:49:14.000Z
pred_2761,cow_1,ses_2761,8,LOW,MASTITIS_RISK,0.94,"Parameters aligned with historical baseline.",2026-09-20T06:45:08.000Z
pred_2762,cow_2,ses_2762,15,LOW,MASTITIS_RISK,0.94,"Parameters aligned with historical baseline.",2026-09-20T06:40:20.000Z
pred_2763,cow_3,ses_2763,13,LOW,MASTITIS_RISK,0.94,"Parameters aligned with historical baseline.",2026-09-20T07:28:33.000Z
pred_2764,cow_4,ses_2764,14,LOW,MASTITIS_RISK,0.94,"Parameters aligned with historical baseline.",2026-09-20T06:44:13.000Z
pred_2765,cow_5,ses_2765,12,LOW,MASTITIS_RISK,0.94,"Parameters aligned with historical baseline.",2026-09-20T06:21:26.000Z
pred_2766,cow_6,ses_2766,15,LOW,MASTITIS_RISK,0.94,"Parameters aligned with historical baseline.",2026-09-20T06:04:02.000Z
pred_2767,cow_7,ses_2767,14,LOW,MASTITIS_RISK,0.94,"Parameters aligned with historical baseline.",2026-09-20T06:39:05.000Z
pred_2768,cow_8,ses_2768,9,LOW,MASTITIS_RISK,0.94,"Parameters aligned with historical baseline.",2026-09-20T06:16:04.000Z
pred_2769,cow_9,ses_2769,16,LOW,MASTITIS_RISK,0.94,"Parameters aligned with historical baseline.",2026-09-20T07:32:57.000Z
pred_2770,cow_10,ses_2770,17,LOW,MASTITIS_RISK,0.94,"Parameters aligned with historical baseline.",2026-09-20T06:15:19.000Z
pred_2771,cow_11,ses_2771,7,LOW,MASTITIS_RISK,0.94,"Parameters aligned with historical baseline.",2026-09-20T07:09:11.000Z
pred_2772,cow_12,ses_2772,11,LOW,MASTITIS_RISK,0.94,"Parameters aligned with historical baseline.",2026-09-20T07:14:42.000Z
pred_2773,cow_13,ses_2773,12,LOW,MASTITIS_RISK,0.94,"Parameters aligned with historical baseline.",2026-09-20T07:15:22.000Z
pred_2774,cow_14,ses_2774,9,LOW,MASTITIS_RISK,0.94,"Parameters aligned with historical baseline.",2026-09-20T07:11:08.000Z
pred_2775,cow_15,ses_2775,10,LOW,MASTITIS_RISK,0.94,"Parameters aligned with historical baseline.",2026-09-20T07:31:51.000Z
pred_2776,cow_16,ses_2776,8,LOW,MASTITIS_RISK,0.94,"Parameters aligned with historical baseline.",2026-09-20T06:20:10.000Z
pred_2777,cow_17,ses_2777,15,LOW,MASTITIS_RISK,0.94,"Parameters aligned with historical baseline.",2026-09-20T06:04:12.000Z
pred_2778,cow_18,ses_2778,9,LOW,MASTITIS_RISK,0.94,"Parameters aligned with historical baseline.",2026-09-20T06:51:53.000Z
pred_2779,cow_19,ses_2779,10,LOW,MASTITIS_RISK,0.94,"Parameters aligned with historical baseline.",2026-09-20T06:09:21.000Z
pred_2780,cow_20,ses_2780,12,LOW,MASTITIS_RISK,0.94,"Parameters aligned with historical baseline.",2026-09-20T06:53:10.000Z
pred_2781,cow_21,ses_2781,47,MODERATE,MASTITIS_RISK,0.94,"Moderate deviation: SCC +40.2%, Conductivity +6.5%. Recommend continued monitoring.",2026-09-20T07:31:12.000Z
pred_2782,cow_22,ses_2782,48,MODERATE,MASTITIS_RISK,0.94,"Moderate deviation: SCC +53.8%, Conductivity +7.2%. Recommend continued monitoring.",2026-09-20T06:17:45.000Z
pred_2783,cow_23,ses_2783,46,MODERATE,MASTITIS_RISK,0.94,"Moderate deviation: SCC +61.3%, Conductivity +7.6%. Recommend continued monitoring.",2026-09-20T06:15:20.000Z
pred_2784,cow_24,ses_2784,48,MODERATE,MASTITIS_RISK,0.94,"Moderate deviation: SCC +58.5%, Conductivity +6.9%. Recommend continued monitoring.",2026-09-20T07:34:32.000Z
pred_2785,cow_25,ses_2785,47,MODERATE,MASTITIS_RISK,0.94,"Moderate deviation: SCC +50.4%, Conductivity +6.8%. Recommend continued monitoring.",2026-09-20T07:16:38.000Z
pred_2786,cow_26,ses_2786,67,HIGH,MASTITIS_RISK,0.94,"Significant deviation: SCC surged by +340.9% (582 k/mL), Milk yield dropped by 11.9%, Conductivity elevated to 6.4 mS/cm. Prototype AI risk estimate — not a veterinary diagnosis.",2026-09-20T06:28:12.000Z
pred_2787,cow_27,ses_2787,67,HIGH,MASTITIS_RISK,0.94,"Significant deviation: SCC surged by +324.5% (590 k/mL), Milk yield dropped by 9.1%, Conductivity elevated to 6.59 mS/cm. Prototype AI risk estimate — not a veterinary diagnosis.",2026-09-20T06:59:00.000Z
pred_2788,cow_28,ses_2788,67,HIGH,MASTITIS_RISK,0.94,"Significant deviation: SCC surged by +298.6% (582 k/mL), Milk yield dropped by 13.2%, Conductivity elevated to 6.33 mS/cm. Prototype AI risk estimate — not a veterinary diagnosis.",2026-09-20T06:15:31.000Z
pred_2789,cow_29,ses_2789,67,HIGH,MASTITIS_RISK,0.94,"Significant deviation: SCC surged by +280.4% (582 k/mL), Milk yield dropped by 5.8%, Conductivity elevated to 6.55 mS/cm. Prototype AI risk estimate — not a veterinary diagnosis.",2026-09-20T06:58:00.000Z
pred_2790,cow_30,ses_2790,67,HIGH,MASTITIS_RISK,0.94,"Significant deviation: SCC surged by +498.9% (539 k/mL), Milk yield dropped by 4.4%, Conductivity elevated to 6.37 mS/cm. Prototype AI risk estimate — not a veterinary diagnosis.",2026-09-20T07:30:07.000Z
pred_2791,cow_1,ses_2791,15,LOW,MASTITIS_RISK,0.94,"Parameters aligned with historical baseline.",2026-09-20T17:50:19.000Z
pred_2792,cow_2,ses_2792,11,LOW,MASTITIS_RISK,0.94,"Parameters aligned with historical baseline.",2026-09-20T18:22:58.000Z
pred_2793,cow_3,ses_2793,13,LOW,MASTITIS_RISK,0.94,"Parameters aligned with historical baseline.",2026-09-20T18:14:29.000Z
pred_2794,cow_4,ses_2794,10,LOW,MASTITIS_RISK,0.94,"Parameters aligned with historical baseline.",2026-09-20T17:04:23.000Z
pred_2795,cow_5,ses_2795,13,LOW,MASTITIS_RISK,0.94,"Parameters aligned with historical baseline.",2026-09-20T18:33:34.000Z
pred_2796,cow_6,ses_2796,9,LOW,MASTITIS_RISK,0.94,"Parameters aligned with historical baseline.",2026-09-20T17:15:02.000Z
pred_2797,cow_7,ses_2797,16,LOW,MASTITIS_RISK,0.94,"Parameters aligned with historical baseline.",2026-09-20T17:17:21.000Z
pred_2798,cow_8,ses_2798,10,LOW,MASTITIS_RISK,0.94,"Parameters aligned with historical baseline.",2026-09-20T18:07:37.000Z
pred_2799,cow_9,ses_2799,13,LOW,MASTITIS_RISK,0.94,"Parameters aligned with historical baseline.",2026-09-20T17:17:52.000Z
pred_2800,cow_10,ses_2800,10,LOW,MASTITIS_RISK,0.94,"Parameters aligned with historical baseline.",2026-09-20T18:08:03.000Z
pred_2801,cow_11,ses_2801,12,LOW,MASTITIS_RISK,0.94,"Parameters aligned with historical baseline.",2026-09-20T17:34:00.000Z
pred_2802,cow_12,ses_2802,13,LOW,MASTITIS_RISK,0.94,"Parameters aligned with historical baseline.",2026-09-20T17:14:10.000Z
pred_2803,cow_13,ses_2803,8,LOW,MASTITIS_RISK,0.94,"Parameters aligned with historical baseline.",2026-09-20T17:30:24.000Z
pred_2804,cow_14,ses_2804,9,LOW,MASTITIS_RISK,0.94,"Parameters aligned with historical baseline.",2026-09-20T18:20:01.000Z
pred_2805,cow_15,ses_2805,10,LOW,MASTITIS_RISK,0.94,"Parameters aligned with historical baseline.",2026-09-20T17:36:42.000Z
pred_2806,cow_16,ses_2806,7,LOW,MASTITIS_RISK,0.94,"Parameters aligned with historical baseline.",2026-09-20T18:26:21.000Z
pred_2807,cow_17,ses_2807,16,LOW,MASTITIS_RISK,0.94,"Parameters aligned with historical baseline.",2026-09-20T17:05:32.000Z
pred_2808,cow_18,ses_2808,8,LOW,MASTITIS_RISK,0.94,"Parameters aligned with historical baseline.",2026-09-20T17:44:46.000Z
pred_2809,cow_19,ses_2809,9,LOW,MASTITIS_RISK,0.94,"Parameters aligned with historical baseline.",2026-09-20T18:07:51.000Z
pred_2810,cow_20,ses_2810,10,LOW,MASTITIS_RISK,0.94,"Parameters aligned with historical baseline.",2026-09-20T17:49:28.000Z
pred_2811,cow_21,ses_2811,44,MODERATE,MASTITIS_RISK,0.94,"Moderate deviation: SCC +57.7%, Conductivity +6.3%. Recommend continued monitoring.",2026-09-20T18:09:49.000Z
pred_2812,cow_22,ses_2812,47,MODERATE,MASTITIS_RISK,0.94,"Moderate deviation: SCC +60.6%, Conductivity +6.0%. Recommend continued monitoring.",2026-09-20T18:26:41.000Z
pred_2813,cow_23,ses_2813,44,MODERATE,MASTITIS_RISK,0.94,"Moderate deviation: SCC +40.5%, Conductivity +6.4%. Recommend continued monitoring.",2026-09-20T17:22:10.000Z
pred_2814,cow_24,ses_2814,43,MODERATE,MASTITIS_RISK,0.94,"Moderate deviation: SCC +54.2%, Conductivity +7.3%. Recommend continued monitoring.",2026-09-20T17:44:45.000Z
pred_2815,cow_25,ses_2815,42,MODERATE,MASTITIS_RISK,0.94,"Moderate deviation: SCC +52%, Conductivity +6.8%. Recommend continued monitoring.",2026-09-20T17:26:02.000Z
pred_2816,cow_26,ses_2816,67,HIGH,MASTITIS_RISK,0.94,"Significant deviation: SCC surged by +334.1% (573 k/mL), Milk yield dropped by 9.4%, Conductivity elevated to 6.47 mS/cm. Prototype AI risk estimate — not a veterinary diagnosis.",2026-09-20T17:17:08.000Z
pred_2817,cow_27,ses_2817,67,HIGH,MASTITIS_RISK,0.94,"Significant deviation: SCC surged by +321.6% (586 k/mL), Milk yield dropped by 12.2%, Conductivity elevated to 6.52 mS/cm. Prototype AI risk estimate — not a veterinary diagnosis.",2026-09-20T18:05:30.000Z
pred_2818,cow_28,ses_2818,67,HIGH,MASTITIS_RISK,0.94,"Significant deviation: SCC surged by +295.2% (577 k/mL), Milk yield dropped by 12.8%, Conductivity elevated to 6.33 mS/cm. Prototype AI risk estimate — not a veterinary diagnosis.",2026-09-20T17:09:58.000Z
pred_2819,cow_29,ses_2819,67,HIGH,MASTITIS_RISK,0.94,"Significant deviation: SCC surged by +286.3% (591 k/mL), Milk yield dropped by 8.9%, Conductivity elevated to 6.47 mS/cm. Prototype AI risk estimate — not a veterinary diagnosis.",2026-09-20T18:24:32.000Z
pred_2820,cow_30,ses_2820,67,HIGH,MASTITIS_RISK,0.94,"Significant deviation: SCC surged by +478.9% (521 k/mL), Milk yield dropped by 7.5%, Conductivity elevated to 6.28 mS/cm. Prototype AI risk estimate — not a veterinary diagnosis.",2026-09-20T18:29:23.000Z
pred_2821,cow_1,ses_2821,16,LOW,MASTITIS_RISK,0.94,"Parameters aligned with historical baseline.",2026-09-21T06:54:01.000Z
pred_2822,cow_2,ses_2822,17,LOW,MASTITIS_RISK,0.94,"Parameters aligned with historical baseline.",2026-09-21T06:36:07.000Z
pred_2823,cow_3,ses_2823,13,LOW,MASTITIS_RISK,0.94,"Parameters aligned with historical baseline.",2026-09-21T06:38:46.000Z
pred_2824,cow_4,ses_2824,8,LOW,MASTITIS_RISK,0.94,"Parameters aligned with historical baseline.",2026-09-21T07:17:41.000Z
pred_2825,cow_5,ses_2825,13,LOW,MASTITIS_RISK,0.94,"Parameters aligned with historical baseline.",2026-09-21T06:49:02.000Z
pred_2826,cow_6,ses_2826,8,LOW,MASTITIS_RISK,0.94,"Parameters aligned with historical baseline.",2026-09-21T07:35:25.000Z
pred_2827,cow_7,ses_2827,12,LOW,MASTITIS_RISK,0.94,"Parameters aligned with historical baseline.",2026-09-21T06:05:38.000Z
pred_2828,cow_8,ses_2828,10,LOW,MASTITIS_RISK,0.94,"Parameters aligned with historical baseline.",2026-09-21T06:26:04.000Z
pred_2829,cow_9,ses_2829,10,LOW,MASTITIS_RISK,0.94,"Parameters aligned with historical baseline.",2026-09-21T06:27:29.000Z
pred_2830,cow_10,ses_2830,15,LOW,MASTITIS_RISK,0.94,"Parameters aligned with historical baseline.",2026-09-21T06:48:30.000Z
pred_2831,cow_11,ses_2831,9,LOW,MASTITIS_RISK,0.94,"Parameters aligned with historical baseline.",2026-09-21T06:20:31.000Z
pred_2832,cow_12,ses_2832,9,LOW,MASTITIS_RISK,0.94,"Parameters aligned with historical baseline.",2026-09-21T07:11:52.000Z
pred_2833,cow_13,ses_2833,14,LOW,MASTITIS_RISK,0.94,"Parameters aligned with historical baseline.",2026-09-21T07:34:32.000Z
pred_2834,cow_14,ses_2834,14,LOW,MASTITIS_RISK,0.94,"Parameters aligned with historical baseline.",2026-09-21T06:59:37.000Z
pred_2835,cow_15,ses_2835,16,LOW,MASTITIS_RISK,0.94,"Parameters aligned with historical baseline.",2026-09-21T07:06:27.000Z
pred_2836,cow_16,ses_2836,10,LOW,MASTITIS_RISK,0.94,"Parameters aligned with historical baseline.",2026-09-21T07:22:12.000Z
pred_2837,cow_17,ses_2837,9,LOW,MASTITIS_RISK,0.94,"Parameters aligned with historical baseline.",2026-09-21T06:54:34.000Z
pred_2838,cow_18,ses_2838,17,LOW,MASTITIS_RISK,0.94,"Parameters aligned with historical baseline.",2026-09-21T06:53:40.000Z
pred_2839,cow_19,ses_2839,13,LOW,MASTITIS_RISK,0.94,"Parameters aligned with historical baseline.",2026-09-21T06:07:33.000Z
pred_2840,cow_20,ses_2840,10,LOW,MASTITIS_RISK,0.94,"Parameters aligned with historical baseline.",2026-09-21T06:49:58.000Z
pred_2841,cow_21,ses_2841,49,MODERATE,MASTITIS_RISK,0.94,"Moderate deviation: SCC +59.8%, Conductivity +7.7%. Recommend continued monitoring.",2026-09-21T06:23:55.000Z
pred_2842,cow_22,ses_2842,44,MODERATE,MASTITIS_RISK,0.94,"Moderate deviation: SCC +62.5%, Conductivity +6.7%. Recommend continued monitoring.",2026-09-21T07:23:43.000Z
pred_2843,cow_23,ses_2843,49,MODERATE,MASTITIS_RISK,0.94,"Moderate deviation: SCC +47.7%, Conductivity +7.8%. Recommend continued monitoring.",2026-09-21T06:16:45.000Z
pred_2844,cow_24,ses_2844,45,MODERATE,MASTITIS_RISK,0.94,"Moderate deviation: SCC +56.8%, Conductivity +8.0%. Recommend continued monitoring.",2026-09-21T07:24:47.000Z
pred_2845,cow_25,ses_2845,45,MODERATE,MASTITIS_RISK,0.94,"Moderate deviation: SCC +56.8%, Conductivity +7.2%. Recommend continued monitoring.",2026-09-21T07:02:58.000Z
pred_2846,cow_26,ses_2846,71,HIGH,MASTITIS_RISK,0.94,"Significant deviation: SCC surged by +379.5% (633 k/mL), Milk yield dropped by 8.5%, Conductivity elevated to 6.63 mS/cm. Prototype AI risk estimate — not a veterinary diagnosis.",2026-09-21T06:19:49.000Z
pred_2847,cow_27,ses_2847,71,HIGH,MASTITIS_RISK,0.94,"Significant deviation: SCC surged by +356.8% (635 k/mL), Milk yield dropped by 9.9%, Conductivity elevated to 6.72 mS/cm. Prototype AI risk estimate — not a veterinary diagnosis.",2026-09-21T06:30:42.000Z
pred_2848,cow_28,ses_2848,71,HIGH,MASTITIS_RISK,0.94,"Significant deviation: SCC surged by +335.6% (636 k/mL), Milk yield dropped by 11.6%, Conductivity elevated to 6.56 mS/cm. Prototype AI risk estimate — not a veterinary diagnosis.",2026-09-21T06:09:46.000Z
pred_2849,cow_29,ses_2849,71,HIGH,MASTITIS_RISK,0.94,"Significant deviation: SCC surged by +319.6% (642 k/mL), Milk yield dropped by 17.9%, Conductivity elevated to 6.7 mS/cm. Prototype AI risk estimate — not a veterinary diagnosis.",2026-09-21T06:49:38.000Z
pred_2850,cow_30,ses_2850,71,HIGH,MASTITIS_RISK,0.94,"Significant deviation: SCC surged by +554.4% (589 k/mL), Milk yield dropped by 14.5%, Conductivity elevated to 6.43 mS/cm. Prototype AI risk estimate — not a veterinary diagnosis.",2026-09-21T07:13:18.000Z
pred_2851,cow_1,ses_2851,15,LOW,MASTITIS_RISK,0.94,"Parameters aligned with historical baseline.",2026-09-21T17:26:12.000Z
pred_2852,cow_2,ses_2852,9,LOW,MASTITIS_RISK,0.94,"Parameters aligned with historical baseline.",2026-09-21T18:02:06.000Z
pred_2853,cow_3,ses_2853,8,LOW,MASTITIS_RISK,0.94,"Parameters aligned with historical baseline.",2026-09-21T18:27:44.000Z
pred_2854,cow_4,ses_2854,15,LOW,MASTITIS_RISK,0.94,"Parameters aligned with historical baseline.",2026-09-21T17:19:35.000Z
pred_2855,cow_5,ses_2855,14,LOW,MASTITIS_RISK,0.94,"Parameters aligned with historical baseline.",2026-09-21T17:34:10.000Z
pred_2856,cow_6,ses_2856,12,LOW,MASTITIS_RISK,0.94,"Parameters aligned with historical baseline.",2026-09-21T17:21:18.000Z
pred_2857,cow_7,ses_2857,14,LOW,MASTITIS_RISK,0.94,"Parameters aligned with historical baseline.",2026-09-21T17:04:17.000Z
pred_2858,cow_8,ses_2858,12,LOW,MASTITIS_RISK,0.94,"Parameters aligned with historical baseline.",2026-09-21T17:34:48.000Z
pred_2859,cow_9,ses_2859,14,LOW,MASTITIS_RISK,0.94,"Parameters aligned with historical baseline.",2026-09-21T17:36:09.000Z
pred_2860,cow_10,ses_2860,12,LOW,MASTITIS_RISK,0.94,"Parameters aligned with historical baseline.",2026-09-21T17:33:49.000Z
pred_2861,cow_11,ses_2861,16,LOW,MASTITIS_RISK,0.94,"Parameters aligned with historical baseline.",2026-09-21T18:03:16.000Z
pred_2862,cow_12,ses_2862,16,LOW,MASTITIS_RISK,0.94,"Parameters aligned with historical baseline.",2026-09-21T18:23:32.000Z
pred_2863,cow_13,ses_2863,7,LOW,MASTITIS_RISK,0.94,"Parameters aligned with historical baseline.",2026-09-21T17:29:46.000Z
pred_2864,cow_14,ses_2864,11,LOW,MASTITIS_RISK,0.94,"Parameters aligned with historical baseline.",2026-09-21T17:45:46.000Z
pred_2865,cow_15,ses_2865,15,LOW,MASTITIS_RISK,0.94,"Parameters aligned with historical baseline.",2026-09-21T17:30:29.000Z
pred_2866,cow_16,ses_2866,11,LOW,MASTITIS_RISK,0.94,"Parameters aligned with historical baseline.",2026-09-21T18:26:12.000Z
pred_2867,cow_17,ses_2867,10,LOW,MASTITIS_RISK,0.94,"Parameters aligned with historical baseline.",2026-09-21T18:27:59.000Z
pred_2868,cow_18,ses_2868,16,LOW,MASTITIS_RISK,0.94,"Parameters aligned with historical baseline.",2026-09-21T17:34:51.000Z
pred_2869,cow_19,ses_2869,10,LOW,MASTITIS_RISK,0.94,"Parameters aligned with historical baseline.",2026-09-21T17:05:56.000Z
pred_2870,cow_20,ses_2870,12,LOW,MASTITIS_RISK,0.94,"Parameters aligned with historical baseline.",2026-09-21T18:31:00.000Z
pred_2871,cow_21,ses_2871,45,MODERATE,MASTITIS_RISK,0.94,"Moderate deviation: SCC +42.3%, Conductivity +7.0%. Recommend continued monitoring.",2026-09-21T17:26:19.000Z
pred_2872,cow_22,ses_2872,49,MODERATE,MASTITIS_RISK,0.94,"Moderate deviation: SCC +57.7%, Conductivity +6.3%. Recommend continued monitoring.",2026-09-21T18:32:27.000Z
pred_2873,cow_23,ses_2873,44,MODERATE,MASTITIS_RISK,0.94,"Moderate deviation: SCC +47.7%, Conductivity +7.3%. Recommend continued monitoring.",2026-09-21T18:25:03.000Z
pred_2874,cow_24,ses_2874,41,MODERATE,MASTITIS_RISK,0.94,"Moderate deviation: SCC +50.8%, Conductivity +6.7%. Recommend continued monitoring.",2026-09-21T18:27:30.000Z
pred_2875,cow_25,ses_2875,44,MODERATE,MASTITIS_RISK,0.94,"Moderate deviation: SCC +44.8%, Conductivity +8.6%. Recommend continued monitoring.",2026-09-21T17:58:17.000Z
pred_2876,cow_26,ses_2876,71,HIGH,MASTITIS_RISK,0.94,"Significant deviation: SCC surged by +381.8% (636 k/mL), Milk yield dropped by 10.6%, Conductivity elevated to 6.63 mS/cm. Prototype AI risk estimate — not a veterinary diagnosis.",2026-09-21T17:21:16.000Z
pred_2877,cow_27,ses_2877,71,HIGH,MASTITIS_RISK,0.94,"Significant deviation: SCC surged by +351.8% (628 k/mL), Milk yield dropped by 11.2%, Conductivity elevated to 6.7 mS/cm. Prototype AI risk estimate — not a veterinary diagnosis.",2026-09-21T17:17:01.000Z
pred_2878,cow_28,ses_2878,71,HIGH,MASTITIS_RISK,0.94,"Significant deviation: SCC surged by +341.8% (645 k/mL), Milk yield dropped by 14%, Conductivity elevated to 6.49 mS/cm. Prototype AI risk estimate — not a veterinary diagnosis.",2026-09-21T17:24:27.000Z
pred_2879,cow_29,ses_2879,71,HIGH,MASTITIS_RISK,0.94,"Significant deviation: SCC surged by +324.2% (649 k/mL), Milk yield dropped by 14.9%, Conductivity elevated to 6.66 mS/cm. Prototype AI risk estimate — not a veterinary diagnosis.",2026-09-21T17:52:57.000Z
pred_2880,cow_30,ses_2880,71,HIGH,MASTITIS_RISK,0.94,"Significant deviation: SCC surged by +564.4% (598 k/mL), Milk yield dropped by 12.4%, Conductivity elevated to 6.46 mS/cm. Prototype AI risk estimate — not a veterinary diagnosis.",2026-09-21T17:33:39.000Z
pred_2881,cow_1,ses_2881,14,LOW,MASTITIS_RISK,0.94,"Parameters aligned with historical baseline.",2026-09-22T07:13:20.000Z
pred_2882,cow_2,ses_2882,14,LOW,MASTITIS_RISK,0.94,"Parameters aligned with historical baseline.",2026-09-22T06:33:33.000Z
pred_2883,cow_3,ses_2883,10,LOW,MASTITIS_RISK,0.94,"Parameters aligned with historical baseline.",2026-09-22T07:18:13.000Z
pred_2884,cow_4,ses_2884,9,LOW,MASTITIS_RISK,0.94,"Parameters aligned with historical baseline.",2026-09-22T07:20:13.000Z
pred_2885,cow_5,ses_2885,9,LOW,MASTITIS_RISK,0.94,"Parameters aligned with historical baseline.",2026-09-22T07:10:02.000Z
pred_2886,cow_6,ses_2886,10,LOW,MASTITIS_RISK,0.94,"Parameters aligned with historical baseline.",2026-09-22T07:09:47.000Z
pred_2887,cow_7,ses_2887,12,LOW,MASTITIS_RISK,0.94,"Parameters aligned with historical baseline.",2026-09-22T07:33:38.000Z
pred_2888,cow_8,ses_2888,8,LOW,MASTITIS_RISK,0.94,"Parameters aligned with historical baseline.",2026-09-22T06:15:38.000Z
pred_2889,cow_9,ses_2889,15,LOW,MASTITIS_RISK,0.94,"Parameters aligned with historical baseline.",2026-09-22T07:34:40.000Z
pred_2890,cow_10,ses_2890,13,LOW,MASTITIS_RISK,0.94,"Parameters aligned with historical baseline.",2026-09-22T06:13:45.000Z
pred_2891,cow_11,ses_2891,11,LOW,MASTITIS_RISK,0.94,"Parameters aligned with historical baseline.",2026-09-22T07:25:07.000Z
pred_2892,cow_12,ses_2892,8,LOW,MASTITIS_RISK,0.94,"Parameters aligned with historical baseline.",2026-09-22T07:12:55.000Z
pred_2893,cow_13,ses_2893,10,LOW,MASTITIS_RISK,0.94,"Parameters aligned with historical baseline.",2026-09-22T06:42:10.000Z
pred_2894,cow_14,ses_2894,10,LOW,MASTITIS_RISK,0.94,"Parameters aligned with historical baseline.",2026-09-22T06:32:41.000Z
pred_2895,cow_15,ses_2895,8,LOW,MASTITIS_RISK,0.94,"Parameters aligned with historical baseline.",2026-09-22T07:07:48.000Z
pred_2896,cow_16,ses_2896,16,LOW,MASTITIS_RISK,0.94,"Parameters aligned with historical baseline.",2026-09-22T07:04:01.000Z
pred_2897,cow_17,ses_2897,10,LOW,MASTITIS_RISK,0.94,"Parameters aligned with historical baseline.",2026-09-22T07:11:20.000Z
pred_2898,cow_18,ses_2898,11,LOW,MASTITIS_RISK,0.94,"Parameters aligned with historical baseline.",2026-09-22T06:37:55.000Z
pred_2899,cow_19,ses_2899,7,LOW,MASTITIS_RISK,0.94,"Parameters aligned with historical baseline.",2026-09-22T06:30:39.000Z
pred_2900,cow_20,ses_2900,11,LOW,MASTITIS_RISK,0.94,"Parameters aligned with historical baseline.",2026-09-22T06:49:32.000Z
pred_2901,cow_21,ses_2901,49,MODERATE,MASTITIS_RISK,0.94,"Moderate deviation: SCC +46.4%, Conductivity +8.3%. Recommend continued monitoring.",2026-09-22T06:47:24.000Z
pred_2902,cow_22,ses_2902,48,MODERATE,MASTITIS_RISK,0.94,"Moderate deviation: SCC +59.6%, Conductivity +7.4%. Recommend continued monitoring.",2026-09-22T06:57:39.000Z
pred_2903,cow_23,ses_2903,50,MODERATE,MASTITIS_RISK,0.94,"Moderate deviation: SCC +50.5%, Conductivity +7.3%. Recommend continued monitoring.",2026-09-22T06:54:33.000Z
pred_2904,cow_24,ses_2904,44,MODERATE,MASTITIS_RISK,0.94,"Moderate deviation: SCC +60.2%, Conductivity +7.6%. Recommend continued monitoring.",2026-09-22T07:15:06.000Z
pred_2905,cow_25,ses_2905,44,MODERATE,MASTITIS_RISK,0.94,"Moderate deviation: SCC +50.4%, Conductivity +7.7%. Recommend continued monitoring.",2026-09-22T06:13:38.000Z
pred_2906,cow_26,ses_2906,74,HIGH,MASTITIS_RISK,0.94,"Significant deviation: SCC surged by +425% (693 k/mL), Milk yield dropped by 12.9%, Conductivity elevated to 6.75 mS/cm. Prototype AI risk estimate — not a veterinary diagnosis.",2026-09-22T06:05:40.000Z
pred_2907,cow_27,ses_2907,74,HIGH,MASTITIS_RISK,0.94,"Significant deviation: SCC surged by +402.9% (699 k/mL), Milk yield dropped by 17.7%, Conductivity elevated to 6.91 mS/cm. Prototype AI risk estimate — not a veterinary diagnosis.",2026-09-22T06:35:57.000Z
pred_2908,cow_28,ses_2908,74,HIGH,MASTITIS_RISK,0.94,"Significant deviation: SCC surged by +378.1% (698 k/mL), Milk yield dropped by 21.8%, Conductivity elevated to 6.67 mS/cm. Prototype AI risk estimate — not a veterinary diagnosis.",2026-09-22T06:26:55.000Z
pred_2909,cow_29,ses_2909,74,HIGH,MASTITIS_RISK,0.94,"Significant deviation: SCC surged by +370.6% (720 k/mL), Milk yield dropped by 17.7%, Conductivity elevated to 6.81 mS/cm. Prototype AI risk estimate — not a veterinary diagnosis.",2026-09-22T07:22:48.000Z
pred_2910,cow_30,ses_2910,74,HIGH,MASTITIS_RISK,0.94,"Significant deviation: SCC surged by +611.1% (640 k/mL), Milk yield dropped by 20.7%, Conductivity elevated to 6.59 mS/cm. Prototype AI risk estimate — not a veterinary diagnosis.",2026-09-22T06:26:34.000Z
pred_2911,cow_1,ses_2911,9,LOW,MASTITIS_RISK,0.94,"Parameters aligned with historical baseline.",2026-09-22T18:28:43.000Z
pred_2912,cow_2,ses_2912,16,LOW,MASTITIS_RISK,0.94,"Parameters aligned with historical baseline.",2026-09-22T18:25:41.000Z
pred_2913,cow_3,ses_2913,9,LOW,MASTITIS_RISK,0.94,"Parameters aligned with historical baseline.",2026-09-22T18:24:54.000Z
pred_2914,cow_4,ses_2914,9,LOW,MASTITIS_RISK,0.94,"Parameters aligned with historical baseline.",2026-09-22T18:21:43.000Z
pred_2915,cow_5,ses_2915,15,LOW,MASTITIS_RISK,0.94,"Parameters aligned with historical baseline.",2026-09-22T18:16:43.000Z
pred_2916,cow_6,ses_2916,7,LOW,MASTITIS_RISK,0.94,"Parameters aligned with historical baseline.",2026-09-22T18:24:06.000Z
pred_2917,cow_7,ses_2917,8,LOW,MASTITIS_RISK,0.94,"Parameters aligned with historical baseline.",2026-09-22T18:18:03.000Z
pred_2918,cow_8,ses_2918,11,LOW,MASTITIS_RISK,0.94,"Parameters aligned with historical baseline.",2026-09-22T17:50:18.000Z
pred_2919,cow_9,ses_2919,8,LOW,MASTITIS_RISK,0.94,"Parameters aligned with historical baseline.",2026-09-22T17:58:45.000Z
pred_2920,cow_10,ses_2920,13,LOW,MASTITIS_RISK,0.94,"Parameters aligned with historical baseline.",2026-09-22T18:19:08.000Z
pred_2921,cow_11,ses_2921,11,LOW,MASTITIS_RISK,0.94,"Parameters aligned with historical baseline.",2026-09-22T17:50:34.000Z
pred_2922,cow_12,ses_2922,8,LOW,MASTITIS_RISK,0.94,"Parameters aligned with historical baseline.",2026-09-22T17:19:18.000Z
pred_2923,cow_13,ses_2923,8,LOW,MASTITIS_RISK,0.94,"Parameters aligned with historical baseline.",2026-09-22T17:27:51.000Z
pred_2924,cow_14,ses_2924,14,LOW,MASTITIS_RISK,0.94,"Parameters aligned with historical baseline.",2026-09-22T17:32:42.000Z
pred_2925,cow_15,ses_2925,9,LOW,MASTITIS_RISK,0.94,"Parameters aligned with historical baseline.",2026-09-22T18:17:50.000Z
pred_2926,cow_16,ses_2926,12,LOW,MASTITIS_RISK,0.94,"Parameters aligned with historical baseline.",2026-09-22T18:21:18.000Z
pred_2927,cow_17,ses_2927,14,LOW,MASTITIS_RISK,0.94,"Parameters aligned with historical baseline.",2026-09-22T18:07:48.000Z
pred_2928,cow_18,ses_2928,13,LOW,MASTITIS_RISK,0.94,"Parameters aligned with historical baseline.",2026-09-22T18:21:13.000Z
pred_2929,cow_19,ses_2929,14,LOW,MASTITIS_RISK,0.94,"Parameters aligned with historical baseline.",2026-09-22T18:03:17.000Z
pred_2930,cow_20,ses_2930,17,LOW,MASTITIS_RISK,0.94,"Parameters aligned with historical baseline.",2026-09-22T17:15:24.000Z
pred_2931,cow_21,ses_2931,46,MODERATE,MASTITIS_RISK,0.94,"Moderate deviation: SCC +54.6%, Conductivity +9.0%. Recommend continued monitoring.",2026-09-22T17:21:34.000Z
pred_2932,cow_22,ses_2932,43,MODERATE,MASTITIS_RISK,0.94,"Moderate deviation: SCC +58.7%, Conductivity +7.9%. Recommend continued monitoring.",2026-09-22T17:21:07.000Z
pred_2933,cow_23,ses_2933,44,MODERATE,MASTITIS_RISK,0.94,"Moderate deviation: SCC +48.6%, Conductivity +7.1%. Recommend continued monitoring.",2026-09-22T17:30:00.000Z
pred_2934,cow_24,ses_2934,47,MODERATE,MASTITIS_RISK,0.94,"Moderate deviation: SCC +65.3%, Conductivity +8.7%. Recommend continued monitoring.",2026-09-22T17:46:04.000Z
pred_2935,cow_25,ses_2935,45,MODERATE,MASTITIS_RISK,0.94,"Moderate deviation: SCC +63.2%, Conductivity +8.8%. Recommend continued monitoring.",2026-09-22T18:08:51.000Z
pred_2936,cow_26,ses_2936,74,HIGH,MASTITIS_RISK,0.94,"Significant deviation: SCC surged by +428.8% (698 k/mL), Milk yield dropped by 22.7%, Conductivity elevated to 6.72 mS/cm. Prototype AI risk estimate — not a veterinary diagnosis.",2026-09-22T17:14:15.000Z
pred_2937,cow_27,ses_2937,74,HIGH,MASTITIS_RISK,0.94,"Significant deviation: SCC surged by +408.6% (707 k/mL), Milk yield dropped by 12.9%, Conductivity elevated to 6.84 mS/cm. Prototype AI risk estimate — not a veterinary diagnosis.",2026-09-22T17:31:26.000Z
pred_2938,cow_28,ses_2938,74,HIGH,MASTITIS_RISK,0.94,"Significant deviation: SCC surged by +384.9% (708 k/mL), Milk yield dropped by 20.2%, Conductivity elevated to 6.69 mS/cm. Prototype AI risk estimate — not a veterinary diagnosis.",2026-09-22T17:38:52.000Z
pred_2939,cow_29,ses_2939,74,HIGH,MASTITIS_RISK,0.94,"Significant deviation: SCC surged by +371.2% (721 k/mL), Milk yield dropped by 14.3%, Conductivity elevated to 6.74 mS/cm. Prototype AI risk estimate — not a veterinary diagnosis.",2026-09-22T18:24:46.000Z
pred_2940,cow_30,ses_2940,74,HIGH,MASTITIS_RISK,0.94,"Significant deviation: SCC surged by +616.7% (645 k/mL), Milk yield dropped by 16.4%, Conductivity elevated to 6.55 mS/cm. Prototype AI risk estimate — not a veterinary diagnosis.",2026-09-22T17:23:40.000Z
pred_2941,cow_1,ses_2941,8,LOW,MASTITIS_RISK,0.94,"Parameters aligned with historical baseline.",2026-09-23T06:29:29.000Z
pred_2942,cow_2,ses_2942,15,LOW,MASTITIS_RISK,0.94,"Parameters aligned with historical baseline.",2026-09-23T07:08:45.000Z
pred_2943,cow_3,ses_2943,17,LOW,MASTITIS_RISK,0.94,"Parameters aligned with historical baseline.",2026-09-23T06:46:05.000Z
pred_2944,cow_4,ses_2944,12,LOW,MASTITIS_RISK,0.94,"Parameters aligned with historical baseline.",2026-09-23T07:16:04.000Z
pred_2945,cow_5,ses_2945,16,LOW,MASTITIS_RISK,0.94,"Parameters aligned with historical baseline.",2026-09-23T07:12:34.000Z
pred_2946,cow_6,ses_2946,16,LOW,MASTITIS_RISK,0.94,"Parameters aligned with historical baseline.",2026-09-23T07:32:53.000Z
pred_2947,cow_7,ses_2947,10,LOW,MASTITIS_RISK,0.94,"Parameters aligned with historical baseline.",2026-09-23T06:40:31.000Z
pred_2948,cow_8,ses_2948,8,LOW,MASTITIS_RISK,0.94,"Parameters aligned with historical baseline.",2026-09-23T06:13:23.000Z
pred_2949,cow_9,ses_2949,11,LOW,MASTITIS_RISK,0.94,"Parameters aligned with historical baseline.",2026-09-23T06:20:48.000Z
pred_2950,cow_10,ses_2950,10,LOW,MASTITIS_RISK,0.94,"Parameters aligned with historical baseline.",2026-09-23T06:42:37.000Z
pred_2951,cow_11,ses_2951,11,LOW,MASTITIS_RISK,0.94,"Parameters aligned with historical baseline.",2026-09-23T06:32:06.000Z
pred_2952,cow_12,ses_2952,13,LOW,MASTITIS_RISK,0.94,"Parameters aligned with historical baseline.",2026-09-23T07:01:26.000Z
pred_2953,cow_13,ses_2953,8,LOW,MASTITIS_RISK,0.94,"Parameters aligned with historical baseline.",2026-09-23T06:07:49.000Z
pred_2954,cow_14,ses_2954,15,LOW,MASTITIS_RISK,0.94,"Parameters aligned with historical baseline.",2026-09-23T06:22:37.000Z
pred_2955,cow_15,ses_2955,16,LOW,MASTITIS_RISK,0.94,"Parameters aligned with historical baseline.",2026-09-23T06:24:09.000Z
pred_2956,cow_16,ses_2956,16,LOW,MASTITIS_RISK,0.94,"Parameters aligned with historical baseline.",2026-09-23T06:24:47.000Z
pred_2957,cow_17,ses_2957,17,LOW,MASTITIS_RISK,0.94,"Parameters aligned with historical baseline.",2026-09-23T06:59:48.000Z
pred_2958,cow_18,ses_2958,8,LOW,MASTITIS_RISK,0.94,"Parameters aligned with historical baseline.",2026-09-23T06:10:06.000Z
pred_2959,cow_19,ses_2959,9,LOW,MASTITIS_RISK,0.94,"Parameters aligned with historical baseline.",2026-09-23T07:33:57.000Z
pred_2960,cow_20,ses_2960,13,LOW,MASTITIS_RISK,0.94,"Parameters aligned with historical baseline.",2026-09-23T07:06:22.000Z
pred_2961,cow_21,ses_2961,43,MODERATE,MASTITIS_RISK,0.94,"Moderate deviation: SCC +55.7%, Conductivity +8.4%. Recommend continued monitoring.",2026-09-23T07:12:54.000Z
pred_2962,cow_22,ses_2962,43,MODERATE,MASTITIS_RISK,0.94,"Moderate deviation: SCC +66.3%, Conductivity +8.3%. Recommend continued monitoring.",2026-09-23T07:35:27.000Z
pred_2963,cow_23,ses_2963,45,MODERATE,MASTITIS_RISK,0.94,"Moderate deviation: SCC +69.4%, Conductivity +8.9%. Recommend continued monitoring.",2026-09-23T07:21:08.000Z
pred_2964,cow_24,ses_2964,49,MODERATE,MASTITIS_RISK,0.94,"Moderate deviation: SCC +57.6%, Conductivity +8.5%. Recommend continued monitoring.",2026-09-23T07:06:29.000Z
pred_2965,cow_25,ses_2965,50,MODERATE,MASTITIS_RISK,0.94,"Moderate deviation: SCC +59.2%, Conductivity +7.9%. Recommend continued monitoring.",2026-09-23T07:26:02.000Z
pred_2966,cow_26,ses_2966,78,HIGH,MASTITIS_RISK,0.94,"Significant deviation: SCC surged by +464.4% (745 k/mL), Milk yield dropped by 22.2%, Conductivity elevated to 6.91 mS/cm. Prototype AI risk estimate — not a veterinary diagnosis.",2026-09-23T07:29:00.000Z
pred_2967,cow_27,ses_2967,78,HIGH,MASTITIS_RISK,0.94,"Significant deviation: SCC surged by +447.5% (761 k/mL), Milk yield dropped by 24.1%, Conductivity elevated to 7.04 mS/cm. Prototype AI risk estimate — not a veterinary diagnosis.",2026-09-23T06:41:45.000Z
pred_2968,cow_28,ses_2968,78,HIGH,MASTITIS_RISK,0.94,"Significant deviation: SCC surged by +430.8% (775 k/mL), Milk yield dropped by 24.5%, Conductivity elevated to 6.86 mS/cm. Prototype AI risk estimate — not a veterinary diagnosis.",2026-09-23T06:29:57.000Z
pred_2969,cow_29,ses_2969,78,HIGH,MASTITIS_RISK,0.94,"Significant deviation: SCC surged by +402% (768 k/mL), Milk yield dropped by 24.5%, Conductivity elevated to 6.93 mS/cm. Prototype AI risk estimate — not a veterinary diagnosis.",2026-09-23T07:06:43.000Z
pred_2970,cow_30,ses_2970,78,HIGH,MASTITIS_RISK,0.94,"Significant deviation: SCC surged by +690% (711 k/mL), Milk yield dropped by 17.3%, Conductivity elevated to 6.7 mS/cm. Prototype AI risk estimate — not a veterinary diagnosis.",2026-09-23T07:30:45.000Z
pred_2971,cow_1,ses_2971,16,LOW,MASTITIS_RISK,0.94,"Parameters aligned with historical baseline.",2026-09-23T18:09:37.000Z
pred_2972,cow_2,ses_2972,10,LOW,MASTITIS_RISK,0.94,"Parameters aligned with historical baseline.",2026-09-23T17:46:00.000Z
pred_2973,cow_3,ses_2973,11,LOW,MASTITIS_RISK,0.94,"Parameters aligned with historical baseline.",2026-09-23T17:11:40.000Z
pred_2974,cow_4,ses_2974,15,LOW,MASTITIS_RISK,0.94,"Parameters aligned with historical baseline.",2026-09-23T17:58:35.000Z
pred_2975,cow_5,ses_2975,14,LOW,MASTITIS_RISK,0.94,"Parameters aligned with historical baseline.",2026-09-23T17:55:24.000Z
pred_2976,cow_6,ses_2976,16,LOW,MASTITIS_RISK,0.94,"Parameters aligned with historical baseline.",2026-09-23T18:00:25.000Z
pred_2977,cow_7,ses_2977,10,LOW,MASTITIS_RISK,0.94,"Parameters aligned with historical baseline.",2026-09-23T18:27:55.000Z
pred_2978,cow_8,ses_2978,12,LOW,MASTITIS_RISK,0.94,"Parameters aligned with historical baseline.",2026-09-23T18:22:15.000Z
pred_2979,cow_9,ses_2979,17,LOW,MASTITIS_RISK,0.94,"Parameters aligned with historical baseline.",2026-09-23T17:26:41.000Z
pred_2980,cow_10,ses_2980,9,LOW,MASTITIS_RISK,0.94,"Parameters aligned with historical baseline.",2026-09-23T18:35:12.000Z
pred_2981,cow_11,ses_2981,9,LOW,MASTITIS_RISK,0.94,"Parameters aligned with historical baseline.",2026-09-23T17:17:58.000Z
pred_2982,cow_12,ses_2982,14,LOW,MASTITIS_RISK,0.94,"Parameters aligned with historical baseline.",2026-09-23T17:09:26.000Z
pred_2983,cow_13,ses_2983,15,LOW,MASTITIS_RISK,0.94,"Parameters aligned with historical baseline.",2026-09-23T17:52:28.000Z
pred_2984,cow_14,ses_2984,10,LOW,MASTITIS_RISK,0.94,"Parameters aligned with historical baseline.",2026-09-23T17:28:49.000Z
pred_2985,cow_15,ses_2985,13,LOW,MASTITIS_RISK,0.94,"Parameters aligned with historical baseline.",2026-09-23T18:02:48.000Z
pred_2986,cow_16,ses_2986,16,LOW,MASTITIS_RISK,0.94,"Parameters aligned with historical baseline.",2026-09-23T18:16:06.000Z
pred_2987,cow_17,ses_2987,13,LOW,MASTITIS_RISK,0.94,"Parameters aligned with historical baseline.",2026-09-23T17:14:29.000Z
pred_2988,cow_18,ses_2988,15,LOW,MASTITIS_RISK,0.94,"Parameters aligned with historical baseline.",2026-09-23T18:33:36.000Z
pred_2989,cow_19,ses_2989,11,LOW,MASTITIS_RISK,0.94,"Parameters aligned with historical baseline.",2026-09-23T17:22:22.000Z
pred_2990,cow_20,ses_2990,10,LOW,MASTITIS_RISK,0.94,"Parameters aligned with historical baseline.",2026-09-23T17:27:23.000Z
pred_2991,cow_21,ses_2991,44,MODERATE,MASTITIS_RISK,0.94,"Moderate deviation: SCC +48.5%, Conductivity +9.0%. Recommend continued monitoring.",2026-09-23T18:03:51.000Z
pred_2992,cow_22,ses_2992,50,MODERATE,MASTITIS_RISK,0.94,"Moderate deviation: SCC +57.7%, Conductivity +7.4%. Recommend continued monitoring.",2026-09-23T18:03:38.000Z
pred_2993,cow_23,ses_2993,46,MODERATE,MASTITIS_RISK,0.94,"Moderate deviation: SCC +55.9%, Conductivity +9.1%. Recommend continued monitoring.",2026-09-23T17:32:53.000Z
pred_2994,cow_24,ses_2994,46,MODERATE,MASTITIS_RISK,0.94,"Moderate deviation: SCC +57.6%, Conductivity +8.3%. Recommend continued monitoring.",2026-09-23T17:37:27.000Z
pred_2995,cow_25,ses_2995,46,MODERATE,MASTITIS_RISK,0.94,"Moderate deviation: SCC +55.2%, Conductivity +8.8%. Recommend continued monitoring.",2026-09-23T17:09:33.000Z
pred_2996,cow_26,ses_2996,78,HIGH,MASTITIS_RISK,0.94,"Significant deviation: SCC surged by +470.5% (753 k/mL), Milk yield dropped by 21.3%, Conductivity elevated to 6.89 mS/cm. Prototype AI risk estimate — not a veterinary diagnosis.",2026-09-23T18:12:55.000Z
pred_2997,cow_27,ses_2997,78,HIGH,MASTITIS_RISK,0.94,"Significant deviation: SCC surged by +442.4% (754 k/mL), Milk yield dropped by 25.4%, Conductivity elevated to 7.01 mS/cm. Prototype AI risk estimate — not a veterinary diagnosis.",2026-09-23T17:14:19.000Z
pred_2998,cow_28,ses_2998,78,HIGH,MASTITIS_RISK,0.94,"Significant deviation: SCC surged by +426% (768 k/mL), Milk yield dropped by 24.9%, Conductivity elevated to 6.81 mS/cm. Prototype AI risk estimate — not a veterinary diagnosis.",2026-09-23T17:49:42.000Z
pred_2999,cow_29,ses_2999,78,HIGH,MASTITIS_RISK,0.94,"Significant deviation: SCC surged by +404.6% (772 k/mL), Milk yield dropped by 19.8%, Conductivity elevated to 6.95 mS/cm. Prototype AI risk estimate — not a veterinary diagnosis.",2026-09-23T18:01:44.000Z
pred_3000,cow_30,ses_3000,78,HIGH,MASTITIS_RISK,0.94,"Significant deviation: SCC surged by +682.2% (704 k/mL), Milk yield dropped by 17.8%, Conductivity elevated to 6.76 mS/cm. Prototype AI risk estimate — not a veterinary diagnosis.",2026-09-23T17:51:28.000Z
pred_3001,cow_1,ses_3001,7,LOW,MASTITIS_RISK,0.94,"Parameters aligned with historical baseline.",2026-09-24T07:00:08.000Z
pred_3002,cow_2,ses_3002,11,LOW,MASTITIS_RISK,0.94,"Parameters aligned with historical baseline.",2026-09-24T06:20:18.000Z
pred_3003,cow_3,ses_3003,17,LOW,MASTITIS_RISK,0.94,"Parameters aligned with historical baseline.",2026-09-24T07:16:47.000Z
pred_3004,cow_4,ses_3004,11,LOW,MASTITIS_RISK,0.94,"Parameters aligned with historical baseline.",2026-09-24T06:57:15.000Z
pred_3005,cow_5,ses_3005,15,LOW,MASTITIS_RISK,0.94,"Parameters aligned with historical baseline.",2026-09-24T06:39:50.000Z
pred_3006,cow_6,ses_3006,7,LOW,MASTITIS_RISK,0.94,"Parameters aligned with historical baseline.",2026-09-24T06:30:03.000Z
pred_3007,cow_7,ses_3007,9,LOW,MASTITIS_RISK,0.94,"Parameters aligned with historical baseline.",2026-09-24T06:42:18.000Z
pred_3008,cow_8,ses_3008,16,LOW,MASTITIS_RISK,0.94,"Parameters aligned with historical baseline.",2026-09-24T06:55:50.000Z
pred_3009,cow_9,ses_3009,14,LOW,MASTITIS_RISK,0.94,"Parameters aligned with historical baseline.",2026-09-24T06:52:03.000Z
pred_3010,cow_10,ses_3010,11,LOW,MASTITIS_RISK,0.94,"Parameters aligned with historical baseline.",2026-09-24T06:11:31.000Z
pred_3011,cow_11,ses_3011,11,LOW,MASTITIS_RISK,0.94,"Parameters aligned with historical baseline.",2026-09-24T06:25:37.000Z
pred_3012,cow_12,ses_3012,7,LOW,MASTITIS_RISK,0.94,"Parameters aligned with historical baseline.",2026-09-24T06:59:21.000Z
pred_3013,cow_13,ses_3013,14,LOW,MASTITIS_RISK,0.94,"Parameters aligned with historical baseline.",2026-09-24T06:37:55.000Z
pred_3014,cow_14,ses_3014,14,LOW,MASTITIS_RISK,0.94,"Parameters aligned with historical baseline.",2026-09-24T07:14:31.000Z
pred_3015,cow_15,ses_3015,15,LOW,MASTITIS_RISK,0.94,"Parameters aligned with historical baseline.",2026-09-24T06:33:44.000Z
pred_3016,cow_16,ses_3016,11,LOW,MASTITIS_RISK,0.94,"Parameters aligned with historical baseline.",2026-09-24T07:25:43.000Z
pred_3017,cow_17,ses_3017,7,LOW,MASTITIS_RISK,0.94,"Parameters aligned with historical baseline.",2026-09-24T06:57:52.000Z
pred_3018,cow_18,ses_3018,13,LOW,MASTITIS_RISK,0.94,"Parameters aligned with historical baseline.",2026-09-24T06:35:15.000Z
pred_3019,cow_19,ses_3019,10,LOW,MASTITIS_RISK,0.94,"Parameters aligned with historical baseline.",2026-09-24T06:31:26.000Z
pred_3020,cow_20,ses_3020,15,LOW,MASTITIS_RISK,0.94,"Parameters aligned with historical baseline.",2026-09-24T06:47:35.000Z
pred_3021,cow_21,ses_3021,44,MODERATE,MASTITIS_RISK,0.94,"Moderate deviation: SCC +68%, Conductivity +9.7%. Recommend continued monitoring.",2026-09-24T06:30:14.000Z
pred_3022,cow_22,ses_3022,51,MODERATE,MASTITIS_RISK,0.94,"Moderate deviation: SCC +64.4%, Conductivity +9.1%. Recommend continued monitoring.",2026-09-24T07:30:41.000Z
pred_3023,cow_23,ses_3023,45,MODERATE,MASTITIS_RISK,0.94,"Moderate deviation: SCC +52.3%, Conductivity +7.8%. Recommend continued monitoring.",2026-09-24T07:32:26.000Z
pred_3024,cow_24,ses_3024,46,MODERATE,MASTITIS_RISK,0.94,"Moderate deviation: SCC +66.9%, Conductivity +8.3%. Recommend continued monitoring.",2026-09-24T06:25:07.000Z
pred_3025,cow_25,ses_3025,51,MODERATE,MASTITIS_RISK,0.94,"Moderate deviation: SCC +69.6%, Conductivity +8.8%. Recommend continued monitoring.",2026-09-24T06:06:13.000Z
pred_3026,cow_26,ses_3026,84,VERY_HIGH,MASTITIS_RISK,0.94,"Significant deviation: SCC surged by +667.4% (1013 k/mL), Milk yield dropped by 28.2%, Conductivity elevated to 7.09 mS/cm. Prototype AI risk estimate — not a veterinary diagnosis.",2026-09-24T07:01:52.000Z
pred_3027,cow_27,ses_3027,89,VERY_HIGH,MASTITIS_RISK,0.94,"Significant deviation: SCC surged by +569.1% (930 k/mL), Milk yield dropped by 25.5%, Conductivity elevated to 7.33 mS/cm. Prototype AI risk estimate — not a veterinary diagnosis.",2026-09-24T06:09:12.000Z
pred_3028,cow_28,ses_3028,82,VERY_HIGH,MASTITIS_RISK,0.94,"Significant deviation: SCC surged by +527.4% (916 k/mL), Milk yield dropped by 28%, Conductivity elevated to 7.02 mS/cm. Prototype AI risk estimate — not a veterinary diagnosis.",2026-09-24T07:06:02.000Z
pred_3029,cow_29,ses_3029,84,VERY_HIGH,MASTITIS_RISK,0.94,"Significant deviation: SCC surged by +511.8% (936 k/mL), Milk yield dropped by 31.8%, Conductivity elevated to 7.24 mS/cm. Prototype AI risk estimate — not a veterinary diagnosis.",2026-09-24T06:48:33.000Z
pred_3030,cow_30,ses_3030,92,VERY_HIGH,MASTITIS_RISK,0.94,"Significant deviation: SCC surged by +984.4% (976 k/mL), Milk yield dropped by 33.2%, Conductivity elevated to 6.98 mS/cm. Prototype AI risk estimate — not a veterinary diagnosis.",2026-09-24T07:32:02.000Z
pred_3031,cow_1,ses_3031,7,LOW,MASTITIS_RISK,0.94,"Parameters aligned with historical baseline.",2026-09-24T17:49:53.000Z
pred_3032,cow_2,ses_3032,11,LOW,MASTITIS_RISK,0.94,"Parameters aligned with historical baseline.",2026-09-24T18:35:32.000Z
pred_3033,cow_3,ses_3033,13,LOW,MASTITIS_RISK,0.94,"Parameters aligned with historical baseline.",2026-09-24T17:14:19.000Z
pred_3034,cow_4,ses_3034,12,LOW,MASTITIS_RISK,0.94,"Parameters aligned with historical baseline.",2026-09-24T17:25:59.000Z
pred_3035,cow_5,ses_3035,15,LOW,MASTITIS_RISK,0.94,"Parameters aligned with historical baseline.",2026-09-24T17:25:26.000Z
pred_3036,cow_6,ses_3036,9,LOW,MASTITIS_RISK,0.94,"Parameters aligned with historical baseline.",2026-09-24T17:51:32.000Z
pred_3037,cow_7,ses_3037,9,LOW,MASTITIS_RISK,0.94,"Parameters aligned with historical baseline.",2026-09-24T17:31:58.000Z
pred_3038,cow_8,ses_3038,9,LOW,MASTITIS_RISK,0.94,"Parameters aligned with historical baseline.",2026-09-24T17:43:33.000Z
pred_3039,cow_9,ses_3039,16,LOW,MASTITIS_RISK,0.94,"Parameters aligned with historical baseline.",2026-09-24T18:23:57.000Z
pred_3040,cow_10,ses_3040,13,LOW,MASTITIS_RISK,0.94,"Parameters aligned with historical baseline.",2026-09-24T17:20:42.000Z
pred_3041,cow_11,ses_3041,10,LOW,MASTITIS_RISK,0.94,"Parameters aligned with historical baseline.",2026-09-24T17:29:11.000Z
pred_3042,cow_12,ses_3042,11,LOW,MASTITIS_RISK,0.94,"Parameters aligned with historical baseline.",2026-09-24T17:26:22.000Z
pred_3043,cow_13,ses_3043,7,LOW,MASTITIS_RISK,0.94,"Parameters aligned with historical baseline.",2026-09-24T17:59:56.000Z
pred_3044,cow_14,ses_3044,15,LOW,MASTITIS_RISK,0.94,"Parameters aligned with historical baseline.",2026-09-24T18:22:21.000Z
pred_3045,cow_15,ses_3045,16,LOW,MASTITIS_RISK,0.94,"Parameters aligned with historical baseline.",2026-09-24T17:42:39.000Z
pred_3046,cow_16,ses_3046,7,LOW,MASTITIS_RISK,0.94,"Parameters aligned with historical baseline.",2026-09-24T18:26:10.000Z
pred_3047,cow_17,ses_3047,12,LOW,MASTITIS_RISK,0.94,"Parameters aligned with historical baseline.",2026-09-24T17:52:53.000Z
pred_3048,cow_18,ses_3048,12,LOW,MASTITIS_RISK,0.94,"Parameters aligned with historical baseline.",2026-09-24T17:57:03.000Z
pred_3049,cow_19,ses_3049,10,LOW,MASTITIS_RISK,0.94,"Parameters aligned with historical baseline.",2026-09-24T18:31:09.000Z
pred_3050,cow_20,ses_3050,14,LOW,MASTITIS_RISK,0.94,"Parameters aligned with historical baseline.",2026-09-24T18:30:15.000Z
pred_3051,cow_21,ses_3051,49,MODERATE,MASTITIS_RISK,0.94,"Moderate deviation: SCC +71.1%, Conductivity +9.5%. Recommend continued monitoring.",2026-09-24T17:30:00.000Z
pred_3052,cow_22,ses_3052,46,MODERATE,MASTITIS_RISK,0.94,"Moderate deviation: SCC +62.5%, Conductivity +9.1%. Recommend continued monitoring.",2026-09-24T17:12:05.000Z
pred_3053,cow_23,ses_3053,50,MODERATE,MASTITIS_RISK,0.94,"Moderate deviation: SCC +63.1%, Conductivity +9.3%. Recommend continued monitoring.",2026-09-24T17:31:21.000Z
pred_3054,cow_24,ses_3054,49,MODERATE,MASTITIS_RISK,0.94,"Moderate deviation: SCC +53.4%, Conductivity +8.9%. Recommend continued monitoring.",2026-09-24T17:15:29.000Z
pred_3055,cow_25,ses_3055,47,MODERATE,MASTITIS_RISK,0.94,"Moderate deviation: SCC +67.2%, Conductivity +9.5%. Recommend continued monitoring.",2026-09-24T17:21:02.000Z
pred_3056,cow_26,ses_3056,89,VERY_HIGH,MASTITIS_RISK,0.94,"Significant deviation: SCC surged by +658.3% (1001 k/mL), Milk yield dropped by 29.4%, Conductivity elevated to 7.14 mS/cm. Prototype AI risk estimate — not a veterinary diagnosis.",2026-09-24T17:58:03.000Z
pred_3057,cow_27,ses_3057,84,VERY_HIGH,MASTITIS_RISK,0.94,"Significant deviation: SCC surged by +608.6% (985 k/mL), Milk yield dropped by 33.1%, Conductivity elevated to 7.2 mS/cm. Prototype AI risk estimate — not a veterinary diagnosis.",2026-09-24T17:37:48.000Z
pred_3058,cow_28,ses_3058,88,VERY_HIGH,MASTITIS_RISK,0.94,"Significant deviation: SCC surged by +548.6% (947 k/mL), Milk yield dropped by 25.6%, Conductivity elevated to 7.08 mS/cm. Prototype AI risk estimate — not a veterinary diagnosis.",2026-09-24T17:26:14.000Z
pred_3059,cow_29,ses_3059,88,VERY_HIGH,MASTITIS_RISK,0.94,"Significant deviation: SCC surged by +495.4% (911 k/mL), Milk yield dropped by 34.9%, Conductivity elevated to 7.35 mS/cm. Prototype AI risk estimate — not a veterinary diagnosis.",2026-09-24T18:17:49.000Z
pred_3060,cow_30,ses_3060,88,VERY_HIGH,MASTITIS_RISK,0.94,"Significant deviation: SCC surged by +817.8% (826 k/mL), Milk yield dropped by 27.7%, Conductivity elevated to 7.02 mS/cm. Prototype AI risk estimate — not a veterinary diagnosis.",2026-09-24T18:02:32.000Z
pred_3061,cow_1,ses_3061,13,LOW,MASTITIS_RISK,0.94,"Parameters aligned with historical baseline.",2026-09-25T06:18:18.000Z
pred_3062,cow_2,ses_3062,13,LOW,MASTITIS_RISK,0.94,"Parameters aligned with historical baseline.",2026-09-25T06:47:30.000Z
pred_3063,cow_3,ses_3063,15,LOW,MASTITIS_RISK,0.94,"Parameters aligned with historical baseline.",2026-09-25T07:09:26.000Z
pred_3064,cow_4,ses_3064,13,LOW,MASTITIS_RISK,0.94,"Parameters aligned with historical baseline.",2026-09-25T07:17:43.000Z
pred_3065,cow_5,ses_3065,16,LOW,MASTITIS_RISK,0.94,"Parameters aligned with historical baseline.",2026-09-25T07:06:22.000Z
pred_3066,cow_6,ses_3066,15,LOW,MASTITIS_RISK,0.94,"Parameters aligned with historical baseline.",2026-09-25T06:42:41.000Z
pred_3067,cow_7,ses_3067,13,LOW,MASTITIS_RISK,0.94,"Parameters aligned with historical baseline.",2026-09-25T06:35:54.000Z
pred_3068,cow_8,ses_3068,15,LOW,MASTITIS_RISK,0.94,"Parameters aligned with historical baseline.",2026-09-25T07:32:38.000Z
pred_3069,cow_9,ses_3069,14,LOW,MASTITIS_RISK,0.94,"Parameters aligned with historical baseline.",2026-09-25T07:04:26.000Z
pred_3070,cow_10,ses_3070,15,LOW,MASTITIS_RISK,0.94,"Parameters aligned with historical baseline.",2026-09-25T06:37:07.000Z
pred_3071,cow_11,ses_3071,8,LOW,MASTITIS_RISK,0.94,"Parameters aligned with historical baseline.",2026-09-25T06:38:18.000Z
pred_3072,cow_12,ses_3072,16,LOW,MASTITIS_RISK,0.94,"Parameters aligned with historical baseline.",2026-09-25T07:16:06.000Z
pred_3073,cow_13,ses_3073,15,LOW,MASTITIS_RISK,0.94,"Parameters aligned with historical baseline.",2026-09-25T07:16:07.000Z
pred_3074,cow_14,ses_3074,14,LOW,MASTITIS_RISK,0.94,"Parameters aligned with historical baseline.",2026-09-25T06:47:44.000Z
pred_3075,cow_15,ses_3075,9,LOW,MASTITIS_RISK,0.94,"Parameters aligned with historical baseline.",2026-09-25T07:07:31.000Z
pred_3076,cow_16,ses_3076,8,LOW,MASTITIS_RISK,0.94,"Parameters aligned with historical baseline.",2026-09-25T07:15:45.000Z
pred_3077,cow_17,ses_3077,11,LOW,MASTITIS_RISK,0.94,"Parameters aligned with historical baseline.",2026-09-25T06:49:32.000Z
pred_3078,cow_18,ses_3078,14,LOW,MASTITIS_RISK,0.94,"Parameters aligned with historical baseline.",2026-09-25T07:31:38.000Z
pred_3079,cow_19,ses_3079,11,LOW,MASTITIS_RISK,0.94,"Parameters aligned with historical baseline.",2026-09-25T06:11:37.000Z
pred_3080,cow_20,ses_3080,14,LOW,MASTITIS_RISK,0.94,"Parameters aligned with historical baseline.",2026-09-25T06:54:43.000Z
pred_3081,cow_21,ses_3081,45,MODERATE,MASTITIS_RISK,0.94,"Moderate deviation: SCC +78.4%, Conductivity +8.8%. Recommend continued monitoring.",2026-09-25T07:09:21.000Z
pred_3082,cow_22,ses_3082,46,MODERATE,MASTITIS_RISK,0.94,"Moderate deviation: SCC +58.7%, Conductivity +8.1%. Recommend continued monitoring.",2026-09-25T07:18:43.000Z
pred_3083,cow_23,ses_3083,46,MODERATE,MASTITIS_RISK,0.94,"Moderate deviation: SCC +72.1%, Conductivity +10.3%. Recommend continued monitoring.",2026-09-25T06:47:19.000Z
pred_3084,cow_24,ses_3084,50,MODERATE,MASTITIS_RISK,0.94,"Moderate deviation: SCC +71.2%, Conductivity +9.8%. Recommend continued monitoring.",2026-09-25T07:09:23.000Z
pred_3085,cow_25,ses_3085,48,MODERATE,MASTITIS_RISK,0.94,"Moderate deviation: SCC +60.8%, Conductivity +10.3%. Recommend continued monitoring.",2026-09-25T06:59:15.000Z
pred_3086,cow_26,ses_3086,83,VERY_HIGH,MASTITIS_RISK,0.94,"Significant deviation: SCC surged by +659.8% (1003 k/mL), Milk yield dropped by 31.5%, Conductivity elevated to 7.19 mS/cm. Prototype AI risk estimate — not a veterinary diagnosis.",2026-09-25T07:30:03.000Z
pred_3087,cow_27,ses_3087,91,VERY_HIGH,MASTITIS_RISK,0.94,"Significant deviation: SCC surged by +546.8% (899 k/mL), Milk yield dropped by 32.7%, Conductivity elevated to 7.37 mS/cm. Prototype AI risk estimate — not a veterinary diagnosis.",2026-09-25T07:09:09.000Z
pred_3088,cow_28,ses_3088,80,VERY_HIGH,MASTITIS_RISK,0.94,"Significant deviation: SCC surged by +584.2% (999 k/mL), Milk yield dropped by 28.2%, Conductivity elevated to 7.16 mS/cm. Prototype AI risk estimate — not a veterinary diagnosis.",2026-09-25T06:56:36.000Z
pred_3089,cow_29,ses_3089,83,VERY_HIGH,MASTITIS_RISK,0.94,"Significant deviation: SCC surged by +588.9% (1054 k/mL), Milk yield dropped by 29.5%, Conductivity elevated to 7.1 mS/cm. Prototype AI risk estimate — not a veterinary diagnosis.",2026-09-25T06:43:54.000Z
pred_3090,cow_30,ses_3090,89,VERY_HIGH,MASTITIS_RISK,0.94,"Significant deviation: SCC surged by +957.8% (952 k/mL), Milk yield dropped by 26.8%, Conductivity elevated to 7.14 mS/cm. Prototype AI risk estimate — not a veterinary diagnosis.",2026-09-25T06:48:53.000Z
pred_3091,cow_1,ses_3091,12,LOW,MASTITIS_RISK,0.94,"Parameters aligned with historical baseline.",2026-09-25T17:51:23.000Z
pred_3092,cow_2,ses_3092,11,LOW,MASTITIS_RISK,0.94,"Parameters aligned with historical baseline.",2026-09-25T17:43:05.000Z
pred_3093,cow_3,ses_3093,15,LOW,MASTITIS_RISK,0.94,"Parameters aligned with historical baseline.",2026-09-25T17:06:43.000Z
pred_3094,cow_4,ses_3094,9,LOW,MASTITIS_RISK,0.94,"Parameters aligned with historical baseline.",2026-09-25T17:12:58.000Z
pred_3095,cow_5,ses_3095,8,LOW,MASTITIS_RISK,0.94,"Parameters aligned with historical baseline.",2026-09-25T17:14:40.000Z
pred_3096,cow_6,ses_3096,12,LOW,MASTITIS_RISK,0.94,"Parameters aligned with historical baseline.",2026-09-25T17:28:47.000Z
pred_3097,cow_7,ses_3097,12,LOW,MASTITIS_RISK,0.94,"Parameters aligned with historical baseline.",2026-09-25T17:37:55.000Z
pred_3098,cow_8,ses_3098,16,LOW,MASTITIS_RISK,0.94,"Parameters aligned with historical baseline.",2026-09-25T17:14:22.000Z
pred_3099,cow_9,ses_3099,14,LOW,MASTITIS_RISK,0.94,"Parameters aligned with historical baseline.",2026-09-25T17:49:17.000Z
pred_3100,cow_10,ses_3100,16,LOW,MASTITIS_RISK,0.94,"Parameters aligned with historical baseline.",2026-09-25T18:01:20.000Z
pred_3101,cow_11,ses_3101,10,LOW,MASTITIS_RISK,0.94,"Parameters aligned with historical baseline.",2026-09-25T17:13:56.000Z
pred_3102,cow_12,ses_3102,15,LOW,MASTITIS_RISK,0.94,"Parameters aligned with historical baseline.",2026-09-25T17:51:04.000Z
pred_3103,cow_13,ses_3103,10,LOW,MASTITIS_RISK,0.94,"Parameters aligned with historical baseline.",2026-09-25T17:16:45.000Z
pred_3104,cow_14,ses_3104,16,LOW,MASTITIS_RISK,0.94,"Parameters aligned with historical baseline.",2026-09-25T18:03:37.000Z
pred_3105,cow_15,ses_3105,7,LOW,MASTITIS_RISK,0.94,"Parameters aligned with historical baseline.",2026-09-25T17:48:57.000Z
pred_3106,cow_16,ses_3106,12,LOW,MASTITIS_RISK,0.94,"Parameters aligned with historical baseline.",2026-09-25T17:07:16.000Z
pred_3107,cow_17,ses_3107,9,LOW,MASTITIS_RISK,0.94,"Parameters aligned with historical baseline.",2026-09-25T18:27:00.000Z
pred_3108,cow_18,ses_3108,13,LOW,MASTITIS_RISK,0.94,"Parameters aligned with historical baseline.",2026-09-25T18:03:24.000Z
pred_3109,cow_19,ses_3109,16,LOW,MASTITIS_RISK,0.94,"Parameters aligned with historical baseline.",2026-09-25T18:23:23.000Z
pred_3110,cow_20,ses_3110,9,LOW,MASTITIS_RISK,0.94,"Parameters aligned with historical baseline.",2026-09-25T17:25:52.000Z
pred_3111,cow_21,ses_3111,46,MODERATE,MASTITIS_RISK,0.94,"Moderate deviation: SCC +60.8%, Conductivity +10.1%. Recommend continued monitoring.",2026-09-25T17:49:34.000Z
pred_3112,cow_22,ses_3112,49,MODERATE,MASTITIS_RISK,0.94,"Moderate deviation: SCC +59.6%, Conductivity +8.3%. Recommend continued monitoring.",2026-09-25T17:22:32.000Z
pred_3113,cow_23,ses_3113,51,MODERATE,MASTITIS_RISK,0.94,"Moderate deviation: SCC +59.5%, Conductivity +9.6%. Recommend continued monitoring.",2026-09-25T18:07:43.000Z
pred_3114,cow_24,ses_3114,48,MODERATE,MASTITIS_RISK,0.94,"Moderate deviation: SCC +67.8%, Conductivity +9.2%. Recommend continued monitoring.",2026-09-25T18:03:18.000Z
pred_3115,cow_25,ses_3115,47,MODERATE,MASTITIS_RISK,0.94,"Moderate deviation: SCC +74.4%, Conductivity +9.7%. Recommend continued monitoring.",2026-09-25T17:21:24.000Z
pred_3116,cow_26,ses_3116,84,VERY_HIGH,MASTITIS_RISK,0.94,"Significant deviation: SCC surged by +606.8% (933 k/mL), Milk yield dropped by 25.3%, Conductivity elevated to 7.16 mS/cm. Prototype AI risk estimate — not a veterinary diagnosis.",2026-09-25T18:22:26.000Z
pred_3117,cow_27,ses_3117,83,VERY_HIGH,MASTITIS_RISK,0.94,"Significant deviation: SCC surged by +629.5% (1014 k/mL), Milk yield dropped by 32.7%, Conductivity elevated to 7.34 mS/cm. Prototype AI risk estimate — not a veterinary diagnosis.",2026-09-25T17:33:58.000Z
pred_3118,cow_28,ses_3118,89,VERY_HIGH,MASTITIS_RISK,0.94,"Significant deviation: SCC surged by +521.9% (908 k/mL), Milk yield dropped by 27.6%, Conductivity elevated to 7.13 mS/cm. Prototype AI risk estimate — not a veterinary diagnosis.",2026-09-25T17:56:00.000Z
pred_3119,cow_29,ses_3119,93,VERY_HIGH,MASTITIS_RISK,0.94,"Significant deviation: SCC surged by +570.6% (1026 k/mL), Milk yield dropped by 28%, Conductivity elevated to 7.29 mS/cm. Prototype AI risk estimate — not a veterinary diagnosis.",2026-09-25T17:55:01.000Z
pred_3120,cow_30,ses_3120,88,VERY_HIGH,MASTITIS_RISK,0.94,"Significant deviation: SCC surged by +867.8% (871 k/mL), Milk yield dropped by 29.1%, Conductivity elevated to 6.96 mS/cm. Prototype AI risk estimate — not a veterinary diagnosis.",2026-09-25T17:29:52.000Z
pred_3121,cow_1,ses_3121,12,LOW,MASTITIS_RISK,0.94,"Parameters aligned with historical baseline.",2026-09-26T07:19:03.000Z
pred_3122,cow_2,ses_3122,14,LOW,MASTITIS_RISK,0.94,"Parameters aligned with historical baseline.",2026-09-26T07:03:52.000Z
pred_3123,cow_3,ses_3123,16,LOW,MASTITIS_RISK,0.94,"Parameters aligned with historical baseline.",2026-09-26T06:20:21.000Z
pred_3124,cow_4,ses_3124,10,LOW,MASTITIS_RISK,0.94,"Parameters aligned with historical baseline.",2026-09-26T07:28:16.000Z
pred_3125,cow_5,ses_3125,15,LOW,MASTITIS_RISK,0.94,"Parameters aligned with historical baseline.",2026-09-26T06:23:06.000Z
pred_3126,cow_6,ses_3126,11,LOW,MASTITIS_RISK,0.94,"Parameters aligned with historical baseline.",2026-09-26T06:22:44.000Z
pred_3127,cow_7,ses_3127,10,LOW,MASTITIS_RISK,0.94,"Parameters aligned with historical baseline.",2026-09-26T06:46:45.000Z
pred_3128,cow_8,ses_3128,15,LOW,MASTITIS_RISK,0.94,"Parameters aligned with historical baseline.",2026-09-26T06:44:00.000Z
pred_3129,cow_9,ses_3129,8,LOW,MASTITIS_RISK,0.94,"Parameters aligned with historical baseline.",2026-09-26T07:11:56.000Z
pred_3130,cow_10,ses_3130,14,LOW,MASTITIS_RISK,0.94,"Parameters aligned with historical baseline.",2026-09-26T06:11:52.000Z
pred_3131,cow_11,ses_3131,12,LOW,MASTITIS_RISK,0.94,"Parameters aligned with historical baseline.",2026-09-26T06:28:35.000Z
pred_3132,cow_12,ses_3132,14,LOW,MASTITIS_RISK,0.94,"Parameters aligned with historical baseline.",2026-09-26T06:21:37.000Z
pred_3133,cow_13,ses_3133,7,LOW,MASTITIS_RISK,0.94,"Parameters aligned with historical baseline.",2026-09-26T07:12:15.000Z
pred_3134,cow_14,ses_3134,11,LOW,MASTITIS_RISK,0.94,"Parameters aligned with historical baseline.",2026-09-26T06:33:13.000Z
pred_3135,cow_15,ses_3135,9,LOW,MASTITIS_RISK,0.94,"Parameters aligned with historical baseline.",2026-09-26T06:55:04.000Z
pred_3136,cow_16,ses_3136,16,LOW,MASTITIS_RISK,0.94,"Parameters aligned with historical baseline.",2026-09-26T06:18:36.000Z
pred_3137,cow_17,ses_3137,11,LOW,MASTITIS_RISK,0.94,"Parameters aligned with historical baseline.",2026-09-26T07:04:46.000Z
pred_3138,cow_18,ses_3138,15,LOW,MASTITIS_RISK,0.94,"Parameters aligned with historical baseline.",2026-09-26T06:10:40.000Z
pred_3139,cow_19,ses_3139,7,LOW,MASTITIS_RISK,0.94,"Parameters aligned with historical baseline.",2026-09-26T06:19:13.000Z
pred_3140,cow_20,ses_3140,15,LOW,MASTITIS_RISK,0.94,"Parameters aligned with historical baseline.",2026-09-26T06:46:17.000Z
pred_3141,cow_21,ses_3141,45,MODERATE,MASTITIS_RISK,0.94,"Moderate deviation: SCC +59.8%, Conductivity +8.8%. Recommend continued monitoring.",2026-09-26T07:35:14.000Z
pred_3142,cow_22,ses_3142,47,MODERATE,MASTITIS_RISK,0.94,"Moderate deviation: SCC +58.7%, Conductivity +8.4%. Recommend continued monitoring.",2026-09-26T06:21:26.000Z
pred_3143,cow_23,ses_3143,48,MODERATE,MASTITIS_RISK,0.94,"Moderate deviation: SCC +72.1%, Conductivity +10.7%. Recommend continued monitoring.",2026-09-26T06:08:45.000Z
pred_3144,cow_24,ses_3144,51,MODERATE,MASTITIS_RISK,0.94,"Moderate deviation: SCC +76.3%, Conductivity +10.3%. Recommend continued monitoring.",2026-09-26T06:16:38.000Z
pred_3145,cow_25,ses_3145,51,MODERATE,MASTITIS_RISK,0.94,"Moderate deviation: SCC +60.8%, Conductivity +8.8%. Recommend continued monitoring.",2026-09-26T06:44:03.000Z
pred_3146,cow_26,ses_3146,93,VERY_HIGH,MASTITIS_RISK,0.94,"Significant deviation: SCC surged by +567.4% (881 k/mL), Milk yield dropped by 29.4%, Conductivity elevated to 7.12 mS/cm. Prototype AI risk estimate — not a veterinary diagnosis.",2026-09-26T07:27:35.000Z
pred_3147,cow_27,ses_3147,93,VERY_HIGH,MASTITIS_RISK,0.94,"Significant deviation: SCC surged by +551.1% (905 k/mL), Milk yield dropped by 33.1%, Conductivity elevated to 7.28 mS/cm. Prototype AI risk estimate — not a veterinary diagnosis.",2026-09-26T06:42:51.000Z
pred_3148,cow_28,ses_3148,84,VERY_HIGH,MASTITIS_RISK,0.94,"Significant deviation: SCC surged by +545.9% (943 k/mL), Milk yield dropped by 32%, Conductivity elevated to 7.06 mS/cm. Prototype AI risk estimate — not a veterinary diagnosis.",2026-09-26T06:09:47.000Z
pred_3149,cow_29,ses_3149,89,VERY_HIGH,MASTITIS_RISK,0.94,"Significant deviation: SCC surged by +477.1% (883 k/mL), Milk yield dropped by 32.3%, Conductivity elevated to 7.27 mS/cm. Prototype AI risk estimate — not a veterinary diagnosis.",2026-09-26T06:52:13.000Z
pred_3150,cow_30,ses_3150,83,VERY_HIGH,MASTITIS_RISK,0.94,"Significant deviation: SCC surged by +955.6% (950 k/mL), Milk yield dropped by 33.8%, Conductivity elevated to 7.06 mS/cm. Prototype AI risk estimate — not a veterinary diagnosis.",2026-09-26T06:09:54.000Z
pred_3151,cow_1,ses_3151,8,LOW,MASTITIS_RISK,0.94,"Parameters aligned with historical baseline.",2026-09-26T18:17:59.000Z
pred_3152,cow_2,ses_3152,12,LOW,MASTITIS_RISK,0.94,"Parameters aligned with historical baseline.",2026-09-26T18:14:41.000Z
pred_3153,cow_3,ses_3153,11,LOW,MASTITIS_RISK,0.94,"Parameters aligned with historical baseline.",2026-09-26T17:56:20.000Z
pred_3154,cow_4,ses_3154,10,LOW,MASTITIS_RISK,0.94,"Parameters aligned with historical baseline.",2026-09-26T17:35:20.000Z
pred_3155,cow_5,ses_3155,13,LOW,MASTITIS_RISK,0.94,"Parameters aligned with historical baseline.",2026-09-26T17:45:30.000Z
pred_3156,cow_6,ses_3156,8,LOW,MASTITIS_RISK,0.94,"Parameters aligned with historical baseline.",2026-09-26T17:16:29.000Z
pred_3157,cow_7,ses_3157,9,LOW,MASTITIS_RISK,0.94,"Parameters aligned with historical baseline.",2026-09-26T18:18:48.000Z
pred_3158,cow_8,ses_3158,14,LOW,MASTITIS_RISK,0.94,"Parameters aligned with historical baseline.",2026-09-26T17:18:23.000Z
pred_3159,cow_9,ses_3159,13,LOW,MASTITIS_RISK,0.94,"Parameters aligned with historical baseline.",2026-09-26T17:46:36.000Z
pred_3160,cow_10,ses_3160,17,LOW,MASTITIS_RISK,0.94,"Parameters aligned with historical baseline.",2026-09-26T17:48:39.000Z
pred_3161,cow_11,ses_3161,13,LOW,MASTITIS_RISK,0.94,"Parameters aligned with historical baseline.",2026-09-26T17:18:32.000Z
pred_3162,cow_12,ses_3162,13,LOW,MASTITIS_RISK,0.94,"Parameters aligned with historical baseline.",2026-09-26T17:10:25.000Z
pred_3163,cow_13,ses_3163,8,LOW,MASTITIS_RISK,0.94,"Parameters aligned with historical baseline.",2026-09-26T18:19:06.000Z
pred_3164,cow_14,ses_3164,15,LOW,MASTITIS_RISK,0.94,"Parameters aligned with historical baseline.",2026-09-26T17:16:47.000Z
pred_3165,cow_15,ses_3165,15,LOW,MASTITIS_RISK,0.94,"Parameters aligned with historical baseline.",2026-09-26T17:44:08.000Z
pred_3166,cow_16,ses_3166,13,LOW,MASTITIS_RISK,0.94,"Parameters aligned with historical baseline.",2026-09-26T17:33:07.000Z
pred_3167,cow_17,ses_3167,12,LOW,MASTITIS_RISK,0.94,"Parameters aligned with historical baseline.",2026-09-26T17:56:50.000Z
pred_3168,cow_18,ses_3168,13,LOW,MASTITIS_RISK,0.94,"Parameters aligned with historical baseline.",2026-09-26T17:47:13.000Z
pred_3169,cow_19,ses_3169,8,LOW,MASTITIS_RISK,0.94,"Parameters aligned with historical baseline.",2026-09-26T18:02:22.000Z
pred_3170,cow_20,ses_3170,10,LOW,MASTITIS_RISK,0.94,"Parameters aligned with historical baseline.",2026-09-26T17:39:24.000Z
pred_3171,cow_21,ses_3171,49,MODERATE,MASTITIS_RISK,0.94,"Moderate deviation: SCC +80.4%, Conductivity +10.2%. Recommend continued monitoring.",2026-09-26T17:40:57.000Z
pred_3172,cow_22,ses_3172,50,MODERATE,MASTITIS_RISK,0.94,"Moderate deviation: SCC +62.5%, Conductivity +10.2%. Recommend continued monitoring.",2026-09-26T18:19:47.000Z
pred_3173,cow_23,ses_3173,47,MODERATE,MASTITIS_RISK,0.94,"Moderate deviation: SCC +64.9%, Conductivity +10.3%. Recommend continued monitoring.",2026-09-26T17:47:36.000Z
pred_3174,cow_24,ses_3174,46,MODERATE,MASTITIS_RISK,0.94,"Moderate deviation: SCC +66.9%, Conductivity +10.3%. Recommend continued monitoring.",2026-09-26T17:11:07.000Z
pred_3175,cow_25,ses_3175,49,MODERATE,MASTITIS_RISK,0.94,"Moderate deviation: SCC +64%, Conductivity +8.8%. Recommend continued monitoring.",2026-09-26T17:19:38.000Z
pred_3176,cow_26,ses_3176,91,VERY_HIGH,MASTITIS_RISK,0.94,"Significant deviation: SCC surged by +625% (957 k/mL), Milk yield dropped by 27.8%, Conductivity elevated to 7.18 mS/cm. Prototype AI risk estimate — not a veterinary diagnosis.",2026-09-26T18:20:14.000Z
pred_3177,cow_27,ses_3177,86,VERY_HIGH,MASTITIS_RISK,0.94,"Significant deviation: SCC surged by +582% (948 k/mL), Milk yield dropped by 34.3%, Conductivity elevated to 7.26 mS/cm. Prototype AI risk estimate — not a veterinary diagnosis.",2026-09-26T17:07:08.000Z
pred_3178,cow_28,ses_3178,88,VERY_HIGH,MASTITIS_RISK,0.94,"Significant deviation: SCC surged by +597.3% (1018 k/mL), Milk yield dropped by 26.1%, Conductivity elevated to 7.23 mS/cm. Prototype AI risk estimate — not a veterinary diagnosis.",2026-09-26T17:23:26.000Z
pred_3179,cow_29,ses_3179,92,VERY_HIGH,MASTITIS_RISK,0.94,"Significant deviation: SCC surged by +537.9% (976 k/mL), Milk yield dropped by 29.6%, Conductivity elevated to 7.25 mS/cm. Prototype AI risk estimate — not a veterinary diagnosis.",2026-09-26T18:06:20.000Z
pred_3180,cow_30,ses_3180,89,VERY_HIGH,MASTITIS_RISK,0.94,"Significant deviation: SCC surged by +952.2% (947 k/mL), Milk yield dropped by 29.2%, Conductivity elevated to 7.06 mS/cm. Prototype AI risk estimate — not a veterinary diagnosis.",2026-09-26T18:33:34.000Z
pred_3181,cow_1,ses_3181,13,LOW,MASTITIS_RISK,0.94,"Parameters aligned with historical baseline.",2026-09-27T06:05:53.000Z
pred_3182,cow_2,ses_3182,7,LOW,MASTITIS_RISK,0.94,"Parameters aligned with historical baseline.",2026-09-27T07:21:16.000Z
pred_3183,cow_3,ses_3183,15,LOW,MASTITIS_RISK,0.94,"Parameters aligned with historical baseline.",2026-09-27T06:21:59.000Z
pred_3184,cow_4,ses_3184,10,LOW,MASTITIS_RISK,0.94,"Parameters aligned with historical baseline.",2026-09-27T06:41:16.000Z
pred_3185,cow_5,ses_3185,9,LOW,MASTITIS_RISK,0.94,"Parameters aligned with historical baseline.",2026-09-27T06:40:53.000Z
pred_3186,cow_6,ses_3186,8,LOW,MASTITIS_RISK,0.94,"Parameters aligned with historical baseline.",2026-09-27T07:19:24.000Z
pred_3187,cow_7,ses_3187,13,LOW,MASTITIS_RISK,0.94,"Parameters aligned with historical baseline.",2026-09-27T07:33:55.000Z
pred_3188,cow_8,ses_3188,14,LOW,MASTITIS_RISK,0.94,"Parameters aligned with historical baseline.",2026-09-27T07:11:45.000Z
pred_3189,cow_9,ses_3189,10,LOW,MASTITIS_RISK,0.94,"Parameters aligned with historical baseline.",2026-09-27T06:13:59.000Z
pred_3190,cow_10,ses_3190,12,LOW,MASTITIS_RISK,0.94,"Parameters aligned with historical baseline.",2026-09-27T07:05:12.000Z
pred_3191,cow_11,ses_3191,9,LOW,MASTITIS_RISK,0.94,"Parameters aligned with historical baseline.",2026-09-27T06:45:48.000Z
pred_3192,cow_12,ses_3192,12,LOW,MASTITIS_RISK,0.94,"Parameters aligned with historical baseline.",2026-09-27T07:28:01.000Z
pred_3193,cow_13,ses_3193,10,LOW,MASTITIS_RISK,0.94,"Parameters aligned with historical baseline.",2026-09-27T06:14:12.000Z
pred_3194,cow_14,ses_3194,13,LOW,MASTITIS_RISK,0.94,"Parameters aligned with historical baseline.",2026-09-27T07:30:08.000Z
pred_3195,cow_15,ses_3195,16,LOW,MASTITIS_RISK,0.94,"Parameters aligned with historical baseline.",2026-09-27T07:21:13.000Z
pred_3196,cow_16,ses_3196,13,LOW,MASTITIS_RISK,0.94,"Parameters aligned with historical baseline.",2026-09-27T07:00:44.000Z
pred_3197,cow_17,ses_3197,10,LOW,MASTITIS_RISK,0.94,"Parameters aligned with historical baseline.",2026-09-27T07:15:10.000Z
pred_3198,cow_18,ses_3198,9,LOW,MASTITIS_RISK,0.94,"Parameters aligned with historical baseline.",2026-09-27T06:11:20.000Z
pred_3199,cow_19,ses_3199,16,LOW,MASTITIS_RISK,0.94,"Parameters aligned with historical baseline.",2026-09-27T06:12:38.000Z
pred_3200,cow_20,ses_3200,15,LOW,MASTITIS_RISK,0.94,"Parameters aligned with historical baseline.",2026-09-27T07:07:00.000Z
pred_3201,cow_21,ses_3201,51,MODERATE,MASTITIS_RISK,0.94,"Moderate deviation: SCC +71.1%, Conductivity +10.6%. Recommend continued monitoring.",2026-09-27T07:33:11.000Z
pred_3202,cow_22,ses_3202,52,MODERATE,MASTITIS_RISK,0.94,"Moderate deviation: SCC +74%, Conductivity +10.4%. Recommend continued monitoring.",2026-09-27T07:03:00.000Z
pred_3203,cow_23,ses_3203,46,MODERATE,MASTITIS_RISK,0.94,"Moderate deviation: SCC +63.1%, Conductivity +11.1%. Recommend continued monitoring.",2026-09-27T06:19:07.000Z
pred_3204,cow_24,ses_3204,46,MODERATE,MASTITIS_RISK,0.94,"Moderate deviation: SCC +80.5%, Conductivity +9.1%. Recommend continued monitoring.",2026-09-27T06:49:43.000Z
pred_3205,cow_25,ses_3205,49,MODERATE,MASTITIS_RISK,0.94,"Moderate deviation: SCC +68.8%, Conductivity +10.8%. Recommend continued monitoring.",2026-09-27T06:55:27.000Z
pred_3206,cow_26,ses_3206,90,VERY_HIGH,MASTITIS_RISK,0.94,"Significant deviation: SCC surged by +590.9% (912 k/mL), Milk yield dropped by 28.7%, Conductivity elevated to 7.16 mS/cm. Prototype AI risk estimate — not a veterinary diagnosis.",2026-09-27T06:19:38.000Z
pred_3207,cow_27,ses_3207,81,VERY_HIGH,MASTITIS_RISK,0.94,"Significant deviation: SCC surged by +620.1% (1001 k/mL), Milk yield dropped by 29.1%, Conductivity elevated to 7.25 mS/cm. Prototype AI risk estimate — not a veterinary diagnosis.",2026-09-27T07:31:03.000Z
pred_3208,cow_28,ses_3208,88,VERY_HIGH,MASTITIS_RISK,0.94,"Significant deviation: SCC surged by +602.1% (1025 k/mL), Milk yield dropped by 28.7%, Conductivity elevated to 7.1 mS/cm. Prototype AI risk estimate — not a veterinary diagnosis.",2026-09-27T06:11:50.000Z
pred_3209,cow_29,ses_3209,89,VERY_HIGH,MASTITIS_RISK,0.94,"Significant deviation: SCC surged by +547.7% (991 k/mL), Milk yield dropped by 30.1%, Conductivity elevated to 7.34 mS/cm. Prototype AI risk estimate — not a veterinary diagnosis.",2026-09-27T06:34:44.000Z
pred_3210,cow_30,ses_3210,80,VERY_HIGH,MASTITIS_RISK,0.94,"Significant deviation: SCC surged by +907.8% (907 k/mL), Milk yield dropped by 33.9%, Conductivity elevated to 6.92 mS/cm. Prototype AI risk estimate — not a veterinary diagnosis.",2026-09-27T07:20:36.000Z
pred_3211,cow_1,ses_3211,16,LOW,MASTITIS_RISK,0.94,"Parameters aligned with historical baseline.",2026-09-27T18:09:23.000Z
pred_3212,cow_2,ses_3212,16,LOW,MASTITIS_RISK,0.94,"Parameters aligned with historical baseline.",2026-09-27T17:39:25.000Z
pred_3213,cow_3,ses_3213,15,LOW,MASTITIS_RISK,0.94,"Parameters aligned with historical baseline.",2026-09-27T17:26:13.000Z
pred_3214,cow_4,ses_3214,14,LOW,MASTITIS_RISK,0.94,"Parameters aligned with historical baseline.",2026-09-27T18:35:05.000Z
pred_3215,cow_5,ses_3215,15,LOW,MASTITIS_RISK,0.94,"Parameters aligned with historical baseline.",2026-09-27T17:38:55.000Z
pred_3216,cow_6,ses_3216,13,LOW,MASTITIS_RISK,0.94,"Parameters aligned with historical baseline.",2026-09-27T17:04:16.000Z
pred_3217,cow_7,ses_3217,7,LOW,MASTITIS_RISK,0.94,"Parameters aligned with historical baseline.",2026-09-27T18:06:15.000Z
pred_3218,cow_8,ses_3218,10,LOW,MASTITIS_RISK,0.94,"Parameters aligned with historical baseline.",2026-09-27T17:15:06.000Z
pred_3219,cow_9,ses_3219,10,LOW,MASTITIS_RISK,0.94,"Parameters aligned with historical baseline.",2026-09-27T17:23:15.000Z
pred_3220,cow_10,ses_3220,11,LOW,MASTITIS_RISK,0.94,"Parameters aligned with historical baseline.",2026-09-27T17:33:11.000Z
pred_3221,cow_11,ses_3221,15,LOW,MASTITIS_RISK,0.94,"Parameters aligned with historical baseline.",2026-09-27T18:12:32.000Z
pred_3222,cow_12,ses_3222,10,LOW,MASTITIS_RISK,0.94,"Parameters aligned with historical baseline.",2026-09-27T17:05:11.000Z
pred_3223,cow_13,ses_3223,9,LOW,MASTITIS_RISK,0.94,"Parameters aligned with historical baseline.",2026-09-27T18:04:55.000Z
pred_3224,cow_14,ses_3224,14,LOW,MASTITIS_RISK,0.94,"Parameters aligned with historical baseline.",2026-09-27T17:29:33.000Z
pred_3225,cow_15,ses_3225,15,LOW,MASTITIS_RISK,0.94,"Parameters aligned with historical baseline.",2026-09-27T18:25:23.000Z
pred_3226,cow_16,ses_3226,17,LOW,MASTITIS_RISK,0.94,"Parameters aligned with historical baseline.",2026-09-27T17:43:06.000Z
pred_3227,cow_17,ses_3227,10,LOW,MASTITIS_RISK,0.94,"Parameters aligned with historical baseline.",2026-09-27T17:05:20.000Z
pred_3228,cow_18,ses_3228,16,LOW,MASTITIS_RISK,0.94,"Parameters aligned with historical baseline.",2026-09-27T18:34:07.000Z
pred_3229,cow_19,ses_3229,17,LOW,MASTITIS_RISK,0.94,"Parameters aligned with historical baseline.",2026-09-27T17:29:40.000Z
pred_3230,cow_20,ses_3230,16,LOW,MASTITIS_RISK,0.94,"Parameters aligned with historical baseline.",2026-09-27T17:40:52.000Z
pred_3231,cow_21,ses_3231,48,MODERATE,MASTITIS_RISK,0.94,"Moderate deviation: SCC +80.4%, Conductivity +10.1%. Recommend continued monitoring.",2026-09-27T17:31:08.000Z
pred_3232,cow_22,ses_3232,48,MODERATE,MASTITIS_RISK,0.94,"Moderate deviation: SCC +83.7%, Conductivity +9.0%. Recommend continued monitoring.",2026-09-27T17:17:51.000Z
pred_3233,cow_23,ses_3233,50,MODERATE,MASTITIS_RISK,0.94,"Moderate deviation: SCC +64.9%, Conductivity +10.9%. Recommend continued monitoring.",2026-09-27T18:16:11.000Z
pred_3234,cow_24,ses_3234,46,MODERATE,MASTITIS_RISK,0.94,"Moderate deviation: SCC +75.4%, Conductivity +9.2%. Recommend continued monitoring.",2026-09-27T17:14:09.000Z
pred_3235,cow_25,ses_3235,48,MODERATE,MASTITIS_RISK,0.94,"Moderate deviation: SCC +75.2%, Conductivity +10.3%. Recommend continued monitoring.",2026-09-27T18:21:44.000Z
pred_3236,cow_26,ses_3236,84,VERY_HIGH,MASTITIS_RISK,0.94,"Significant deviation: SCC surged by +670.5% (1017 k/mL), Milk yield dropped by 28.8%, Conductivity elevated to 7.2 mS/cm. Prototype AI risk estimate — not a veterinary diagnosis.",2026-09-27T18:15:36.000Z
pred_3237,cow_27,ses_3237,93,VERY_HIGH,MASTITIS_RISK,0.94,"Significant deviation: SCC surged by +541% (891 k/mL), Milk yield dropped by 29.3%, Conductivity elevated to 7.3 mS/cm. Prototype AI risk estimate — not a veterinary diagnosis.",2026-09-27T17:53:22.000Z
pred_3238,cow_28,ses_3238,91,VERY_HIGH,MASTITIS_RISK,0.94,"Significant deviation: SCC surged by +552.7% (953 k/mL), Milk yield dropped by 27.9%, Conductivity elevated to 7.23 mS/cm. Prototype AI risk estimate — not a veterinary diagnosis.",2026-09-27T18:02:53.000Z
pred_3239,cow_29,ses_3239,86,VERY_HIGH,MASTITIS_RISK,0.94,"Significant deviation: SCC surged by +571.9% (1028 k/mL), Milk yield dropped by 28.6%, Conductivity elevated to 7.23 mS/cm. Prototype AI risk estimate — not a veterinary diagnosis.",2026-09-27T17:07:39.000Z
pred_3240,cow_30,ses_3240,90,VERY_HIGH,MASTITIS_RISK,0.94,"Significant deviation: SCC surged by +961.1% (955 k/mL), Milk yield dropped by 34.8%, Conductivity elevated to 6.95 mS/cm. Prototype AI risk estimate — not a veterinary diagnosis.",2026-09-27T17:35:53.000Z
pred_3241,cow_1,ses_3241,8,LOW,MASTITIS_RISK,0.94,"Parameters aligned with historical baseline.",2026-09-28T07:00:30.000Z
pred_3242,cow_2,ses_3242,17,LOW,MASTITIS_RISK,0.94,"Parameters aligned with historical baseline.",2026-09-28T07:00:06.000Z
pred_3243,cow_3,ses_3243,9,LOW,MASTITIS_RISK,0.94,"Parameters aligned with historical baseline.",2026-09-28T07:22:53.000Z
pred_3244,cow_4,ses_3244,11,LOW,MASTITIS_RISK,0.94,"Parameters aligned with historical baseline.",2026-09-28T06:17:29.000Z
pred_3245,cow_5,ses_3245,16,LOW,MASTITIS_RISK,0.94,"Parameters aligned with historical baseline.",2026-09-28T07:30:22.000Z
pred_3246,cow_6,ses_3246,14,LOW,MASTITIS_RISK,0.94,"Parameters aligned with historical baseline.",2026-09-28T06:37:15.000Z
pred_3247,cow_7,ses_3247,7,LOW,MASTITIS_RISK,0.94,"Parameters aligned with historical baseline.",2026-09-28T06:48:58.000Z
pred_3248,cow_8,ses_3248,12,LOW,MASTITIS_RISK,0.94,"Parameters aligned with historical baseline.",2026-09-28T06:42:23.000Z
pred_3249,cow_9,ses_3249,7,LOW,MASTITIS_RISK,0.94,"Parameters aligned with historical baseline.",2026-09-28T06:47:26.000Z
pred_3250,cow_10,ses_3250,11,LOW,MASTITIS_RISK,0.94,"Parameters aligned with historical baseline.",2026-09-28T07:15:02.000Z
pred_3251,cow_11,ses_3251,16,LOW,MASTITIS_RISK,0.94,"Parameters aligned with historical baseline.",2026-09-28T06:42:39.000Z
pred_3252,cow_12,ses_3252,10,LOW,MASTITIS_RISK,0.94,"Parameters aligned with historical baseline.",2026-09-28T06:20:08.000Z
pred_3253,cow_13,ses_3253,9,LOW,MASTITIS_RISK,0.94,"Parameters aligned with historical baseline.",2026-09-28T06:44:22.000Z
pred_3254,cow_14,ses_3254,11,LOW,MASTITIS_RISK,0.94,"Parameters aligned with historical baseline.",2026-09-28T06:32:16.000Z
pred_3255,cow_15,ses_3255,10,LOW,MASTITIS_RISK,0.94,"Parameters aligned with historical baseline.",2026-09-28T06:31:09.000Z
pred_3256,cow_16,ses_3256,16,LOW,MASTITIS_RISK,0.94,"Parameters aligned with historical baseline.",2026-09-28T06:46:08.000Z
pred_3257,cow_17,ses_3257,14,LOW,MASTITIS_RISK,0.94,"Parameters aligned with historical baseline.",2026-09-28T06:42:28.000Z
pred_3258,cow_18,ses_3258,10,LOW,MASTITIS_RISK,0.94,"Parameters aligned with historical baseline.",2026-09-28T07:27:15.000Z
pred_3259,cow_19,ses_3259,12,LOW,MASTITIS_RISK,0.94,"Parameters aligned with historical baseline.",2026-09-28T07:20:50.000Z
pred_3260,cow_20,ses_3260,13,LOW,MASTITIS_RISK,0.94,"Parameters aligned with historical baseline.",2026-09-28T06:58:36.000Z
pred_3261,cow_21,ses_3261,48,MODERATE,MASTITIS_RISK,0.94,"Moderate deviation: SCC +79.4%, Conductivity +10.2%. Recommend continued monitoring.",2026-09-28T06:48:50.000Z
pred_3262,cow_22,ses_3262,49,MODERATE,MASTITIS_RISK,0.94,"Moderate deviation: SCC +77.9%, Conductivity +10.4%. Recommend continued monitoring.",2026-09-28T07:05:02.000Z
pred_3263,cow_23,ses_3263,49,MODERATE,MASTITIS_RISK,0.94,"Moderate deviation: SCC +64.9%, Conductivity +10.7%. Recommend continued monitoring.",2026-09-28T06:45:06.000Z
pred_3264,cow_24,ses_3264,47,MODERATE,MASTITIS_RISK,0.94,"Moderate deviation: SCC +75.4%, Conductivity +11.0%. Recommend continued monitoring.",2026-09-28T07:24:54.000Z
pred_3265,cow_25,ses_3265,52,MODERATE,MASTITIS_RISK,0.94,"Moderate deviation: SCC +73.6%, Conductivity +9.9%. Recommend continued monitoring.",2026-09-28T06:12:18.000Z
pred_3266,cow_26,ses_3266,91,VERY_HIGH,MASTITIS_RISK,0.94,"Significant deviation: SCC surged by +655.3% (997 k/mL), Milk yield dropped by 25.4%, Conductivity elevated to 7.08 mS/cm. Prototype AI risk estimate — not a veterinary diagnosis.",2026-09-28T07:20:53.000Z
pred_3267,cow_27,ses_3267,85,VERY_HIGH,MASTITIS_RISK,0.94,"Significant deviation: SCC surged by +547.5% (900 k/mL), Milk yield dropped by 31.1%, Conductivity elevated to 7.22 mS/cm. Prototype AI risk estimate — not a veterinary diagnosis.",2026-09-28T07:19:32.000Z
pred_3268,cow_28,ses_3268,86,VERY_HIGH,MASTITIS_RISK,0.94,"Significant deviation: SCC surged by +599.3% (1021 k/mL), Milk yield dropped by 28.7%, Conductivity elevated to 7.15 mS/cm. Prototype AI risk estimate — not a veterinary diagnosis.",2026-09-28T07:17:36.000Z
pred_3269,cow_29,ses_3269,80,VERY_HIGH,MASTITIS_RISK,0.94,"Significant deviation: SCC surged by +488.9% (901 k/mL), Milk yield dropped by 30.2%, Conductivity elevated to 7.37 mS/cm. Prototype AI risk estimate — not a veterinary diagnosis.",2026-09-28T06:53:42.000Z
pred_3270,cow_30,ses_3270,90,VERY_HIGH,MASTITIS_RISK,0.94,"Significant deviation: SCC surged by +870% (873 k/mL), Milk yield dropped by 31.6%, Conductivity elevated to 7.02 mS/cm. Prototype AI risk estimate — not a veterinary diagnosis.",2026-09-28T07:20:00.000Z
pred_3271,cow_1,ses_3271,12,LOW,MASTITIS_RISK,0.94,"Parameters aligned with historical baseline.",2026-09-28T17:25:29.000Z
pred_3272,cow_2,ses_3272,13,LOW,MASTITIS_RISK,0.94,"Parameters aligned with historical baseline.",2026-09-28T17:20:20.000Z
pred_3273,cow_3,ses_3273,14,LOW,MASTITIS_RISK,0.94,"Parameters aligned with historical baseline.",2026-09-28T17:06:54.000Z
pred_3274,cow_4,ses_3274,15,LOW,MASTITIS_RISK,0.94,"Parameters aligned with historical baseline.",2026-09-28T18:14:35.000Z
pred_3275,cow_5,ses_3275,8,LOW,MASTITIS_RISK,0.94,"Parameters aligned with historical baseline.",2026-09-28T18:23:34.000Z
pred_3276,cow_6,ses_3276,11,LOW,MASTITIS_RISK,0.94,"Parameters aligned with historical baseline.",2026-09-28T17:10:05.000Z
pred_3277,cow_7,ses_3277,12,LOW,MASTITIS_RISK,0.94,"Parameters aligned with historical baseline.",2026-09-28T17:52:57.000Z
pred_3278,cow_8,ses_3278,10,LOW,MASTITIS_RISK,0.94,"Parameters aligned with historical baseline.",2026-09-28T17:35:12.000Z
pred_3279,cow_9,ses_3279,14,LOW,MASTITIS_RISK,0.94,"Parameters aligned with historical baseline.",2026-09-28T17:04:45.000Z
pred_3280,cow_10,ses_3280,15,LOW,MASTITIS_RISK,0.94,"Parameters aligned with historical baseline.",2026-09-28T17:36:33.000Z
pred_3281,cow_11,ses_3281,14,LOW,MASTITIS_RISK,0.94,"Parameters aligned with historical baseline.",2026-09-28T18:02:52.000Z
pred_3282,cow_12,ses_3282,8,LOW,MASTITIS_RISK,0.94,"Parameters aligned with historical baseline.",2026-09-28T17:11:07.000Z
pred_3283,cow_13,ses_3283,9,LOW,MASTITIS_RISK,0.94,"Parameters aligned with historical baseline.",2026-09-28T18:08:40.000Z
pred_3284,cow_14,ses_3284,15,LOW,MASTITIS_RISK,0.94,"Parameters aligned with historical baseline.",2026-09-28T17:10:23.000Z
pred_3285,cow_15,ses_3285,16,LOW,MASTITIS_RISK,0.94,"Parameters aligned with historical baseline.",2026-09-28T18:32:14.000Z
pred_3286,cow_16,ses_3286,11,LOW,MASTITIS_RISK,0.94,"Parameters aligned with historical baseline.",2026-09-28T18:02:29.000Z
pred_3287,cow_17,ses_3287,14,LOW,MASTITIS_RISK,0.94,"Parameters aligned with historical baseline.",2026-09-28T17:46:01.000Z
pred_3288,cow_18,ses_3288,15,LOW,MASTITIS_RISK,0.94,"Parameters aligned with historical baseline.",2026-09-28T17:48:06.000Z
pred_3289,cow_19,ses_3289,13,LOW,MASTITIS_RISK,0.94,"Parameters aligned with historical baseline.",2026-09-28T18:29:00.000Z
pred_3290,cow_20,ses_3290,14,LOW,MASTITIS_RISK,0.94,"Parameters aligned with historical baseline.",2026-09-28T18:20:52.000Z
pred_3291,cow_21,ses_3291,50,MODERATE,MASTITIS_RISK,0.94,"Moderate deviation: SCC +83.5%, Conductivity +9.9%. Recommend continued monitoring.",2026-09-28T17:27:12.000Z
pred_3292,cow_22,ses_3292,46,MODERATE,MASTITIS_RISK,0.94,"Moderate deviation: SCC +70.2%, Conductivity +11.1%. Recommend continued monitoring.",2026-09-28T17:37:28.000Z
pred_3293,cow_23,ses_3293,48,MODERATE,MASTITIS_RISK,0.94,"Moderate deviation: SCC +82.9%, Conductivity +11.4%. Recommend continued monitoring.",2026-09-28T18:28:26.000Z
pred_3294,cow_24,ses_3294,52,MODERATE,MASTITIS_RISK,0.94,"Moderate deviation: SCC +78%, Conductivity +10.1%. Recommend continued monitoring.",2026-09-28T18:02:32.000Z
pred_3295,cow_25,ses_3295,51,MODERATE,MASTITIS_RISK,0.94,"Moderate deviation: SCC +67.2%, Conductivity +11.4%. Recommend continued monitoring.",2026-09-28T17:49:40.000Z
pred_3296,cow_26,ses_3296,88,VERY_HIGH,MASTITIS_RISK,0.94,"Significant deviation: SCC surged by +667.4% (1013 k/mL), Milk yield dropped by 30.4%, Conductivity elevated to 7.14 mS/cm. Prototype AI risk estimate — not a veterinary diagnosis.",2026-09-28T18:29:43.000Z
pred_3297,cow_27,ses_3297,87,VERY_HIGH,MASTITIS_RISK,0.94,"Significant deviation: SCC surged by +604.3% (979 k/mL), Milk yield dropped by 30.9%, Conductivity elevated to 7.23 mS/cm. Prototype AI risk estimate — not a veterinary diagnosis.",2026-09-28T17:38:38.000Z
pred_3298,cow_28,ses_3298,93,VERY_HIGH,MASTITIS_RISK,0.94,"Significant deviation: SCC surged by +571.2% (980 k/mL), Milk yield dropped by 27.1%, Conductivity elevated to 7.08 mS/cm. Prototype AI risk estimate — not a veterinary diagnosis.",2026-09-28T18:22:00.000Z
pred_3299,cow_29,ses_3299,80,VERY_HIGH,MASTITIS_RISK,0.94,"Significant deviation: SCC surged by +512.4% (937 k/mL), Milk yield dropped by 25.7%, Conductivity elevated to 7.26 mS/cm. Prototype AI risk estimate — not a veterinary diagnosis.",2026-09-28T17:28:38.000Z
pred_3300,cow_30,ses_3300,86,VERY_HIGH,MASTITIS_RISK,0.94,"Significant deviation: SCC surged by +790% (801 k/mL), Milk yield dropped by 31.7%, Conductivity elevated to 7.03 mS/cm. Prototype AI risk estimate — not a veterinary diagnosis.",2026-09-28T18:00:12.000Z
pred_3301,cow_1,ses_3301,13,LOW,MASTITIS_RISK,0.94,"Parameters aligned with historical baseline.",2026-09-29T06:11:19.000Z
pred_3302,cow_2,ses_3302,13,LOW,MASTITIS_RISK,0.94,"Parameters aligned with historical baseline.",2026-09-29T06:34:26.000Z
pred_3303,cow_3,ses_3303,14,LOW,MASTITIS_RISK,0.94,"Parameters aligned with historical baseline.",2026-09-29T06:49:41.000Z
pred_3304,cow_4,ses_3304,16,LOW,MASTITIS_RISK,0.94,"Parameters aligned with historical baseline.",2026-09-29T07:02:35.000Z
pred_3305,cow_5,ses_3305,10,LOW,MASTITIS_RISK,0.94,"Parameters aligned with historical baseline.",2026-09-29T06:26:58.000Z
pred_3306,cow_6,ses_3306,14,LOW,MASTITIS_RISK,0.94,"Parameters aligned with historical baseline.",2026-09-29T07:22:57.000Z
pred_3307,cow_7,ses_3307,16,LOW,MASTITIS_RISK,0.94,"Parameters aligned with historical baseline.",2026-09-29T06:10:34.000Z
pred_3308,cow_8,ses_3308,11,LOW,MASTITIS_RISK,0.94,"Parameters aligned with historical baseline.",2026-09-29T06:49:39.000Z
pred_3309,cow_9,ses_3309,17,LOW,MASTITIS_RISK,0.94,"Parameters aligned with historical baseline.",2026-09-29T06:55:07.000Z
pred_3310,cow_10,ses_3310,13,LOW,MASTITIS_RISK,0.94,"Parameters aligned with historical baseline.",2026-09-29T06:18:14.000Z
pred_3311,cow_11,ses_3311,14,LOW,MASTITIS_RISK,0.94,"Parameters aligned with historical baseline.",2026-09-29T07:18:28.000Z
pred_3312,cow_12,ses_3312,13,LOW,MASTITIS_RISK,0.94,"Parameters aligned with historical baseline.",2026-09-29T07:04:43.000Z
pred_3313,cow_13,ses_3313,13,LOW,MASTITIS_RISK,0.94,"Parameters aligned with historical baseline.",2026-09-29T06:49:19.000Z
pred_3314,cow_14,ses_3314,8,LOW,MASTITIS_RISK,0.94,"Parameters aligned with historical baseline.",2026-09-29T07:00:35.000Z
pred_3315,cow_15,ses_3315,10,LOW,MASTITIS_RISK,0.94,"Parameters aligned with historical baseline.",2026-09-29T06:12:29.000Z
pred_3316,cow_16,ses_3316,14,LOW,MASTITIS_RISK,0.94,"Parameters aligned with historical baseline.",2026-09-29T06:05:21.000Z
pred_3317,cow_17,ses_3317,9,LOW,MASTITIS_RISK,0.94,"Parameters aligned with historical baseline.",2026-09-29T06:43:45.000Z
pred_3318,cow_18,ses_3318,8,LOW,MASTITIS_RISK,0.94,"Parameters aligned with historical baseline.",2026-09-29T07:35:41.000Z
pred_3319,cow_19,ses_3319,11,LOW,MASTITIS_RISK,0.94,"Parameters aligned with historical baseline.",2026-09-29T06:10:02.000Z
pred_3320,cow_20,ses_3320,8,LOW,MASTITIS_RISK,0.94,"Parameters aligned with historical baseline.",2026-09-29T06:15:16.000Z
pred_3321,cow_21,ses_3321,50,MODERATE,MASTITIS_RISK,0.94,"Moderate deviation: SCC +79.4%, Conductivity +10.8%. Recommend continued monitoring.",2026-09-29T06:15:24.000Z
pred_3322,cow_22,ses_3322,47,MODERATE,MASTITIS_RISK,0.94,"Moderate deviation: SCC +74%, Conductivity +10.7%. Recommend continued monitoring.",2026-09-29T06:09:05.000Z
pred_3323,cow_23,ses_3323,55,MODERATE,MASTITIS_RISK,0.94,"Moderate deviation: SCC +67.6%, Conductivity +10.2%. Recommend continued monitoring.",2026-09-29T07:31:19.000Z
pred_3324,cow_24,ses_3324,55,MODERATE,MASTITIS_RISK,0.94,"Moderate deviation: SCC +77.1%, Conductivity +10.7%. Recommend continued monitoring.",2026-09-29T07:10:05.000Z
pred_3325,cow_25,ses_3325,50,MODERATE,MASTITIS_RISK,0.94,"Moderate deviation: SCC +80%, Conductivity +11.9%. Recommend continued monitoring.",2026-09-29T07:01:45.000Z
pred_3326,cow_26,ses_3326,89,VERY_HIGH,MASTITIS_RISK,0.94,"Significant deviation: SCC surged by +593.2% (915 k/mL), Milk yield dropped by 25.9%, Conductivity elevated to 7.11 mS/cm. Prototype AI risk estimate — not a veterinary diagnosis.",2026-09-29T06:31:33.000Z
pred_3327,cow_27,ses_3327,91,VERY_HIGH,MASTITIS_RISK,0.94,"Significant deviation: SCC surged by +601.4% (975 k/mL), Milk yield dropped by 32.2%, Conductivity elevated to 7.3 mS/cm. Prototype AI risk estimate — not a veterinary diagnosis.",2026-09-29T06:29:38.000Z
pred_3328,cow_28,ses_3328,93,VERY_HIGH,MASTITIS_RISK,0.94,"Significant deviation: SCC surged by +551.4% (951 k/mL), Milk yield dropped by 30.2%, Conductivity elevated to 7.11 mS/cm. Prototype AI risk estimate — not a veterinary diagnosis.",2026-09-29T06:38:46.000Z
pred_3329,cow_29,ses_3329,92,VERY_HIGH,MASTITIS_RISK,0.94,"Significant deviation: SCC surged by +550.3% (995 k/mL), Milk yield dropped by 27.1%, Conductivity elevated to 7.33 mS/cm. Prototype AI risk estimate — not a veterinary diagnosis.",2026-09-29T06:34:56.000Z
pred_3330,cow_30,ses_3330,85,VERY_HIGH,MASTITIS_RISK,0.94,"Significant deviation: SCC surged by +904.4% (904 k/mL), Milk yield dropped by 28.4%, Conductivity elevated to 6.96 mS/cm. Prototype AI risk estimate — not a veterinary diagnosis.",2026-09-29T06:58:37.000Z
pred_3331,cow_1,ses_3331,16,LOW,MASTITIS_RISK,0.94,"Parameters aligned with historical baseline.",2026-09-29T17:19:20.000Z
pred_3332,cow_2,ses_3332,15,LOW,MASTITIS_RISK,0.94,"Parameters aligned with historical baseline.",2026-09-29T18:29:45.000Z
pred_3333,cow_3,ses_3333,12,LOW,MASTITIS_RISK,0.94,"Parameters aligned with historical baseline.",2026-09-29T17:13:32.000Z
pred_3334,cow_4,ses_3334,16,LOW,MASTITIS_RISK,0.94,"Parameters aligned with historical baseline.",2026-09-29T18:12:24.000Z
pred_3335,cow_5,ses_3335,11,LOW,MASTITIS_RISK,0.94,"Parameters aligned with historical baseline.",2026-09-29T17:06:13.000Z
pred_3336,cow_6,ses_3336,7,LOW,MASTITIS_RISK,0.94,"Parameters aligned with historical baseline.",2026-09-29T17:40:00.000Z
pred_3337,cow_7,ses_3337,11,LOW,MASTITIS_RISK,0.94,"Parameters aligned with historical baseline.",2026-09-29T17:15:04.000Z
pred_3338,cow_8,ses_3338,8,LOW,MASTITIS_RISK,0.94,"Parameters aligned with historical baseline.",2026-09-29T17:09:31.000Z
pred_3339,cow_9,ses_3339,14,LOW,MASTITIS_RISK,0.94,"Parameters aligned with historical baseline.",2026-09-29T18:12:20.000Z
pred_3340,cow_10,ses_3340,13,LOW,MASTITIS_RISK,0.94,"Parameters aligned with historical baseline.",2026-09-29T18:04:26.000Z
pred_3341,cow_11,ses_3341,11,LOW,MASTITIS_RISK,0.94,"Parameters aligned with historical baseline.",2026-09-29T17:31:57.000Z
pred_3342,cow_12,ses_3342,11,LOW,MASTITIS_RISK,0.94,"Parameters aligned with historical baseline.",2026-09-29T17:29:15.000Z
pred_3343,cow_13,ses_3343,11,LOW,MASTITIS_RISK,0.94,"Parameters aligned with historical baseline.",2026-09-29T17:56:22.000Z
pred_3344,cow_14,ses_3344,16,LOW,MASTITIS_RISK,0.94,"Parameters aligned with historical baseline.",2026-09-29T18:23:55.000Z
pred_3345,cow_15,ses_3345,7,LOW,MASTITIS_RISK,0.94,"Parameters aligned with historical baseline.",2026-09-29T17:08:49.000Z
pred_3346,cow_16,ses_3346,8,LOW,MASTITIS_RISK,0.94,"Parameters aligned with historical baseline.",2026-09-29T17:29:02.000Z
pred_3347,cow_17,ses_3347,10,LOW,MASTITIS_RISK,0.94,"Parameters aligned with historical baseline.",2026-09-29T17:24:46.000Z
pred_3348,cow_18,ses_3348,7,LOW,MASTITIS_RISK,0.94,"Parameters aligned with historical baseline.",2026-09-29T18:26:55.000Z
pred_3349,cow_19,ses_3349,12,LOW,MASTITIS_RISK,0.94,"Parameters aligned with historical baseline.",2026-09-29T18:02:51.000Z
pred_3350,cow_20,ses_3350,15,LOW,MASTITIS_RISK,0.94,"Parameters aligned with historical baseline.",2026-09-29T17:21:34.000Z
pred_3351,cow_21,ses_3351,54,MODERATE,MASTITIS_RISK,0.94,"Moderate deviation: SCC +81.4%, Conductivity +11.3%. Recommend continued monitoring.",2026-09-29T18:32:27.000Z
pred_3352,cow_22,ses_3352,53,MODERATE,MASTITIS_RISK,0.94,"Moderate deviation: SCC +78.8%, Conductivity +10.9%. Recommend continued monitoring.",2026-09-29T17:31:19.000Z
pred_3353,cow_23,ses_3353,53,MODERATE,MASTITIS_RISK,0.94,"Moderate deviation: SCC +84.7%, Conductivity +12.2%. Recommend continued monitoring.",2026-09-29T18:03:17.000Z
pred_3354,cow_24,ses_3354,51,MODERATE,MASTITIS_RISK,0.94,"Moderate deviation: SCC +87.3%, Conductivity +10.5%. Recommend continued monitoring.",2026-09-29T18:33:20.000Z
pred_3355,cow_25,ses_3355,51,MODERATE,MASTITIS_RISK,0.94,"Moderate deviation: SCC +84.8%, Conductivity +10.5%. Recommend continued monitoring.",2026-09-29T17:17:19.000Z
pred_3356,cow_26,ses_3356,90,VERY_HIGH,MASTITIS_RISK,0.94,"Significant deviation: SCC surged by +534.1% (837 k/mL), Milk yield dropped by 31.6%, Conductivity elevated to 7.21 mS/cm. Prototype AI risk estimate — not a veterinary diagnosis.",2026-09-29T17:13:30.000Z
pred_3357,cow_27,ses_3357,83,VERY_HIGH,MASTITIS_RISK,0.94,"Significant deviation: SCC surged by +589.2% (958 k/mL), Milk yield dropped by 34.5%, Conductivity elevated to 7.27 mS/cm. Prototype AI risk estimate — not a veterinary diagnosis.",2026-09-29T17:20:33.000Z
pred_3358,cow_28,ses_3358,93,VERY_HIGH,MASTITIS_RISK,0.94,"Significant deviation: SCC surged by +589.7% (1007 k/mL), Milk yield dropped by 31.3%, Conductivity elevated to 7.19 mS/cm. Prototype AI risk estimate — not a veterinary diagnosis.",2026-09-29T18:03:04.000Z
pred_3359,cow_29,ses_3359,92,VERY_HIGH,MASTITIS_RISK,0.94,"Significant deviation: SCC surged by +477.8% (884 k/mL), Milk yield dropped by 28.3%, Conductivity elevated to 7.24 mS/cm. Prototype AI risk estimate — not a veterinary diagnosis.",2026-09-29T17:23:29.000Z
pred_3360,cow_30,ses_3360,81,VERY_HIGH,MASTITIS_RISK,0.94,"Significant deviation: SCC surged by +881.1% (883 k/mL), Milk yield dropped by 32.2%, Conductivity elevated to 7.13 mS/cm. Prototype AI risk estimate — not a veterinary diagnosis.",2026-09-29T17:27:24.000Z
pred_3361,cow_1,ses_3361,7,LOW,MASTITIS_RISK,0.94,"Parameters aligned with historical baseline.",2026-09-30T07:16:01.000Z
pred_3362,cow_2,ses_3362,16,LOW,MASTITIS_RISK,0.94,"Parameters aligned with historical baseline.",2026-09-30T07:33:41.000Z
pred_3363,cow_3,ses_3363,15,LOW,MASTITIS_RISK,0.94,"Parameters aligned with historical baseline.",2026-09-30T06:07:54.000Z
pred_3364,cow_4,ses_3364,11,LOW,MASTITIS_RISK,0.94,"Parameters aligned with historical baseline.",2026-09-30T06:53:53.000Z
pred_3365,cow_5,ses_3365,12,LOW,MASTITIS_RISK,0.94,"Parameters aligned with historical baseline.",2026-09-30T06:28:37.000Z
pred_3366,cow_6,ses_3366,8,LOW,MASTITIS_RISK,0.94,"Parameters aligned with historical baseline.",2026-09-30T06:47:19.000Z
pred_3367,cow_7,ses_3367,14,LOW,MASTITIS_RISK,0.94,"Parameters aligned with historical baseline.",2026-09-30T06:38:43.000Z
pred_3368,cow_8,ses_3368,17,LOW,MASTITIS_RISK,0.94,"Parameters aligned with historical baseline.",2026-09-30T06:51:17.000Z
pred_3369,cow_9,ses_3369,16,LOW,MASTITIS_RISK,0.94,"Parameters aligned with historical baseline.",2026-09-30T06:34:34.000Z
pred_3370,cow_10,ses_3370,13,LOW,MASTITIS_RISK,0.94,"Parameters aligned with historical baseline.",2026-09-30T07:08:04.000Z
pred_3371,cow_11,ses_3371,14,LOW,MASTITIS_RISK,0.94,"Parameters aligned with historical baseline.",2026-09-30T07:28:21.000Z
pred_3372,cow_12,ses_3372,9,LOW,MASTITIS_RISK,0.94,"Parameters aligned with historical baseline.",2026-09-30T07:16:42.000Z
pred_3373,cow_13,ses_3373,16,LOW,MASTITIS_RISK,0.94,"Parameters aligned with historical baseline.",2026-09-30T06:18:58.000Z
pred_3374,cow_14,ses_3374,17,LOW,MASTITIS_RISK,0.94,"Parameters aligned with historical baseline.",2026-09-30T06:38:30.000Z
pred_3375,cow_15,ses_3375,8,LOW,MASTITIS_RISK,0.94,"Parameters aligned with historical baseline.",2026-09-30T06:11:01.000Z
pred_3376,cow_16,ses_3376,9,LOW,MASTITIS_RISK,0.94,"Parameters aligned with historical baseline.",2026-09-30T06:44:20.000Z
pred_3377,cow_17,ses_3377,13,LOW,MASTITIS_RISK,0.94,"Parameters aligned with historical baseline.",2026-09-30T06:16:09.000Z
pred_3378,cow_18,ses_3378,14,LOW,MASTITIS_RISK,0.94,"Parameters aligned with historical baseline.",2026-09-30T06:20:59.000Z
pred_3379,cow_19,ses_3379,12,LOW,MASTITIS_RISK,0.94,"Parameters aligned with historical baseline.",2026-09-30T06:09:11.000Z
pred_3380,cow_20,ses_3380,14,LOW,MASTITIS_RISK,0.94,"Parameters aligned with historical baseline.",2026-09-30T06:30:03.000Z
pred_3381,cow_21,ses_3381,54,MODERATE,MASTITIS_RISK,0.94,"Moderate deviation: SCC +73.2%, Conductivity +12.2%. Recommend continued monitoring.",2026-09-30T06:13:31.000Z
pred_3382,cow_22,ses_3382,51,MODERATE,MASTITIS_RISK,0.94,"Moderate deviation: SCC +78.8%, Conductivity +11.8%. Recommend continued monitoring.",2026-09-30T06:47:29.000Z
pred_3383,cow_23,ses_3383,48,MODERATE,MASTITIS_RISK,0.94,"Moderate deviation: SCC +72.1%, Conductivity +11.8%. Recommend continued monitoring.",2026-09-30T06:45:31.000Z
pred_3384,cow_24,ses_3384,52,MODERATE,MASTITIS_RISK,0.94,"Moderate deviation: SCC +87.3%, Conductivity +12.1%. Recommend continued monitoring.",2026-09-30T07:12:00.000Z
pred_3385,cow_25,ses_3385,55,MODERATE,MASTITIS_RISK,0.94,"Moderate deviation: SCC +76%, Conductivity +12.3%. Recommend continued monitoring.",2026-09-30T06:15:07.000Z
pred_3386,cow_26,ses_3386,85,VERY_HIGH,MASTITIS_RISK,0.94,"Significant deviation: SCC surged by +550% (858 k/mL), Milk yield dropped by 35.7%, Conductivity elevated to 7.23 mS/cm. Prototype AI risk estimate — not a veterinary diagnosis.",2026-09-30T07:30:22.000Z
pred_3387,cow_27,ses_3387,89,VERY_HIGH,MASTITIS_RISK,0.94,"Significant deviation: SCC surged by +623% (1005 k/mL), Milk yield dropped by 29.7%, Conductivity elevated to 7.23 mS/cm. Prototype AI risk estimate — not a veterinary diagnosis.",2026-09-30T06:18:49.000Z
pred_3388,cow_28,ses_3388,86,VERY_HIGH,MASTITIS_RISK,0.94,"Significant deviation: SCC surged by +610.3% (1037 k/mL), Milk yield dropped by 30.1%, Conductivity elevated to 7.05 mS/cm. Prototype AI risk estimate — not a veterinary diagnosis.",2026-09-30T07:28:02.000Z
pred_3389,cow_29,ses_3389,88,VERY_HIGH,MASTITIS_RISK,0.94,"Significant deviation: SCC surged by +491.5% (905 k/mL), Milk yield dropped by 33.6%, Conductivity elevated to 7.13 mS/cm. Prototype AI risk estimate — not a veterinary diagnosis.",2026-09-30T06:06:03.000Z
pred_3390,cow_30,ses_3390,86,VERY_HIGH,MASTITIS_RISK,0.94,"Significant deviation: SCC surged by +944.4% (940 k/mL), Milk yield dropped by 27.5%, Conductivity elevated to 7.04 mS/cm. Prototype AI risk estimate — not a veterinary diagnosis.",2026-09-30T07:08:52.000Z
pred_3391,cow_1,ses_3391,10,LOW,MASTITIS_RISK,0.94,"Parameters aligned with historical baseline.",2026-09-30T17:17:07.000Z
pred_3392,cow_2,ses_3392,14,LOW,MASTITIS_RISK,0.94,"Parameters aligned with historical baseline.",2026-09-30T17:40:22.000Z
pred_3393,cow_3,ses_3393,15,LOW,MASTITIS_RISK,0.94,"Parameters aligned with historical baseline.",2026-09-30T17:56:32.000Z
pred_3394,cow_4,ses_3394,13,LOW,MASTITIS_RISK,0.94,"Parameters aligned with historical baseline.",2026-09-30T17:12:04.000Z
pred_3395,cow_5,ses_3395,14,LOW,MASTITIS_RISK,0.94,"Parameters aligned with historical baseline.",2026-09-30T17:06:59.000Z
pred_3396,cow_6,ses_3396,16,LOW,MASTITIS_RISK,0.94,"Parameters aligned with historical baseline.",2026-09-30T18:11:30.000Z
pred_3397,cow_7,ses_3397,16,LOW,MASTITIS_RISK,0.94,"Parameters aligned with historical baseline.",2026-09-30T17:35:37.000Z
pred_3398,cow_8,ses_3398,15,LOW,MASTITIS_RISK,0.94,"Parameters aligned with historical baseline.",2026-09-30T18:25:52.000Z
pred_3399,cow_9,ses_3399,7,LOW,MASTITIS_RISK,0.94,"Parameters aligned with historical baseline.",2026-09-30T17:13:49.000Z
pred_3400,cow_10,ses_3400,10,LOW,MASTITIS_RISK,0.94,"Parameters aligned with historical baseline.",2026-09-30T17:32:01.000Z
pred_3401,cow_11,ses_3401,10,LOW,MASTITIS_RISK,0.94,"Parameters aligned with historical baseline.",2026-09-30T17:59:42.000Z
pred_3402,cow_12,ses_3402,8,LOW,MASTITIS_RISK,0.94,"Parameters aligned with historical baseline.",2026-09-30T17:57:50.000Z
pred_3403,cow_13,ses_3403,9,LOW,MASTITIS_RISK,0.94,"Parameters aligned with historical baseline.",2026-09-30T18:09:08.000Z
pred_3404,cow_14,ses_3404,10,LOW,MASTITIS_RISK,0.94,"Parameters aligned with historical baseline.",2026-09-30T17:26:32.000Z
pred_3405,cow_15,ses_3405,14,LOW,MASTITIS_RISK,0.94,"Parameters aligned with historical baseline.",2026-09-30T18:11:08.000Z
pred_3406,cow_16,ses_3406,16,LOW,MASTITIS_RISK,0.94,"Parameters aligned with historical baseline.",2026-09-30T18:07:42.000Z
pred_3407,cow_17,ses_3407,13,LOW,MASTITIS_RISK,0.94,"Parameters aligned with historical baseline.",2026-09-30T17:09:52.000Z
pred_3408,cow_18,ses_3408,13,LOW,MASTITIS_RISK,0.94,"Parameters aligned with historical baseline.",2026-09-30T17:34:23.000Z
pred_3409,cow_19,ses_3409,13,LOW,MASTITIS_RISK,0.94,"Parameters aligned with historical baseline.",2026-09-30T17:09:22.000Z
pred_3410,cow_20,ses_3410,14,LOW,MASTITIS_RISK,0.94,"Parameters aligned with historical baseline.",2026-09-30T18:22:28.000Z
pred_3411,cow_21,ses_3411,55,MODERATE,MASTITIS_RISK,0.94,"Moderate deviation: SCC +90.7%, Conductivity +12.0%. Recommend continued monitoring.",2026-09-30T18:11:45.000Z
pred_3412,cow_22,ses_3412,55,MODERATE,MASTITIS_RISK,0.94,"Moderate deviation: SCC +76%, Conductivity +10.7%. Recommend continued monitoring.",2026-09-30T17:57:12.000Z
pred_3413,cow_23,ses_3413,49,MODERATE,MASTITIS_RISK,0.94,"Moderate deviation: SCC +78.4%, Conductivity +10.9%. Recommend continued monitoring.",2026-09-30T18:22:55.000Z
pred_3414,cow_24,ses_3414,51,MODERATE,MASTITIS_RISK,0.94,"Moderate deviation: SCC +86.4%, Conductivity +10.7%. Recommend continued monitoring.",2026-09-30T18:03:30.000Z
pred_3415,cow_25,ses_3415,50,MODERATE,MASTITIS_RISK,0.94,"Moderate deviation: SCC +88%, Conductivity +12.3%. Recommend continued monitoring.",2026-09-30T17:05:41.000Z
pred_3416,cow_26,ses_3416,80,VERY_HIGH,MASTITIS_RISK,0.94,"Significant deviation: SCC surged by +613.6% (942 k/mL), Milk yield dropped by 28%, Conductivity elevated to 7.17 mS/cm. Prototype AI risk estimate — not a veterinary diagnosis.",2026-09-30T17:52:19.000Z
pred_3417,cow_27,ses_3417,84,VERY_HIGH,MASTITIS_RISK,0.94,"Significant deviation: SCC surged by +618% (998 k/mL), Milk yield dropped by 30.8%, Conductivity elevated to 7.26 mS/cm. Prototype AI risk estimate — not a veterinary diagnosis.",2026-09-30T17:24:20.000Z
pred_3418,cow_28,ses_3418,87,VERY_HIGH,MASTITIS_RISK,0.94,"Significant deviation: SCC surged by +487% (857 k/mL), Milk yield dropped by 32.6%, Conductivity elevated to 7.15 mS/cm. Prototype AI risk estimate — not a veterinary diagnosis.",2026-09-30T17:07:47.000Z
pred_3419,cow_29,ses_3419,94,VERY_HIGH,MASTITIS_RISK,0.94,"Significant deviation: SCC surged by +523.5% (954 k/mL), Milk yield dropped by 31.2%, Conductivity elevated to 7.28 mS/cm. Prototype AI risk estimate — not a veterinary diagnosis.",2026-09-30T18:02:08.000Z
pred_3420,cow_30,ses_3420,92,VERY_HIGH,MASTITIS_RISK,0.94,"Significant deviation: SCC surged by +887.8% (889 k/mL), Milk yield dropped by 26.6%, Conductivity elevated to 7.09 mS/cm. Prototype AI risk estimate — not a veterinary diagnosis.",2026-09-30T18:07:12.000Z
pred_3421,cow_1,ses_3421,9,LOW,MASTITIS_RISK,0.94,"Parameters aligned with historical baseline.",2026-10-01T06:14:45.000Z
pred_3422,cow_2,ses_3422,9,LOW,MASTITIS_RISK,0.94,"Parameters aligned with historical baseline.",2026-10-01T06:40:43.000Z
pred_3423,cow_3,ses_3423,9,LOW,MASTITIS_RISK,0.94,"Parameters aligned with historical baseline.",2026-10-01T06:40:44.000Z
pred_3424,cow_4,ses_3424,13,LOW,MASTITIS_RISK,0.94,"Parameters aligned with historical baseline.",2026-10-01T06:19:57.000Z
pred_3425,cow_5,ses_3425,10,LOW,MASTITIS_RISK,0.94,"Parameters aligned with historical baseline.",2026-10-01T06:35:33.000Z
pred_3426,cow_6,ses_3426,8,LOW,MASTITIS_RISK,0.94,"Parameters aligned with historical baseline.",2026-10-01T06:43:29.000Z
pred_3427,cow_7,ses_3427,11,LOW,MASTITIS_RISK,0.94,"Parameters aligned with historical baseline.",2026-10-01T07:00:53.000Z
pred_3428,cow_8,ses_3428,8,LOW,MASTITIS_RISK,0.94,"Parameters aligned with historical baseline.",2026-10-01T06:54:38.000Z
pred_3429,cow_9,ses_3429,11,LOW,MASTITIS_RISK,0.94,"Parameters aligned with historical baseline.",2026-10-01T06:08:31.000Z
pred_3430,cow_10,ses_3430,14,LOW,MASTITIS_RISK,0.94,"Parameters aligned with historical baseline.",2026-10-01T06:22:11.000Z
pred_3431,cow_11,ses_3431,10,LOW,MASTITIS_RISK,0.94,"Parameters aligned with historical baseline.",2026-10-01T06:37:41.000Z
pred_3432,cow_12,ses_3432,14,LOW,MASTITIS_RISK,0.94,"Parameters aligned with historical baseline.",2026-10-01T06:40:14.000Z
pred_3433,cow_13,ses_3433,7,LOW,MASTITIS_RISK,0.94,"Parameters aligned with historical baseline.",2026-10-01T07:29:08.000Z
pred_3434,cow_14,ses_3434,16,LOW,MASTITIS_RISK,0.94,"Parameters aligned with historical baseline.",2026-10-01T07:17:11.000Z
pred_3435,cow_15,ses_3435,12,LOW,MASTITIS_RISK,0.94,"Parameters aligned with historical baseline.",2026-10-01T06:53:45.000Z
pred_3436,cow_16,ses_3436,17,LOW,MASTITIS_RISK,0.94,"Parameters aligned with historical baseline.",2026-10-01T06:27:00.000Z
pred_3437,cow_17,ses_3437,14,LOW,MASTITIS_RISK,0.94,"Parameters aligned with historical baseline.",2026-10-01T07:06:00.000Z
pred_3438,cow_18,ses_3438,9,LOW,MASTITIS_RISK,0.94,"Parameters aligned with historical baseline.",2026-10-01T07:31:49.000Z
pred_3439,cow_19,ses_3439,16,LOW,MASTITIS_RISK,0.94,"Parameters aligned with historical baseline.",2026-10-01T06:54:44.000Z
pred_3440,cow_20,ses_3440,16,LOW,MASTITIS_RISK,0.94,"Parameters aligned with historical baseline.",2026-10-01T06:34:03.000Z
pred_3441,cow_21,ses_3441,56,MODERATE,MASTITIS_RISK,0.94,"Moderate deviation: SCC +94.8%, Conductivity +12.6%. Recommend continued monitoring.",2026-10-01T07:21:18.000Z
pred_3442,cow_22,ses_3442,56,MODERATE,MASTITIS_RISK,0.94,"Moderate deviation: SCC +81.7%, Conductivity +12.1%. Recommend continued monitoring.",2026-10-01T06:57:52.000Z
pred_3443,cow_23,ses_3443,51,MODERATE,MASTITIS_RISK,0.94,"Moderate deviation: SCC +90.1%, Conductivity +12.5%. Recommend continued monitoring.",2026-10-01T07:04:48.000Z
pred_3444,cow_24,ses_3444,51,MODERATE,MASTITIS_RISK,0.94,"Moderate deviation: SCC +85.6%, Conductivity +11.0%. Recommend continued monitoring.",2026-10-01T06:44:22.000Z
pred_3445,cow_25,ses_3445,51,MODERATE,MASTITIS_RISK,0.94,"Moderate deviation: SCC +80%, Conductivity +11.9%. Recommend continued monitoring.",2026-10-01T07:09:22.000Z
pred_3446,cow_26,ses_3446,89,VERY_HIGH,MASTITIS_RISK,0.94,"Significant deviation: SCC surged by +592.4% (914 k/mL), Milk yield dropped by 25.6%, Conductivity elevated to 7.1 mS/cm. Prototype AI risk estimate — not a veterinary diagnosis.",2026-10-01T06:21:19.000Z
pred_3447,cow_27,ses_3447,84,VERY_HIGH,MASTITIS_RISK,0.94,"Significant deviation: SCC surged by +562.6% (921 k/mL), Milk yield dropped by 26%, Conductivity elevated to 7.21 mS/cm. Prototype AI risk estimate — not a veterinary diagnosis.",2026-10-01T06:51:41.000Z
pred_3448,cow_28,ses_3448,88,VERY_HIGH,MASTITIS_RISK,0.94,"Significant deviation: SCC surged by +555.5% (957 k/mL), Milk yield dropped by 31.7%, Conductivity elevated to 7.04 mS/cm. Prototype AI risk estimate — not a veterinary diagnosis.",2026-10-01T06:42:14.000Z
pred_3449,cow_29,ses_3449,81,VERY_HIGH,MASTITIS_RISK,0.94,"Significant deviation: SCC surged by +535.3% (972 k/mL), Milk yield dropped by 27.1%, Conductivity elevated to 7.24 mS/cm. Prototype AI risk estimate — not a veterinary diagnosis.",2026-10-01T07:33:58.000Z
pred_3450,cow_30,ses_3450,85,VERY_HIGH,MASTITIS_RISK,0.94,"Significant deviation: SCC surged by +932.2% (929 k/mL), Milk yield dropped by 29.8%, Conductivity elevated to 7.05 mS/cm. Prototype AI risk estimate — not a veterinary diagnosis.",2026-10-01T06:41:55.000Z
pred_3451,cow_1,ses_3451,16,LOW,MASTITIS_RISK,0.94,"Parameters aligned with historical baseline.",2026-10-01T17:46:09.000Z
pred_3452,cow_2,ses_3452,17,LOW,MASTITIS_RISK,0.94,"Parameters aligned with historical baseline.",2026-10-01T17:24:06.000Z
pred_3453,cow_3,ses_3453,10,LOW,MASTITIS_RISK,0.94,"Parameters aligned with historical baseline.",2026-10-01T17:37:20.000Z
pred_3454,cow_4,ses_3454,10,LOW,MASTITIS_RISK,0.94,"Parameters aligned with historical baseline.",2026-10-01T18:07:12.000Z
pred_3455,cow_5,ses_3455,10,LOW,MASTITIS_RISK,0.94,"Parameters aligned with historical baseline.",2026-10-01T18:03:33.000Z
pred_3456,cow_6,ses_3456,14,LOW,MASTITIS_RISK,0.94,"Parameters aligned with historical baseline.",2026-10-01T17:33:38.000Z
pred_3457,cow_7,ses_3457,16,LOW,MASTITIS_RISK,0.94,"Parameters aligned with historical baseline.",2026-10-01T17:21:11.000Z
pred_3458,cow_8,ses_3458,10,LOW,MASTITIS_RISK,0.94,"Parameters aligned with historical baseline.",2026-10-01T17:54:46.000Z
pred_3459,cow_9,ses_3459,14,LOW,MASTITIS_RISK,0.94,"Parameters aligned with historical baseline.",2026-10-01T17:07:03.000Z
pred_3460,cow_10,ses_3460,15,LOW,MASTITIS_RISK,0.94,"Parameters aligned with historical baseline.",2026-10-01T17:45:14.000Z
pred_3461,cow_11,ses_3461,8,LOW,MASTITIS_RISK,0.94,"Parameters aligned with historical baseline.",2026-10-01T17:27:10.000Z
pred_3462,cow_12,ses_3462,10,LOW,MASTITIS_RISK,0.94,"Parameters aligned with historical baseline.",2026-10-01T17:21:16.000Z
pred_3463,cow_13,ses_3463,12,LOW,MASTITIS_RISK,0.94,"Parameters aligned with historical baseline.",2026-10-01T17:10:20.000Z
pred_3464,cow_14,ses_3464,14,LOW,MASTITIS_RISK,0.94,"Parameters aligned with historical baseline.",2026-10-01T17:52:26.000Z
pred_3465,cow_15,ses_3465,13,LOW,MASTITIS_RISK,0.94,"Parameters aligned with historical baseline.",2026-10-01T18:24:48.000Z
pred_3466,cow_16,ses_3466,12,LOW,MASTITIS_RISK,0.94,"Parameters aligned with historical baseline.",2026-10-01T17:26:24.000Z
pred_3467,cow_17,ses_3467,11,LOW,MASTITIS_RISK,0.94,"Parameters aligned with historical baseline.",2026-10-01T17:47:30.000Z
pred_3468,cow_18,ses_3468,9,LOW,MASTITIS_RISK,0.94,"Parameters aligned with historical baseline.",2026-10-01T18:11:57.000Z
pred_3469,cow_19,ses_3469,14,LOW,MASTITIS_RISK,0.94,"Parameters aligned with historical baseline.",2026-10-01T17:32:19.000Z
pred_3470,cow_20,ses_3470,13,LOW,MASTITIS_RISK,0.94,"Parameters aligned with historical baseline.",2026-10-01T17:14:52.000Z
pred_3471,cow_21,ses_3471,51,MODERATE,MASTITIS_RISK,0.94,"Moderate deviation: SCC +90.7%, Conductivity +11.7%. Recommend continued monitoring.",2026-10-01T17:56:22.000Z
pred_3472,cow_22,ses_3472,53,MODERATE,MASTITIS_RISK,0.94,"Moderate deviation: SCC +93.3%, Conductivity +11.6%. Recommend continued monitoring.",2026-10-01T17:24:51.000Z
pred_3473,cow_23,ses_3473,55,MODERATE,MASTITIS_RISK,0.94,"Moderate deviation: SCC +93.7%, Conductivity +11.6%. Recommend continued monitoring.",2026-10-01T17:04:41.000Z
pred_3474,cow_24,ses_3474,50,MODERATE,MASTITIS_RISK,0.94,"Moderate deviation: SCC +77.1%, Conductivity +12.6%. Recommend continued monitoring.",2026-10-01T17:50:16.000Z
pred_3475,cow_25,ses_3475,54,MODERATE,MASTITIS_RISK,0.94,"Moderate deviation: SCC +85.6%, Conductivity +12.1%. Recommend continued monitoring.",2026-10-01T17:15:41.000Z
pred_3476,cow_26,ses_3476,84,VERY_HIGH,MASTITIS_RISK,0.94,"Significant deviation: SCC surged by +552.3% (861 k/mL), Milk yield dropped by 26.8%, Conductivity elevated to 7.13 mS/cm. Prototype AI risk estimate — not a veterinary diagnosis.",2026-10-01T17:48:37.000Z
pred_3477,cow_27,ses_3477,93,VERY_HIGH,MASTITIS_RISK,0.94,"Significant deviation: SCC surged by +543.9% (895 k/mL), Milk yield dropped by 34.5%, Conductivity elevated to 7.31 mS/cm. Prototype AI risk estimate — not a veterinary diagnosis.",2026-10-01T17:58:19.000Z
pred_3478,cow_28,ses_3478,91,VERY_HIGH,MASTITIS_RISK,0.94,"Significant deviation: SCC surged by +554.8% (956 k/mL), Milk yield dropped by 28.2%, Conductivity elevated to 7.07 mS/cm. Prototype AI risk estimate — not a veterinary diagnosis.",2026-10-01T18:10:36.000Z
pred_3479,cow_29,ses_3479,86,VERY_HIGH,MASTITIS_RISK,0.94,"Significant deviation: SCC surged by +550.3% (995 k/mL), Milk yield dropped by 26%, Conductivity elevated to 7.19 mS/cm. Prototype AI risk estimate — not a veterinary diagnosis.",2026-10-01T17:20:16.000Z
pred_3480,cow_30,ses_3480,90,VERY_HIGH,MASTITIS_RISK,0.94,"Significant deviation: SCC surged by +882.2% (884 k/mL), Milk yield dropped by 33.9%, Conductivity elevated to 7.04 mS/cm. Prototype AI risk estimate — not a veterinary diagnosis.",2026-10-01T17:55:17.000Z
pred_3481,cow_1,ses_3481,9,LOW,MASTITIS_RISK,0.94,"Parameters aligned with historical baseline.",2026-10-02T06:39:01.000Z
pred_3482,cow_2,ses_3482,12,LOW,MASTITIS_RISK,0.94,"Parameters aligned with historical baseline.",2026-10-02T07:34:43.000Z
pred_3483,cow_3,ses_3483,12,LOW,MASTITIS_RISK,0.94,"Parameters aligned with historical baseline.",2026-10-02T07:18:14.000Z
pred_3484,cow_4,ses_3484,17,LOW,MASTITIS_RISK,0.94,"Parameters aligned with historical baseline.",2026-10-02T06:12:43.000Z
pred_3485,cow_5,ses_3485,13,LOW,MASTITIS_RISK,0.94,"Parameters aligned with historical baseline.",2026-10-02T06:36:10.000Z
pred_3486,cow_6,ses_3486,15,LOW,MASTITIS_RISK,0.94,"Parameters aligned with historical baseline.",2026-10-02T06:50:22.000Z
pred_3487,cow_7,ses_3487,17,LOW,MASTITIS_RISK,0.94,"Parameters aligned with historical baseline.",2026-10-02T06:34:16.000Z
pred_3488,cow_8,ses_3488,9,LOW,MASTITIS_RISK,0.94,"Parameters aligned with historical baseline.",2026-10-02T07:16:42.000Z
pred_3489,cow_9,ses_3489,12,LOW,MASTITIS_RISK,0.94,"Parameters aligned with historical baseline.",2026-10-02T07:24:22.000Z
pred_3490,cow_10,ses_3490,9,LOW,MASTITIS_RISK,0.94,"Parameters aligned with historical baseline.",2026-10-02T07:00:01.000Z
pred_3491,cow_11,ses_3491,9,LOW,MASTITIS_RISK,0.94,"Parameters aligned with historical baseline.",2026-10-02T07:06:00.000Z
pred_3492,cow_12,ses_3492,16,LOW,MASTITIS_RISK,0.94,"Parameters aligned with historical baseline.",2026-10-02T07:05:37.000Z
pred_3493,cow_13,ses_3493,15,LOW,MASTITIS_RISK,0.94,"Parameters aligned with historical baseline.",2026-10-02T06:49:00.000Z
pred_3494,cow_14,ses_3494,9,LOW,MASTITIS_RISK,0.94,"Parameters aligned with historical baseline.",2026-10-02T06:45:24.000Z
pred_3495,cow_15,ses_3495,15,LOW,MASTITIS_RISK,0.94,"Parameters aligned with historical baseline.",2026-10-02T06:59:02.000Z
pred_3496,cow_16,ses_3496,16,LOW,MASTITIS_RISK,0.94,"Parameters aligned with historical baseline.",2026-10-02T07:19:24.000Z
pred_3497,cow_17,ses_3497,13,LOW,MASTITIS_RISK,0.94,"Parameters aligned with historical baseline.",2026-10-02T06:29:02.000Z
pred_3498,cow_18,ses_3498,16,LOW,MASTITIS_RISK,0.94,"Parameters aligned with historical baseline.",2026-10-02T07:10:11.000Z
pred_3499,cow_19,ses_3499,11,LOW,MASTITIS_RISK,0.94,"Parameters aligned with historical baseline.",2026-10-02T06:58:08.000Z
pred_3500,cow_20,ses_3500,15,LOW,MASTITIS_RISK,0.94,"Parameters aligned with historical baseline.",2026-10-02T06:42:34.000Z
pred_3501,cow_21,ses_3501,55,MODERATE,MASTITIS_RISK,0.94,"Moderate deviation: SCC +85.6%, Conductivity +11.8%. Recommend continued monitoring.",2026-10-02T06:11:05.000Z
pred_3502,cow_22,ses_3502,55,MODERATE,MASTITIS_RISK,0.94,"Moderate deviation: SCC +78.8%, Conductivity +11.4%. Recommend continued monitoring.",2026-10-02T07:04:52.000Z
pred_3503,cow_23,ses_3503,55,MODERATE,MASTITIS_RISK,0.94,"Moderate deviation: SCC +90.1%, Conductivity +11.6%. Recommend continued monitoring.",2026-10-02T07:00:51.000Z
pred_3504,cow_24,ses_3504,52,MODERATE,MASTITIS_RISK,0.94,"Moderate deviation: SCC +83.1%, Conductivity +11.2%. Recommend continued monitoring.",2026-10-02T06:11:59.000Z
pred_3505,cow_25,ses_3505,55,MODERATE,MASTITIS_RISK,0.94,"Moderate deviation: SCC +88.8%, Conductivity +11.7%. Recommend continued monitoring.",2026-10-02T06:55:43.000Z
pred_3506,cow_26,ses_3506,84,VERY_HIGH,MASTITIS_RISK,0.94,"Significant deviation: SCC surged by +553% (862 k/mL), Milk yield dropped by 25.1%, Conductivity elevated to 7.12 mS/cm. Prototype AI risk estimate — not a veterinary diagnosis.",2026-10-02T06:53:07.000Z
pred_3507,cow_27,ses_3507,86,VERY_HIGH,MASTITIS_RISK,0.94,"Significant deviation: SCC surged by +545.3% (897 k/mL), Milk yield dropped by 26%, Conductivity elevated to 7.19 mS/cm. Prototype AI risk estimate — not a veterinary diagnosis.",2026-10-02T07:00:55.000Z
pred_3508,cow_28,ses_3508,90,VERY_HIGH,MASTITIS_RISK,0.94,"Significant deviation: SCC surged by +600% (1022 k/mL), Milk yield dropped by 29.9%, Conductivity elevated to 6.98 mS/cm. Prototype AI risk estimate — not a veterinary diagnosis.",2026-10-02T06:55:33.000Z
pred_3509,cow_29,ses_3509,91,VERY_HIGH,MASTITIS_RISK,0.94,"Significant deviation: SCC surged by +468.6% (870 k/mL), Milk yield dropped by 29.1%, Conductivity elevated to 7.27 mS/cm. Prototype AI risk estimate — not a veterinary diagnosis.",2026-10-02T07:14:54.000Z
pred_3510,cow_30,ses_3510,86,VERY_HIGH,MASTITIS_RISK,0.94,"Significant deviation: SCC surged by +912.2% (911 k/mL), Milk yield dropped by 25.8%, Conductivity elevated to 7.03 mS/cm. Prototype AI risk estimate — not a veterinary diagnosis.",2026-10-02T07:23:03.000Z
pred_3511,cow_1,ses_3511,12,LOW,MASTITIS_RISK,0.94,"Parameters aligned with historical baseline.",2026-10-02T18:08:57.000Z
pred_3512,cow_2,ses_3512,17,LOW,MASTITIS_RISK,0.94,"Parameters aligned with historical baseline.",2026-10-02T17:23:09.000Z
pred_3513,cow_3,ses_3513,12,LOW,MASTITIS_RISK,0.94,"Parameters aligned with historical baseline.",2026-10-02T17:33:55.000Z
pred_3514,cow_4,ses_3514,17,LOW,MASTITIS_RISK,0.94,"Parameters aligned with historical baseline.",2026-10-02T17:21:41.000Z
pred_3515,cow_5,ses_3515,12,LOW,MASTITIS_RISK,0.94,"Parameters aligned with historical baseline.",2026-10-02T18:29:13.000Z
pred_3516,cow_6,ses_3516,15,LOW,MASTITIS_RISK,0.94,"Parameters aligned with historical baseline.",2026-10-02T17:23:44.000Z
pred_3517,cow_7,ses_3517,10,LOW,MASTITIS_RISK,0.94,"Parameters aligned with historical baseline.",2026-10-02T18:10:10.000Z
pred_3518,cow_8,ses_3518,14,LOW,MASTITIS_RISK,0.94,"Parameters aligned with historical baseline.",2026-10-02T17:22:16.000Z
pred_3519,cow_9,ses_3519,10,LOW,MASTITIS_RISK,0.94,"Parameters aligned with historical baseline.",2026-10-02T18:23:28.000Z
pred_3520,cow_10,ses_3520,17,LOW,MASTITIS_RISK,0.94,"Parameters aligned with historical baseline.",2026-10-02T17:46:56.000Z
pred_3521,cow_11,ses_3521,10,LOW,MASTITIS_RISK,0.94,"Parameters aligned with historical baseline.",2026-10-02T17:38:00.000Z
pred_3522,cow_12,ses_3522,7,LOW,MASTITIS_RISK,0.94,"Parameters aligned with historical baseline.",2026-10-02T17:26:55.000Z
pred_3523,cow_13,ses_3523,15,LOW,MASTITIS_RISK,0.94,"Parameters aligned with historical baseline.",2026-10-02T17:59:37.000Z
pred_3524,cow_14,ses_3524,15,LOW,MASTITIS_RISK,0.94,"Parameters aligned with historical baseline.",2026-10-02T18:04:56.000Z
pred_3525,cow_15,ses_3525,16,LOW,MASTITIS_RISK,0.94,"Parameters aligned with historical baseline.",2026-10-02T17:50:36.000Z
pred_3526,cow_16,ses_3526,15,LOW,MASTITIS_RISK,0.94,"Parameters aligned with historical baseline.",2026-10-02T18:01:13.000Z
pred_3527,cow_17,ses_3527,17,LOW,MASTITIS_RISK,0.94,"Parameters aligned with historical baseline.",2026-10-02T17:40:28.000Z
pred_3528,cow_18,ses_3528,15,LOW,MASTITIS_RISK,0.94,"Parameters aligned with historical baseline.",2026-10-02T17:04:05.000Z
pred_3529,cow_19,ses_3529,15,LOW,MASTITIS_RISK,0.94,"Parameters aligned with historical baseline.",2026-10-02T18:22:22.000Z
pred_3530,cow_20,ses_3530,10,LOW,MASTITIS_RISK,0.94,"Parameters aligned with historical baseline.",2026-10-02T17:21:58.000Z
pred_3531,cow_21,ses_3531,52,MODERATE,MASTITIS_RISK,0.94,"Moderate deviation: SCC +78.4%, Conductivity +12.6%. Recommend continued monitoring.",2026-10-02T17:38:03.000Z
pred_3532,cow_22,ses_3532,50,MODERATE,MASTITIS_RISK,0.94,"Moderate deviation: SCC +77.9%, Conductivity +11.1%. Recommend continued monitoring.",2026-10-02T18:15:20.000Z
pred_3533,cow_23,ses_3533,52,MODERATE,MASTITIS_RISK,0.94,"Moderate deviation: SCC +86.5%, Conductivity +12.7%. Recommend continued monitoring.",2026-10-02T18:05:42.000Z
pred_3534,cow_24,ses_3534,53,MODERATE,MASTITIS_RISK,0.94,"Moderate deviation: SCC +96.6%, Conductivity +11.2%. Recommend continued monitoring.",2026-10-02T17:59:21.000Z
pred_3535,cow_25,ses_3535,53,MODERATE,MASTITIS_RISK,0.94,"Moderate deviation: SCC +92%, Conductivity +11.6%. Recommend continued monitoring.",2026-10-02T17:06:49.000Z
pred_3536,cow_26,ses_3536,83,VERY_HIGH,MASTITIS_RISK,0.94,"Significant deviation: SCC surged by +587.1% (907 k/mL), Milk yield dropped by 34.9%, Conductivity elevated to 7.17 mS/cm. Prototype AI risk estimate — not a veterinary diagnosis.",2026-10-02T17:13:00.000Z
pred_3537,cow_27,ses_3537,86,VERY_HIGH,MASTITIS_RISK,0.94,"Significant deviation: SCC surged by +618.7% (999 k/mL), Milk yield dropped by 27.2%, Conductivity elevated to 7.25 mS/cm. Prototype AI risk estimate — not a veterinary diagnosis.",2026-10-02T18:01:04.000Z
pred_3538,cow_28,ses_3538,94,VERY_HIGH,MASTITIS_RISK,0.94,"Significant deviation: SCC surged by +539.7% (934 k/mL), Milk yield dropped by 29.4%, Conductivity elevated to 7.16 mS/cm. Prototype AI risk estimate — not a veterinary diagnosis.",2026-10-02T17:22:15.000Z
pred_3539,cow_29,ses_3539,82,VERY_HIGH,MASTITIS_RISK,0.94,"Significant deviation: SCC surged by +541.8% (982 k/mL), Milk yield dropped by 26.2%, Conductivity elevated to 7.25 mS/cm. Prototype AI risk estimate — not a veterinary diagnosis.",2026-10-02T18:06:47.000Z
pred_3540,cow_30,ses_3540,90,VERY_HIGH,MASTITIS_RISK,0.94,"Significant deviation: SCC surged by +865.6% (869 k/mL), Milk yield dropped by 28.5%, Conductivity elevated to 7.02 mS/cm. Prototype AI risk estimate — not a veterinary diagnosis.",2026-10-02T17:46:31.000Z
pred_3541,cow_1,ses_3541,13,LOW,MASTITIS_RISK,0.94,"Parameters aligned with historical baseline.",2026-10-03T06:29:58.000Z
pred_3542,cow_2,ses_3542,9,LOW,MASTITIS_RISK,0.94,"Parameters aligned with historical baseline.",2026-10-03T06:39:22.000Z
pred_3543,cow_3,ses_3543,11,LOW,MASTITIS_RISK,0.94,"Parameters aligned with historical baseline.",2026-10-03T06:23:46.000Z
pred_3544,cow_4,ses_3544,9,LOW,MASTITIS_RISK,0.94,"Parameters aligned with historical baseline.",2026-10-03T06:11:53.000Z
pred_3545,cow_5,ses_3545,10,LOW,MASTITIS_RISK,0.94,"Parameters aligned with historical baseline.",2026-10-03T06:15:48.000Z
pred_3546,cow_6,ses_3546,13,LOW,MASTITIS_RISK,0.94,"Parameters aligned with historical baseline.",2026-10-03T06:54:54.000Z
pred_3547,cow_7,ses_3547,15,LOW,MASTITIS_RISK,0.94,"Parameters aligned with historical baseline.",2026-10-03T06:40:37.000Z
pred_3548,cow_8,ses_3548,17,LOW,MASTITIS_RISK,0.94,"Parameters aligned with historical baseline.",2026-10-03T07:20:53.000Z
pred_3549,cow_9,ses_3549,7,LOW,MASTITIS_RISK,0.94,"Parameters aligned with historical baseline.",2026-10-03T07:24:11.000Z
pred_3550,cow_10,ses_3550,8,LOW,MASTITIS_RISK,0.94,"Parameters aligned with historical baseline.",2026-10-03T06:58:55.000Z
pred_3551,cow_11,ses_3551,15,LOW,MASTITIS_RISK,0.94,"Parameters aligned with historical baseline.",2026-10-03T06:19:13.000Z
pred_3552,cow_12,ses_3552,12,LOW,MASTITIS_RISK,0.94,"Parameters aligned with historical baseline.",2026-10-03T07:13:19.000Z
pred_3553,cow_13,ses_3553,15,LOW,MASTITIS_RISK,0.94,"Parameters aligned with historical baseline.",2026-10-03T07:18:44.000Z
pred_3554,cow_14,ses_3554,16,LOW,MASTITIS_RISK,0.94,"Parameters aligned with historical baseline.",2026-10-03T06:06:00.000Z
pred_3555,cow_15,ses_3555,15,LOW,MASTITIS_RISK,0.94,"Parameters aligned with historical baseline.",2026-10-03T06:16:34.000Z
pred_3556,cow_16,ses_3556,10,LOW,MASTITIS_RISK,0.94,"Parameters aligned with historical baseline.",2026-10-03T06:51:51.000Z
pred_3557,cow_17,ses_3557,8,LOW,MASTITIS_RISK,0.94,"Parameters aligned with historical baseline.",2026-10-03T06:58:37.000Z
pred_3558,cow_18,ses_3558,10,LOW,MASTITIS_RISK,0.94,"Parameters aligned with historical baseline.",2026-10-03T06:47:16.000Z
pred_3559,cow_19,ses_3559,17,LOW,MASTITIS_RISK,0.94,"Parameters aligned with historical baseline.",2026-10-03T06:34:45.000Z
pred_3560,cow_20,ses_3560,9,LOW,MASTITIS_RISK,0.94,"Parameters aligned with historical baseline.",2026-10-03T06:57:08.000Z
pred_3561,cow_21,ses_3561,52,MODERATE,MASTITIS_RISK,0.94,"Moderate deviation: SCC +82.5%, Conductivity +13.5%. Recommend continued monitoring.",2026-10-03T07:19:47.000Z
pred_3562,cow_22,ses_3562,56,MODERATE,MASTITIS_RISK,0.94,"Moderate deviation: SCC +99%, Conductivity +12.0%. Recommend continued monitoring.",2026-10-03T06:22:08.000Z
pred_3563,cow_23,ses_3563,55,MODERATE,MASTITIS_RISK,0.94,"Moderate deviation: SCC +97.3%, Conductivity +12.7%. Recommend continued monitoring.",2026-10-03T06:53:57.000Z
pred_3564,cow_24,ses_3564,51,MODERATE,MASTITIS_RISK,0.94,"Moderate deviation: SCC +93.2%, Conductivity +13.3%. Recommend continued monitoring.",2026-10-03T06:19:46.000Z
pred_3565,cow_25,ses_3565,56,MODERATE,MASTITIS_RISK,0.94,"Moderate deviation: SCC +84%, Conductivity +13.2%. Recommend continued monitoring.",2026-10-03T07:24:53.000Z
pred_3566,cow_26,ses_3566,85,VERY_HIGH,MASTITIS_RISK,0.94,"Significant deviation: SCC surged by +577.3% (894 k/mL), Milk yield dropped by 28.8%, Conductivity elevated to 7.19 mS/cm. Prototype AI risk estimate — not a veterinary diagnosis.",2026-10-03T06:58:15.000Z
pred_3567,cow_27,ses_3567,82,VERY_HIGH,MASTITIS_RISK,0.94,"Significant deviation: SCC surged by +563.3% (922 k/mL), Milk yield dropped by 33.5%, Conductivity elevated to 7.35 mS/cm. Prototype AI risk estimate — not a veterinary diagnosis.",2026-10-03T06:52:55.000Z
pred_3568,cow_28,ses_3568,90,VERY_HIGH,MASTITIS_RISK,0.94,"Significant deviation: SCC surged by +576.7% (988 k/mL), Milk yield dropped by 26.4%, Conductivity elevated to 7.13 mS/cm. Prototype AI risk estimate — not a veterinary diagnosis.",2026-10-03T06:35:17.000Z
pred_3569,cow_29,ses_3569,91,VERY_HIGH,MASTITIS_RISK,0.94,"Significant deviation: SCC surged by +530.7% (965 k/mL), Milk yield dropped by 28.8%, Conductivity elevated to 7.33 mS/cm. Prototype AI risk estimate — not a veterinary diagnosis.",2026-10-03T07:18:17.000Z
pred_3570,cow_30,ses_3570,85,VERY_HIGH,MASTITIS_RISK,0.94,"Significant deviation: SCC surged by +930% (927 k/mL), Milk yield dropped by 29%, Conductivity elevated to 7.05 mS/cm. Prototype AI risk estimate — not a veterinary diagnosis.",2026-10-03T07:28:35.000Z
pred_3571,cow_1,ses_3571,16,LOW,MASTITIS_RISK,0.94,"Parameters aligned with historical baseline.",2026-10-03T18:01:59.000Z
pred_3572,cow_2,ses_3572,17,LOW,MASTITIS_RISK,0.94,"Parameters aligned with historical baseline.",2026-10-03T18:09:09.000Z
pred_3573,cow_3,ses_3573,9,LOW,MASTITIS_RISK,0.94,"Parameters aligned with historical baseline.",2026-10-03T17:32:24.000Z
pred_3574,cow_4,ses_3574,7,LOW,MASTITIS_RISK,0.94,"Parameters aligned with historical baseline.",2026-10-03T18:01:19.000Z
pred_3575,cow_5,ses_3575,10,LOW,MASTITIS_RISK,0.94,"Parameters aligned with historical baseline.",2026-10-03T18:04:56.000Z
pred_3576,cow_6,ses_3576,15,LOW,MASTITIS_RISK,0.94,"Parameters aligned with historical baseline.",2026-10-03T17:39:08.000Z
pred_3577,cow_7,ses_3577,11,LOW,MASTITIS_RISK,0.94,"Parameters aligned with historical baseline.",2026-10-03T17:19:22.000Z
pred_3578,cow_8,ses_3578,14,LOW,MASTITIS_RISK,0.94,"Parameters aligned with historical baseline.",2026-10-03T18:19:33.000Z
pred_3579,cow_9,ses_3579,15,LOW,MASTITIS_RISK,0.94,"Parameters aligned with historical baseline.",2026-10-03T17:41:26.000Z
pred_3580,cow_10,ses_3580,11,LOW,MASTITIS_RISK,0.94,"Parameters aligned with historical baseline.",2026-10-03T17:22:07.000Z
pred_3581,cow_11,ses_3581,15,LOW,MASTITIS_RISK,0.94,"Parameters aligned with historical baseline.",2026-10-03T17:05:51.000Z
pred_3582,cow_12,ses_3582,10,LOW,MASTITIS_RISK,0.94,"Parameters aligned with historical baseline.",2026-10-03T17:57:44.000Z
pred_3583,cow_13,ses_3583,10,LOW,MASTITIS_RISK,0.94,"Parameters aligned with historical baseline.",2026-10-03T18:28:13.000Z
pred_3584,cow_14,ses_3584,8,LOW,MASTITIS_RISK,0.94,"Parameters aligned with historical baseline.",2026-10-03T17:37:40.000Z
pred_3585,cow_15,ses_3585,9,LOW,MASTITIS_RISK,0.94,"Parameters aligned with historical baseline.",2026-10-03T17:55:51.000Z
pred_3586,cow_16,ses_3586,13,LOW,MASTITIS_RISK,0.94,"Parameters aligned with historical baseline.",2026-10-03T17:37:51.000Z
pred_3587,cow_17,ses_3587,16,LOW,MASTITIS_RISK,0.94,"Parameters aligned with historical baseline.",2026-10-03T17:18:11.000Z
pred_3588,cow_18,ses_3588,16,LOW,MASTITIS_RISK,0.94,"Parameters aligned with historical baseline.",2026-10-03T17:16:58.000Z
pred_3589,cow_19,ses_3589,7,LOW,MASTITIS_RISK,0.94,"Parameters aligned with historical baseline.",2026-10-03T17:37:46.000Z
pred_3590,cow_20,ses_3590,15,LOW,MASTITIS_RISK,0.94,"Parameters aligned with historical baseline.",2026-10-03T18:34:30.000Z
pred_3591,cow_21,ses_3591,57,MODERATE,MASTITIS_RISK,0.94,"Moderate deviation: SCC +85.6%, Conductivity +11.8%. Recommend continued monitoring.",2026-10-03T18:03:10.000Z
pred_3592,cow_22,ses_3592,51,MODERATE,MASTITIS_RISK,0.94,"Moderate deviation: SCC +99%, Conductivity +12.7%. Recommend continued monitoring.",2026-10-03T18:28:47.000Z
pred_3593,cow_23,ses_3593,56,MODERATE,MASTITIS_RISK,0.94,"Moderate deviation: SCC +86.5%, Conductivity +12.5%. Recommend continued monitoring.",2026-10-03T18:15:04.000Z
pred_3594,cow_24,ses_3594,56,MODERATE,MASTITIS_RISK,0.94,"Moderate deviation: SCC +84.7%, Conductivity +11.7%. Recommend continued monitoring.",2026-10-03T17:29:06.000Z
pred_3595,cow_25,ses_3595,56,MODERATE,MASTITIS_RISK,0.94,"Moderate deviation: SCC +91.2%, Conductivity +12.7%. Recommend continued monitoring.",2026-10-03T18:24:53.000Z
pred_3596,cow_26,ses_3596,82,VERY_HIGH,MASTITIS_RISK,0.94,"Significant deviation: SCC surged by +668.9% (1015 k/mL), Milk yield dropped by 30.5%, Conductivity elevated to 7.21 mS/cm. Prototype AI risk estimate — not a veterinary diagnosis.",2026-10-03T17:42:39.000Z
pred_3597,cow_27,ses_3597,92,VERY_HIGH,MASTITIS_RISK,0.94,"Significant deviation: SCC surged by +557.6% (914 k/mL), Milk yield dropped by 31.3%, Conductivity elevated to 7.2 mS/cm. Prototype AI risk estimate — not a veterinary diagnosis.",2026-10-03T17:08:51.000Z
pred_3598,cow_28,ses_3598,80,VERY_HIGH,MASTITIS_RISK,0.94,"Significant deviation: SCC surged by +502.1% (879 k/mL), Milk yield dropped by 33.6%, Conductivity elevated to 7.17 mS/cm. Prototype AI risk estimate — not a veterinary diagnosis.",2026-10-03T18:29:53.000Z
pred_3599,cow_29,ses_3599,87,VERY_HIGH,MASTITIS_RISK,0.94,"Significant deviation: SCC surged by +574.5% (1032 k/mL), Milk yield dropped by 34.9%, Conductivity elevated to 7.28 mS/cm. Prototype AI risk estimate — not a veterinary diagnosis.",2026-10-03T17:09:07.000Z
pred_3600,cow_30,ses_3600,87,VERY_HIGH,MASTITIS_RISK,0.94,"Significant deviation: SCC surged by +990% (981 k/mL), Milk yield dropped by 31.9%, Conductivity elevated to 7.07 mS/cm. Prototype AI risk estimate — not a veterinary diagnosis.",2026-10-03T17:11:20.000Z