id,session_code,cow_id,station_id,rfid_tag_id,start_time,end_time,status,total_volume,average_flow,peak_flow,average_temperature,average_conductivity,average_ph,average_scc,milk_yield_deviation_percent,risk_score,risk_level
ses_1,SES-000001,cow_1,station_01,rfid_1,2026-08-05T06:54:00.000Z,2026-08-05T06:58:54.000Z,COMPLETED,13.07,2.60,3.72,38.6,5.53,6.65,105,2.1,16,LOW
ses_2,SES-000002,cow_2,station_01,rfid_2,2026-08-05T06:42:00.000Z,2026-08-05T06:46:30.000Z,COMPLETED,13.59,2.83,4.04,38.7,5.67,6.66,113,3,13,LOW
ses_3,SES-000003,cow_3,station_01,rfid_3,2026-08-05T06:00:00.000Z,2026-08-05T06:04:56.000Z,COMPLETED,12.88,2.39,3.41,38.5,5.52,6.6,119,-5.3,9,LOW
ses_4,SES-000004,cow_4,station_01,rfid_4,2026-08-05T07:11:00.000Z,2026-08-05T07:16:04.000Z,COMPLETED,13.38,2.63,3.76,38.7,5.67,6.66,107,-3.7,11,LOW
ses_5,SES-000005,cow_5,station_01,rfid_5,2026-08-05T06:03:00.000Z,2026-08-05T06:07:06.000Z,COMPLETED,14.45,2.84,4.06,38.6,5.42,6.7,126,1,14,LOW
ses_6,SES-000006,cow_6,station_01,rfid_6,2026-08-05T07:18:00.000Z,2026-08-05T07:23:01.000Z,COMPLETED,14.25,2.55,3.64,38.5,5.55,6.61,125,-2.4,14,LOW
ses_7,SES-000007,cow_7,station_01,rfid_7,2026-08-05T07:24:00.000Z,2026-08-05T07:28:10.000Z,COMPLETED,14.79,2.66,3.8,38.5,5.74,6.65,150,-0.7,11,LOW
ses_8,SES-000008,cow_8,station_01,rfid_8,2026-08-05T06:43:00.000Z,2026-08-05T06:48:14.000Z,COMPLETED,14.62,2.41,3.44,38.7,5.54,6.65,156,-4.4,9,LOW
ses_9,SES-000009,cow_9,station_01,rfid_9,2026-08-05T06:47:00.000Z,2026-08-05T06:52:39.000Z,COMPLETED,16.49,2.60,3.72,38.5,5.64,6.67,144,5,10,LOW
ses_10,SES-000010,cow_10,station_01,rfid_10,2026-08-05T06:54:00.000Z,2026-08-05T06:58:39.000Z,COMPLETED,15.67,2.87,4.1,38.6,5.44,6.7,96,-2.1,16,LOW
ses_11,SES-000011,cow_11,station_01,rfid_11,2026-08-05T06:39:00.000Z,2026-08-05T06:44:05.000Z,COMPLETED,15.76,2.51,3.58,38.8,5.59,6.62,92,-3.9,8,LOW
ses_12,SES-000012,cow_12,station_01,rfid_12,2026-08-05T06:43:00.000Z,2026-08-05T06:48:39.000Z,COMPLETED,17.46,2.62,3.74,38.5,5.65,6.67,95,4.6,11,LOW
ses_13,SES-000013,cow_13,station_01,rfid_13,2026-08-05T06:14:00.000Z,2026-08-05T06:19:19.000Z,COMPLETED,16.63,2.91,4.16,38.6,5.53,6.71,107,-2.7,11,LOW
ses_14,SES-000014,cow_14,station_01,rfid_14,2026-08-05T06:11:00.000Z,2026-08-05T06:16:44.000Z,COMPLETED,16.62,2.58,3.68,38.8,5.66,6.65,115,-4.5,9,LOW
ses_15,SES-000015,cow_15,station_01,rfid_15,2026-08-05T06:54:00.000Z,2026-08-05T06:58:59.000Z,COMPLETED,17.08,2.70,3.86,38.5,5.47,6.68,117,-4,10,LOW
ses_16,SES-000016,cow_16,station_01,rfid_16,2026-08-05T06:02:00.000Z,2026-08-05T06:06:26.000Z,COMPLETED,18.22,2.39,3.41,38.5,5.63,6.6,144,0.7,10,LOW
ses_17,SES-000017,cow_17,station_01,rfid_17,2026-08-05T06:35:00.000Z,2026-08-05T06:39:52.000Z,COMPLETED,18.7,2.57,3.67,38.8,5.68,6.64,137,1.6,12,LOW
ses_18,SES-000018,cow_18,station_01,rfid_18,2026-08-05T06:55:00.000Z,2026-08-05T07:00:06.000Z,COMPLETED,12.38,2.82,4.03,38.5,5.49,6.67,148,-3.3,9,LOW
ses_19,SES-000019,cow_19,station_01,rfid_19,2026-08-05T06:15:00.000Z,2026-08-05T06:20:24.000Z,COMPLETED,12.5,2.41,3.44,38.6,5.61,6.6,149,-4.6,12,LOW
ses_20,SES-000020,cow_20,station_01,rfid_20,2026-08-05T06:34:00.000Z,2026-08-05T06:39:26.000Z,COMPLETED,14,2.67,3.81,38.8,5.44,6.64,100,3.7,15,LOW
ses_21,SES-000021,cow_21,station_01,rfid_21,2026-08-05T07:21:00.000Z,2026-08-05T07:25:54.000Z,COMPLETED,13.99,2.88,4.11,38.5,5.61,6.67,89,1.4,17,LOW
ses_22,SES-000022,cow_22,station_01,rfid_22,2026-08-05T06:44:00.000Z,2026-08-05T06:49:43.000Z,COMPLETED,14.59,2.52,3.6,38.5,5.64,6.61,112,2.7,14,LOW
ses_23,SES-000023,cow_23,station_01,rfid_23,2026-08-05T07:09:00.000Z,2026-08-05T07:14:59.000Z,COMPLETED,14.71,2.71,3.87,38.7,5.55,6.69,119,1.4,11,LOW
ses_24,SES-000024,cow_24,station_01,rfid_24,2026-08-05T07:19:00.000Z,2026-08-05T07:24:22.000Z,COMPLETED,15.6,2.33,3.33,38.6,5.65,6.61,114,4.7,11,LOW
ses_25,SES-000025,cow_25,station_01,rfid_25,2026-08-05T06:01:00.000Z,2026-08-05T06:05:10.000Z,COMPLETED,15.66,2.62,3.74,38.6,5.5,6.67,129,2.4,8,LOW
ses_26,SES-000026,cow_26,station_01,rfid_26,2026-08-05T06:24:00.000Z,2026-08-05T06:28:16.000Z,COMPLETED,15.27,2.84,4.06,38.7,5.56,6.68,121,-2.1,15,LOW
ses_27,SES-000027,cow_27,station_01,rfid_27,2026-08-05T06:17:00.000Z,2026-08-05T06:22:20.000Z,COMPLETED,15.81,2.43,3.47,38.5,5.69,6.63,139,-0.6,10,LOW
ses_28,SES-000028,cow_28,station_01,rfid_28,2026-08-05T06:13:00.000Z,2026-08-05T06:18:01.000Z,COMPLETED,16.35,2.61,3.73,38.6,5.52,6.67,140,0.3,7,LOW
ses_29,SES-000029,cow_29,station_01,rfid_29,2026-08-05T06:13:00.000Z,2026-08-05T06:18:54.000Z,COMPLETED,17.19,2.91,4.16,38.6,5.62,6.69,143,3.6,8,LOW
ses_30,SES-000030,cow_30,station_01,rfid_30,2026-08-05T06:33:00.000Z,2026-08-05T06:37:27.000Z,COMPLETED,17.1,2.54,3.63,38.6,5.4,6.67,95,0.6,15,LOW
ses_31,SES-000031,cow_1,station_01,rfid_1,2026-08-05T17:49:00.000Z,2026-08-05T17:54:37.000Z,COMPLETED,12.28,2.55,3.65,38.5,5.52,6.63,98,-4.1,14,LOW
ses_32,SES-000032,cow_2,station_01,rfid_2,2026-08-05T18:00:00.000Z,2026-08-05T18:05:07.000Z,COMPLETED,12.44,2.85,4.07,38.7,5.68,6.67,115,-5.8,12,LOW
ses_33,SES-000033,cow_3,station_01,rfid_3,2026-08-05T17:18:00.000Z,2026-08-05T17:23:54.000Z,COMPLETED,13.23,2.48,3.54,38.6,5.51,6.65,122,-2.7,13,LOW
ses_34,SES-000034,cow_4,station_01,rfid_4,2026-08-05T18:13:00.000Z,2026-08-05T18:17:37.000Z,COMPLETED,14.3,2.67,3.81,38.6,5.64,6.67,118,2.9,17,LOW
ses_35,SES-000035,cow_5,station_01,rfid_5,2026-08-05T18:29:00.000Z,2026-08-05T18:34:32.000Z,COMPLETED,14.51,2.93,4.18,38.7,5.47,6.71,120,1.5,10,LOW
ses_36,SES-000036,cow_6,station_01,rfid_6,2026-08-05T18:20:00.000Z,2026-08-05T18:24:50.000Z,COMPLETED,14.65,2.55,3.64,38.6,5.61,6.65,128,0.3,9,LOW
ses_37,SES-000037,cow_7,station_01,rfid_7,2026-08-05T17:26:00.000Z,2026-08-05T17:31:56.000Z,COMPLETED,14.54,2.76,3.94,38.6,5.71,6.69,139,-2.4,9,LOW
ses_38,SES-000038,cow_8,station_01,rfid_8,2026-08-05T18:17:00.000Z,2026-08-05T18:22:49.000Z,COMPLETED,15.25,2.41,3.44,38.8,5.46,6.62,147,-0.3,11,LOW
ses_39,SES-000039,cow_9,station_01,rfid_9,2026-08-05T17:40:00.000Z,2026-08-05T17:45:14.000Z,COMPLETED,15.73,2.53,3.62,38.4,5.58,6.63,158,0.2,11,LOW
ses_40,SES-000040,cow_10,station_01,rfid_10,2026-08-05T18:15:00.000Z,2026-08-05T18:20:41.000Z,COMPLETED,15.34,2.77,3.95,38.6,5.39,6.67,94,-4.1,16,LOW
ses_41,SES-000041,cow_11,station_01,rfid_11,2026-08-05T17:56:00.000Z,2026-08-05T18:01:49.000Z,COMPLETED,16.15,2.45,3.5,38.6,5.52,6.64,106,-1.5,10,LOW
ses_42,SES-000042,cow_12,station_01,rfid_12,2026-08-05T17:23:00.000Z,2026-08-05T17:28:27.000Z,COMPLETED,16.68,2.69,3.84,38.6,5.7,6.64,104,-0.1,16,LOW
ses_43,SES-000043,cow_13,station_01,rfid_13,2026-08-05T17:10:00.000Z,2026-08-05T17:14:07.000Z,COMPLETED,16.84,2.88,4.12,38.7,5.48,6.67,100,-1.5,15,LOW
ses_44,SES-000044,cow_14,station_01,rfid_14,2026-08-05T17:31:00.000Z,2026-08-05T17:36:18.000Z,COMPLETED,17.78,2.56,3.66,38.6,5.67,6.63,107,2.2,12,LOW
ses_45,SES-000045,cow_15,station_01,rfid_15,2026-08-05T17:12:00.000Z,2026-08-05T17:16:09.000Z,COMPLETED,17.69,2.79,3.99,38.5,5.49,6.69,132,-0.6,9,LOW
ses_46,SES-000046,cow_16,station_01,rfid_16,2026-08-05T17:13:00.000Z,2026-08-05T17:18:06.000Z,COMPLETED,17.63,2.40,3.43,38.5,5.6,6.6,136,-2.6,13,LOW
ses_47,SES-000047,cow_17,station_01,rfid_17,2026-08-05T17:50:00.000Z,2026-08-05T17:54:24.000Z,COMPLETED,18.43,2.60,3.72,38.8,5.72,6.62,149,0.2,10,LOW
ses_48,SES-000048,cow_18,station_01,rfid_18,2026-08-05T17:04:00.000Z,2026-08-05T17:08:39.000Z,COMPLETED,13.22,2.76,3.94,38.5,5.48,6.7,151,3.3,13,LOW
ses_49,SES-000049,cow_19,station_01,rfid_19,2026-08-05T17:46:00.000Z,2026-08-05T17:50:22.000Z,COMPLETED,12.44,2.44,3.49,38.5,5.59,6.66,161,-5,12,LOW
ses_50,SES-000050,cow_20,station_01,rfid_20,2026-08-05T17:56:00.000Z,2026-08-05T18:00:58.000Z,COMPLETED,12.95,2.62,3.74,38.7,5.51,6.68,94,-4.1,12,LOW
ses_51,SES-000051,cow_21,station_01,rfid_21,2026-08-05T18:09:00.000Z,2026-08-05T18:13:53.000Z,COMPLETED,13.4,2.85,4.07,38.6,5.57,6.66,97,-2.9,11,LOW
ses_52,SES-000052,cow_22,station_01,rfid_22,2026-08-05T17:22:00.000Z,2026-08-05T17:27:00.000Z,COMPLETED,14.47,2.54,3.63,38.7,5.64,6.66,93,1.9,15,LOW
ses_53,SES-000053,cow_23,station_01,rfid_23,2026-08-05T17:04:00.000Z,2026-08-05T17:09:10.000Z,COMPLETED,14.47,2.74,3.92,38.7,5.51,6.67,112,-0.2,7,LOW
ses_54,SES-000054,cow_24,station_01,rfid_24,2026-08-05T18:04:00.000Z,2026-08-05T18:08:00.000Z,COMPLETED,14.39,2.35,3.36,38.6,5.61,6.63,123,-3.4,13,LOW
ses_55,SES-000055,cow_25,station_01,rfid_25,2026-08-05T18:22:00.000Z,2026-08-05T18:26:55.000Z,COMPLETED,15.41,2.63,3.75,38.6,5.45,6.65,114,0.7,8,LOW
ses_56,SES-000056,cow_26,station_01,rfid_26,2026-08-05T18:05:00.000Z,2026-08-05T18:10:12.000Z,COMPLETED,16.13,2.74,3.91,38.8,5.57,6.65,143,3.4,12,LOW
ses_57,SES-000057,cow_27,station_01,rfid_27,2026-08-05T17:44:00.000Z,2026-08-05T17:49:22.000Z,COMPLETED,16.08,2.52,3.6,38.6,5.73,6.64,140,1.1,17,LOW
ses_58,SES-000058,cow_28,station_01,rfid_28,2026-08-05T18:13:00.000Z,2026-08-05T18:18:55.000Z,COMPLETED,15.75,2.66,3.8,38.5,5.46,6.69,153,-3.4,16,LOW
ses_59,SES-000059,cow_29,station_01,rfid_29,2026-08-05T18:01:00.000Z,2026-08-05T18:06:33.000Z,COMPLETED,17.14,2.83,4.05,38.7,5.62,6.72,149,3.3,9,LOW
ses_60,SES-000060,cow_30,station_01,rfid_30,2026-08-05T17:34:00.000Z,2026-08-05T17:39:27.000Z,COMPLETED,16.42,2.54,3.63,38.5,5.42,6.65,79,-3.4,17,LOW
ses_61,SES-000061,cow_1,station_01,rfid_1,2026-08-06T06:37:00.000Z,2026-08-06T06:42:35.000Z,COMPLETED,12.03,2.60,3.72,38.6,5.59,6.67,103,-6,16,LOW
ses_62,SES-000062,cow_2,station_01,rfid_2,2026-08-06T06:42:00.000Z,2026-08-06T06:46:46.000Z,COMPLETED,13.41,2.87,4.1,38.7,5.67,6.68,112,1.6,9,LOW
ses_63,SES-000063,cow_3,station_01,rfid_3,2026-08-06T06:54:00.000Z,2026-08-06T06:58:09.000Z,COMPLETED,14.07,2.44,3.48,38.6,5.5,6.64,114,3.5,13,LOW
ses_64,SES-000064,cow_4,station_01,rfid_4,2026-08-06T06:15:00.000Z,2026-08-06T06:20:58.000Z,COMPLETED,14.19,2.68,3.83,38.6,5.65,6.66,110,2.1,16,LOW
ses_65,SES-000065,cow_5,station_01,rfid_5,2026-08-06T07:10:00.000Z,2026-08-06T07:14:00.000Z,COMPLETED,13.65,2.87,4.1,38.6,5.5,6.66,114,-4.5,8,LOW
ses_66,SES-000066,cow_6,station_01,rfid_6,2026-08-06T07:07:00.000Z,2026-08-06T07:12:16.000Z,COMPLETED,14.45,2.55,3.65,38.4,5.61,6.63,120,-1,14,LOW
ses_67,SES-000067,cow_7,station_01,rfid_7,2026-08-06T06:04:00.000Z,2026-08-06T06:09:15.000Z,COMPLETED,15.46,2.72,3.88,38.6,5.7,6.66,141,3.8,13,LOW
ses_68,SES-000068,cow_8,station_01,rfid_8,2026-08-06T06:17:00.000Z,2026-08-06T06:21:16.000Z,COMPLETED,15.67,2.37,3.39,38.8,5.48,6.65,151,2.4,13,LOW
ses_69,SES-000069,cow_9,station_01,rfid_9,2026-08-06T06:30:00.000Z,2026-08-06T06:35:20.000Z,COMPLETED,16.33,2.59,3.7,38.6,5.65,6.64,164,4,16,LOW
ses_70,SES-000070,cow_10,station_01,rfid_10,2026-08-06T06:21:00.000Z,2026-08-06T06:25:18.000Z,COMPLETED,16.77,2.82,4.03,38.5,5.45,6.71,86,4.8,13,LOW
ses_71,SES-000071,cow_11,station_01,rfid_11,2026-08-06T07:29:00.000Z,2026-08-06T07:33:30.000Z,COMPLETED,15.96,2.44,3.48,38.7,5.62,6.62,108,-2.7,9,LOW
ses_72,SES-000072,cow_12,station_01,rfid_12,2026-08-06T06:26:00.000Z,2026-08-06T06:31:54.000Z,COMPLETED,16.41,2.62,3.74,38.5,5.69,6.65,107,-1.7,13,LOW
ses_73,SES-000073,cow_13,station_01,rfid_13,2026-08-06T07:21:00.000Z,2026-08-06T07:26:19.000Z,COMPLETED,17.72,2.89,4.13,38.6,5.52,6.71,112,3.6,12,LOW
ses_74,SES-000074,cow_14,station_01,rfid_14,2026-08-06T06:53:00.000Z,2026-08-06T06:58:19.000Z,COMPLETED,17.25,2.51,3.58,38.7,5.59,6.61,121,-0.9,10,LOW
ses_75,SES-000075,cow_15,station_01,rfid_15,2026-08-06T06:01:00.000Z,2026-08-06T06:05:15.000Z,COMPLETED,17.45,2.68,3.83,38.5,5.4,6.67,129,-2,14,LOW
ses_76,SES-000076,cow_16,station_01,rfid_16,2026-08-06T06:19:00.000Z,2026-08-06T06:23:33.000Z,COMPLETED,17.84,2.42,3.46,38.6,5.55,6.63,135,-1.4,8,LOW
ses_77,SES-000077,cow_17,station_01,rfid_17,2026-08-06T06:18:00.000Z,2026-08-06T06:22:41.000Z,COMPLETED,18.97,2.61,3.73,38.6,5.74,6.65,148,3.1,13,LOW
ses_78,SES-000078,cow_18,station_01,rfid_18,2026-08-06T07:08:00.000Z,2026-08-06T07:13:53.000Z,COMPLETED,12.6,2.75,3.93,38.5,5.47,6.7,144,-1.6,7,LOW
ses_79,SES-000079,cow_19,station_01,rfid_19,2026-08-06T07:18:00.000Z,2026-08-06T07:22:11.000Z,COMPLETED,13.14,2.48,3.54,38.6,5.64,6.66,154,0.3,12,LOW
ses_80,SES-000080,cow_20,station_01,rfid_20,2026-08-06T07:21:00.000Z,2026-08-06T07:26:46.000Z,COMPLETED,13.06,2.67,3.81,38.7,5.5,6.65,80,-3.3,11,LOW
ses_81,SES-000081,cow_21,station_01,rfid_21,2026-08-06T06:29:00.000Z,2026-08-06T06:33:44.000Z,COMPLETED,14.03,2.88,4.12,38.4,5.61,6.71,93,1.7,12,LOW
ses_82,SES-000082,cow_22,station_01,rfid_22,2026-08-06T06:47:00.000Z,2026-08-06T06:52:28.000Z,COMPLETED,14.05,2.46,3.51,38.6,5.75,6.62,106,-1.1,9,LOW
ses_83,SES-000083,cow_23,station_01,rfid_23,2026-08-06T06:04:00.000Z,2026-08-06T06:08:14.000Z,COMPLETED,14.93,2.80,4,38.7,5.51,6.67,107,3,14,LOW
ses_84,SES-000084,cow_24,station_01,rfid_24,2026-08-06T06:39:00.000Z,2026-08-06T06:43:42.000Z,COMPLETED,14.57,2.43,3.47,38.4,5.64,6.61,124,-2.2,11,LOW
ses_85,SES-000085,cow_25,station_01,rfid_25,2026-08-06T06:10:00.000Z,2026-08-06T06:15:54.000Z,COMPLETED,15.7,2.65,3.78,38.6,5.46,6.62,114,2.6,9,LOW
ses_86,SES-000086,cow_26,station_01,rfid_26,2026-08-06T07:16:00.000Z,2026-08-06T07:20:26.000Z,COMPLETED,15.52,2.74,3.91,38.7,5.56,6.65,143,-0.5,11,LOW
ses_87,SES-000087,cow_27,station_01,rfid_27,2026-08-06T06:43:00.000Z,2026-08-06T06:47:48.000Z,COMPLETED,16.64,2.41,3.44,38.4,5.72,6.61,127,4.7,14,LOW
ses_88,SES-000088,cow_28,station_01,rfid_28,2026-08-06T07:12:00.000Z,2026-08-06T07:17:58.000Z,COMPLETED,16.92,2.70,3.86,38.6,5.48,6.67,154,3.8,9,LOW
ses_89,SES-000089,cow_29,station_01,rfid_29,2026-08-06T06:00:00.000Z,2026-08-06T06:05:41.000Z,COMPLETED,17.29,2.93,4.19,38.6,5.6,6.67,163,4.2,14,LOW
ses_90,SES-000090,cow_30,station_01,rfid_30,2026-08-06T06:57:00.000Z,2026-08-06T07:01:10.000Z,COMPLETED,17.3,2.48,3.55,38.6,5.49,6.61,93,1.8,12,LOW
ses_91,SES-000091,cow_1,station_01,rfid_1,2026-08-06T17:33:00.000Z,2026-08-06T17:37:09.000Z,COMPLETED,13.44,2.53,3.61,38.5,5.63,6.65,92,5,15,LOW
ses_92,SES-000092,cow_2,station_01,rfid_2,2026-08-06T17:03:00.000Z,2026-08-06T17:08:52.000Z,COMPLETED,13.92,2.78,3.97,38.6,5.74,6.7,100,5.5,10,LOW
ses_93,SES-000093,cow_3,station_01,rfid_3,2026-08-06T17:06:00.000Z,2026-08-06T17:11:17.000Z,COMPLETED,13.76,2.51,3.58,38.4,5.53,6.64,112,1.2,14,LOW
ses_94,SES-000094,cow_4,station_01,rfid_4,2026-08-06T17:56:00.000Z,2026-08-06T18:00:50.000Z,COMPLETED,13.46,2.62,3.74,38.7,5.62,6.64,125,-3.2,9,LOW
ses_95,SES-000095,cow_5,station_01,rfid_5,2026-08-06T17:55:00.000Z,2026-08-06T18:00:13.000Z,COMPLETED,14.18,2.90,4.14,38.7,5.44,6.68,126,-0.8,8,LOW
ses_96,SES-000096,cow_6,station_01,rfid_6,2026-08-06T17:56:00.000Z,2026-08-06T18:01:18.000Z,COMPLETED,15.2,2.47,3.53,38.6,5.61,6.64,136,4.1,12,LOW
ses_97,SES-000097,cow_7,station_01,rfid_7,2026-08-06T17:59:00.000Z,2026-08-06T18:03:48.000Z,COMPLETED,15.67,2.79,3.98,38.7,5.74,6.67,132,5.2,8,LOW
ses_98,SES-000098,cow_8,station_01,rfid_8,2026-08-06T17:45:00.000Z,2026-08-06T17:50:44.000Z,COMPLETED,15.29,2.36,3.37,38.7,5.55,6.61,141,-0.1,17,LOW
ses_99,SES-000099,cow_9,station_01,rfid_9,2026-08-06T17:05:00.000Z,2026-08-06T17:10:54.000Z,COMPLETED,15.64,2.55,3.65,38.5,5.61,6.64,159,-0.4,9,LOW
ses_100,SES-000100,cow_10,station_01,rfid_10,2026-08-06T17:02:00.000Z,2026-08-06T17:07:25.000Z,COMPLETED,15.61,2.83,4.05,38.5,5.39,6.7,82,-2.4,12,LOW
ses_101,SES-000101,cow_11,station_01,rfid_11,2026-08-06T17:41:00.000Z,2026-08-06T17:45:40.000Z,COMPLETED,16.55,2.48,3.55,38.8,5.55,6.65,100,0.9,14,LOW
ses_102,SES-000102,cow_12,station_01,rfid_12,2026-08-06T17:43:00.000Z,2026-08-06T17:47:44.000Z,COMPLETED,17.47,2.63,3.76,38.5,5.67,6.65,106,4.6,14,LOW
ses_103,SES-000103,cow_13,station_01,rfid_13,2026-08-06T17:32:00.000Z,2026-08-06T17:36:22.000Z,COMPLETED,17.57,2.93,4.18,38.7,5.52,6.72,114,2.7,13,LOW
ses_104,SES-000104,cow_14,station_01,rfid_14,2026-08-06T17:46:00.000Z,2026-08-06T17:50:47.000Z,COMPLETED,17,2.47,3.53,38.6,5.58,6.65,127,-2.3,14,LOW
ses_105,SES-000105,cow_15,station_01,rfid_15,2026-08-06T17:15:00.000Z,2026-08-06T17:19:28.000Z,COMPLETED,17.61,2.78,3.97,38.5,5.51,6.67,117,-1.1,15,LOW
ses_106,SES-000106,cow_16,station_01,rfid_16,2026-08-06T17:24:00.000Z,2026-08-06T17:29:39.000Z,COMPLETED,17.71,2.44,3.48,38.7,5.52,6.63,129,-2.2,12,LOW
ses_107,SES-000107,cow_17,station_01,rfid_17,2026-08-06T17:22:00.000Z,2026-08-06T17:27:14.000Z,COMPLETED,18.04,2.61,3.73,38.7,5.74,6.67,142,-2,12,LOW
ses_108,SES-000108,cow_18,station_01,rfid_18,2026-08-06T18:23:00.000Z,2026-08-06T18:27:49.000Z,COMPLETED,13.31,2.85,4.07,38.5,5.46,6.7,157,4,9,LOW
ses_109,SES-000109,cow_19,station_01,rfid_19,2026-08-06T17:10:00.000Z,2026-08-06T17:15:41.000Z,COMPLETED,13.21,2.46,3.51,38.6,5.67,6.62,150,0.8,7,LOW
ses_110,SES-000110,cow_20,station_01,rfid_20,2026-08-06T17:26:00.000Z,2026-08-06T17:31:56.000Z,COMPLETED,13.61,2.72,3.88,38.6,5.45,6.64,101,0.8,10,LOW
ses_111,SES-000111,cow_21,station_01,rfid_21,2026-08-06T17:26:00.000Z,2026-08-06T17:32:00.000Z,COMPLETED,13.4,2.93,4.18,38.4,5.55,6.67,101,-2.9,17,LOW
ses_112,SES-000112,cow_22,station_01,rfid_22,2026-08-06T17:58:00.000Z,2026-08-06T18:02:46.000Z,COMPLETED,13.68,2.50,3.57,38.6,5.7,6.64,110,-3.7,12,LOW
ses_113,SES-000113,cow_23,station_01,rfid_23,2026-08-06T17:43:00.000Z,2026-08-06T17:47:59.000Z,COMPLETED,14.05,2.68,3.83,38.7,5.53,6.69,115,-3.1,10,LOW
ses_114,SES-000114,cow_24,station_01,rfid_24,2026-08-06T17:15:00.000Z,2026-08-06T17:20:45.000Z,COMPLETED,14.95,2.38,3.4,38.4,5.66,6.61,108,0.3,8,LOW
ses_115,SES-000115,cow_25,station_01,rfid_25,2026-08-06T18:12:00.000Z,2026-08-06T18:16:57.000Z,COMPLETED,15.49,2.66,3.8,38.7,5.46,6.65,119,1.2,9,LOW
ses_116,SES-000116,cow_26,station_01,rfid_26,2026-08-06T17:00:00.000Z,2026-08-06T17:05:39.000Z,COMPLETED,15.64,2.84,4.06,38.6,5.52,6.67,139,0.3,12,LOW
ses_117,SES-000117,cow_27,station_01,rfid_27,2026-08-06T17:11:00.000Z,2026-08-06T17:15:34.000Z,COMPLETED,16.27,2.50,3.57,38.5,5.72,6.66,142,2.3,16,LOW
ses_118,SES-000118,cow_28,station_01,rfid_28,2026-08-06T18:04:00.000Z,2026-08-06T18:09:43.000Z,COMPLETED,15.81,2.63,3.76,38.6,5.46,6.66,143,-3,17,LOW
ses_119,SES-000119,cow_29,station_01,rfid_29,2026-08-06T18:28:00.000Z,2026-08-06T18:33:27.000Z,COMPLETED,16.19,2.87,4.1,38.7,5.67,6.66,164,-2.5,13,LOW
ses_120,SES-000120,cow_30,station_01,rfid_30,2026-08-06T18:30:00.000Z,2026-08-06T18:35:32.000Z,COMPLETED,17.5,2.53,3.62,38.6,5.51,6.66,96,2.9,16,LOW
ses_121,SES-000121,cow_1,station_01,rfid_1,2026-08-07T06:34:00.000Z,2026-08-07T06:39:07.000Z,COMPLETED,12.59,2.62,3.74,38.5,5.53,6.66,86,-1.6,9,LOW
ses_122,SES-000122,cow_2,station_01,rfid_2,2026-08-07T07:10:00.000Z,2026-08-07T07:14:36.000Z,COMPLETED,12.63,2.78,3.97,38.8,5.65,6.71,92,-4.3,10,LOW
ses_123,SES-000123,cow_3,station_01,rfid_3,2026-08-07T07:21:00.000Z,2026-08-07T07:26:30.000Z,COMPLETED,13.33,2.48,3.54,38.6,5.47,6.63,104,-2,15,LOW
ses_124,SES-000124,cow_4,station_01,rfid_4,2026-08-07T07:16:00.000Z,2026-08-07T07:21:24.000Z,COMPLETED,13.49,2.72,3.89,38.5,5.6,6.65,123,-2.9,9,LOW
ses_125,SES-000125,cow_5,station_01,rfid_5,2026-08-07T06:51:00.000Z,2026-08-07T06:56:39.000Z,COMPLETED,14.95,2.83,4.04,38.6,5.5,6.7,121,4.5,12,LOW
ses_126,SES-000126,cow_6,station_01,rfid_6,2026-08-07T07:20:00.000Z,2026-08-07T07:24:48.000Z,COMPLETED,13.9,2.47,3.53,38.5,5.51,6.65,140,-4.8,13,LOW
ses_127,SES-000127,cow_7,station_01,rfid_7,2026-08-07T07:19:00.000Z,2026-08-07T07:23:24.000Z,COMPLETED,14.15,2.79,3.98,38.7,5.65,6.65,129,-5,11,LOW
ses_128,SES-000128,cow_8,station_01,rfid_8,2026-08-07T06:45:00.000Z,2026-08-07T06:49:40.000Z,COMPLETED,14.87,2.38,3.4,38.7,5.48,6.63,146,-2.8,17,LOW
ses_129,SES-000129,cow_9,station_01,rfid_9,2026-08-07T06:48:00.000Z,2026-08-07T06:52:07.000Z,COMPLETED,15.72,2.60,3.71,38.4,5.65,6.63,162,0.1,17,LOW
ses_130,SES-000130,cow_10,station_01,rfid_10,2026-08-07T06:29:00.000Z,2026-08-07T06:33:28.000Z,COMPLETED,15.97,2.79,3.99,38.6,5.44,6.67,83,-0.2,8,LOW
ses_131,SES-000131,cow_11,station_01,rfid_11,2026-08-07T06:45:00.000Z,2026-08-07T06:50:29.000Z,COMPLETED,15.64,2.51,3.58,38.7,5.54,6.61,88,-4.6,16,LOW
ses_132,SES-000132,cow_12,station_01,rfid_12,2026-08-07T06:57:00.000Z,2026-08-07T07:01:50.000Z,COMPLETED,16.25,2.70,3.86,38.5,5.74,6.64,107,-2.7,12,LOW
ses_133,SES-000133,cow_13,station_01,rfid_13,2026-08-07T06:55:00.000Z,2026-08-07T06:59:41.000Z,COMPLETED,17.21,2.85,4.07,38.5,5.48,6.69,115,0.6,12,LOW
ses_134,SES-000134,cow_14,station_01,rfid_14,2026-08-07T06:12:00.000Z,2026-08-07T06:16:59.000Z,COMPLETED,16.98,2.56,3.66,38.6,5.61,6.63,114,-2.4,7,LOW
ses_135,SES-000135,cow_15,station_01,rfid_15,2026-08-07T06:39:00.000Z,2026-08-07T06:44:39.000Z,COMPLETED,17.73,2.69,3.84,38.4,5.4,6.67,129,-0.4,15,LOW
ses_136,SES-000136,cow_16,station_01,rfid_16,2026-08-07T06:20:00.000Z,2026-08-07T06:25:07.000Z,COMPLETED,18.53,2.39,3.42,38.7,5.58,6.62,130,2.4,11,LOW
ses_137,SES-000137,cow_17,station_01,rfid_17,2026-08-07T06:21:00.000Z,2026-08-07T06:26:23.000Z,COMPLETED,19.09,2.55,3.64,38.7,5.72,6.67,149,3.8,9,LOW
ses_138,SES-000138,cow_18,station_01,rfid_18,2026-08-07T06:11:00.000Z,2026-08-07T06:16:50.000Z,COMPLETED,12.77,2.85,4.07,38.5,5.52,6.67,151,-0.2,10,LOW
ses_139,SES-000139,cow_19,station_01,rfid_19,2026-08-07T06:37:00.000Z,2026-08-07T06:43:00.000Z,COMPLETED,13.47,2.42,3.45,38.7,5.57,6.63,162,2.8,8,LOW
ses_140,SES-000140,cow_20,station_01,rfid_20,2026-08-07T06:04:00.000Z,2026-08-07T06:08:51.000Z,COMPLETED,14.04,2.72,3.89,38.6,5.49,6.67,85,4,10,LOW
ses_141,SES-000141,cow_21,station_01,rfid_21,2026-08-07T06:55:00.000Z,2026-08-07T06:59:40.000Z,COMPLETED,14.27,2.83,4.04,38.5,5.6,6.71,97,3.4,8,LOW
ses_142,SES-000142,cow_22,station_01,rfid_22,2026-08-07T06:44:00.000Z,2026-08-07T06:48:25.000Z,COMPLETED,14.29,2.55,3.65,38.6,5.7,6.67,111,0.6,10,LOW
ses_143,SES-000143,cow_23,station_01,rfid_23,2026-08-07T06:14:00.000Z,2026-08-07T06:18:06.000Z,COMPLETED,14.94,2.70,3.86,38.6,5.46,6.64,99,3,12,LOW
ses_144,SES-000144,cow_24,station_01,rfid_24,2026-08-07T06:41:00.000Z,2026-08-07T06:45:11.000Z,COMPLETED,15.64,2.32,3.32,38.5,5.63,6.62,124,5,17,LOW
ses_145,SES-000145,cow_25,station_01,rfid_25,2026-08-07T06:52:00.000Z,2026-08-07T06:56:10.000Z,COMPLETED,14.63,2.62,3.74,38.6,5.39,6.63,117,-4.4,11,LOW
ses_146,SES-000146,cow_26,station_01,rfid_26,2026-08-07T06:19:00.000Z,2026-08-07T06:23:49.000Z,COMPLETED,14.99,2.79,3.98,38.8,5.53,6.68,138,-3.9,8,LOW
ses_147,SES-000147,cow_27,station_01,rfid_27,2026-08-07T06:09:00.000Z,2026-08-07T06:14:57.000Z,COMPLETED,16.7,2.39,3.42,38.5,5.69,6.63,141,5,15,LOW
ses_148,SES-000148,cow_28,station_01,rfid_28,2026-08-07T07:00:00.000Z,2026-08-07T07:04:21.000Z,COMPLETED,17,2.69,3.84,38.6,5.52,6.66,156,4.3,9,LOW
ses_149,SES-000149,cow_29,station_01,rfid_29,2026-08-07T06:16:00.000Z,2026-08-07T06:21:20.000Z,COMPLETED,16.41,2.85,4.07,38.8,5.68,6.67,163,-1.1,11,LOW
ses_150,SES-000150,cow_30,station_01,rfid_30,2026-08-07T06:36:00.000Z,2026-08-07T06:40:43.000Z,COMPLETED,17.76,2.47,3.53,38.4,5.48,6.64,90,4.5,8,LOW
ses_151,SES-000151,cow_1,station_01,rfid_1,2026-08-07T18:12:00.000Z,2026-08-07T18:17:02.000Z,COMPLETED,13.22,2.61,3.73,38.6,5.6,6.66,86,3.3,14,LOW
ses_152,SES-000152,cow_2,station_01,rfid_2,2026-08-07T18:20:00.000Z,2026-08-07T18:24:20.000Z,COMPLETED,13.09,2.81,4.01,38.8,5.69,6.71,111,-0.8,9,LOW
ses_153,SES-000153,cow_3,station_01,rfid_3,2026-08-07T17:41:00.000Z,2026-08-07T17:45:19.000Z,COMPLETED,14.33,2.40,3.43,38.5,5.52,6.66,120,5.4,14,LOW
ses_154,SES-000154,cow_4,station_01,rfid_4,2026-08-07T17:50:00.000Z,2026-08-07T17:54:11.000Z,COMPLETED,13.96,2.67,3.81,38.7,5.59,6.69,110,0.4,10,LOW
ses_155,SES-000155,cow_5,station_01,rfid_5,2026-08-07T17:42:00.000Z,2026-08-07T17:46:54.000Z,COMPLETED,13.95,2.82,4.03,38.8,5.43,6.67,119,-2.4,12,LOW
ses_156,SES-000156,cow_6,station_01,rfid_6,2026-08-07T17:06:00.000Z,2026-08-07T17:10:20.000Z,COMPLETED,14.49,2.51,3.58,38.6,5.57,6.65,142,-0.8,14,LOW
ses_157,SES-000157,cow_7,station_01,rfid_7,2026-08-07T17:49:00.000Z,2026-08-07T17:53:53.000Z,COMPLETED,14.58,2.77,3.95,38.7,5.64,6.7,128,-2.1,12,LOW
ses_158,SES-000158,cow_8,station_01,rfid_8,2026-08-07T17:24:00.000Z,2026-08-07T17:28:36.000Z,COMPLETED,15.7,2.32,3.31,38.8,5.47,6.65,148,2.6,10,LOW
ses_159,SES-000159,cow_9,station_01,rfid_9,2026-08-07T18:19:00.000Z,2026-08-07T18:24:05.000Z,COMPLETED,14.95,2.55,3.64,38.6,5.67,6.68,146,-4.8,10,LOW
ses_160,SES-000160,cow_10,station_01,rfid_10,2026-08-07T17:29:00.000Z,2026-08-07T17:33:25.000Z,COMPLETED,16.79,2.76,3.94,38.5,5.4,6.67,84,4.9,9,LOW
ses_161,SES-000161,cow_11,station_01,rfid_11,2026-08-07T17:21:00.000Z,2026-08-07T17:26:56.000Z,COMPLETED,16.11,2.46,3.51,38.8,5.6,6.61,91,-1.8,14,LOW
ses_162,SES-000162,cow_12,station_01,rfid_12,2026-08-07T17:11:00.000Z,2026-08-07T17:16:47.000Z,COMPLETED,16.15,2.60,3.72,38.4,5.73,6.67,104,-3.3,8,LOW
ses_163,SES-000163,cow_13,station_01,rfid_13,2026-08-07T18:30:00.000Z,2026-08-07T18:35:23.000Z,COMPLETED,17.5,2.92,4.17,38.5,5.47,6.68,108,2.3,10,LOW
ses_164,SES-000164,cow_14,station_01,rfid_14,2026-08-07T17:27:00.000Z,2026-08-07T17:32:24.000Z,COMPLETED,17.15,2.55,3.64,38.7,5.59,6.65,117,-1.4,14,LOW
ses_165,SES-000165,cow_15,station_01,rfid_15,2026-08-07T17:01:00.000Z,2026-08-07T17:05:38.000Z,COMPLETED,18.11,2.77,3.95,38.5,5.4,6.69,124,1.7,13,LOW
ses_166,SES-000166,cow_16,station_01,rfid_16,2026-08-07T17:49:00.000Z,2026-08-07T17:54:54.000Z,COMPLETED,17.31,2.43,3.47,38.7,5.6,6.6,125,-4.4,12,LOW
ses_167,SES-000167,cow_17,station_01,rfid_17,2026-08-07T17:00:00.000Z,2026-08-07T17:05:48.000Z,COMPLETED,17.93,2.54,3.63,38.7,5.64,6.68,148,-2.6,14,LOW
ses_168,SES-000168,cow_18,station_01,rfid_18,2026-08-07T17:35:00.000Z,2026-08-07T17:39:40.000Z,COMPLETED,13.47,2.78,3.97,38.6,5.56,6.65,138,5.2,10,LOW
ses_169,SES-000169,cow_19,station_01,rfid_19,2026-08-07T18:08:00.000Z,2026-08-07T18:13:53.000Z,COMPLETED,13.78,2.48,3.54,38.7,5.59,6.65,153,5.2,9,LOW
ses_170,SES-000170,cow_20,station_01,rfid_20,2026-08-07T18:13:00.000Z,2026-08-07T18:18:47.000Z,COMPLETED,13.59,2.72,3.89,38.8,5.43,6.64,90,0.7,7,LOW
ses_171,SES-000171,cow_21,station_01,rfid_21,2026-08-07T18:06:00.000Z,2026-08-07T18:11:14.000Z,COMPLETED,14.09,2.89,4.13,38.5,5.53,6.7,97,2.1,9,LOW
ses_172,SES-000172,cow_22,station_01,rfid_22,2026-08-07T17:09:00.000Z,2026-08-07T17:13:10.000Z,COMPLETED,13.63,2.54,3.63,38.5,5.67,6.66,103,-4,7,LOW
ses_173,SES-000173,cow_23,station_01,rfid_23,2026-08-07T17:10:00.000Z,2026-08-07T17:15:52.000Z,COMPLETED,14.96,2.74,3.91,38.7,5.48,6.66,100,3.2,12,LOW
ses_174,SES-000174,cow_24,station_01,rfid_24,2026-08-07T18:29:00.000Z,2026-08-07T18:34:21.000Z,COMPLETED,14.71,2.40,3.43,38.4,5.64,6.62,122,-1.3,16,LOW
ses_175,SES-000175,cow_25,station_01,rfid_25,2026-08-07T17:15:00.000Z,2026-08-07T17:19:05.000Z,COMPLETED,15.79,2.61,3.73,38.6,5.42,6.62,135,3.2,12,LOW
ses_176,SES-000176,cow_26,station_01,rfid_26,2026-08-07T18:11:00.000Z,2026-08-07T18:15:08.000Z,COMPLETED,15.5,2.83,4.04,38.8,5.53,6.71,140,-0.6,14,LOW
ses_177,SES-000177,cow_27,station_01,rfid_27,2026-08-07T17:57:00.000Z,2026-08-07T18:01:50.000Z,COMPLETED,15.55,2.48,3.55,38.5,5.73,6.61,128,-2.2,14,LOW
ses_178,SES-000178,cow_28,station_01,rfid_28,2026-08-07T17:15:00.000Z,2026-08-07T17:20:48.000Z,COMPLETED,16.8,2.67,3.82,38.7,5.54,6.64,146,3.1,7,LOW
ses_179,SES-000179,cow_29,station_01,rfid_29,2026-08-07T17:17:00.000Z,2026-08-07T17:22:17.000Z,COMPLETED,16.23,2.81,4.01,38.7,5.64,6.68,163,-2.2,10,LOW
ses_180,SES-000180,cow_30,station_01,rfid_30,2026-08-07T17:48:00.000Z,2026-08-07T17:52:11.000Z,COMPLETED,16.5,2.55,3.65,38.4,5.49,6.62,81,-2.9,11,LOW
ses_181,SES-000181,cow_1,station_01,rfid_1,2026-08-08T06:29:00.000Z,2026-08-08T06:33:06.000Z,COMPLETED,13.06,2.63,3.76,38.6,5.6,6.63,99,2,8,LOW
ses_182,SES-000182,cow_2,station_01,rfid_2,2026-08-08T07:12:00.000Z,2026-08-08T07:16:05.000Z,COMPLETED,12.98,2.80,4,38.6,5.7,6.67,102,-1.7,11,LOW
ses_183,SES-000183,cow_3,station_01,rfid_3,2026-08-08T07:05:00.000Z,2026-08-08T07:09:57.000Z,COMPLETED,13.76,2.47,3.53,38.6,5.55,6.63,123,1.2,9,LOW
ses_184,SES-000184,cow_4,station_01,rfid_4,2026-08-08T07:20:00.000Z,2026-08-08T07:25:49.000Z,COMPLETED,13.74,2.65,3.79,38.6,5.68,6.66,107,-1.2,10,LOW
ses_185,SES-000185,cow_5,station_01,rfid_5,2026-08-08T06:46:00.000Z,2026-08-08T06:50:41.000Z,COMPLETED,13.94,2.83,4.04,38.7,5.42,6.71,135,-2.5,14,LOW
ses_186,SES-000186,cow_6,station_01,rfid_6,2026-08-08T06:29:00.000Z,2026-08-08T06:34:21.000Z,COMPLETED,15.28,2.49,3.56,38.5,5.56,6.62,135,4.7,14,LOW
ses_187,SES-000187,cow_7,station_01,rfid_7,2026-08-08T07:12:00.000Z,2026-08-08T07:16:59.000Z,COMPLETED,14.51,2.74,3.91,38.7,5.64,6.67,148,-2.6,14,LOW
ses_188,SES-000188,cow_8,station_01,rfid_8,2026-08-08T07:14:00.000Z,2026-08-08T07:19:18.000Z,COMPLETED,15.23,2.32,3.32,38.8,5.5,6.61,151,-0.5,11,LOW
ses_189,SES-000189,cow_9,station_01,rfid_9,2026-08-08T07:06:00.000Z,2026-08-08T07:10:06.000Z,COMPLETED,15.97,2.58,3.68,38.4,5.62,6.65,159,1.7,10,LOW
ses_190,SES-000190,cow_10,station_01,rfid_10,2026-08-08T07:25:00.000Z,2026-08-08T07:31:00.000Z,COMPLETED,16.51,2.82,4.03,38.6,5.39,6.7,84,3.2,7,LOW
ses_191,SES-000191,cow_11,station_01,rfid_11,2026-08-08T07:27:00.000Z,2026-08-08T07:31:21.000Z,COMPLETED,15.87,2.42,3.45,38.8,5.53,6.66,86,-3.2,7,LOW
ses_192,SES-000192,cow_12,station_01,rfid_12,2026-08-08T06:01:00.000Z,2026-08-08T06:06:59.000Z,COMPLETED,17.3,2.72,3.89,38.6,5.74,6.65,110,3.6,14,LOW
ses_193,SES-000193,cow_13,station_01,rfid_13,2026-08-08T06:16:00.000Z,2026-08-08T06:21:34.000Z,COMPLETED,17.19,2.83,4.05,38.6,5.52,6.68,101,0.5,11,LOW
ses_194,SES-000194,cow_14,station_01,rfid_14,2026-08-08T06:15:00.000Z,2026-08-08T06:20:29.000Z,COMPLETED,17.67,2.53,3.61,38.7,5.65,6.64,126,1.6,13,LOW
ses_195,SES-000195,cow_15,station_01,rfid_15,2026-08-08T06:08:00.000Z,2026-08-08T06:12:25.000Z,COMPLETED,17.51,2.79,3.98,38.4,5.41,6.65,116,-1.6,11,LOW
ses_196,SES-000196,cow_16,station_01,rfid_16,2026-08-08T07:00:00.000Z,2026-08-08T07:05:23.000Z,COMPLETED,18.66,2.44,3.49,38.7,5.61,6.6,131,3.1,15,LOW
ses_197,SES-000197,cow_17,station_01,rfid_17,2026-08-08T06:17:00.000Z,2026-08-08T06:21:59.000Z,COMPLETED,18.39,2.61,3.73,38.7,5.71,6.65,135,-0.1,11,LOW
ses_198,SES-000198,cow_18,station_01,rfid_18,2026-08-08T06:40:00.000Z,2026-08-08T06:44:16.000Z,COMPLETED,12.31,2.78,3.97,38.6,5.5,6.66,135,-3.8,9,LOW
ses_199,SES-000199,cow_19,station_01,rfid_19,2026-08-08T06:52:00.000Z,2026-08-08T06:56:06.000Z,COMPLETED,12.54,2.47,3.53,38.6,5.59,6.62,157,-4.3,17,LOW
ses_200,SES-000200,cow_20,station_01,rfid_20,2026-08-08T06:32:00.000Z,2026-08-08T06:36:43.000Z,COMPLETED,12.92,2.61,3.73,38.6,5.49,6.64,90,-4.3,10,LOW
ses_201,SES-000201,cow_21,station_01,rfid_21,2026-08-08T06:26:00.000Z,2026-08-08T06:31:08.000Z,COMPLETED,13.36,2.93,4.18,38.5,5.54,6.68,102,-3.2,11,LOW
ses_202,SES-000202,cow_22,station_01,rfid_22,2026-08-08T06:16:00.000Z,2026-08-08T06:20:21.000Z,COMPLETED,14.61,2.51,3.59,38.5,5.67,6.67,97,2.9,15,LOW
ses_203,SES-000203,cow_23,station_01,rfid_23,2026-08-08T07:02:00.000Z,2026-08-08T07:07:16.000Z,COMPLETED,15.14,2.76,3.94,38.7,5.45,6.68,109,4.4,17,LOW
ses_204,SES-000204,cow_24,station_01,rfid_24,2026-08-08T07:22:00.000Z,2026-08-08T07:27:49.000Z,COMPLETED,15.67,2.32,3.32,38.4,5.61,6.61,111,5.2,17,LOW
ses_205,SES-000205,cow_25,station_01,rfid_25,2026-08-08T06:43:00.000Z,2026-08-08T06:47:16.000Z,COMPLETED,15.22,2.55,3.64,38.6,5.41,6.67,130,-0.5,15,LOW
ses_206,SES-000206,cow_26,station_01,rfid_26,2026-08-08T07:19:00.000Z,2026-08-08T07:23:58.000Z,COMPLETED,15.49,2.74,3.92,38.7,5.53,6.66,133,-0.7,13,LOW
ses_207,SES-000207,cow_27,station_01,rfid_27,2026-08-08T06:51:00.000Z,2026-08-08T06:55:02.000Z,COMPLETED,15.61,2.42,3.45,38.4,5.65,6.66,143,-1.8,8,LOW
ses_208,SES-000208,cow_28,station_01,rfid_28,2026-08-08T06:24:00.000Z,2026-08-08T06:29:33.000Z,COMPLETED,16.54,2.62,3.74,38.6,5.56,6.69,135,1.5,13,LOW
ses_209,SES-000209,cow_29,station_01,rfid_29,2026-08-08T06:21:00.000Z,2026-08-08T06:26:06.000Z,COMPLETED,16.19,2.81,4.01,38.8,5.62,6.7,141,-2.5,13,LOW
ses_210,SES-000210,cow_30,station_01,rfid_30,2026-08-08T06:13:00.000Z,2026-08-08T06:17:11.000Z,COMPLETED,16.36,2.51,3.59,38.5,5.46,6.61,94,-3.8,12,LOW
ses_211,SES-000211,cow_1,station_01,rfid_1,2026-08-08T18:27:00.000Z,2026-08-08T18:32:57.000Z,COMPLETED,12.89,2.58,3.68,38.7,5.53,6.67,103,0.7,14,LOW
ses_212,SES-000212,cow_2,station_01,rfid_2,2026-08-08T17:50:00.000Z,2026-08-08T17:54:38.000Z,COMPLETED,13.17,2.81,4.01,38.7,5.75,6.71,98,-0.2,14,LOW
ses_213,SES-000213,cow_3,station_01,rfid_3,2026-08-08T17:00:00.000Z,2026-08-08T17:04:11.000Z,COMPLETED,13.03,2.44,3.48,38.6,5.56,6.63,100,-4.2,9,LOW
ses_214,SES-000214,cow_4,station_01,rfid_4,2026-08-08T18:10:00.000Z,2026-08-08T18:14:01.000Z,COMPLETED,13.57,2.68,3.83,38.5,5.67,6.66,117,-2.4,12,LOW
ses_215,SES-000215,cow_5,station_01,rfid_5,2026-08-08T17:23:00.000Z,2026-08-08T17:27:16.000Z,COMPLETED,14.34,2.92,4.17,38.7,5.47,6.72,133,0.3,7,LOW
ses_216,SES-000216,cow_6,station_01,rfid_6,2026-08-08T18:07:00.000Z,2026-08-08T18:11:07.000Z,COMPLETED,14.28,2.50,3.57,38.5,5.53,6.66,142,-2.2,16,LOW
ses_217,SES-000217,cow_7,station_01,rfid_7,2026-08-08T18:24:00.000Z,2026-08-08T18:29:11.000Z,COMPLETED,14.93,2.72,3.89,38.5,5.71,6.68,146,0.2,10,LOW
ses_218,SES-000218,cow_8,station_01,rfid_8,2026-08-08T17:07:00.000Z,2026-08-08T17:12:22.000Z,COMPLETED,14.5,2.44,3.49,38.6,5.48,6.64,157,-5.2,15,LOW
ses_219,SES-000219,cow_9,station_01,rfid_9,2026-08-08T17:34:00.000Z,2026-08-08T17:38:30.000Z,COMPLETED,15.5,2.55,3.64,38.5,5.69,6.62,165,-1.3,13,LOW
ses_220,SES-000220,cow_10,station_01,rfid_10,2026-08-08T17:03:00.000Z,2026-08-08T17:08:46.000Z,COMPLETED,16.02,2.86,4.08,38.6,5.43,6.69,91,0.1,14,LOW
ses_221,SES-000221,cow_11,station_01,rfid_11,2026-08-08T17:57:00.000Z,2026-08-08T18:01:57.000Z,COMPLETED,15.72,2.51,3.59,38.7,5.57,6.64,95,-4.1,15,LOW
ses_222,SES-000222,cow_12,station_01,rfid_12,2026-08-08T17:49:00.000Z,2026-08-08T17:54:49.000Z,COMPLETED,17.25,2.67,3.81,38.5,5.64,6.65,109,3.3,14,LOW
ses_223,SES-000223,cow_13,station_01,rfid_13,2026-08-08T17:42:00.000Z,2026-08-08T17:47:43.000Z,COMPLETED,16.6,2.81,4.01,38.7,5.5,6.67,110,-2.9,13,LOW
ses_224,SES-000224,cow_14,station_01,rfid_14,2026-08-08T18:02:00.000Z,2026-08-08T18:07:23.000Z,COMPLETED,17.36,2.53,3.61,38.6,5.6,6.62,128,-0.2,9,LOW
ses_225,SES-000225,cow_15,station_01,rfid_15,2026-08-08T17:03:00.000Z,2026-08-08T17:08:43.000Z,COMPLETED,17.59,2.75,3.93,38.4,5.45,6.65,128,-1.2,8,LOW
ses_226,SES-000226,cow_16,station_01,rfid_16,2026-08-08T17:13:00.000Z,2026-08-08T17:17:04.000Z,COMPLETED,17.67,2.43,3.47,38.5,5.53,6.63,123,-2.4,11,LOW
ses_227,SES-000227,cow_17,station_01,rfid_17,2026-08-08T18:19:00.000Z,2026-08-08T18:23:10.000Z,COMPLETED,18.5,2.64,3.77,38.6,5.68,6.68,128,0.5,16,LOW
ses_228,SES-000228,cow_18,station_01,rfid_18,2026-08-08T17:20:00.000Z,2026-08-08T17:24:05.000Z,COMPLETED,12.22,2.81,4.02,38.5,5.57,6.65,146,-4.5,12,LOW
ses_229,SES-000229,cow_19,station_01,rfid_19,2026-08-08T18:13:00.000Z,2026-08-08T18:18:59.000Z,COMPLETED,13.16,2.48,3.54,38.5,5.58,6.66,149,0.5,15,LOW
ses_230,SES-000230,cow_20,station_01,rfid_20,2026-08-08T17:54:00.000Z,2026-08-08T17:59:54.000Z,COMPLETED,12.98,2.61,3.73,38.6,5.49,6.66,91,-3.9,11,LOW
ses_231,SES-000231,cow_21,station_01,rfid_21,2026-08-08T17:18:00.000Z,2026-08-08T17:22:46.000Z,COMPLETED,14.03,2.84,4.06,38.4,5.53,6.68,97,1.7,16,LOW
ses_232,SES-000232,cow_22,station_01,rfid_22,2026-08-08T17:41:00.000Z,2026-08-08T17:46:30.000Z,COMPLETED,14.82,2.53,3.62,38.5,5.69,6.65,111,4.4,9,LOW
ses_233,SES-000233,cow_23,station_01,rfid_23,2026-08-08T17:17:00.000Z,2026-08-08T17:22:40.000Z,COMPLETED,14.68,2.66,3.8,38.7,5.52,6.7,108,1.2,16,LOW
ses_234,SES-000234,cow_24,station_01,rfid_24,2026-08-08T18:18:00.000Z,2026-08-08T18:23:08.000Z,COMPLETED,14.81,2.44,3.48,38.4,5.64,6.62,126,-0.6,11,LOW
ses_235,SES-000235,cow_25,station_01,rfid_25,2026-08-08T18:27:00.000Z,2026-08-08T18:32:47.000Z,COMPLETED,16.05,2.63,3.76,38.5,5.4,6.65,132,4.9,15,LOW
ses_236,SES-000236,cow_26,station_01,rfid_26,2026-08-08T17:26:00.000Z,2026-08-08T17:31:39.000Z,COMPLETED,15.78,2.85,4.07,38.8,5.55,6.69,127,1.2,13,LOW
ses_237,SES-000237,cow_27,station_01,rfid_27,2026-08-08T18:02:00.000Z,2026-08-08T18:07:20.000Z,COMPLETED,16.14,2.42,3.46,38.4,5.71,6.65,132,1.5,14,LOW
ses_238,SES-000238,cow_28,station_01,rfid_28,2026-08-08T17:59:00.000Z,2026-08-08T18:03:47.000Z,COMPLETED,16.75,2.63,3.76,38.7,5.46,6.65,151,2.8,8,LOW
ses_239,SES-000239,cow_29,station_01,rfid_29,2026-08-08T17:09:00.000Z,2026-08-08T17:14:24.000Z,COMPLETED,16.65,2.90,4.14,38.6,5.61,6.69,163,0.3,14,LOW
ses_240,SES-000240,cow_30,station_01,rfid_30,2026-08-08T18:18:00.000Z,2026-08-08T18:23:57.000Z,COMPLETED,17.28,2.51,3.58,38.6,5.41,6.64,100,1.6,8,LOW
ses_241,SES-000241,cow_1,station_01,rfid_1,2026-08-09T07:15:00.000Z,2026-08-09T07:19:44.000Z,COMPLETED,12.41,2.62,3.74,38.5,5.59,6.63,97,-3,13,LOW
ses_242,SES-000242,cow_2,station_01,rfid_2,2026-08-09T06:36:00.000Z,2026-08-09T06:40:01.000Z,COMPLETED,13.57,2.77,3.95,38.7,5.71,6.69,111,2.8,10,LOW
ses_243,SES-000243,cow_3,station_01,rfid_3,2026-08-09T06:16:00.000Z,2026-08-09T06:21:41.000Z,COMPLETED,13,2.43,3.47,38.4,5.57,6.63,111,-4.4,8,LOW
ses_244,SES-000244,cow_4,station_01,rfid_4,2026-08-09T06:36:00.000Z,2026-08-09T06:40:18.000Z,COMPLETED,13.77,2.72,3.88,38.7,5.67,6.64,108,-0.9,13,LOW
ses_245,SES-000245,cow_5,station_01,rfid_5,2026-08-09T06:07:00.000Z,2026-08-09T06:11:03.000Z,COMPLETED,14.86,2.88,4.12,38.7,5.48,6.7,120,3.9,14,LOW
ses_246,SES-000246,cow_6,station_01,rfid_6,2026-08-09T06:51:00.000Z,2026-08-09T06:56:41.000Z,COMPLETED,14.91,2.58,3.68,38.5,5.55,6.67,129,2.1,13,LOW
ses_247,SES-000247,cow_7,station_01,rfid_7,2026-08-09T07:30:00.000Z,2026-08-09T07:34:11.000Z,COMPLETED,15.08,2.68,3.83,38.6,5.75,6.64,128,1.2,17,LOW
ses_248,SES-000248,cow_8,station_01,rfid_8,2026-08-09T07:02:00.000Z,2026-08-09T07:06:51.000Z,COMPLETED,15.57,2.32,3.32,38.8,5.55,6.62,141,1.8,11,LOW
ses_249,SES-000249,cow_9,station_01,rfid_9,2026-08-09T06:23:00.000Z,2026-08-09T06:28:36.000Z,COMPLETED,16.1,2.64,3.77,38.6,5.65,6.63,153,2.5,13,LOW
ses_250,SES-000250,cow_10,station_01,rfid_10,2026-08-09T07:22:00.000Z,2026-08-09T07:26:14.000Z,COMPLETED,15.73,2.74,3.92,38.6,5.47,6.66,81,-1.7,17,LOW
ses_251,SES-000251,cow_11,station_01,rfid_11,2026-08-09T06:50:00.000Z,2026-08-09T06:55:26.000Z,COMPLETED,15.61,2.39,3.41,38.6,5.61,6.63,92,-4.8,8,LOW
ses_252,SES-000252,cow_12,station_01,rfid_12,2026-08-09T07:18:00.000Z,2026-08-09T07:23:20.000Z,COMPLETED,16.58,2.62,3.74,38.5,5.67,6.66,102,-0.7,12,LOW
ses_253,SES-000253,cow_13,station_01,rfid_13,2026-08-09T06:12:00.000Z,2026-08-09T06:16:15.000Z,COMPLETED,16.77,2.82,4.03,38.7,5.47,6.68,105,-1.9,11,LOW
ses_254,SES-000254,cow_14,station_01,rfid_14,2026-08-09T06:26:00.000Z,2026-08-09T06:30:36.000Z,COMPLETED,16.76,2.48,3.55,38.7,5.67,6.62,130,-3.7,10,LOW
ses_255,SES-000255,cow_15,station_01,rfid_15,2026-08-09T06:53:00.000Z,2026-08-09T06:57:51.000Z,COMPLETED,17.94,2.77,3.96,38.4,5.5,6.64,133,0.8,14,LOW
ses_256,SES-000256,cow_16,station_01,rfid_16,2026-08-09T07:05:00.000Z,2026-08-09T07:09:25.000Z,COMPLETED,18.73,2.34,3.34,38.6,5.56,6.64,137,3.5,14,LOW
ses_257,SES-000257,cow_17,station_01,rfid_17,2026-08-09T06:47:00.000Z,2026-08-09T06:51:07.000Z,COMPLETED,18.98,2.65,3.79,38.7,5.73,6.63,134,3.2,11,LOW
ses_258,SES-000258,cow_18,station_01,rfid_18,2026-08-09T06:42:00.000Z,2026-08-09T06:47:00.000Z,COMPLETED,13.34,2.74,3.91,38.4,5.55,6.7,147,4.2,14,LOW
ses_259,SES-000259,cow_19,station_01,rfid_19,2026-08-09T07:08:00.000Z,2026-08-09T07:13:59.000Z,COMPLETED,12.56,2.48,3.54,38.6,5.6,6.65,155,-4.1,8,LOW
ses_260,SES-000260,cow_20,station_01,rfid_20,2026-08-09T06:35:00.000Z,2026-08-09T06:39:57.000Z,COMPLETED,12.78,2.60,3.71,38.7,5.48,6.65,80,-5.3,14,LOW
ses_261,SES-000261,cow_21,station_01,rfid_21,2026-08-09T06:32:00.000Z,2026-08-09T06:37:08.000Z,COMPLETED,13.81,2.81,4.02,38.5,5.54,6.71,87,0.1,14,LOW
ses_262,SES-000262,cow_22,station_01,rfid_22,2026-08-09T06:29:00.000Z,2026-08-09T06:33:52.000Z,COMPLETED,13.47,2.58,3.68,38.5,5.67,6.65,112,-5.1,14,LOW
ses_263,SES-000263,cow_23,station_01,rfid_23,2026-08-09T06:34:00.000Z,2026-08-09T06:38:27.000Z,COMPLETED,13.91,2.75,3.93,38.6,5.48,6.66,122,-4.1,9,LOW
ses_264,SES-000264,cow_24,station_01,rfid_24,2026-08-09T07:04:00.000Z,2026-08-09T07:08:54.000Z,COMPLETED,14.38,2.45,3.5,38.6,5.67,6.63,119,-3.5,16,LOW
ses_265,SES-000265,cow_25,station_01,rfid_25,2026-08-09T06:12:00.000Z,2026-08-09T06:16:34.000Z,COMPLETED,15.33,2.64,3.77,38.6,5.41,6.62,126,0.2,13,LOW
ses_266,SES-000266,cow_26,station_01,rfid_26,2026-08-09T07:30:00.000Z,2026-08-09T07:34:15.000Z,COMPLETED,15.76,2.77,3.96,38.7,5.53,6.67,140,1,13,LOW
ses_267,SES-000267,cow_27,station_01,rfid_27,2026-08-09T06:57:00.000Z,2026-08-09T07:01:20.000Z,COMPLETED,15.65,2.51,3.58,38.5,5.67,6.6,151,-1.6,10,LOW
ses_268,SES-000268,cow_28,station_01,rfid_28,2026-08-09T06:33:00.000Z,2026-08-09T06:38:29.000Z,COMPLETED,16.96,2.67,3.81,38.5,5.48,6.65,135,4,15,LOW
ses_269,SES-000269,cow_29,station_01,rfid_29,2026-08-09T06:33:00.000Z,2026-08-09T06:38:51.000Z,COMPLETED,16.68,2.91,4.16,38.7,5.68,6.7,148,0.5,13,LOW
ses_270,SES-000270,cow_30,station_01,rfid_30,2026-08-09T07:22:00.000Z,2026-08-09T07:27:48.000Z,COMPLETED,16.59,2.50,3.57,38.5,5.42,6.66,97,-2.4,8,LOW
ses_271,SES-000271,cow_1,station_01,rfid_1,2026-08-09T18:30:00.000Z,2026-08-09T18:34:31.000Z,COMPLETED,12.31,2.61,3.73,38.6,5.56,6.64,95,-3.8,10,LOW
ses_272,SES-000272,cow_2,station_01,rfid_2,2026-08-09T17:57:00.000Z,2026-08-09T18:02:14.000Z,COMPLETED,13.49,2.80,4,38.8,5.72,6.65,113,2.2,10,LOW
ses_273,SES-000273,cow_3,station_01,rfid_3,2026-08-09T18:15:00.000Z,2026-08-09T18:20:30.000Z,COMPLETED,12.85,2.46,3.52,38.5,5.48,6.64,113,-5.5,16,LOW
ses_274,SES-000274,cow_4,station_01,rfid_4,2026-08-09T17:42:00.000Z,2026-08-09T17:46:59.000Z,COMPLETED,13.76,2.70,3.86,38.6,5.62,6.66,127,-1,8,LOW
ses_275,SES-000275,cow_5,station_01,rfid_5,2026-08-09T17:07:00.000Z,2026-08-09T17:12:03.000Z,COMPLETED,13.88,2.87,4.1,38.6,5.47,6.71,133,-2.9,17,LOW
ses_276,SES-000276,cow_6,station_01,rfid_6,2026-08-09T17:05:00.000Z,2026-08-09T17:09:33.000Z,COMPLETED,14.17,2.53,3.61,38.6,5.59,6.66,125,-2.9,15,LOW
ses_277,SES-000277,cow_7,station_01,rfid_7,2026-08-09T17:05:00.000Z,2026-08-09T17:09:12.000Z,COMPLETED,14.42,2.73,3.9,38.5,5.74,6.68,136,-3.2,12,LOW
ses_278,SES-000278,cow_8,station_01,rfid_8,2026-08-09T17:22:00.000Z,2026-08-09T17:26:22.000Z,COMPLETED,15.73,2.32,3.31,38.8,5.5,6.61,139,2.8,9,LOW
ses_279,SES-000279,cow_9,station_01,rfid_9,2026-08-09T17:59:00.000Z,2026-08-09T18:03:19.000Z,COMPLETED,16.3,2.61,3.73,38.4,5.67,6.62,161,3.8,15,LOW
ses_280,SES-000280,cow_10,station_01,rfid_10,2026-08-09T18:25:00.000Z,2026-08-09T18:29:13.000Z,COMPLETED,16.4,2.80,4,38.5,5.41,6.68,86,2.5,9,LOW
ses_281,SES-000281,cow_11,station_01,rfid_11,2026-08-09T18:00:00.000Z,2026-08-09T18:04:22.000Z,COMPLETED,15.78,2.45,3.5,38.7,5.55,6.66,106,-3.8,8,LOW
ses_282,SES-000282,cow_12,station_01,rfid_12,2026-08-09T18:00:00.000Z,2026-08-09T18:05:37.000Z,COMPLETED,16.16,2.70,3.86,38.6,5.71,6.65,95,-3.2,9,LOW
ses_283,SES-000283,cow_13,station_01,rfid_13,2026-08-09T17:29:00.000Z,2026-08-09T17:34:45.000Z,COMPLETED,17.87,2.91,4.15,38.7,5.56,6.67,104,4.5,9,LOW
ses_284,SES-000284,cow_14,station_01,rfid_14,2026-08-09T17:26:00.000Z,2026-08-09T17:30:23.000Z,COMPLETED,16.68,2.50,3.57,38.6,5.58,6.67,108,-4.1,15,LOW
ses_285,SES-000285,cow_15,station_01,rfid_15,2026-08-09T18:11:00.000Z,2026-08-09T18:16:51.000Z,COMPLETED,17.18,2.74,3.91,38.6,5.47,6.68,126,-3.5,10,LOW
ses_286,SES-000286,cow_16,station_01,rfid_16,2026-08-09T17:59:00.000Z,2026-08-09T18:03:08.000Z,COMPLETED,17.5,2.33,3.33,38.6,5.55,6.63,134,-3.3,16,LOW
ses_287,SES-000287,cow_17,station_01,rfid_17,2026-08-09T17:22:00.000Z,2026-08-09T17:27:57.000Z,COMPLETED,18.57,2.63,3.76,38.6,5.64,6.62,129,0.9,10,LOW
ses_288,SES-000288,cow_18,station_01,rfid_18,2026-08-09T17:00:00.000Z,2026-08-09T17:06:00.000Z,COMPLETED,12.98,2.74,3.91,38.4,5.53,6.7,152,1.4,9,LOW
ses_289,SES-000289,cow_19,station_01,rfid_19,2026-08-09T17:55:00.000Z,2026-08-09T18:00:39.000Z,COMPLETED,13.86,2.45,3.5,38.6,5.61,6.61,164,5.8,14,LOW
ses_290,SES-000290,cow_20,station_01,rfid_20,2026-08-09T17:47:00.000Z,2026-08-09T17:52:35.000Z,COMPLETED,12.86,2.65,3.78,38.8,5.41,6.67,102,-4.7,8,LOW
ses_291,SES-000291,cow_21,station_01,rfid_21,2026-08-09T18:09:00.000Z,2026-08-09T18:13:16.000Z,COMPLETED,13.33,2.85,4.07,38.4,5.52,6.7,86,-3.4,12,LOW
ses_292,SES-000292,cow_22,station_01,rfid_22,2026-08-09T18:05:00.000Z,2026-08-09T18:10:05.000Z,COMPLETED,14.11,2.55,3.65,38.6,5.71,6.67,110,-0.6,13,LOW
ses_293,SES-000293,cow_23,station_01,rfid_23,2026-08-09T17:33:00.000Z,2026-08-09T17:38:25.000Z,COMPLETED,13.87,2.79,3.99,38.7,5.56,6.66,114,-4.3,12,LOW
ses_294,SES-000294,cow_24,station_01,rfid_24,2026-08-09T17:48:00.000Z,2026-08-09T17:53:35.000Z,COMPLETED,14.63,2.37,3.38,38.5,5.61,6.63,129,-1.8,15,LOW
ses_295,SES-000295,cow_25,station_01,rfid_25,2026-08-09T18:05:00.000Z,2026-08-09T18:09:36.000Z,COMPLETED,15.49,2.52,3.6,38.6,5.48,6.66,136,1.2,11,LOW
ses_296,SES-000296,cow_26,station_01,rfid_26,2026-08-09T17:22:00.000Z,2026-08-09T17:26:05.000Z,COMPLETED,15.33,2.83,4.05,38.6,5.62,6.68,136,-1.7,16,LOW
ses_297,SES-000297,cow_27,station_01,rfid_27,2026-08-09T18:20:00.000Z,2026-08-09T18:24:26.000Z,COMPLETED,16.43,2.52,3.6,38.4,5.67,6.64,133,3.3,17,LOW
ses_298,SES-000298,cow_28,station_01,rfid_28,2026-08-09T17:40:00.000Z,2026-08-09T17:45:15.000Z,COMPLETED,15.83,2.59,3.7,38.7,5.51,6.67,154,-2.9,8,LOW
ses_299,SES-000299,cow_29,station_01,rfid_29,2026-08-09T17:56:00.000Z,2026-08-09T18:00:51.000Z,COMPLETED,16.32,2.83,4.04,38.6,5.6,6.71,155,-1.7,10,LOW
ses_300,SES-000300,cow_30,station_01,rfid_30,2026-08-09T17:43:00.000Z,2026-08-09T17:48:45.000Z,COMPLETED,17.4,2.53,3.62,38.5,5.43,6.63,78,2.4,13,LOW
ses_301,SES-000301,cow_1,station_01,rfid_1,2026-08-10T07:13:00.000Z,2026-08-10T07:17:01.000Z,COMPLETED,12.53,2.55,3.65,38.7,5.52,6.64,106,-2.1,15,LOW
ses_302,SES-000302,cow_2,station_01,rfid_2,2026-08-10T06:21:00.000Z,2026-08-10T06:25:52.000Z,COMPLETED,13.41,2.84,4.06,38.7,5.74,6.68,113,1.6,13,LOW
ses_303,SES-000303,cow_3,station_01,rfid_3,2026-08-10T07:24:00.000Z,2026-08-10T07:28:16.000Z,COMPLETED,12.92,2.51,3.59,38.5,5.51,6.64,102,-5,16,LOW
ses_304,SES-000304,cow_4,station_01,rfid_4,2026-08-10T06:02:00.000Z,2026-08-10T06:07:13.000Z,COMPLETED,13.58,2.66,3.8,38.6,5.61,6.63,108,-2.3,15,LOW
ses_305,SES-000305,cow_5,station_01,rfid_5,2026-08-10T06:55:00.000Z,2026-08-10T06:59:39.000Z,COMPLETED,15,2.91,4.15,38.8,5.49,6.71,121,4.9,14,LOW
ses_306,SES-000306,cow_6,station_01,rfid_6,2026-08-10T06:45:00.000Z,2026-08-10T06:49:30.000Z,COMPLETED,14.99,2.53,3.61,38.6,5.57,6.66,139,2.7,15,LOW
ses_307,SES-000307,cow_7,station_01,rfid_7,2026-08-10T06:57:00.000Z,2026-08-10T07:01:55.000Z,COMPLETED,14.52,2.72,3.88,38.6,5.73,6.68,136,-2.6,14,LOW
ses_308,SES-000308,cow_8,station_01,rfid_8,2026-08-10T06:30:00.000Z,2026-08-10T06:34:46.000Z,COMPLETED,14.8,2.33,3.33,38.6,5.5,6.62,143,-3.3,17,LOW
ses_309,SES-000309,cow_9,station_01,rfid_9,2026-08-10T06:47:00.000Z,2026-08-10T06:51:57.000Z,COMPLETED,14.91,2.62,3.74,38.6,5.66,6.64,158,-5,16,LOW
ses_310,SES-000310,cow_10,station_01,rfid_10,2026-08-10T06:57:00.000Z,2026-08-10T07:02:44.000Z,COMPLETED,15.6,2.79,3.99,38.6,5.46,6.67,94,-2.5,12,LOW
ses_311,SES-000311,cow_11,station_01,rfid_11,2026-08-10T07:17:00.000Z,2026-08-10T07:22:55.000Z,COMPLETED,16.09,2.38,3.4,38.8,5.56,6.65,86,-1.9,13,LOW
ses_312,SES-000312,cow_12,station_01,rfid_12,2026-08-10T06:47:00.000Z,2026-08-10T06:52:22.000Z,COMPLETED,17.36,2.68,3.83,38.4,5.66,6.69,103,4,12,LOW
ses_313,SES-000313,cow_13,station_01,rfid_13,2026-08-10T06:44:00.000Z,2026-08-10T06:48:51.000Z,COMPLETED,16.79,2.91,4.16,38.6,5.54,6.67,111,-1.8,7,LOW
ses_314,SES-000314,cow_14,station_01,rfid_14,2026-08-10T06:16:00.000Z,2026-08-10T06:21:15.000Z,COMPLETED,17.35,2.46,3.51,38.6,5.62,6.62,111,-0.3,14,LOW
ses_315,SES-000315,cow_15,station_01,rfid_15,2026-08-10T07:11:00.000Z,2026-08-10T07:16:57.000Z,COMPLETED,17.93,2.79,3.99,38.5,5.5,6.7,116,0.7,16,LOW
ses_316,SES-000316,cow_16,station_01,rfid_16,2026-08-10T07:15:00.000Z,2026-08-10T07:19:57.000Z,COMPLETED,17.63,2.45,3.5,38.6,5.58,6.65,141,-2.6,14,LOW
ses_317,SES-000317,cow_17,station_01,rfid_17,2026-08-10T06:04:00.000Z,2026-08-10T06:08:34.000Z,COMPLETED,19.06,2.65,3.79,38.7,5.73,6.62,142,3.6,8,LOW
ses_318,SES-000318,cow_18,station_01,rfid_18,2026-08-10T07:07:00.000Z,2026-08-10T07:12:58.000Z,COMPLETED,12.12,2.86,4.09,38.5,5.54,6.67,146,-5.3,14,LOW
ses_319,SES-000319,cow_19,station_01,rfid_19,2026-08-10T06:34:00.000Z,2026-08-10T06:38:47.000Z,COMPLETED,12.47,2.43,3.47,38.6,5.64,6.64,150,-4.8,9,LOW
ses_320,SES-000320,cow_20,station_01,rfid_20,2026-08-10T06:19:00.000Z,2026-08-10T06:24:18.000Z,COMPLETED,14.2,2.72,3.88,38.8,5.44,6.65,91,5.2,8,LOW
ses_321,SES-000321,cow_21,station_01,rfid_21,2026-08-10T06:22:00.000Z,2026-08-10T06:26:52.000Z,COMPLETED,13.77,2.85,4.07,38.5,5.58,6.68,104,-0.2,10,LOW
ses_322,SES-000322,cow_22,station_01,rfid_22,2026-08-10T07:12:00.000Z,2026-08-10T07:17:55.000Z,COMPLETED,14.62,2.53,3.62,38.6,5.69,6.64,95,3,9,LOW
ses_323,SES-000323,cow_23,station_01,rfid_23,2026-08-10T06:24:00.000Z,2026-08-10T06:29:39.000Z,COMPLETED,15.18,2.77,3.95,38.7,5.55,6.67,113,4.7,17,LOW
ses_324,SES-000324,cow_24,station_01,rfid_24,2026-08-10T06:58:00.000Z,2026-08-10T07:02:50.000Z,COMPLETED,14.75,2.37,3.38,38.5,5.62,6.62,114,-1,11,LOW
ses_325,SES-000325,cow_25,station_01,rfid_25,2026-08-10T06:26:00.000Z,2026-08-10T06:31:34.000Z,COMPLETED,14.99,2.65,3.78,38.5,5.41,6.63,116,-2,9,LOW
ses_326,SES-000326,cow_26,station_01,rfid_26,2026-08-10T07:27:00.000Z,2026-08-10T07:32:59.000Z,COMPLETED,16.32,2.74,3.92,38.7,5.55,6.67,137,4.6,15,LOW
ses_327,SES-000327,cow_27,station_01,rfid_27,2026-08-10T06:36:00.000Z,2026-08-10T06:41:39.000Z,COMPLETED,15.36,2.51,3.59,38.5,5.69,6.62,128,-3.4,13,LOW
ses_328,SES-000328,cow_28,station_01,rfid_28,2026-08-10T06:45:00.000Z,2026-08-10T06:50:16.000Z,COMPLETED,17.02,2.60,3.71,38.5,5.47,6.66,142,4.4,16,LOW
ses_329,SES-000329,cow_29,station_01,rfid_29,2026-08-10T07:18:00.000Z,2026-08-10T07:22:53.000Z,COMPLETED,16.13,2.89,4.13,38.6,5.67,6.71,164,-2.8,17,LOW
ses_330,SES-000330,cow_30,station_01,rfid_30,2026-08-10T06:07:00.000Z,2026-08-10T06:12:19.000Z,COMPLETED,17.06,2.51,3.59,38.5,5.49,6.64,97,0.4,13,LOW
ses_331,SES-000331,cow_1,station_01,rfid_1,2026-08-10T17:24:00.000Z,2026-08-10T17:29:36.000Z,COMPLETED,13.46,2.63,3.75,38.6,5.55,6.64,86,5.2,10,LOW
ses_332,SES-000332,cow_2,station_01,rfid_2,2026-08-10T18:10:00.000Z,2026-08-10T18:14:30.000Z,COMPLETED,13.2,2.75,3.93,38.7,5.69,6.66,102,0,7,LOW
ses_333,SES-000333,cow_3,station_01,rfid_3,2026-08-10T17:11:00.000Z,2026-08-10T17:15:12.000Z,COMPLETED,13.97,2.50,3.57,38.5,5.55,6.64,102,2.7,15,LOW
ses_334,SES-000334,cow_4,station_01,rfid_4,2026-08-10T17:15:00.000Z,2026-08-10T17:20:05.000Z,COMPLETED,13.29,2.69,3.84,38.6,5.62,6.67,112,-4.4,8,LOW
ses_335,SES-000335,cow_5,station_01,rfid_5,2026-08-10T17:54:00.000Z,2026-08-10T17:58:30.000Z,COMPLETED,14.95,2.86,4.09,38.8,5.49,6.67,114,4.5,8,LOW
ses_336,SES-000336,cow_6,station_01,rfid_6,2026-08-10T18:20:00.000Z,2026-08-10T18:24:27.000Z,COMPLETED,14.89,2.55,3.65,38.5,5.61,6.63,130,2,10,LOW
ses_337,SES-000337,cow_7,station_01,rfid_7,2026-08-10T17:23:00.000Z,2026-08-10T17:28:14.000Z,COMPLETED,15.07,2.71,3.87,38.6,5.67,6.68,146,1.1,11,LOW
ses_338,SES-000338,cow_8,station_01,rfid_8,2026-08-10T17:40:00.000Z,2026-08-10T17:45:54.000Z,COMPLETED,15.27,2.32,3.31,38.7,5.46,6.63,146,-0.2,14,LOW
ses_339,SES-000339,cow_9,station_01,rfid_9,2026-08-10T18:13:00.000Z,2026-08-10T18:17:25.000Z,COMPLETED,16.05,2.65,3.79,38.6,5.58,6.62,141,2.2,11,LOW
ses_340,SES-000340,cow_10,station_01,rfid_10,2026-08-10T18:23:00.000Z,2026-08-10T18:27:34.000Z,COMPLETED,15.48,2.85,4.07,38.6,5.41,6.67,80,-3.2,14,LOW
ses_341,SES-000341,cow_11,station_01,rfid_11,2026-08-10T17:30:00.000Z,2026-08-10T17:34:07.000Z,COMPLETED,16.3,2.39,3.41,38.7,5.51,6.66,108,-0.6,14,LOW
ses_342,SES-000342,cow_12,station_01,rfid_12,2026-08-10T18:17:00.000Z,2026-08-10T18:22:14.000Z,COMPLETED,17.22,2.60,3.71,38.5,5.71,6.67,115,3.1,15,LOW
ses_343,SES-000343,cow_13,station_01,rfid_13,2026-08-10T17:39:00.000Z,2026-08-10T17:44:27.000Z,COMPLETED,17.3,2.83,4.04,38.6,5.48,6.67,101,1.2,12,LOW
ses_344,SES-000344,cow_14,station_01,rfid_14,2026-08-10T18:11:00.000Z,2026-08-10T18:15:46.000Z,COMPLETED,18.18,2.51,3.58,38.7,5.66,6.65,109,4.5,8,LOW
ses_345,SES-000345,cow_15,station_01,rfid_15,2026-08-10T17:49:00.000Z,2026-08-10T17:54:24.000Z,COMPLETED,17.12,2.78,3.97,38.5,5.45,6.69,134,-3.8,14,LOW
ses_346,SES-000346,cow_16,station_01,rfid_16,2026-08-10T18:23:00.000Z,2026-08-10T18:28:31.000Z,COMPLETED,18.03,2.34,3.34,38.7,5.56,6.6,122,-0.4,12,LOW
ses_347,SES-000347,cow_17,station_01,rfid_17,2026-08-10T18:23:00.000Z,2026-08-10T18:27:39.000Z,COMPLETED,18.65,2.65,3.79,38.7,5.71,6.63,141,1.4,12,LOW
ses_348,SES-000348,cow_18,station_01,rfid_18,2026-08-10T17:09:00.000Z,2026-08-10T17:13:57.000Z,COMPLETED,12.15,2.82,4.03,38.5,5.55,6.68,144,-5.1,10,LOW
ses_349,SES-000349,cow_19,station_01,rfid_19,2026-08-10T17:32:00.000Z,2026-08-10T17:37:48.000Z,COMPLETED,13.36,2.42,3.46,38.6,5.63,6.63,145,2,8,LOW
ses_350,SES-000350,cow_20,station_01,rfid_20,2026-08-10T17:59:00.000Z,2026-08-10T18:04:06.000Z,COMPLETED,13.57,2.62,3.74,38.8,5.46,6.64,92,0.5,9,LOW
ses_351,SES-000351,cow_21,station_01,rfid_21,2026-08-10T17:31:00.000Z,2026-08-10T17:36:54.000Z,COMPLETED,13.94,2.86,4.08,38.5,5.57,6.68,108,1,12,LOW
ses_352,SES-000352,cow_22,station_01,rfid_22,2026-08-10T18:12:00.000Z,2026-08-10T18:16:41.000Z,COMPLETED,13.69,2.52,3.6,38.6,5.7,6.65,98,-3.6,11,LOW
ses_353,SES-000353,cow_23,station_01,rfid_23,2026-08-10T17:45:00.000Z,2026-08-10T17:49:02.000Z,COMPLETED,14.63,2.72,3.89,38.7,5.46,6.66,111,0.9,8,LOW
ses_354,SES-000354,cow_24,station_01,rfid_24,2026-08-10T17:43:00.000Z,2026-08-10T17:48:22.000Z,COMPLETED,15.25,2.44,3.48,38.4,5.58,6.61,118,2.3,12,LOW
ses_355,SES-000355,cow_25,station_01,rfid_25,2026-08-10T18:26:00.000Z,2026-08-10T18:31:53.000Z,COMPLETED,15.73,2.65,3.79,38.5,5.5,6.66,122,2.8,13,LOW
ses_356,SES-000356,cow_26,station_01,rfid_26,2026-08-10T17:20:00.000Z,2026-08-10T17:25:30.000Z,COMPLETED,15.94,2.73,3.9,38.7,5.52,6.67,130,2.2,11,LOW
ses_357,SES-000357,cow_27,station_01,rfid_27,2026-08-10T17:23:00.000Z,2026-08-10T17:28:41.000Z,COMPLETED,15.82,2.51,3.58,38.6,5.63,6.65,131,-0.5,9,LOW
ses_358,SES-000358,cow_28,station_01,rfid_28,2026-08-10T18:16:00.000Z,2026-08-10T18:21:10.000Z,COMPLETED,16.93,2.63,3.76,38.6,5.49,6.65,157,3.9,7,LOW
ses_359,SES-000359,cow_29,station_01,rfid_29,2026-08-10T18:12:00.000Z,2026-08-10T18:16:39.000Z,COMPLETED,17.1,2.85,4.07,38.8,5.68,6.68,153,3,10,LOW
ses_360,SES-000360,cow_30,station_01,rfid_30,2026-08-10T17:54:00.000Z,2026-08-10T17:59:00.000Z,COMPLETED,17.21,2.46,3.52,38.5,5.44,6.66,79,1.2,13,LOW
ses_361,SES-000361,cow_1,station_01,rfid_1,2026-08-11T07:17:00.000Z,2026-08-11T07:21:48.000Z,COMPLETED,12.77,2.61,3.73,38.6,5.54,6.63,108,-0.2,8,LOW
ses_362,SES-000362,cow_2,station_01,rfid_2,2026-08-11T06:18:00.000Z,2026-08-11T06:22:24.000Z,COMPLETED,12.91,2.79,3.98,38.7,5.73,6.69,114,-2.2,9,LOW
ses_363,SES-000363,cow_3,station_01,rfid_3,2026-08-11T06:31:00.000Z,2026-08-11T06:36:12.000Z,COMPLETED,13.19,2.42,3.45,38.6,5.51,6.65,106,-3,7,LOW
ses_364,SES-000364,cow_4,station_01,rfid_4,2026-08-11T07:11:00.000Z,2026-08-11T07:15:58.000Z,COMPLETED,13.92,2.70,3.86,38.6,5.65,6.68,120,0.1,13,LOW
ses_365,SES-000365,cow_5,station_01,rfid_5,2026-08-11T06:50:00.000Z,2026-08-11T06:55:32.000Z,COMPLETED,14.39,2.82,4.03,38.7,5.5,6.67,114,0.6,14,LOW
ses_366,SES-000366,cow_6,station_01,rfid_6,2026-08-11T06:42:00.000Z,2026-08-11T06:46:20.000Z,COMPLETED,14.25,2.46,3.52,38.5,5.54,6.66,132,-2.4,16,LOW
ses_367,SES-000367,cow_7,station_01,rfid_7,2026-08-11T06:33:00.000Z,2026-08-11T06:38:35.000Z,COMPLETED,14.94,2.68,3.83,38.6,5.74,6.7,145,0.3,11,LOW
ses_368,SES-000368,cow_8,station_01,rfid_8,2026-08-11T07:02:00.000Z,2026-08-11T07:07:23.000Z,COMPLETED,14.59,2.32,3.32,38.6,5.55,6.61,145,-4.6,10,LOW
ses_369,SES-000369,cow_9,station_01,rfid_9,2026-08-11T07:03:00.000Z,2026-08-11T07:07:25.000Z,COMPLETED,16.49,2.54,3.63,38.4,5.65,6.67,163,5,7,LOW
ses_370,SES-000370,cow_10,station_01,rfid_10,2026-08-11T06:58:00.000Z,2026-08-11T07:03:51.000Z,COMPLETED,15.43,2.77,3.96,38.5,5.48,6.7,96,-3.6,11,LOW
ses_371,SES-000371,cow_11,station_01,rfid_11,2026-08-11T06:48:00.000Z,2026-08-11T06:52:45.000Z,COMPLETED,17.08,2.43,3.47,38.6,5.57,6.65,96,4.1,10,LOW
ses_372,SES-000372,cow_12,station_01,rfid_12,2026-08-11T06:03:00.000Z,2026-08-11T06:07:10.000Z,COMPLETED,15.96,2.72,3.89,38.5,5.65,6.64,106,-4.4,16,LOW
ses_373,SES-000373,cow_13,station_01,rfid_13,2026-08-11T07:19:00.000Z,2026-08-11T07:23:55.000Z,COMPLETED,16.8,2.87,4.1,38.6,5.57,6.7,116,-1.8,13,LOW
ses_374,SES-000374,cow_14,station_01,rfid_14,2026-08-11T07:20:00.000Z,2026-08-11T07:24:33.000Z,COMPLETED,17.48,2.46,3.51,38.6,5.66,6.67,127,0.5,16,LOW
ses_375,SES-000375,cow_15,station_01,rfid_15,2026-08-11T07:05:00.000Z,2026-08-11T07:10:15.000Z,COMPLETED,18.39,2.74,3.92,38.5,5.39,6.65,127,3.3,12,LOW
ses_376,SES-000376,cow_16,station_01,rfid_16,2026-08-11T06:19:00.000Z,2026-08-11T06:23:29.000Z,COMPLETED,18.4,2.42,3.45,38.6,5.59,6.6,128,1.7,16,LOW
ses_377,SES-000377,cow_17,station_01,rfid_17,2026-08-11T07:06:00.000Z,2026-08-11T07:10:36.000Z,COMPLETED,17.69,2.55,3.65,38.7,5.65,6.63,131,-3.9,12,LOW
ses_378,SES-000378,cow_18,station_01,rfid_18,2026-08-11T06:32:00.000Z,2026-08-11T06:37:55.000Z,COMPLETED,13.43,2.86,4.09,38.5,5.53,6.68,150,4.9,8,LOW
ses_379,SES-000379,cow_19,station_01,rfid_19,2026-08-11T06:41:00.000Z,2026-08-11T06:46:06.000Z,COMPLETED,13.45,2.40,3.43,38.6,5.62,6.63,163,2.7,15,LOW
ses_380,SES-000380,cow_20,station_01,rfid_20,2026-08-11T06:34:00.000Z,2026-08-11T06:38:12.000Z,COMPLETED,13.31,2.68,3.83,38.7,5.5,6.64,83,-1.4,12,LOW
ses_381,SES-000381,cow_21,station_01,rfid_21,2026-08-11T06:54:00.000Z,2026-08-11T06:59:25.000Z,COMPLETED,14.44,2.93,4.19,38.6,5.59,6.68,97,4.6,8,LOW
ses_382,SES-000382,cow_22,station_01,rfid_22,2026-08-11T06:28:00.000Z,2026-08-11T06:32:20.000Z,COMPLETED,13.87,2.49,3.56,38.5,5.73,6.63,106,-2.3,16,LOW
ses_383,SES-000383,cow_23,station_01,rfid_23,2026-08-11T06:26:00.000Z,2026-08-11T06:30:56.000Z,COMPLETED,14.58,2.67,3.81,38.7,5.54,6.65,103,0.6,8,LOW
ses_384,SES-000384,cow_24,station_01,rfid_24,2026-08-11T07:13:00.000Z,2026-08-11T07:17:24.000Z,COMPLETED,14.12,2.36,3.37,38.5,5.65,6.62,123,-5.2,15,LOW
ses_385,SES-000385,cow_25,station_01,rfid_25,2026-08-11T06:25:00.000Z,2026-08-11T06:29:33.000Z,COMPLETED,15.48,2.56,3.66,38.5,5.49,6.67,129,1.2,8,LOW
ses_386,SES-000386,cow_26,station_01,rfid_26,2026-08-11T07:04:00.000Z,2026-08-11T07:09:44.000Z,COMPLETED,15.13,2.86,4.09,38.7,5.58,6.7,140,-3,9,LOW
ses_387,SES-000387,cow_27,station_01,rfid_27,2026-08-11T06:35:00.000Z,2026-08-11T06:39:42.000Z,COMPLETED,16.03,2.39,3.42,38.4,5.71,6.62,128,0.8,15,LOW
ses_388,SES-000388,cow_28,station_01,rfid_28,2026-08-11T06:32:00.000Z,2026-08-11T06:37:07.000Z,COMPLETED,15.67,2.69,3.84,38.6,5.47,6.66,142,-3.9,16,LOW
ses_389,SES-000389,cow_29,station_01,rfid_29,2026-08-11T07:26:00.000Z,2026-08-11T07:31:35.000Z,COMPLETED,16.28,2.88,4.11,38.8,5.63,6.67,145,-1.9,14,LOW
ses_390,SES-000390,cow_30,station_01,rfid_30,2026-08-11T06:30:00.000Z,2026-08-11T06:35:30.000Z,COMPLETED,17.08,2.47,3.53,38.5,5.5,6.66,95,0.5,15,LOW
ses_391,SES-000391,cow_1,station_01,rfid_1,2026-08-11T18:12:00.000Z,2026-08-11T18:16:34.000Z,COMPLETED,12.8,2.65,3.78,38.7,5.59,6.67,88,0,17,LOW
ses_392,SES-000392,cow_2,station_01,rfid_2,2026-08-11T17:25:00.000Z,2026-08-11T17:30:14.000Z,COMPLETED,12.54,2.79,3.99,38.8,5.75,6.65,105,-5,9,LOW
ses_393,SES-000393,cow_3,station_01,rfid_3,2026-08-11T17:25:00.000Z,2026-08-11T17:30:43.000Z,COMPLETED,14.1,2.39,3.41,38.5,5.5,6.66,104,3.7,14,LOW
ses_394,SES-000394,cow_4,station_01,rfid_4,2026-08-11T18:20:00.000Z,2026-08-11T18:24:38.000Z,COMPLETED,13.32,2.64,3.77,38.5,5.65,6.67,108,-4.2,14,LOW
ses_395,SES-000395,cow_5,station_01,rfid_5,2026-08-11T17:24:00.000Z,2026-08-11T17:29:57.000Z,COMPLETED,13.94,2.88,4.12,38.7,5.44,6.67,133,-2.5,11,LOW
ses_396,SES-000396,cow_6,station_01,rfid_6,2026-08-11T17:46:00.000Z,2026-08-11T17:51:09.000Z,COMPLETED,15.03,2.53,3.62,38.5,5.52,6.63,131,2.9,17,LOW
ses_397,SES-000397,cow_7,station_01,rfid_7,2026-08-11T18:22:00.000Z,2026-08-11T18:26:46.000Z,COMPLETED,15.18,2.74,3.92,38.6,5.69,6.7,146,1.9,8,LOW
ses_398,SES-000398,cow_8,station_01,rfid_8,2026-08-11T18:24:00.000Z,2026-08-11T18:28:18.000Z,COMPLETED,16.03,2.42,3.45,38.8,5.55,6.62,145,4.8,9,LOW
ses_399,SES-000399,cow_9,station_01,rfid_9,2026-08-11T17:17:00.000Z,2026-08-11T17:21:23.000Z,COMPLETED,15.59,2.59,3.7,38.5,5.63,6.67,152,-0.7,14,LOW
ses_400,SES-000400,cow_10,station_01,rfid_10,2026-08-11T18:14:00.000Z,2026-08-11T18:18:51.000Z,COMPLETED,15.35,2.83,4.05,38.5,5.47,6.7,94,-4.1,17,LOW
ses_401,SES-000401,cow_11,station_01,rfid_11,2026-08-11T18:03:00.000Z,2026-08-11T18:08:30.000Z,COMPLETED,15.78,2.51,3.59,38.7,5.57,6.61,101,-3.8,13,LOW
ses_402,SES-000402,cow_12,station_01,rfid_12,2026-08-11T17:38:00.000Z,2026-08-11T17:42:57.000Z,COMPLETED,16.41,2.68,3.83,38.5,5.66,6.67,115,-1.7,9,LOW
ses_403,SES-000403,cow_13,station_01,rfid_13,2026-08-11T17:23:00.000Z,2026-08-11T17:27:31.000Z,COMPLETED,16.92,2.88,4.12,38.5,5.57,6.69,108,-1.1,9,LOW
ses_404,SES-000404,cow_14,station_01,rfid_14,2026-08-11T17:46:00.000Z,2026-08-11T17:51:21.000Z,COMPLETED,18.01,2.53,3.61,38.6,5.68,6.61,129,3.5,13,LOW
ses_405,SES-000405,cow_15,station_01,rfid_15,2026-08-11T17:42:00.000Z,2026-08-11T17:46:24.000Z,COMPLETED,17.67,2.74,3.91,38.4,5.41,6.69,127,-0.7,7,LOW
ses_406,SES-000406,cow_16,station_01,rfid_16,2026-08-11T18:18:00.000Z,2026-08-11T18:22:22.000Z,COMPLETED,17.63,2.42,3.46,38.6,5.63,6.6,136,-2.6,12,LOW
ses_407,SES-000407,cow_17,station_01,rfid_17,2026-08-11T17:44:00.000Z,2026-08-11T17:48:13.000Z,COMPLETED,18.33,2.66,3.8,38.8,5.65,6.67,141,-0.4,8,LOW
ses_408,SES-000408,cow_18,station_01,rfid_18,2026-08-11T18:05:00.000Z,2026-08-11T18:10:58.000Z,COMPLETED,13.38,2.76,3.94,38.6,5.5,6.67,140,4.5,10,LOW
ses_409,SES-000409,cow_19,station_01,rfid_19,2026-08-11T17:09:00.000Z,2026-08-11T17:13:42.000Z,COMPLETED,12.68,2.52,3.6,38.6,5.69,6.65,156,-3.2,11,LOW
ses_410,SES-000410,cow_20,station_01,rfid_20,2026-08-11T17:44:00.000Z,2026-08-11T17:48:23.000Z,COMPLETED,13.39,2.73,3.9,38.7,5.48,6.67,90,-0.8,16,LOW
ses_411,SES-000411,cow_21,station_01,rfid_21,2026-08-11T17:43:00.000Z,2026-08-11T17:48:03.000Z,COMPLETED,14.16,2.92,4.17,38.5,5.6,6.68,103,2.6,12,LOW
ses_412,SES-000412,cow_22,station_01,rfid_22,2026-08-11T18:22:00.000Z,2026-08-11T18:27:05.000Z,COMPLETED,14.03,2.46,3.51,38.6,5.65,6.65,111,-1.2,15,LOW
ses_413,SES-000413,cow_23,station_01,rfid_23,2026-08-11T17:57:00.000Z,2026-08-11T18:01:24.000Z,COMPLETED,14.8,2.79,3.99,38.6,5.52,6.67,108,2.1,15,LOW
ses_414,SES-000414,cow_24,station_01,rfid_24,2026-08-11T17:15:00.000Z,2026-08-11T17:20:12.000Z,COMPLETED,14.35,2.34,3.34,38.5,5.59,6.63,113,-3.7,12,LOW
ses_415,SES-000415,cow_25,station_01,rfid_25,2026-08-11T17:45:00.000Z,2026-08-11T17:50:00.000Z,COMPLETED,16.03,2.58,3.68,38.6,5.41,6.64,127,4.8,11,LOW
ses_416,SES-000416,cow_26,station_01,rfid_26,2026-08-11T17:37:00.000Z,2026-08-11T17:41:26.000Z,COMPLETED,15.68,2.74,3.92,38.7,5.56,6.7,135,0.5,8,LOW
ses_417,SES-000417,cow_27,station_01,rfid_27,2026-08-11T18:11:00.000Z,2026-08-11T18:16:34.000Z,COMPLETED,15.21,2.38,3.4,38.6,5.74,6.63,142,-4.3,13,LOW
ses_418,SES-000418,cow_28,station_01,rfid_28,2026-08-11T18:23:00.000Z,2026-08-11T18:28:04.000Z,COMPLETED,16.19,2.71,3.87,38.7,5.46,6.64,142,-0.7,8,LOW
ses_419,SES-000419,cow_29,station_01,rfid_29,2026-08-11T17:28:00.000Z,2026-08-11T17:33:17.000Z,COMPLETED,16.49,2.87,4.1,38.7,5.6,6.71,143,-0.7,11,LOW
ses_420,SES-000420,cow_30,station_01,rfid_30,2026-08-11T17:33:00.000Z,2026-08-11T17:38:00.000Z,COMPLETED,16.81,2.55,3.65,38.5,5.44,6.61,80,-1.1,13,LOW
ses_421,SES-000421,cow_1,station_01,rfid_1,2026-08-12T07:28:00.000Z,2026-08-12T07:32:56.000Z,COMPLETED,12.78,2.55,3.64,38.5,5.53,6.63,93,-0.2,16,LOW
ses_422,SES-000422,cow_2,station_01,rfid_2,2026-08-12T06:24:00.000Z,2026-08-12T06:28:03.000Z,COMPLETED,13.06,2.77,3.96,38.7,5.66,6.7,94,-1.1,8,LOW
ses_423,SES-000423,cow_3,station_01,rfid_3,2026-08-12T06:25:00.000Z,2026-08-12T06:30:19.000Z,COMPLETED,13.04,2.39,3.42,38.6,5.49,6.65,118,-4.1,10,LOW
ses_424,SES-000424,cow_4,station_01,rfid_4,2026-08-12T07:02:00.000Z,2026-08-12T07:07:12.000Z,COMPLETED,13.49,2.69,3.85,38.6,5.59,6.67,111,-2.9,13,LOW
ses_425,SES-000425,cow_5,station_01,rfid_5,2026-08-12T06:40:00.000Z,2026-08-12T06:44:44.000Z,COMPLETED,14.05,2.86,4.09,38.7,5.4,6.69,135,-1.7,11,LOW
ses_426,SES-000426,cow_6,station_01,rfid_6,2026-08-12T06:45:00.000Z,2026-08-12T06:49:19.000Z,COMPLETED,15.12,2.51,3.58,38.5,5.62,6.66,137,3.6,11,LOW
ses_427,SES-000427,cow_7,station_01,rfid_7,2026-08-12T07:02:00.000Z,2026-08-12T07:06:31.000Z,COMPLETED,14.15,2.77,3.95,38.5,5.74,6.65,128,-5,8,LOW
ses_428,SES-000428,cow_8,station_01,rfid_8,2026-08-12T07:16:00.000Z,2026-08-12T07:21:26.000Z,COMPLETED,14.65,2.44,3.48,38.7,5.47,6.61,139,-4.2,17,LOW
ses_429,SES-000429,cow_9,station_01,rfid_9,2026-08-12T07:02:00.000Z,2026-08-12T07:06:40.000Z,COMPLETED,15.39,2.61,3.73,38.5,5.65,6.65,159,-2,10,LOW
ses_430,SES-000430,cow_10,station_01,rfid_10,2026-08-12T06:16:00.000Z,2026-08-12T06:21:12.000Z,COMPLETED,16.2,2.74,3.92,38.5,5.47,6.67,94,1.2,11,LOW
ses_431,SES-000431,cow_11,station_01,rfid_11,2026-08-12T06:22:00.000Z,2026-08-12T06:27:32.000Z,COMPLETED,16.49,2.45,3.5,38.8,5.54,6.63,105,0.5,15,LOW
ses_432,SES-000432,cow_12,station_01,rfid_12,2026-08-12T06:20:00.000Z,2026-08-12T06:25:55.000Z,COMPLETED,17.47,2.62,3.74,38.4,5.73,6.67,107,4.6,17,LOW
ses_433,SES-000433,cow_13,station_01,rfid_13,2026-08-12T06:49:00.000Z,2026-08-12T06:53:16.000Z,COMPLETED,17.15,2.83,4.04,38.6,5.51,6.7,109,0.3,10,LOW
ses_434,SES-000434,cow_14,station_01,rfid_14,2026-08-12T06:01:00.000Z,2026-08-12T06:05:13.000Z,COMPLETED,17,2.53,3.61,38.7,5.67,6.66,117,-2.3,11,LOW
ses_435,SES-000435,cow_15,station_01,rfid_15,2026-08-12T06:27:00.000Z,2026-08-12T06:31:26.000Z,COMPLETED,17.25,2.74,3.91,38.5,5.5,6.69,122,-3.1,7,LOW
ses_436,SES-000436,cow_16,station_01,rfid_16,2026-08-12T06:22:00.000Z,2026-08-12T06:26:26.000Z,COMPLETED,17.8,2.33,3.33,38.5,5.61,6.63,122,-1.7,14,LOW
ses_437,SES-000437,cow_17,station_01,rfid_17,2026-08-12T06:15:00.000Z,2026-08-12T06:19:50.000Z,COMPLETED,17.7,2.58,3.69,38.7,5.7,6.67,130,-3.8,15,LOW
ses_438,SES-000438,cow_18,station_01,rfid_18,2026-08-12T06:11:00.000Z,2026-08-12T06:16:16.000Z,COMPLETED,13.19,2.85,4.07,38.5,5.54,6.69,136,3,11,LOW
ses_439,SES-000439,cow_19,station_01,rfid_19,2026-08-12T06:18:00.000Z,2026-08-12T06:23:46.000Z,COMPLETED,13.08,2.52,3.6,38.5,5.65,6.63,156,-0.2,14,LOW
ses_440,SES-000440,cow_20,station_01,rfid_20,2026-08-12T07:23:00.000Z,2026-08-12T07:28:10.000Z,COMPLETED,14.26,2.63,3.76,38.8,5.4,6.65,98,5.6,14,LOW
ses_441,SES-000441,cow_21,station_01,rfid_21,2026-08-12T07:24:00.000Z,2026-08-12T07:29:25.000Z,COMPLETED,13.83,2.87,4.1,38.5,5.55,6.71,109,0.2,14,LOW
ses_442,SES-000442,cow_22,station_01,rfid_22,2026-08-12T06:45:00.000Z,2026-08-12T06:49:17.000Z,COMPLETED,13.73,2.48,3.55,38.5,5.72,6.62,114,-3.3,9,LOW
ses_443,SES-000443,cow_23,station_01,rfid_23,2026-08-12T07:03:00.000Z,2026-08-12T07:07:45.000Z,COMPLETED,15.02,2.75,3.93,38.7,5.5,6.65,119,3.6,13,LOW
ses_444,SES-000444,cow_24,station_01,rfid_24,2026-08-12T06:26:00.000Z,2026-08-12T06:31:23.000Z,COMPLETED,15.28,2.44,3.48,38.5,5.58,6.6,114,2.6,15,LOW
ses_445,SES-000445,cow_25,station_01,rfid_25,2026-08-12T06:48:00.000Z,2026-08-12T06:52:31.000Z,COMPLETED,15.73,2.63,3.75,38.6,5.48,6.64,133,2.8,15,LOW
ses_446,SES-000446,cow_26,station_01,rfid_26,2026-08-12T06:56:00.000Z,2026-08-12T07:00:41.000Z,COMPLETED,14.93,2.74,3.91,38.7,5.56,6.7,122,-4.3,16,LOW
ses_447,SES-000447,cow_27,station_01,rfid_27,2026-08-12T07:29:00.000Z,2026-08-12T07:34:00.000Z,COMPLETED,15.44,2.45,3.5,38.4,5.74,6.6,149,-2.9,15,LOW
ses_448,SES-000448,cow_28,station_01,rfid_28,2026-08-12T06:29:00.000Z,2026-08-12T06:34:48.000Z,COMPLETED,16.35,2.60,3.72,38.6,5.56,6.67,150,0.3,11,LOW
ses_449,SES-000449,cow_29,station_01,rfid_29,2026-08-12T06:40:00.000Z,2026-08-12T06:45:24.000Z,COMPLETED,16.84,2.86,4.08,38.7,5.58,6.71,145,1.4,9,LOW
ses_450,SES-000450,cow_30,station_01,rfid_30,2026-08-12T06:47:00.000Z,2026-08-12T06:52:00.000Z,COMPLETED,17.62,2.59,3.7,38.5,5.4,6.65,78,3.6,8,LOW
ses_451,SES-000451,cow_1,station_01,rfid_1,2026-08-12T18:26:00.000Z,2026-08-12T18:30:10.000Z,COMPLETED,12.67,2.63,3.75,38.5,5.57,6.64,103,-1,15,LOW
ses_452,SES-000452,cow_2,station_01,rfid_2,2026-08-12T18:27:00.000Z,2026-08-12T18:32:00.000Z,COMPLETED,13.39,2.74,3.91,38.7,5.64,6.67,93,1.4,11,LOW
ses_453,SES-000453,cow_3,station_01,rfid_3,2026-08-12T18:26:00.000Z,2026-08-12T18:30:06.000Z,COMPLETED,14.3,2.46,3.52,38.5,5.47,6.6,106,5.1,14,LOW
ses_454,SES-000454,cow_4,station_01,rfid_4,2026-08-12T18:17:00.000Z,2026-08-12T18:22:06.000Z,COMPLETED,14.47,2.63,3.75,38.6,5.68,6.69,109,4.1,13,LOW
ses_455,SES-000455,cow_5,station_01,rfid_5,2026-08-12T18:28:00.000Z,2026-08-12T18:33:51.000Z,COMPLETED,14.75,2.94,4.2,38.6,5.5,6.68,123,3.1,13,LOW
ses_456,SES-000456,cow_6,station_01,rfid_6,2026-08-12T17:08:00.000Z,2026-08-12T17:13:36.000Z,COMPLETED,14.2,2.56,3.66,38.5,5.55,6.62,120,-2.7,9,LOW
ses_457,SES-000457,cow_7,station_01,rfid_7,2026-08-12T18:17:00.000Z,2026-08-12T18:22:26.000Z,COMPLETED,14.46,2.75,3.93,38.7,5.69,6.69,141,-3,10,LOW
ses_458,SES-000458,cow_8,station_01,rfid_8,2026-08-12T17:28:00.000Z,2026-08-12T17:33:56.000Z,COMPLETED,14.78,2.45,3.5,38.7,5.54,6.61,142,-3.4,13,LOW
ses_459,SES-000459,cow_9,station_01,rfid_9,2026-08-12T18:18:00.000Z,2026-08-12T18:23:36.000Z,COMPLETED,15.05,2.64,3.77,38.5,5.57,6.63,160,-4.1,10,LOW
ses_460,SES-000460,cow_10,station_01,rfid_10,2026-08-12T17:02:00.000Z,2026-08-12T17:07:40.000Z,COMPLETED,15.74,2.81,4.02,38.6,5.45,6.69,85,-1.6,14,LOW
ses_461,SES-000461,cow_11,station_01,rfid_11,2026-08-12T18:12:00.000Z,2026-08-12T18:17:01.000Z,COMPLETED,16.97,2.43,3.47,38.8,5.51,6.61,91,3.5,11,LOW
ses_462,SES-000462,cow_12,station_01,rfid_12,2026-08-12T18:08:00.000Z,2026-08-12T18:13:39.000Z,COMPLETED,16.89,2.72,3.89,38.4,5.68,6.65,103,1.1,7,LOW
ses_463,SES-000463,cow_13,station_01,rfid_13,2026-08-12T17:06:00.000Z,2026-08-12T17:11:58.000Z,COMPLETED,16.61,2.87,4.1,38.5,5.48,6.7,105,-2.9,9,LOW
ses_464,SES-000464,cow_14,station_01,rfid_14,2026-08-12T18:15:00.000Z,2026-08-12T18:20:57.000Z,COMPLETED,18.01,2.57,3.67,38.8,5.65,6.63,120,3.5,9,LOW
ses_465,SES-000465,cow_15,station_01,rfid_15,2026-08-12T17:39:00.000Z,2026-08-12T17:44:25.000Z,COMPLETED,17.74,2.78,3.97,38.5,5.43,6.65,134,-0.3,14,LOW
ses_466,SES-000466,cow_16,station_01,rfid_16,2026-08-12T17:41:00.000Z,2026-08-12T17:46:14.000Z,COMPLETED,17.74,2.32,3.32,38.7,5.57,6.61,131,-2,9,LOW
ses_467,SES-000467,cow_17,station_01,rfid_17,2026-08-12T17:21:00.000Z,2026-08-12T17:26:42.000Z,COMPLETED,18.68,2.54,3.63,38.7,5.73,6.64,147,1.5,11,LOW
ses_468,SES-000468,cow_18,station_01,rfid_18,2026-08-12T17:52:00.000Z,2026-08-12T17:56:32.000Z,COMPLETED,13.3,2.79,3.99,38.5,5.46,6.7,142,3.9,15,LOW
ses_469,SES-000469,cow_19,station_01,rfid_19,2026-08-12T18:25:00.000Z,2026-08-12T18:30:37.000Z,COMPLETED,12.9,2.44,3.49,38.5,5.58,6.63,156,-1.5,10,LOW
ses_470,SES-000470,cow_20,station_01,rfid_20,2026-08-12T18:06:00.000Z,2026-08-12T18:11:57.000Z,COMPLETED,14.28,2.66,3.8,38.7,5.5,6.64,79,5.8,9,LOW
ses_471,SES-000471,cow_21,station_01,rfid_21,2026-08-12T18:19:00.000Z,2026-08-12T18:24:58.000Z,COMPLETED,13.15,2.93,4.19,38.5,5.55,6.72,97,-4.7,14,LOW
ses_472,SES-000472,cow_22,station_01,rfid_22,2026-08-12T17:15:00.000Z,2026-08-12T17:20:19.000Z,COMPLETED,13.82,2.58,3.69,38.5,5.69,6.61,98,-2.7,15,LOW
ses_473,SES-000473,cow_23,station_01,rfid_23,2026-08-12T17:46:00.000Z,2026-08-12T17:51:56.000Z,COMPLETED,14.14,2.71,3.87,38.8,5.54,6.68,122,-2.5,10,LOW
ses_474,SES-000474,cow_24,station_01,rfid_24,2026-08-12T18:05:00.000Z,2026-08-12T18:09:35.000Z,COMPLETED,14.79,2.38,3.4,38.5,5.59,6.62,115,-0.7,11,LOW
ses_475,SES-000475,cow_25,station_01,rfid_25,2026-08-12T18:08:00.000Z,2026-08-12T18:13:06.000Z,COMPLETED,15.1,2.57,3.67,38.7,5.48,6.67,127,-1.3,17,LOW
ses_476,SES-000476,cow_26,station_01,rfid_26,2026-08-12T17:31:00.000Z,2026-08-12T17:35:45.000Z,COMPLETED,14.88,2.78,3.97,38.6,5.61,6.68,132,-4.6,11,LOW
ses_477,SES-000477,cow_27,station_01,rfid_27,2026-08-12T17:56:00.000Z,2026-08-12T18:00:40.000Z,COMPLETED,16.18,2.44,3.49,38.4,5.65,6.65,146,1.8,14,LOW
ses_478,SES-000478,cow_28,station_01,rfid_28,2026-08-12T17:34:00.000Z,2026-08-12T17:38:34.000Z,COMPLETED,15.89,2.65,3.78,38.6,5.46,6.66,151,-2.5,16,LOW
ses_479,SES-000479,cow_29,station_01,rfid_29,2026-08-12T17:22:00.000Z,2026-08-12T17:27:36.000Z,COMPLETED,16.02,2.87,4.1,38.7,5.65,6.67,153,-3.5,9,LOW
ses_480,SES-000480,cow_30,station_01,rfid_30,2026-08-12T17:50:00.000Z,2026-08-12T17:54:35.000Z,COMPLETED,17.36,2.53,3.62,38.5,5.43,6.61,88,2.1,16,LOW
ses_481,SES-000481,cow_1,station_01,rfid_1,2026-08-13T06:07:00.000Z,2026-08-13T06:11:03.000Z,COMPLETED,13.46,2.58,3.69,38.6,5.61,6.66,106,5.2,15,LOW
ses_482,SES-000482,cow_2,station_01,rfid_2,2026-08-13T06:05:00.000Z,2026-08-13T06:09:43.000Z,COMPLETED,12.69,2.79,3.99,38.8,5.64,6.68,112,-3.9,13,LOW
ses_483,SES-000483,cow_3,station_01,rfid_3,2026-08-13T06:04:00.000Z,2026-08-13T06:08:00.000Z,COMPLETED,13.25,2.43,3.47,38.4,5.56,6.6,118,-2.6,17,LOW
ses_484,SES-000484,cow_4,station_01,rfid_4,2026-08-13T06:02:00.000Z,2026-08-13T06:07:43.000Z,COMPLETED,13.78,2.71,3.87,38.6,5.68,6.65,117,-0.9,7,LOW
ses_485,SES-000485,cow_5,station_01,rfid_5,2026-08-13T07:01:00.000Z,2026-08-13T07:06:30.000Z,COMPLETED,14.4,2.91,4.15,38.6,5.39,6.66,132,0.7,7,LOW
ses_486,SES-000486,cow_6,station_01,rfid_6,2026-08-13T07:05:00.000Z,2026-08-13T07:10:31.000Z,COMPLETED,14.67,2.58,3.69,38.5,5.61,6.63,134,0.5,12,LOW
ses_487,SES-000487,cow_7,station_01,rfid_7,2026-08-13T06:51:00.000Z,2026-08-13T06:56:46.000Z,COMPLETED,14.24,2.69,3.85,38.7,5.67,6.64,148,-4.4,15,LOW
ses_488,SES-000488,cow_8,station_01,rfid_8,2026-08-13T07:28:00.000Z,2026-08-13T07:32:59.000Z,COMPLETED,15.29,2.43,3.47,38.7,5.46,6.59,145,-0.1,13,LOW
ses_489,SES-000489,cow_9,station_01,rfid_9,2026-08-13T06:57:00.000Z,2026-08-13T07:02:20.000Z,COMPLETED,16.45,2.58,3.69,38.6,5.6,6.64,143,4.8,8,LOW
ses_490,SES-000490,cow_10,station_01,rfid_10,2026-08-13T07:21:00.000Z,2026-08-13T07:26:57.000Z,COMPLETED,16.36,2.77,3.95,38.7,5.48,6.69,78,2.2,10,LOW
ses_491,SES-000491,cow_11,station_01,rfid_11,2026-08-13T07:25:00.000Z,2026-08-13T07:30:07.000Z,COMPLETED,15.78,2.39,3.41,38.7,5.6,6.61,106,-3.8,16,LOW
ses_492,SES-000492,cow_12,station_01,rfid_12,2026-08-13T07:22:00.000Z,2026-08-13T07:27:44.000Z,COMPLETED,16.52,2.64,3.77,38.5,5.65,6.66,108,-1.1,9,LOW
ses_493,SES-000493,cow_13,station_01,rfid_13,2026-08-13T07:15:00.000Z,2026-08-13T07:20:53.000Z,COMPLETED,17.9,2.83,4.05,38.5,5.49,6.69,121,4.7,8,LOW
ses_494,SES-000494,cow_14,station_01,rfid_14,2026-08-13T06:50:00.000Z,2026-08-13T06:54:34.000Z,COMPLETED,17.3,2.58,3.69,38.7,5.63,6.65,117,-0.6,17,LOW
ses_495,SES-000495,cow_15,station_01,rfid_15,2026-08-13T07:18:00.000Z,2026-08-13T07:22:24.000Z,COMPLETED,18.21,2.79,3.98,38.5,5.43,6.68,118,2.3,10,LOW
ses_496,SES-000496,cow_16,station_01,rfid_16,2026-08-13T07:13:00.000Z,2026-08-13T07:17:25.000Z,COMPLETED,18.73,2.34,3.34,38.5,5.54,6.63,126,3.5,15,LOW
ses_497,SES-000497,cow_17,station_01,rfid_17,2026-08-13T06:00:00.000Z,2026-08-13T06:04:41.000Z,COMPLETED,18.34,2.60,3.71,38.8,5.69,6.65,134,-0.3,12,LOW
ses_498,SES-000498,cow_18,station_01,rfid_18,2026-08-13T06:25:00.000Z,2026-08-13T06:29:18.000Z,COMPLETED,13.25,2.75,3.93,38.4,5.56,6.66,134,3.5,16,LOW
ses_499,SES-000499,cow_19,station_01,rfid_19,2026-08-13T06:46:00.000Z,2026-08-13T06:50:11.000Z,COMPLETED,13.59,2.45,3.5,38.7,5.64,6.65,154,3.7,12,LOW
ses_500,SES-000500,cow_20,station_01,rfid_20,2026-08-13T06:21:00.000Z,2026-08-13T06:26:13.000Z,COMPLETED,13.17,2.71,3.87,38.6,5.39,6.66,84,-2.4,14,LOW
ses_501,SES-000501,cow_21,station_01,rfid_21,2026-08-13T06:45:00.000Z,2026-08-13T06:49:22.000Z,COMPLETED,14.17,2.93,4.18,38.4,5.61,6.72,96,2.7,13,LOW
ses_502,SES-000502,cow_22,station_01,rfid_22,2026-08-13T06:07:00.000Z,2026-08-13T06:12:08.000Z,COMPLETED,14,2.45,3.5,38.6,5.71,6.61,109,-1.4,9,LOW
ses_503,SES-000503,cow_23,station_01,rfid_23,2026-08-13T06:54:00.000Z,2026-08-13T06:59:35.000Z,COMPLETED,14.37,2.77,3.95,38.8,5.54,6.68,112,-0.9,12,LOW
ses_504,SES-000504,cow_24,station_01,rfid_24,2026-08-13T06:12:00.000Z,2026-08-13T06:16:04.000Z,COMPLETED,14.81,2.44,3.48,38.5,5.65,6.64,123,-0.6,12,LOW
ses_505,SES-000505,cow_25,station_01,rfid_25,2026-08-13T07:00:00.000Z,2026-08-13T07:05:22.000Z,COMPLETED,15.47,2.66,3.8,38.5,5.44,6.64,113,1.1,17,LOW
ses_506,SES-000506,cow_26,station_01,rfid_26,2026-08-13T07:10:00.000Z,2026-08-13T07:14:52.000Z,COMPLETED,15.04,2.76,3.94,38.7,5.59,6.71,140,-3.6,14,LOW
ses_507,SES-000507,cow_27,station_01,rfid_27,2026-08-13T06:38:00.000Z,2026-08-13T06:42:01.000Z,COMPLETED,15.18,2.38,3.4,38.4,5.63,6.65,137,-4.5,13,LOW
ses_508,SES-000508,cow_28,station_01,rfid_28,2026-08-13T06:05:00.000Z,2026-08-13T06:09:15.000Z,COMPLETED,15.69,2.63,3.75,38.6,5.46,6.69,142,-3.7,12,LOW
ses_509,SES-000509,cow_29,station_01,rfid_29,2026-08-13T06:31:00.000Z,2026-08-13T06:35:32.000Z,COMPLETED,15.97,2.94,4.2,38.7,5.61,6.72,165,-3.8,12,LOW
ses_510,SES-000510,cow_30,station_01,rfid_30,2026-08-13T07:17:00.000Z,2026-08-13T07:21:05.000Z,COMPLETED,17.19,2.49,3.56,38.5,5.39,6.64,95,1.1,14,LOW
ses_511,SES-000511,cow_1,station_01,rfid_1,2026-08-13T17:45:00.000Z,2026-08-13T17:49:24.000Z,COMPLETED,12.93,2.60,3.71,38.6,5.55,6.64,94,1,7,LOW
ses_512,SES-000512,cow_2,station_01,rfid_2,2026-08-13T18:01:00.000Z,2026-08-13T18:05:43.000Z,COMPLETED,13.72,2.74,3.92,38.6,5.69,6.7,96,3.9,13,LOW
ses_513,SES-000513,cow_3,station_01,rfid_3,2026-08-13T18:24:00.000Z,2026-08-13T18:28:06.000Z,COMPLETED,12.94,2.39,3.42,38.6,5.55,6.64,102,-4.9,8,LOW
ses_514,SES-000514,cow_4,station_01,rfid_4,2026-08-13T17:10:00.000Z,2026-08-13T17:15:44.000Z,COMPLETED,14.22,2.64,3.77,38.7,5.58,6.64,116,2.3,16,LOW
ses_515,SES-000515,cow_5,station_01,rfid_5,2026-08-13T18:02:00.000Z,2026-08-13T18:07:43.000Z,COMPLETED,14.11,2.88,4.12,38.7,5.47,6.68,134,-1.3,15,LOW
ses_516,SES-000516,cow_6,station_01,rfid_6,2026-08-13T18:13:00.000Z,2026-08-13T18:17:40.000Z,COMPLETED,15.04,2.48,3.54,38.4,5.53,6.65,141,3,10,LOW
ses_517,SES-000517,cow_7,station_01,rfid_7,2026-08-13T17:21:00.000Z,2026-08-13T17:25:26.000Z,COMPLETED,14.52,2.72,3.89,38.6,5.64,6.65,140,-2.6,9,LOW
ses_518,SES-000518,cow_8,station_01,rfid_8,2026-08-13T18:02:00.000Z,2026-08-13T18:06:12.000Z,COMPLETED,15.03,2.33,3.33,38.7,5.49,6.64,151,-1.8,9,LOW
ses_519,SES-000519,cow_9,station_01,rfid_9,2026-08-13T17:19:00.000Z,2026-08-13T17:24:56.000Z,COMPLETED,16.39,2.53,3.62,38.6,5.63,6.67,142,4.4,12,LOW
ses_520,SES-000520,cow_10,station_01,rfid_10,2026-08-13T17:23:00.000Z,2026-08-13T17:28:58.000Z,COMPLETED,15.75,2.74,3.91,38.6,5.41,6.71,101,-1.6,16,LOW
ses_521,SES-000521,cow_11,station_01,rfid_11,2026-08-13T17:08:00.000Z,2026-08-13T17:12:46.000Z,COMPLETED,16.68,2.52,3.6,38.7,5.52,6.62,107,1.7,9,LOW
ses_522,SES-000522,cow_12,station_01,rfid_12,2026-08-13T17:34:00.000Z,2026-08-13T17:38:24.000Z,COMPLETED,16.9,2.61,3.73,38.5,5.67,6.68,96,1.2,15,LOW
ses_523,SES-000523,cow_13,station_01,rfid_13,2026-08-13T17:15:00.000Z,2026-08-13T17:20:35.000Z,COMPLETED,16.91,2.91,4.15,38.6,5.5,6.69,104,-1.1,14,LOW
ses_524,SES-000524,cow_14,station_01,rfid_14,2026-08-13T17:56:00.000Z,2026-08-13T18:00:50.000Z,COMPLETED,17.43,2.53,3.61,38.6,5.59,6.61,122,0.2,16,LOW
ses_525,SES-000525,cow_15,station_01,rfid_15,2026-08-13T17:47:00.000Z,2026-08-13T17:52:55.000Z,COMPLETED,17.92,2.70,3.86,38.5,5.43,6.69,133,0.7,9,LOW
ses_526,SES-000526,cow_16,station_01,rfid_16,2026-08-13T17:39:00.000Z,2026-08-13T17:44:33.000Z,COMPLETED,17.87,2.38,3.4,38.6,5.61,6.59,124,-1.3,9,LOW
ses_527,SES-000527,cow_17,station_01,rfid_17,2026-08-13T17:31:00.000Z,2026-08-13T17:35:54.000Z,COMPLETED,17.63,2.55,3.65,38.7,5.73,6.68,140,-4.2,17,LOW
ses_528,SES-000528,cow_18,station_01,rfid_18,2026-08-13T17:25:00.000Z,2026-08-13T17:30:27.000Z,COMPLETED,12.27,2.85,4.07,38.5,5.5,6.71,157,-4.1,14,LOW
ses_529,SES-000529,cow_19,station_01,rfid_19,2026-08-13T18:08:00.000Z,2026-08-13T18:12:31.000Z,COMPLETED,13.5,2.46,3.51,38.6,5.62,6.66,150,3.1,16,LOW
ses_530,SES-000530,cow_20,station_01,rfid_20,2026-08-13T17:48:00.000Z,2026-08-13T17:52:39.000Z,COMPLETED,12.96,2.71,3.87,38.8,5.44,6.69,82,-4,11,LOW
ses_531,SES-000531,cow_21,station_01,rfid_21,2026-08-13T18:17:00.000Z,2026-08-13T18:22:30.000Z,COMPLETED,14.52,2.88,4.11,38.6,5.63,6.67,94,5.2,7,LOW
ses_532,SES-000532,cow_22,station_01,rfid_22,2026-08-13T17:25:00.000Z,2026-08-13T17:29:05.000Z,COMPLETED,14.32,2.55,3.65,38.7,5.65,6.63,106,0.8,8,LOW
ses_533,SES-000533,cow_23,station_01,rfid_23,2026-08-13T17:29:00.000Z,2026-08-13T17:33:29.000Z,COMPLETED,14.68,2.77,3.95,38.7,5.56,6.68,102,1.2,16,LOW
ses_534,SES-000534,cow_24,station_01,rfid_24,2026-08-13T18:30:00.000Z,2026-08-13T18:35:07.000Z,COMPLETED,15.33,2.44,3.49,38.5,5.69,6.63,124,2.9,10,LOW
ses_535,SES-000535,cow_25,station_01,rfid_25,2026-08-13T17:56:00.000Z,2026-08-13T18:01:57.000Z,COMPLETED,14.79,2.64,3.77,38.5,5.5,6.63,130,-3.3,16,LOW
ses_536,SES-000536,cow_26,station_01,rfid_26,2026-08-13T17:18:00.000Z,2026-08-13T17:23:19.000Z,COMPLETED,14.87,2.78,3.97,38.6,5.58,6.7,132,-4.7,16,LOW
ses_537,SES-000537,cow_27,station_01,rfid_27,2026-08-13T18:11:00.000Z,2026-08-13T18:16:15.000Z,COMPLETED,16.69,2.49,3.56,38.6,5.73,6.63,138,5,16,LOW
ses_538,SES-000538,cow_28,station_01,rfid_28,2026-08-13T17:03:00.000Z,2026-08-13T17:08:23.000Z,COMPLETED,15.96,2.67,3.82,38.6,5.54,6.63,141,-2.1,10,LOW
ses_539,SES-000539,cow_29,station_01,rfid_29,2026-08-13T18:03:00.000Z,2026-08-13T18:08:06.000Z,COMPLETED,17.08,2.94,4.2,38.6,5.69,6.69,160,2.9,16,LOW
ses_540,SES-000540,cow_30,station_01,rfid_30,2026-08-13T17:12:00.000Z,2026-08-13T17:16:27.000Z,COMPLETED,16.56,2.55,3.64,38.4,5.45,6.65,80,-2.6,15,LOW
ses_541,SES-000541,cow_1,station_01,rfid_1,2026-08-14T06:19:00.000Z,2026-08-14T06:24:00.000Z,COMPLETED,12.18,2.61,3.73,38.6,5.54,6.65,89,-4.8,16,LOW
ses_542,SES-000542,cow_2,station_01,rfid_2,2026-08-14T06:06:00.000Z,2026-08-14T06:11:41.000Z,COMPLETED,13.39,2.82,4.03,38.7,5.65,6.68,111,1.4,13,LOW
ses_543,SES-000543,cow_3,station_01,rfid_3,2026-08-14T07:23:00.000Z,2026-08-14T07:28:44.000Z,COMPLETED,12.93,2.49,3.56,38.4,5.55,6.65,123,-4.9,10,LOW
ses_544,SES-000544,cow_4,station_01,rfid_4,2026-08-14T07:15:00.000Z,2026-08-14T07:19:12.000Z,COMPLETED,14.35,2.65,3.79,38.6,5.59,6.64,117,3.2,16,LOW
ses_545,SES-000545,cow_5,station_01,rfid_5,2026-08-14T07:04:00.000Z,2026-08-14T07:08:49.000Z,COMPLETED,14.92,2.83,4.05,38.7,5.42,6.69,123,4.3,8,LOW
ses_546,SES-000546,cow_6,station_01,rfid_6,2026-08-14T06:00:00.000Z,2026-08-14T06:04:29.000Z,COMPLETED,15,2.52,3.6,38.6,5.6,6.65,122,2.7,14,LOW
ses_547,SES-000547,cow_7,station_01,rfid_7,2026-08-14T06:17:00.000Z,2026-08-14T06:22:35.000Z,COMPLETED,15.31,2.79,3.98,38.6,5.75,6.65,129,2.8,15,LOW
ses_548,SES-000548,cow_8,station_01,rfid_8,2026-08-14T07:00:00.000Z,2026-08-14T07:04:09.000Z,COMPLETED,14.77,2.43,3.47,38.6,5.46,6.6,136,-3.5,7,LOW
ses_549,SES-000549,cow_9,station_01,rfid_9,2026-08-14T06:11:00.000Z,2026-08-14T06:16:35.000Z,COMPLETED,15.62,2.64,3.77,38.5,5.6,6.68,143,-0.5,11,LOW
ses_550,SES-000550,cow_10,station_01,rfid_10,2026-08-14T06:44:00.000Z,2026-08-14T06:48:45.000Z,COMPLETED,16.37,2.77,3.96,38.6,5.46,6.68,83,2.3,16,LOW
ses_551,SES-000551,cow_11,station_01,rfid_11,2026-08-14T06:11:00.000Z,2026-08-14T06:16:28.000Z,COMPLETED,16.2,2.38,3.4,38.7,5.62,6.65,88,-1.2,16,LOW
ses_552,SES-000552,cow_12,station_01,rfid_12,2026-08-14T06:28:00.000Z,2026-08-14T06:32:00.000Z,COMPLETED,17.13,2.70,3.86,38.6,5.66,6.68,108,2.6,9,LOW
ses_553,SES-000553,cow_13,station_01,rfid_13,2026-08-14T06:04:00.000Z,2026-08-14T06:09:04.000Z,COMPLETED,16.42,2.91,4.15,38.7,5.49,6.7,115,-4,14,LOW
ses_554,SES-000554,cow_14,station_01,rfid_14,2026-08-14T07:22:00.000Z,2026-08-14T07:27:05.000Z,COMPLETED,16.88,2.52,3.6,38.7,5.69,6.61,115,-3,9,LOW
ses_555,SES-000555,cow_15,station_01,rfid_15,2026-08-14T06:42:00.000Z,2026-08-14T06:47:26.000Z,COMPLETED,17.85,2.74,3.91,38.5,5.5,6.68,124,0.3,16,LOW
ses_556,SES-000556,cow_16,station_01,rfid_16,2026-08-14T06:10:00.000Z,2026-08-14T06:14:25.000Z,COMPLETED,18.78,2.35,3.36,38.6,5.6,6.6,123,3.8,12,LOW
ses_557,SES-000557,cow_17,station_01,rfid_17,2026-08-14T06:05:00.000Z,2026-08-14T06:10:52.000Z,COMPLETED,17.88,2.54,3.63,38.7,5.7,6.65,130,-2.8,7,LOW
ses_558,SES-000558,cow_18,station_01,rfid_18,2026-08-14T06:27:00.000Z,2026-08-14T06:32:57.000Z,COMPLETED,12.59,2.74,3.92,38.4,5.49,6.67,143,-1.6,13,LOW
ses_559,SES-000559,cow_19,station_01,rfid_19,2026-08-14T07:22:00.000Z,2026-08-14T07:27:24.000Z,COMPLETED,13.17,2.47,3.53,38.7,5.59,6.61,158,0.5,15,LOW
ses_560,SES-000560,cow_20,station_01,rfid_20,2026-08-14T07:18:00.000Z,2026-08-14T07:22:35.000Z,COMPLETED,13.62,2.62,3.74,38.8,5.41,6.66,82,0.9,12,LOW
ses_561,SES-000561,cow_21,station_01,rfid_21,2026-08-14T06:36:00.000Z,2026-08-14T06:41:15.000Z,COMPLETED,13.62,2.84,4.06,38.6,5.54,6.7,102,-1.3,8,LOW
ses_562,SES-000562,cow_22,station_01,rfid_22,2026-08-14T06:18:00.000Z,2026-08-14T06:23:07.000Z,COMPLETED,13.48,2.53,3.62,38.5,5.72,6.63,107,-5.1,16,LOW
ses_563,SES-000563,cow_23,station_01,rfid_23,2026-08-14T06:33:00.000Z,2026-08-14T06:38:40.000Z,COMPLETED,13.74,2.79,3.98,38.7,5.57,6.69,113,-5.2,13,LOW
ses_564,SES-000564,cow_24,station_01,rfid_24,2026-08-14T06:01:00.000Z,2026-08-14T06:06:05.000Z,COMPLETED,15.31,2.45,3.5,38.4,5.6,6.65,113,2.8,10,LOW
ses_565,SES-000565,cow_25,station_01,rfid_25,2026-08-14T07:22:00.000Z,2026-08-14T07:27:21.000Z,COMPLETED,15.97,2.65,3.78,38.7,5.43,6.62,135,4.4,8,LOW
ses_566,SES-000566,cow_26,station_01,rfid_26,2026-08-14T06:48:00.000Z,2026-08-14T06:53:56.000Z,COMPLETED,15.93,2.83,4.04,38.6,5.61,6.67,139,2.1,14,LOW
ses_567,SES-000567,cow_27,station_01,rfid_27,2026-08-14T07:10:00.000Z,2026-08-14T07:15:53.000Z,COMPLETED,15.62,2.44,3.48,38.5,5.69,6.6,148,-1.8,13,LOW
ses_568,SES-000568,cow_28,station_01,rfid_28,2026-08-14T06:47:00.000Z,2026-08-14T06:53:00.000Z,COMPLETED,15.94,2.66,3.8,38.7,5.53,6.65,148,-2.2,8,LOW
ses_569,SES-000569,cow_29,station_01,rfid_29,2026-08-14T06:57:00.000Z,2026-08-14T07:02:40.000Z,COMPLETED,16.41,2.91,4.16,38.8,5.64,6.66,156,-1.1,13,LOW
ses_570,SES-000570,cow_30,station_01,rfid_30,2026-08-14T06:16:00.000Z,2026-08-14T06:21:47.000Z,COMPLETED,17.78,2.51,3.58,38.4,5.4,6.63,86,4.6,10,LOW
ses_571,SES-000571,cow_1,station_01,rfid_1,2026-08-14T18:10:00.000Z,2026-08-14T18:14:49.000Z,COMPLETED,12.57,2.56,3.66,38.6,5.55,6.66,90,-1.8,15,LOW
ses_572,SES-000572,cow_2,station_01,rfid_2,2026-08-14T17:18:00.000Z,2026-08-14T17:23:10.000Z,COMPLETED,13.43,2.73,3.9,38.7,5.73,6.7,102,1.7,13,LOW
ses_573,SES-000573,cow_3,station_01,rfid_3,2026-08-14T17:12:00.000Z,2026-08-14T17:16:57.000Z,COMPLETED,13.62,2.51,3.59,38.5,5.54,6.63,111,0.1,12,LOW
ses_574,SES-000574,cow_4,station_01,rfid_4,2026-08-14T18:05:00.000Z,2026-08-14T18:09:16.000Z,COMPLETED,14.51,2.65,3.78,38.6,5.64,6.68,117,4.4,15,LOW
ses_575,SES-000575,cow_5,station_01,rfid_5,2026-08-14T18:01:00.000Z,2026-08-14T18:05:26.000Z,COMPLETED,13.5,2.80,4,38.6,5.44,6.67,131,-5.6,8,LOW
ses_576,SES-000576,cow_6,station_01,rfid_6,2026-08-14T18:21:00.000Z,2026-08-14T18:26:35.000Z,COMPLETED,14.89,2.55,3.65,38.5,5.58,6.64,140,2,12,LOW
ses_577,SES-000577,cow_7,station_01,rfid_7,2026-08-14T17:00:00.000Z,2026-08-14T17:05:19.000Z,COMPLETED,15.02,2.77,3.95,38.5,5.67,6.67,139,0.8,14,LOW
ses_578,SES-000578,cow_8,station_01,rfid_8,2026-08-14T18:29:00.000Z,2026-08-14T18:33:33.000Z,COMPLETED,14.73,2.44,3.48,38.7,5.52,6.65,134,-3.7,11,LOW
ses_579,SES-000579,cow_9,station_01,rfid_9,2026-08-14T17:14:00.000Z,2026-08-14T17:19:59.000Z,COMPLETED,16.44,2.58,3.69,38.5,5.67,6.63,148,4.7,14,LOW
ses_580,SES-000580,cow_10,station_01,rfid_10,2026-08-14T18:18:00.000Z,2026-08-14T18:23:17.000Z,COMPLETED,16.64,2.76,3.94,38.6,5.41,6.69,83,4,12,LOW
ses_581,SES-000581,cow_11,station_01,rfid_11,2026-08-14T17:56:00.000Z,2026-08-14T18:00:41.000Z,COMPLETED,16.89,2.50,3.57,38.6,5.56,6.63,106,3,7,LOW
ses_582,SES-000582,cow_12,station_01,rfid_12,2026-08-14T17:47:00.000Z,2026-08-14T17:52:14.000Z,COMPLETED,16.69,2.60,3.72,38.5,5.73,6.67,98,-0.1,11,LOW
ses_583,SES-000583,cow_13,station_01,rfid_13,2026-08-14T17:07:00.000Z,2026-08-14T17:12:02.000Z,COMPLETED,17.33,2.83,4.05,38.6,5.56,6.66,118,1.3,17,LOW
ses_584,SES-000584,cow_14,station_01,rfid_14,2026-08-14T18:06:00.000Z,2026-08-14T18:11:22.000Z,COMPLETED,16.69,2.48,3.55,38.8,5.57,6.64,119,-4.1,10,LOW
ses_585,SES-000585,cow_15,station_01,rfid_15,2026-08-14T18:04:00.000Z,2026-08-14T18:09:14.000Z,COMPLETED,17.45,2.75,3.93,38.6,5.46,6.69,127,-2,17,LOW
ses_586,SES-000586,cow_16,station_01,rfid_16,2026-08-14T18:16:00.000Z,2026-08-14T18:20:22.000Z,COMPLETED,18.22,2.44,3.49,38.6,5.61,6.61,142,0.7,11,LOW
ses_587,SES-000587,cow_17,station_01,rfid_17,2026-08-14T18:10:00.000Z,2026-08-14T18:15:50.000Z,COMPLETED,18.15,2.56,3.66,38.6,5.68,6.63,142,-1.4,10,LOW
ses_588,SES-000588,cow_18,station_01,rfid_18,2026-08-14T17:30:00.000Z,2026-08-14T17:34:31.000Z,COMPLETED,12.28,2.82,4.03,38.6,5.49,6.68,150,-4.1,14,LOW
ses_589,SES-000589,cow_19,station_01,rfid_19,2026-08-14T18:01:00.000Z,2026-08-14T18:05:28.000Z,COMPLETED,13.18,2.46,3.51,38.6,5.64,6.61,147,0.6,12,LOW
ses_590,SES-000590,cow_20,station_01,rfid_20,2026-08-14T17:43:00.000Z,2026-08-14T17:48:07.000Z,COMPLETED,14.15,2.66,3.8,38.6,5.4,6.64,88,4.8,7,LOW
ses_591,SES-000591,cow_21,station_01,rfid_21,2026-08-14T17:51:00.000Z,2026-08-14T17:55:28.000Z,COMPLETED,13.76,2.81,4.01,38.5,5.6,6.66,96,-0.3,9,LOW
ses_592,SES-000592,cow_22,station_01,rfid_22,2026-08-14T17:27:00.000Z,2026-08-14T17:32:23.000Z,COMPLETED,13.57,2.54,3.63,38.6,5.64,6.62,98,-4.4,8,LOW
ses_593,SES-000593,cow_23,station_01,rfid_23,2026-08-14T17:18:00.000Z,2026-08-14T17:22:42.000Z,COMPLETED,14.45,2.74,3.91,38.7,5.53,6.67,119,-0.3,15,LOW
ses_594,SES-000594,cow_24,station_01,rfid_24,2026-08-14T17:38:00.000Z,2026-08-14T17:43:31.000Z,COMPLETED,14.71,2.31,3.3,38.5,5.65,6.6,124,-1.3,10,LOW
ses_595,SES-000595,cow_25,station_01,rfid_25,2026-08-14T17:55:00.000Z,2026-08-14T17:59:51.000Z,COMPLETED,15.91,2.63,3.75,38.5,5.43,6.66,119,4,7,LOW
ses_596,SES-000596,cow_26,station_01,rfid_26,2026-08-14T17:55:00.000Z,2026-08-14T17:59:03.000Z,COMPLETED,15.95,2.83,4.05,38.8,5.61,6.7,126,2.2,10,LOW
ses_597,SES-000597,cow_27,station_01,rfid_27,2026-08-14T18:13:00.000Z,2026-08-14T18:18:54.000Z,COMPLETED,15.58,2.39,3.42,38.5,5.67,6.62,137,-2,10,LOW
ses_598,SES-000598,cow_28,station_01,rfid_28,2026-08-14T17:21:00.000Z,2026-08-14T17:25:28.000Z,COMPLETED,15.69,2.64,3.77,38.6,5.56,6.65,147,-3.7,13,LOW
ses_599,SES-000599,cow_29,station_01,rfid_29,2026-08-14T17:59:00.000Z,2026-08-14T18:04:39.000Z,COMPLETED,17.28,2.94,4.2,38.8,5.63,6.66,156,4.1,13,LOW
ses_600,SES-000600,cow_30,station_01,rfid_30,2026-08-14T18:17:00.000Z,2026-08-14T18:22:37.000Z,COMPLETED,17.65,2.47,3.53,38.6,5.4,6.61,88,3.8,11,LOW
ses_601,SES-000601,cow_1,station_01,rfid_1,2026-08-15T06:10:00.000Z,2026-08-15T06:15:42.000Z,COMPLETED,13.01,2.61,3.73,38.6,5.6,6.68,94,1.6,8,LOW
ses_602,SES-000602,cow_2,station_01,rfid_2,2026-08-15T07:15:00.000Z,2026-08-15T07:20:14.000Z,COMPLETED,13.71,2.85,4.07,38.7,5.73,6.69,111,3.9,7,LOW
ses_603,SES-000603,cow_3,station_01,rfid_3,2026-08-15T06:09:00.000Z,2026-08-15T06:13:28.000Z,COMPLETED,13.3,2.51,3.58,38.4,5.56,6.64,112,-2.2,12,LOW
ses_604,SES-000604,cow_4,station_01,rfid_4,2026-08-15T06:34:00.000Z,2026-08-15T06:38:23.000Z,COMPLETED,14.59,2.62,3.74,38.6,5.59,6.68,127,5,8,LOW
ses_605,SES-000605,cow_5,station_01,rfid_5,2026-08-15T07:11:00.000Z,2026-08-15T07:15:28.000Z,COMPLETED,14.27,2.90,4.14,38.7,5.51,6.67,118,-0.2,14,LOW
ses_606,SES-000606,cow_6,station_01,rfid_6,2026-08-15T07:26:00.000Z,2026-08-15T07:31:06.000Z,COMPLETED,14.88,2.47,3.53,38.6,5.63,6.65,124,1.9,12,LOW
ses_607,SES-000607,cow_7,station_01,rfid_7,2026-08-15T07:20:00.000Z,2026-08-15T07:24:32.000Z,COMPLETED,14.6,2.80,4,38.6,5.7,6.69,143,-2,10,LOW
ses_608,SES-000608,cow_8,station_01,rfid_8,2026-08-15T06:55:00.000Z,2026-08-15T06:59:28.000Z,COMPLETED,15.88,2.42,3.45,38.8,5.53,6.59,139,3.8,16,LOW
ses_609,SES-000609,cow_9,station_01,rfid_9,2026-08-15T07:17:00.000Z,2026-08-15T07:22:35.000Z,COMPLETED,15.4,2.63,3.76,38.6,5.64,6.65,160,-1.9,11,LOW
ses_610,SES-000610,cow_10,station_01,rfid_10,2026-08-15T07:24:00.000Z,2026-08-15T07:28:31.000Z,COMPLETED,15.88,2.83,4.04,38.6,5.43,6.66,94,-0.7,10,LOW
ses_611,SES-000611,cow_11,station_01,rfid_11,2026-08-15T07:09:00.000Z,2026-08-15T07:14:46.000Z,COMPLETED,16.51,2.39,3.41,38.7,5.62,6.62,86,0.7,9,LOW
ses_612,SES-000612,cow_12,station_01,rfid_12,2026-08-15T06:00:00.000Z,2026-08-15T06:04:46.000Z,COMPLETED,16.52,2.65,3.79,38.6,5.7,6.64,100,-1.1,12,LOW
ses_613,SES-000613,cow_13,station_01,rfid_13,2026-08-15T07:10:00.000Z,2026-08-15T07:14:35.000Z,COMPLETED,16.72,2.90,4.14,38.6,5.48,6.69,101,-2.2,17,LOW
ses_614,SES-000614,cow_14,station_01,rfid_14,2026-08-15T06:49:00.000Z,2026-08-15T06:53:17.000Z,COMPLETED,16.62,2.49,3.56,38.6,5.66,6.66,114,-4.5,14,LOW
ses_615,SES-000615,cow_15,station_01,rfid_15,2026-08-15T07:17:00.000Z,2026-08-15T07:21:18.000Z,COMPLETED,18.57,2.79,3.98,38.5,5.41,6.68,120,4.3,12,LOW
ses_616,SES-000616,cow_16,station_01,rfid_16,2026-08-15T07:05:00.000Z,2026-08-15T07:09:23.000Z,COMPLETED,18.73,2.41,3.44,38.5,5.59,6.61,125,3.5,12,LOW
ses_617,SES-000617,cow_17,station_01,rfid_17,2026-08-15T06:53:00.000Z,2026-08-15T06:57:09.000Z,COMPLETED,18.71,2.63,3.75,38.6,5.65,6.63,130,1.7,9,LOW
ses_618,SES-000618,cow_18,station_01,rfid_18,2026-08-15T07:07:00.000Z,2026-08-15T07:12:45.000Z,COMPLETED,13.13,2.76,3.94,38.4,5.48,6.66,147,2.6,17,LOW
ses_619,SES-000619,cow_19,station_01,rfid_19,2026-08-15T06:47:00.000Z,2026-08-15T06:52:45.000Z,COMPLETED,13.62,2.39,3.41,38.7,5.61,6.65,142,4,10,LOW
ses_620,SES-000620,cow_20,station_01,rfid_20,2026-08-15T07:03:00.000Z,2026-08-15T07:08:25.000Z,COMPLETED,13.66,2.60,3.72,38.6,5.41,6.64,82,1.2,10,LOW
ses_621,SES-000621,cow_21,station_01,rfid_21,2026-08-15T07:07:00.000Z,2026-08-15T07:11:49.000Z,COMPLETED,14.3,2.85,4.07,38.5,5.53,6.67,92,3.6,14,LOW
ses_622,SES-000622,cow_22,station_01,rfid_22,2026-08-15T06:29:00.000Z,2026-08-15T06:34:39.000Z,COMPLETED,14.28,2.47,3.53,38.6,5.64,6.62,93,0.6,11,LOW
ses_623,SES-000623,cow_23,station_01,rfid_23,2026-08-15T06:41:00.000Z,2026-08-15T06:45:21.000Z,COMPLETED,15.07,2.67,3.81,38.8,5.56,6.66,107,3.9,15,LOW
ses_624,SES-000624,cow_24,station_01,rfid_24,2026-08-15T06:48:00.000Z,2026-08-15T06:53:32.000Z,COMPLETED,15.03,2.41,3.44,38.5,5.59,6.62,118,0.9,9,LOW
ses_625,SES-000625,cow_25,station_01,rfid_25,2026-08-15T06:22:00.000Z,2026-08-15T06:27:03.000Z,COMPLETED,15.81,2.66,3.8,38.6,5.39,6.63,123,3.3,8,LOW
ses_626,SES-000626,cow_26,station_01,rfid_26,2026-08-15T07:26:00.000Z,2026-08-15T07:30:07.000Z,COMPLETED,15.41,2.83,4.04,38.8,5.56,6.68,131,-1.2,15,LOW
ses_627,SES-000627,cow_27,station_01,rfid_27,2026-08-15T06:11:00.000Z,2026-08-15T06:16:53.000Z,COMPLETED,16.31,2.50,3.57,38.5,5.65,6.61,129,2.6,10,LOW
ses_628,SES-000628,cow_28,station_01,rfid_28,2026-08-15T06:55:00.000Z,2026-08-15T07:00:35.000Z,COMPLETED,15.71,2.65,3.78,38.6,5.45,6.68,143,-3.6,13,LOW
ses_629,SES-000629,cow_29,station_01,rfid_29,2026-08-15T06:44:00.000Z,2026-08-15T06:49:56.000Z,COMPLETED,17.39,2.80,4,38.8,5.63,6.69,147,4.8,8,LOW
ses_630,SES-000630,cow_30,station_01,rfid_30,2026-08-15T07:18:00.000Z,2026-08-15T07:23:01.000Z,COMPLETED,16.29,2.55,3.64,38.5,5.5,6.66,95,-4.2,7,LOW
ses_631,SES-000631,cow_1,station_01,rfid_1,2026-08-15T17:40:00.000Z,2026-08-15T17:44:37.000Z,COMPLETED,13.21,2.60,3.71,38.5,5.55,6.65,106,3.2,13,LOW
ses_632,SES-000632,cow_2,station_01,rfid_2,2026-08-15T18:26:00.000Z,2026-08-15T18:30:35.000Z,COMPLETED,13.72,2.82,4.03,38.7,5.71,6.69,104,3.9,8,LOW
ses_633,SES-000633,cow_3,station_01,rfid_3,2026-08-15T18:28:00.000Z,2026-08-15T18:32:30.000Z,COMPLETED,13,2.49,3.56,38.5,5.46,6.64,103,-4.4,10,LOW
ses_634,SES-000634,cow_4,station_01,rfid_4,2026-08-15T18:06:00.000Z,2026-08-15T18:10:58.000Z,COMPLETED,14.24,2.64,3.77,38.7,5.67,6.65,116,2.4,14,LOW
ses_635,SES-000635,cow_5,station_01,rfid_5,2026-08-15T18:03:00.000Z,2026-08-15T18:07:17.000Z,COMPLETED,14.24,2.94,4.2,38.6,5.4,6.67,129,-0.4,13,LOW
ses_636,SES-000636,cow_6,station_01,rfid_6,2026-08-15T18:09:00.000Z,2026-08-15T18:14:56.000Z,COMPLETED,15.26,2.58,3.68,38.4,5.55,6.62,139,4.5,7,LOW
ses_637,SES-000637,cow_7,station_01,rfid_7,2026-08-15T17:23:00.000Z,2026-08-15T17:27:43.000Z,COMPLETED,14.79,2.68,3.83,38.5,5.69,6.65,150,-0.7,9,LOW
ses_638,SES-000638,cow_8,station_01,rfid_8,2026-08-15T17:54:00.000Z,2026-08-15T17:59:05.000Z,COMPLETED,14.73,2.32,3.31,38.7,5.54,6.59,141,-3.7,16,LOW
ses_639,SES-000639,cow_9,station_01,rfid_9,2026-08-15T18:28:00.000Z,2026-08-15T18:32:25.000Z,COMPLETED,15.53,2.64,3.77,38.5,5.68,6.66,147,-1.1,14,LOW
ses_640,SES-000640,cow_10,station_01,rfid_10,2026-08-15T17:09:00.000Z,2026-08-15T17:13:55.000Z,COMPLETED,16.16,2.74,3.91,38.7,5.39,6.69,80,1,12,LOW
ses_641,SES-000641,cow_11,station_01,rfid_11,2026-08-15T18:21:00.000Z,2026-08-15T18:26:56.000Z,COMPLETED,16.48,2.44,3.48,38.6,5.58,6.64,104,0.5,7,LOW
ses_642,SES-000642,cow_12,station_01,rfid_12,2026-08-15T17:59:00.000Z,2026-08-15T18:03:15.000Z,COMPLETED,16.18,2.63,3.76,38.5,5.75,6.69,106,-3.1,11,LOW
ses_643,SES-000643,cow_13,station_01,rfid_13,2026-08-15T17:23:00.000Z,2026-08-15T17:27:42.000Z,COMPLETED,17.31,2.85,4.07,38.7,5.55,6.68,108,1.2,14,LOW
ses_644,SES-000644,cow_14,station_01,rfid_14,2026-08-15T17:41:00.000Z,2026-08-15T17:46:00.000Z,COMPLETED,16.76,2.46,3.51,38.6,5.67,6.62,129,-3.7,11,LOW
ses_645,SES-000645,cow_15,station_01,rfid_15,2026-08-15T18:07:00.000Z,2026-08-15T18:12:02.000Z,COMPLETED,17.56,2.75,3.93,38.6,5.43,6.65,119,-1.3,9,LOW
ses_646,SES-000646,cow_16,station_01,rfid_16,2026-08-15T17:00:00.000Z,2026-08-15T17:05:18.000Z,COMPLETED,18.14,2.39,3.41,38.7,5.56,6.6,137,0.2,7,LOW
ses_647,SES-000647,cow_17,station_01,rfid_17,2026-08-15T17:06:00.000Z,2026-08-15T17:10:15.000Z,COMPLETED,17.73,2.58,3.69,38.8,5.74,6.64,131,-3.6,13,LOW
ses_648,SES-000648,cow_18,station_01,rfid_18,2026-08-15T17:41:00.000Z,2026-08-15T17:46:27.000Z,COMPLETED,12.89,2.82,4.03,38.5,5.56,6.66,138,0.7,9,LOW
ses_649,SES-000649,cow_19,station_01,rfid_19,2026-08-15T18:02:00.000Z,2026-08-15T18:06:38.000Z,COMPLETED,13.07,2.39,3.41,38.6,5.65,6.61,162,-0.2,12,LOW
ses_650,SES-000650,cow_20,station_01,rfid_20,2026-08-15T17:23:00.000Z,2026-08-15T17:27:08.000Z,COMPLETED,13.16,2.59,3.7,38.7,5.45,6.66,87,-2.5,12,LOW
ses_651,SES-000651,cow_21,station_01,rfid_21,2026-08-15T17:32:00.000Z,2026-08-15T17:37:42.000Z,COMPLETED,14.41,2.81,4.01,38.4,5.56,6.68,88,4.4,13,LOW
ses_652,SES-000652,cow_22,station_01,rfid_22,2026-08-15T17:39:00.000Z,2026-08-15T17:44:53.000Z,COMPLETED,14.95,2.51,3.59,38.7,5.7,6.67,102,5.3,17,LOW
ses_653,SES-000653,cow_23,station_01,rfid_23,2026-08-15T17:35:00.000Z,2026-08-15T17:39:56.000Z,COMPLETED,14.59,2.74,3.92,38.7,5.54,6.66,116,0.6,13,LOW
ses_654,SES-000654,cow_24,station_01,rfid_24,2026-08-15T17:51:00.000Z,2026-08-15T17:55:09.000Z,COMPLETED,15.25,2.39,3.42,38.6,5.6,6.61,115,2.3,7,LOW
ses_655,SES-000655,cow_25,station_01,rfid_25,2026-08-15T17:39:00.000Z,2026-08-15T17:43:24.000Z,COMPLETED,15.12,2.60,3.72,38.5,5.5,6.66,113,-1.2,14,LOW
ses_656,SES-000656,cow_26,station_01,rfid_26,2026-08-15T17:12:00.000Z,2026-08-15T17:17:15.000Z,COMPLETED,14.81,2.79,3.98,38.8,5.52,6.68,141,-5.1,9,LOW
ses_657,SES-000657,cow_27,station_01,rfid_27,2026-08-15T17:46:00.000Z,2026-08-15T17:50:45.000Z,COMPLETED,16.43,2.44,3.48,38.5,5.67,6.6,148,3.3,16,LOW
ses_658,SES-000658,cow_28,station_01,rfid_28,2026-08-15T17:32:00.000Z,2026-08-15T17:36:40.000Z,COMPLETED,15.59,2.72,3.88,38.7,5.52,6.63,150,-4.4,12,LOW
ses_659,SES-000659,cow_29,station_01,rfid_29,2026-08-15T18:17:00.000Z,2026-08-15T18:21:10.000Z,COMPLETED,15.87,2.85,4.07,38.8,5.64,6.7,161,-4.4,11,LOW
ses_660,SES-000660,cow_30,station_01,rfid_30,2026-08-15T17:42:00.000Z,2026-08-15T17:47:57.000Z,COMPLETED,16.76,2.54,3.63,38.4,5.42,6.63,91,-1.4,16,LOW
ses_661,SES-000661,cow_1,station_01,rfid_1,2026-08-16T07:00:00.000Z,2026-08-16T07:05:20.000Z,COMPLETED,13.44,2.65,3.79,38.6,5.53,6.66,97,5,8,LOW
ses_662,SES-000662,cow_2,station_01,rfid_2,2026-08-16T07:05:00.000Z,2026-08-16T07:09:41.000Z,COMPLETED,13.54,2.79,3.98,38.7,5.71,6.69,93,2.6,9,LOW
ses_663,SES-000663,cow_3,station_01,rfid_3,2026-08-16T06:33:00.000Z,2026-08-16T06:38:37.000Z,COMPLETED,12.89,2.44,3.49,38.5,5.5,6.64,122,-5.2,13,LOW
ses_664,SES-000664,cow_4,station_01,rfid_4,2026-08-16T07:13:00.000Z,2026-08-16T07:17:25.000Z,COMPLETED,13.94,2.63,3.75,38.7,5.6,6.63,121,0.3,10,LOW
ses_665,SES-000665,cow_5,station_01,rfid_5,2026-08-16T06:52:00.000Z,2026-08-16T06:57:24.000Z,COMPLETED,13.66,2.88,4.11,38.7,5.47,6.67,119,-4.5,9,LOW
ses_666,SES-000666,cow_6,station_01,rfid_6,2026-08-16T07:25:00.000Z,2026-08-16T07:29:08.000Z,COMPLETED,14.3,2.55,3.65,38.6,5.59,6.63,128,-2.1,10,LOW
ses_667,SES-000667,cow_7,station_01,rfid_7,2026-08-16T07:17:00.000Z,2026-08-16T07:22:16.000Z,COMPLETED,14.75,2.77,3.96,38.5,5.69,6.66,141,-1,17,LOW
ses_668,SES-000668,cow_8,station_01,rfid_8,2026-08-16T06:57:00.000Z,2026-08-16T07:01:07.000Z,COMPLETED,15.53,2.38,3.4,38.6,5.46,6.64,137,1.5,12,LOW
ses_669,SES-000669,cow_9,station_01,rfid_9,2026-08-16T06:39:00.000Z,2026-08-16T06:43:26.000Z,COMPLETED,15.18,2.53,3.62,38.5,5.65,6.65,149,-3.3,17,LOW
ses_670,SES-000670,cow_10,station_01,rfid_10,2026-08-16T06:26:00.000Z,2026-08-16T06:30:06.000Z,COMPLETED,16.71,2.81,4.02,38.6,5.51,6.7,91,4.4,13,LOW
ses_671,SES-000671,cow_11,station_01,rfid_11,2026-08-16T06:30:00.000Z,2026-08-16T06:35:49.000Z,COMPLETED,16,2.52,3.6,38.6,5.54,6.6,89,-2.4,14,LOW
ses_672,SES-000672,cow_12,station_01,rfid_12,2026-08-16T07:20:00.000Z,2026-08-16T07:25:27.000Z,COMPLETED,17.41,2.72,3.88,38.5,5.73,6.67,112,4.3,16,LOW
ses_673,SES-000673,cow_13,station_01,rfid_13,2026-08-16T06:13:00.000Z,2026-08-16T06:17:34.000Z,COMPLETED,17.13,2.83,4.05,38.6,5.52,6.71,112,0.2,13,LOW
ses_674,SES-000674,cow_14,station_01,rfid_14,2026-08-16T07:09:00.000Z,2026-08-16T07:14:58.000Z,COMPLETED,17,2.53,3.62,38.7,5.6,6.64,125,-2.3,10,LOW
ses_675,SES-000675,cow_15,station_01,rfid_15,2026-08-16T06:11:00.000Z,2026-08-16T06:15:33.000Z,COMPLETED,18.19,2.74,3.91,38.5,5.48,6.67,114,2.2,11,LOW
ses_676,SES-000676,cow_16,station_01,rfid_16,2026-08-16T07:05:00.000Z,2026-08-16T07:10:03.000Z,COMPLETED,18.45,2.44,3.49,38.7,5.55,6.61,140,1.9,12,LOW
ses_677,SES-000677,cow_17,station_01,rfid_17,2026-08-16T06:39:00.000Z,2026-08-16T06:43:09.000Z,COMPLETED,19.16,2.55,3.65,38.7,5.67,6.63,135,4.1,15,LOW
ses_678,SES-000678,cow_18,station_01,rfid_18,2026-08-16T06:08:00.000Z,2026-08-16T06:12:24.000Z,COMPLETED,13.56,2.83,4.05,38.5,5.48,6.68,153,5.9,7,LOW
ses_679,SES-000679,cow_19,station_01,rfid_19,2026-08-16T07:28:00.000Z,2026-08-16T07:33:48.000Z,COMPLETED,13.38,2.50,3.57,38.6,5.66,6.65,146,2.1,7,LOW
ses_680,SES-000680,cow_20,station_01,rfid_20,2026-08-16T06:06:00.000Z,2026-08-16T06:10:34.000Z,COMPLETED,12.88,2.68,3.83,38.7,5.51,6.64,91,-4.6,10,LOW
ses_681,SES-000681,cow_21,station_01,rfid_21,2026-08-16T06:08:00.000Z,2026-08-16T06:12:04.000Z,COMPLETED,13.88,2.92,4.17,38.5,5.58,6.67,85,0.6,16,LOW
ses_682,SES-000682,cow_22,station_01,rfid_22,2026-08-16T07:28:00.000Z,2026-08-16T07:32:35.000Z,COMPLETED,13.72,2.53,3.61,38.7,5.69,6.64,103,-3.4,11,LOW
ses_683,SES-000683,cow_23,station_01,rfid_23,2026-08-16T06:13:00.000Z,2026-08-16T06:18:00.000Z,COMPLETED,13.98,2.76,3.94,38.6,5.49,6.66,115,-3.6,10,LOW
ses_684,SES-000684,cow_24,station_01,rfid_24,2026-08-16T06:07:00.000Z,2026-08-16T06:12:39.000Z,COMPLETED,14.83,2.37,3.39,38.6,5.64,6.65,108,-0.5,13,LOW
ses_685,SES-000685,cow_25,station_01,rfid_25,2026-08-16T07:15:00.000Z,2026-08-16T07:20:04.000Z,COMPLETED,15.96,2.63,3.76,38.6,5.5,6.62,122,4.3,13,LOW
ses_686,SES-000686,cow_26,station_01,rfid_26,2026-08-16T06:57:00.000Z,2026-08-16T07:02:13.000Z,COMPLETED,15.49,2.82,4.03,38.6,5.51,6.68,140,-0.7,14,LOW
ses_687,SES-000687,cow_27,station_01,rfid_27,2026-08-16T06:51:00.000Z,2026-08-16T06:55:40.000Z,COMPLETED,16.19,2.44,3.48,38.4,5.67,6.66,133,1.8,10,LOW
ses_688,SES-000688,cow_28,station_01,rfid_28,2026-08-16T06:16:00.000Z,2026-08-16T06:22:00.000Z,COMPLETED,15.91,2.68,3.83,38.5,5.48,6.65,145,-2.4,13,LOW
ses_689,SES-000689,cow_29,station_01,rfid_29,2026-08-16T06:33:00.000Z,2026-08-16T06:38:26.000Z,COMPLETED,16.1,2.81,4.01,38.7,5.69,6.67,155,-3,12,LOW
ses_690,SES-000690,cow_30,station_01,rfid_30,2026-08-16T07:23:00.000Z,2026-08-16T07:27:52.000Z,COMPLETED,17.11,2.51,3.59,38.4,5.45,6.61,89,0.6,12,LOW
ses_691,SES-000691,cow_1,station_01,rfid_1,2026-08-16T17:17:00.000Z,2026-08-16T17:22:11.000Z,COMPLETED,13.36,2.59,3.7,38.6,5.55,6.62,91,4.4,14,LOW
ses_692,SES-000692,cow_2,station_01,rfid_2,2026-08-16T17:37:00.000Z,2026-08-16T17:41:10.000Z,COMPLETED,12.53,2.82,4.03,38.8,5.64,6.68,116,-5.1,13,LOW
ses_693,SES-000693,cow_3,station_01,rfid_3,2026-08-16T17:47:00.000Z,2026-08-16T17:52:31.000Z,COMPLETED,14.24,2.41,3.44,38.4,5.5,6.61,107,4.7,9,LOW
ses_694,SES-000694,cow_4,station_01,rfid_4,2026-08-16T17:08:00.000Z,2026-08-16T17:13:14.000Z,COMPLETED,14.02,2.73,3.9,38.5,5.58,6.69,109,0.9,12,LOW
ses_695,SES-000695,cow_5,station_01,rfid_5,2026-08-16T18:02:00.000Z,2026-08-16T18:07:12.000Z,COMPLETED,13.77,2.91,4.15,38.6,5.43,6.67,119,-3.7,9,LOW
ses_696,SES-000696,cow_6,station_01,rfid_6,2026-08-16T17:55:00.000Z,2026-08-16T18:00:17.000Z,COMPLETED,13.99,2.57,3.67,38.6,5.57,6.66,127,-4.2,9,LOW
ses_697,SES-000697,cow_7,station_01,rfid_7,2026-08-16T18:13:00.000Z,2026-08-16T18:17:32.000Z,COMPLETED,14.76,2.69,3.84,38.7,5.7,6.64,130,-0.9,13,LOW
ses_698,SES-000698,cow_8,station_01,rfid_8,2026-08-16T17:53:00.000Z,2026-08-16T17:58:05.000Z,COMPLETED,14.62,2.39,3.41,38.7,5.49,6.6,157,-4.4,13,LOW
ses_699,SES-000699,cow_9,station_01,rfid_9,2026-08-16T18:23:00.000Z,2026-08-16T18:28:35.000Z,COMPLETED,15.96,2.53,3.62,38.4,5.68,6.64,156,1.7,12,LOW
ses_700,SES-000700,cow_10,station_01,rfid_10,2026-08-16T17:02:00.000Z,2026-08-16T17:07:30.000Z,COMPLETED,15.31,2.83,4.05,38.7,5.44,6.68,83,-4.3,11,LOW
ses_701,SES-000701,cow_11,station_01,rfid_11,2026-08-16T17:38:00.000Z,2026-08-16T17:43:33.000Z,COMPLETED,16.18,2.45,3.5,38.6,5.53,6.63,86,-1.3,8,LOW
ses_702,SES-000702,cow_12,station_01,rfid_12,2026-08-16T17:11:00.000Z,2026-08-16T17:16:28.000Z,COMPLETED,16.71,2.67,3.82,38.6,5.69,6.66,95,0.1,16,LOW
ses_703,SES-000703,cow_13,station_01,rfid_13,2026-08-16T18:11:00.000Z,2026-08-16T18:16:43.000Z,COMPLETED,17.15,2.91,4.16,38.7,5.54,6.69,114,0.3,17,LOW
ses_704,SES-000704,cow_14,station_01,rfid_14,2026-08-16T18:04:00.000Z,2026-08-16T18:09:43.000Z,COMPLETED,17.84,2.55,3.64,38.7,5.68,6.67,118,2.5,14,LOW
ses_705,SES-000705,cow_15,station_01,rfid_15,2026-08-16T17:40:00.000Z,2026-08-16T17:45:53.000Z,COMPLETED,17.99,2.70,3.86,38.6,5.49,6.67,136,1.1,8,LOW
ses_706,SES-000706,cow_16,station_01,rfid_16,2026-08-16T17:04:00.000Z,2026-08-16T17:08:46.000Z,COMPLETED,17.61,2.43,3.47,38.5,5.52,6.63,139,-2.7,10,LOW
ses_707,SES-000707,cow_17,station_01,rfid_17,2026-08-16T18:10:00.000Z,2026-08-16T18:14:22.000Z,COMPLETED,18.25,2.58,3.69,38.8,5.71,6.63,145,-0.8,11,LOW
ses_708,SES-000708,cow_18,station_01,rfid_18,2026-08-16T18:10:00.000Z,2026-08-16T18:14:41.000Z,COMPLETED,13.59,2.80,4,38.6,5.57,6.66,157,6.2,12,LOW
ses_709,SES-000709,cow_19,station_01,rfid_19,2026-08-16T17:38:00.000Z,2026-08-16T17:43:41.000Z,COMPLETED,13.1,2.43,3.47,38.5,5.6,6.62,151,0,15,LOW
ses_710,SES-000710,cow_20,station_01,rfid_20,2026-08-16T17:15:00.000Z,2026-08-16T17:20:30.000Z,COMPLETED,13.62,2.73,3.9,38.7,5.45,6.68,98,0.9,17,LOW
ses_711,SES-000711,cow_21,station_01,rfid_21,2026-08-16T17:49:00.000Z,2026-08-16T17:54:03.000Z,COMPLETED,14.15,2.82,4.03,38.5,5.58,6.7,104,2.5,16,LOW
ses_712,SES-000712,cow_22,station_01,rfid_22,2026-08-16T17:52:00.000Z,2026-08-16T17:56:20.000Z,COMPLETED,14.88,2.50,3.57,38.6,5.69,6.64,97,4.8,16,LOW
ses_713,SES-000713,cow_23,station_01,rfid_23,2026-08-16T17:32:00.000Z,2026-08-16T17:36:16.000Z,COMPLETED,13.91,2.74,3.91,38.6,5.48,6.69,99,-4.1,10,LOW
ses_714,SES-000714,cow_24,station_01,rfid_24,2026-08-16T17:45:00.000Z,2026-08-16T17:49:59.000Z,COMPLETED,14.46,2.37,3.39,38.6,5.62,6.59,129,-3,13,LOW
ses_715,SES-000715,cow_25,station_01,rfid_25,2026-08-16T18:24:00.000Z,2026-08-16T18:29:54.000Z,COMPLETED,14.78,2.55,3.65,38.5,5.39,6.68,120,-3.4,7,LOW
ses_716,SES-000716,cow_26,station_01,rfid_26,2026-08-16T17:32:00.000Z,2026-08-16T17:36:52.000Z,COMPLETED,16.36,2.79,3.98,38.6,5.6,6.66,125,4.9,14,LOW
ses_717,SES-000717,cow_27,station_01,rfid_27,2026-08-16T17:53:00.000Z,2026-08-16T17:57:40.000Z,COMPLETED,15.5,2.52,3.6,38.6,5.67,6.61,145,-2.5,16,LOW
ses_718,SES-000718,cow_28,station_01,rfid_28,2026-08-16T18:04:00.000Z,2026-08-16T18:09:11.000Z,COMPLETED,16.51,2.70,3.86,38.7,5.49,6.65,145,1.3,13,LOW
ses_719,SES-000719,cow_29,station_01,rfid_29,2026-08-16T18:20:00.000Z,2026-08-16T18:25:22.000Z,COMPLETED,17.27,2.89,4.13,38.7,5.69,6.7,164,4,11,LOW
ses_720,SES-000720,cow_30,station_01,rfid_30,2026-08-16T18:08:00.000Z,2026-08-16T18:13:32.000Z,COMPLETED,16.83,2.50,3.57,38.4,5.44,6.63,95,-1,8,LOW
ses_721,SES-000721,cow_1,station_01,rfid_1,2026-08-17T06:57:00.000Z,2026-08-17T07:02:09.000Z,COMPLETED,12.78,2.61,3.73,38.6,5.58,6.64,99,-0.2,12,LOW
ses_722,SES-000722,cow_2,station_01,rfid_2,2026-08-17T06:21:00.000Z,2026-08-17T06:25:34.000Z,COMPLETED,13.09,2.79,3.98,38.7,5.72,6.69,115,-0.8,14,LOW
ses_723,SES-000723,cow_3,station_01,rfid_3,2026-08-17T06:32:00.000Z,2026-08-17T06:36:50.000Z,COMPLETED,13.24,2.40,3.43,38.4,5.52,6.62,117,-2.6,16,LOW
ses_724,SES-000724,cow_4,station_01,rfid_4,2026-08-17T07:10:00.000Z,2026-08-17T07:14:45.000Z,COMPLETED,13.98,2.66,3.8,38.5,5.63,6.67,119,0.6,13,LOW
ses_725,SES-000725,cow_5,station_01,rfid_5,2026-08-17T06:41:00.000Z,2026-08-17T06:45:11.000Z,COMPLETED,14.47,2.91,4.16,38.6,5.5,6.67,130,1.2,10,LOW
ses_726,SES-000726,cow_6,station_01,rfid_6,2026-08-17T06:08:00.000Z,2026-08-17T06:12:35.000Z,COMPLETED,14.35,2.52,3.6,38.5,5.6,6.62,124,-1.7,15,LOW
ses_727,SES-000727,cow_7,station_01,rfid_7,2026-08-17T06:38:00.000Z,2026-08-17T06:43:04.000Z,COMPLETED,14.5,2.67,3.82,38.6,5.75,6.67,137,-2.7,12,LOW
ses_728,SES-000728,cow_8,station_01,rfid_8,2026-08-17T07:09:00.000Z,2026-08-17T07:13:30.000Z,COMPLETED,16.09,2.43,3.47,38.7,5.52,6.59,138,5.2,9,LOW
ses_729,SES-000729,cow_9,station_01,rfid_9,2026-08-17T06:09:00.000Z,2026-08-17T06:13:28.000Z,COMPLETED,15.05,2.55,3.65,38.5,5.6,6.64,149,-4.1,8,LOW
ses_730,SES-000730,cow_10,station_01,rfid_10,2026-08-17T06:00:00.000Z,2026-08-17T06:05:13.000Z,COMPLETED,16.43,2.74,3.91,38.7,5.39,6.67,79,2.7,16,LOW
ses_731,SES-000731,cow_11,station_01,rfid_11,2026-08-17T07:20:00.000Z,2026-08-17T07:25:34.000Z,COMPLETED,15.72,2.47,3.53,38.8,5.53,6.63,86,-4.1,14,LOW
ses_732,SES-000732,cow_12,station_01,rfid_12,2026-08-17T06:15:00.000Z,2026-08-17T06:20:18.000Z,COMPLETED,16.83,2.72,3.88,38.5,5.71,6.67,99,0.8,8,LOW
ses_733,SES-000733,cow_13,station_01,rfid_13,2026-08-17T07:02:00.000Z,2026-08-17T07:07:09.000Z,COMPLETED,17.71,2.88,4.12,38.5,5.47,6.68,112,3.6,7,LOW
ses_734,SES-000734,cow_14,station_01,rfid_14,2026-08-17T07:24:00.000Z,2026-08-17T07:29:41.000Z,COMPLETED,18.15,2.51,3.59,38.8,5.6,6.64,109,4.3,16,LOW
ses_735,SES-000735,cow_15,station_01,rfid_15,2026-08-17T06:14:00.000Z,2026-08-17T06:19:40.000Z,COMPLETED,18.52,2.71,3.87,38.6,5.49,6.65,132,4,11,LOW
ses_736,SES-000736,cow_16,station_01,rfid_16,2026-08-17T07:00:00.000Z,2026-08-17T07:05:13.000Z,COMPLETED,18.17,2.40,3.43,38.6,5.58,6.62,137,0.4,8,LOW
ses_737,SES-000737,cow_17,station_01,rfid_17,2026-08-17T06:06:00.000Z,2026-08-17T06:10:07.000Z,COMPLETED,18.63,2.65,3.78,38.7,5.65,6.66,141,1.3,15,LOW
ses_738,SES-000738,cow_18,station_01,rfid_18,2026-08-17T06:05:00.000Z,2026-08-17T06:10:16.000Z,COMPLETED,12.15,2.86,4.08,38.5,5.45,6.66,155,-5.1,10,LOW
ses_739,SES-000739,cow_19,station_01,rfid_19,2026-08-17T06:21:00.000Z,2026-08-17T06:26:07.000Z,COMPLETED,13.02,2.51,3.58,38.6,5.62,6.62,152,-0.6,10,LOW
ses_740,SES-000740,cow_20,station_01,rfid_20,2026-08-17T06:22:00.000Z,2026-08-17T06:26:58.000Z,COMPLETED,13.62,2.67,3.81,38.7,5.5,6.63,88,0.9,10,LOW
ses_741,SES-000741,cow_21,station_01,rfid_21,2026-08-17T06:57:00.000Z,2026-08-17T07:01:29.000Z,COMPLETED,13.49,2.81,4.01,38.4,5.59,6.68,104,-2.2,17,LOW
ses_742,SES-000742,cow_22,station_01,rfid_22,2026-08-17T06:21:00.000Z,2026-08-17T06:26:54.000Z,COMPLETED,13.95,2.48,3.54,38.6,5.75,6.65,115,-1.8,8,LOW
ses_743,SES-000743,cow_23,station_01,rfid_23,2026-08-17T06:20:00.000Z,2026-08-17T06:24:30.000Z,COMPLETED,14.94,2.71,3.87,38.6,5.46,6.65,107,3,15,LOW
ses_744,SES-000744,cow_24,station_01,rfid_24,2026-08-17T07:03:00.000Z,2026-08-17T07:08:05.000Z,COMPLETED,14.2,2.40,3.43,38.5,5.61,6.61,117,-4.7,11,LOW
ses_745,SES-000745,cow_25,station_01,rfid_25,2026-08-17T06:05:00.000Z,2026-08-17T06:10:23.000Z,COMPLETED,15.98,2.53,3.61,38.6,5.45,6.64,121,4.4,9,LOW
ses_746,SES-000746,cow_26,station_01,rfid_26,2026-08-17T06:41:00.000Z,2026-08-17T06:45:06.000Z,COMPLETED,15.15,2.85,4.07,38.7,5.59,6.67,122,-2.9,10,LOW
ses_747,SES-000747,cow_27,station_01,rfid_27,2026-08-17T07:07:00.000Z,2026-08-17T07:12:16.000Z,COMPLETED,16.23,2.48,3.55,38.4,5.65,6.62,150,2.1,15,LOW
ses_748,SES-000748,cow_28,station_01,rfid_28,2026-08-17T06:56:00.000Z,2026-08-17T07:00:54.000Z,COMPLETED,15.96,2.64,3.77,38.5,5.54,6.65,136,-2.1,11,LOW
ses_749,SES-000749,cow_29,station_01,rfid_29,2026-08-17T06:53:00.000Z,2026-08-17T06:58:55.000Z,COMPLETED,16.09,2.81,4.01,38.8,5.6,6.69,158,-3.1,13,LOW
ses_750,SES-000750,cow_30,station_01,rfid_30,2026-08-17T06:10:00.000Z,2026-08-17T06:15:32.000Z,COMPLETED,17.65,2.54,3.63,38.4,5.42,6.66,91,3.8,16,LOW
ses_751,SES-000751,cow_1,station_01,rfid_1,2026-08-17T17:28:00.000Z,2026-08-17T17:32:50.000Z,COMPLETED,13.07,2.58,3.68,38.6,5.55,6.65,107,2.1,7,LOW
ses_752,SES-000752,cow_2,station_01,rfid_2,2026-08-17T18:29:00.000Z,2026-08-17T18:33:58.000Z,COMPLETED,12.42,2.77,3.95,38.8,5.66,6.69,94,-5.9,11,LOW
ses_753,SES-000753,cow_3,station_01,rfid_3,2026-08-17T18:20:00.000Z,2026-08-17T18:24:07.000Z,COMPLETED,14.35,2.46,3.51,38.4,5.54,6.64,109,5.5,12,LOW
ses_754,SES-000754,cow_4,station_01,rfid_4,2026-08-17T17:48:00.000Z,2026-08-17T17:53:58.000Z,COMPLETED,14.27,2.65,3.78,38.6,5.58,6.64,113,2.7,11,LOW
ses_755,SES-000755,cow_5,station_01,rfid_5,2026-08-17T17:41:00.000Z,2026-08-17T17:46:02.000Z,COMPLETED,15.02,2.86,4.08,38.6,5.47,6.67,126,5,14,LOW
ses_756,SES-000756,cow_6,station_01,rfid_6,2026-08-17T17:25:00.000Z,2026-08-17T17:30:49.000Z,COMPLETED,13.82,2.47,3.53,38.5,5.54,6.63,135,-5.3,13,LOW
ses_757,SES-000757,cow_7,station_01,rfid_7,2026-08-17T18:28:00.000Z,2026-08-17T18:33:16.000Z,COMPLETED,14.71,2.72,3.88,38.5,5.66,6.66,147,-1.3,9,LOW
ses_758,SES-000758,cow_8,station_01,rfid_8,2026-08-17T17:41:00.000Z,2026-08-17T17:45:43.000Z,COMPLETED,15.71,2.34,3.34,38.7,5.52,6.59,151,2.7,15,LOW
ses_759,SES-000759,cow_9,station_01,rfid_9,2026-08-17T18:00:00.000Z,2026-08-17T18:04:04.000Z,COMPLETED,15.64,2.64,3.77,38.5,5.66,6.65,146,-0.4,9,LOW
ses_760,SES-000760,cow_10,station_01,rfid_10,2026-08-17T18:23:00.000Z,2026-08-17T18:28:22.000Z,COMPLETED,15.85,2.79,3.99,38.6,5.46,6.67,92,-0.9,8,LOW
ses_761,SES-000761,cow_11,station_01,rfid_11,2026-08-17T17:56:00.000Z,2026-08-17T18:00:20.000Z,COMPLETED,16.61,2.48,3.54,38.7,5.53,6.64,86,1.3,11,LOW
ses_762,SES-000762,cow_12,station_01,rfid_12,2026-08-17T18:15:00.000Z,2026-08-17T18:20:09.000Z,COMPLETED,17.07,2.68,3.83,38.4,5.64,6.67,95,2.2,7,LOW
ses_763,SES-000763,cow_13,station_01,rfid_13,2026-08-17T17:17:00.000Z,2026-08-17T17:21:10.000Z,COMPLETED,16.81,2.81,4.02,38.6,5.54,6.71,112,-1.7,15,LOW
ses_764,SES-000764,cow_14,station_01,rfid_14,2026-08-17T17:36:00.000Z,2026-08-17T17:41:00.000Z,COMPLETED,16.99,2.52,3.6,38.7,5.57,6.63,113,-2.4,10,LOW
ses_765,SES-000765,cow_15,station_01,rfid_15,2026-08-17T18:23:00.000Z,2026-08-17T18:27:47.000Z,COMPLETED,17.21,2.74,3.92,38.5,5.45,6.66,134,-3.3,16,LOW
ses_766,SES-000766,cow_16,station_01,rfid_16,2026-08-17T17:06:00.000Z,2026-08-17T17:11:45.000Z,COMPLETED,17.94,2.45,3.5,38.6,5.62,6.6,137,-0.9,10,LOW
ses_767,SES-000767,cow_17,station_01,rfid_17,2026-08-17T17:07:00.000Z,2026-08-17T17:12:43.000Z,COMPLETED,18.86,2.55,3.65,38.7,5.66,6.65,130,2.5,14,LOW
ses_768,SES-000768,cow_18,station_01,rfid_18,2026-08-17T17:24:00.000Z,2026-08-17T17:29:58.000Z,COMPLETED,13.42,2.82,4.03,38.5,5.53,6.67,148,4.8,12,LOW
ses_769,SES-000769,cow_19,station_01,rfid_19,2026-08-17T17:58:00.000Z,2026-08-17T18:03:40.000Z,COMPLETED,12.92,2.46,3.51,38.7,5.6,6.63,162,-1.4,8,LOW
ses_770,SES-000770,cow_20,station_01,rfid_20,2026-08-17T17:46:00.000Z,2026-08-17T17:50:28.000Z,COMPLETED,14.11,2.69,3.85,38.8,5.43,6.68,85,4.5,14,LOW
ses_771,SES-000771,cow_21,station_01,rfid_21,2026-08-17T17:09:00.000Z,2026-08-17T17:14:39.000Z,COMPLETED,14.01,2.83,4.04,38.5,5.52,6.67,95,1.5,9,LOW
ses_772,SES-000772,cow_22,station_01,rfid_22,2026-08-17T17:09:00.000Z,2026-08-17T17:14:12.000Z,COMPLETED,14.95,2.54,3.63,38.5,5.69,6.65,100,5.3,11,LOW
ses_773,SES-000773,cow_23,station_01,rfid_23,2026-08-17T17:25:00.000Z,2026-08-17T17:30:13.000Z,COMPLETED,14.49,2.74,3.91,38.7,5.46,6.68,107,-0.1,14,LOW
ses_774,SES-000774,cow_24,station_01,rfid_24,2026-08-17T17:20:00.000Z,2026-08-17T17:24:26.000Z,COMPLETED,14.37,2.41,3.44,38.5,5.67,6.59,108,-3.6,16,LOW
ses_775,SES-000775,cow_25,station_01,rfid_25,2026-08-17T18:06:00.000Z,2026-08-17T18:10:51.000Z,COMPLETED,14.52,2.53,3.61,38.7,5.4,6.65,118,-5.1,10,LOW
ses_776,SES-000776,cow_26,station_01,rfid_26,2026-08-17T17:43:00.000Z,2026-08-17T17:47:35.000Z,COMPLETED,15.49,2.80,4,38.8,5.52,6.68,142,-0.7,7,LOW
ses_777,SES-000777,cow_27,station_01,rfid_27,2026-08-17T17:09:00.000Z,2026-08-17T17:13:04.000Z,COMPLETED,15.56,2.46,3.51,38.5,5.64,6.61,129,-2.1,12,LOW
ses_778,SES-000778,cow_28,station_01,rfid_28,2026-08-17T17:00:00.000Z,2026-08-17T17:04:21.000Z,COMPLETED,16.98,2.67,3.81,38.5,5.55,6.68,144,4.2,13,LOW
ses_779,SES-000779,cow_29,station_01,rfid_29,2026-08-17T17:48:00.000Z,2026-08-17T17:53:45.000Z,COMPLETED,16.49,2.86,4.09,38.7,5.69,6.68,159,-0.7,9,LOW
ses_780,SES-000780,cow_30,station_01,rfid_30,2026-08-17T17:38:00.000Z,2026-08-17T17:43:36.000Z,COMPLETED,17.65,2.55,3.64,38.6,5.39,6.66,101,3.8,15,LOW
ses_781,SES-000781,cow_1,station_01,rfid_1,2026-08-18T07:02:00.000Z,2026-08-18T07:07:50.000Z,COMPLETED,13.3,2.64,3.77,38.6,5.55,6.67,108,3.9,14,LOW
ses_782,SES-000782,cow_2,station_01,rfid_2,2026-08-18T06:49:00.000Z,2026-08-18T06:55:00.000Z,COMPLETED,12.53,2.74,3.91,38.7,5.75,6.67,97,-5.1,15,LOW
ses_783,SES-000783,cow_3,station_01,rfid_3,2026-08-18T06:24:00.000Z,2026-08-18T06:28:02.000Z,COMPLETED,13.02,2.43,3.47,38.5,5.53,6.61,113,-4.3,13,LOW
ses_784,SES-000784,cow_4,station_01,rfid_4,2026-08-18T06:29:00.000Z,2026-08-18T06:33:31.000Z,COMPLETED,14.02,2.61,3.73,38.6,5.59,6.64,121,0.9,9,LOW
ses_785,SES-000785,cow_5,station_01,rfid_5,2026-08-18T06:09:00.000Z,2026-08-18T06:13:39.000Z,COMPLETED,14.36,2.91,4.15,38.8,5.44,6.7,119,0.4,11,LOW
ses_786,SES-000786,cow_6,station_01,rfid_6,2026-08-18T06:52:00.000Z,2026-08-18T06:57:44.000Z,COMPLETED,14.83,2.56,3.66,38.5,5.58,6.64,126,1.6,9,LOW
ses_787,SES-000787,cow_7,station_01,rfid_7,2026-08-18T06:39:00.000Z,2026-08-18T06:44:03.000Z,COMPLETED,15.45,2.67,3.81,38.5,5.71,6.65,143,3.7,12,LOW
ses_788,SES-000788,cow_8,station_01,rfid_8,2026-08-18T07:02:00.000Z,2026-08-18T07:07:18.000Z,COMPLETED,15.07,2.39,3.41,38.8,5.53,6.64,143,-1.5,11,LOW
ses_789,SES-000789,cow_9,station_01,rfid_9,2026-08-18T07:14:00.000Z,2026-08-18T07:19:18.000Z,COMPLETED,16.29,2.64,3.77,38.4,5.65,6.67,155,3.8,9,LOW
ses_790,SES-000790,cow_10,station_01,rfid_10,2026-08-18T06:28:00.000Z,2026-08-18T06:33:35.000Z,COMPLETED,15.31,2.74,3.91,38.5,5.42,6.66,81,-4.3,15,LOW
ses_791,SES-000791,cow_11,station_01,rfid_11,2026-08-18T06:07:00.000Z,2026-08-18T06:12:07.000Z,COMPLETED,16.44,2.43,3.47,38.7,5.58,6.61,105,0.2,11,LOW
ses_792,SES-000792,cow_12,station_01,rfid_12,2026-08-18T06:30:00.000Z,2026-08-18T06:34:54.000Z,COMPLETED,16.57,2.72,3.89,38.5,5.64,6.63,102,-0.8,13,LOW
ses_793,SES-000793,cow_13,station_01,rfid_13,2026-08-18T07:21:00.000Z,2026-08-18T07:25:13.000Z,COMPLETED,17.28,2.94,4.2,38.7,5.5,6.7,113,1.1,9,LOW
ses_794,SES-000794,cow_14,station_01,rfid_14,2026-08-18T07:19:00.000Z,2026-08-18T07:24:16.000Z,COMPLETED,16.74,2.58,3.68,38.7,5.63,6.67,128,-3.8,14,LOW
ses_795,SES-000795,cow_15,station_01,rfid_15,2026-08-18T07:14:00.000Z,2026-08-18T07:19:22.000Z,COMPLETED,17.8,2.67,3.82,38.6,5.46,6.67,135,0,9,LOW
ses_796,SES-000796,cow_16,station_01,rfid_16,2026-08-18T07:00:00.000Z,2026-08-18T07:05:12.000Z,COMPLETED,17.52,2.43,3.47,38.5,5.56,6.62,132,-3.2,7,LOW
ses_797,SES-000797,cow_17,station_01,rfid_17,2026-08-18T06:54:00.000Z,2026-08-18T06:59:35.000Z,COMPLETED,18.75,2.64,3.77,38.6,5.68,6.68,142,1.9,16,LOW
ses_798,SES-000798,cow_18,station_01,rfid_18,2026-08-18T07:16:00.000Z,2026-08-18T07:20:51.000Z,COMPLETED,12.13,2.86,4.08,38.5,5.49,6.71,136,-5.2,10,LOW
ses_799,SES-000799,cow_19,station_01,rfid_19,2026-08-18T06:20:00.000Z,2026-08-18T06:25:50.000Z,COMPLETED,12.47,2.44,3.48,38.7,5.61,6.64,145,-4.8,8,LOW
ses_800,SES-000800,cow_20,station_01,rfid_20,2026-08-18T07:04:00.000Z,2026-08-18T07:08:03.000Z,COMPLETED,13.23,2.67,3.81,38.7,5.51,6.64,92,-2,16,LOW
ses_801,SES-000801,cow_21,station_01,rfid_21,2026-08-18T07:10:00.000Z,2026-08-18T07:15:38.000Z,COMPLETED,14.13,2.84,4.06,38.6,5.62,6.67,85,2.4,8,LOW
ses_802,SES-000802,cow_22,station_01,rfid_22,2026-08-18T06:54:00.000Z,2026-08-18T06:59:13.000Z,COMPLETED,14.88,2.55,3.65,38.5,5.74,6.62,94,4.8,12,LOW
ses_803,SES-000803,cow_23,station_01,rfid_23,2026-08-18T07:21:00.000Z,2026-08-18T07:25:12.000Z,COMPLETED,15.03,2.74,3.91,38.8,5.53,6.67,115,3.7,12,LOW
ses_804,SES-000804,cow_24,station_01,rfid_24,2026-08-18T06:44:00.000Z,2026-08-18T06:48:09.000Z,COMPLETED,14.81,2.35,3.36,38.4,5.61,6.63,122,-0.6,17,LOW
ses_805,SES-000805,cow_25,station_01,rfid_25,2026-08-18T07:18:00.000Z,2026-08-18T07:22:23.000Z,COMPLETED,15.94,2.60,3.71,38.6,5.5,6.62,122,4.2,9,LOW
ses_806,SES-000806,cow_26,station_01,rfid_26,2026-08-18T07:18:00.000Z,2026-08-18T07:23:31.000Z,COMPLETED,15.3,2.80,4,38.7,5.53,6.65,129,-1.9,8,LOW
ses_807,SES-000807,cow_27,station_01,rfid_27,2026-08-18T06:11:00.000Z,2026-08-18T06:16:28.000Z,COMPLETED,15.89,2.38,3.4,38.6,5.69,6.61,148,-0.1,11,LOW
ses_808,SES-000808,cow_28,station_01,rfid_28,2026-08-18T06:00:00.000Z,2026-08-18T06:04:07.000Z,COMPLETED,17.1,2.70,3.86,38.7,5.47,6.63,150,4.9,11,LOW
ses_809,SES-000809,cow_29,station_01,rfid_29,2026-08-18T07:00:00.000Z,2026-08-18T07:05:48.000Z,COMPLETED,16.41,2.85,4.07,38.6,5.63,6.72,161,-1.1,9,LOW
ses_810,SES-000810,cow_30,station_01,rfid_30,2026-08-18T06:50:00.000Z,2026-08-18T06:54:31.000Z,COMPLETED,17.17,2.55,3.65,38.4,5.48,6.64,90,1,16,LOW
ses_811,SES-000811,cow_1,station_01,rfid_1,2026-08-18T18:29:00.000Z,2026-08-18T18:34:38.000Z,COMPLETED,13.07,2.58,3.69,38.6,5.52,6.67,90,2.1,13,LOW
ses_812,SES-000812,cow_2,station_01,rfid_2,2026-08-18T18:11:00.000Z,2026-08-18T18:15:21.000Z,COMPLETED,13.1,2.86,4.08,38.6,5.67,6.66,101,-0.8,11,LOW
ses_813,SES-000813,cow_3,station_01,rfid_3,2026-08-18T17:01:00.000Z,2026-08-18T17:06:09.000Z,COMPLETED,14.35,2.45,3.5,38.5,5.55,6.62,111,5.5,13,LOW
ses_814,SES-000814,cow_4,station_01,rfid_4,2026-08-18T18:00:00.000Z,2026-08-18T18:04:51.000Z,COMPLETED,13.3,2.67,3.82,38.5,5.58,6.66,121,-4.3,11,LOW
ses_815,SES-000815,cow_5,station_01,rfid_5,2026-08-18T17:30:00.000Z,2026-08-18T17:34:01.000Z,COMPLETED,13.56,2.89,4.13,38.7,5.41,6.71,133,-5.2,17,LOW
ses_816,SES-000816,cow_6,station_01,rfid_6,2026-08-18T17:23:00.000Z,2026-08-18T17:27:47.000Z,COMPLETED,14.47,2.55,3.65,38.5,5.52,6.64,137,-0.9,14,LOW
ses_817,SES-000817,cow_7,station_01,rfid_7,2026-08-18T17:07:00.000Z,2026-08-18T17:11:30.000Z,COMPLETED,15.66,2.67,3.82,38.5,5.65,6.65,150,5.1,15,LOW
ses_818,SES-000818,cow_8,station_01,rfid_8,2026-08-18T17:34:00.000Z,2026-08-18T17:39:51.000Z,COMPLETED,15.96,2.37,3.38,38.6,5.54,6.65,154,4.3,9,LOW
ses_819,SES-000819,cow_9,station_01,rfid_9,2026-08-18T17:02:00.000Z,2026-08-18T17:07:47.000Z,COMPLETED,15.58,2.55,3.65,38.5,5.63,6.67,147,-0.8,13,LOW
ses_820,SES-000820,cow_10,station_01,rfid_10,2026-08-18T17:45:00.000Z,2026-08-18T17:50:07.000Z,COMPLETED,15.3,2.74,3.91,38.5,5.46,6.7,79,-4.4,7,LOW
ses_821,SES-000821,cow_11,station_01,rfid_11,2026-08-18T17:51:00.000Z,2026-08-18T17:56:45.000Z,COMPLETED,17.15,2.43,3.47,38.7,5.56,6.6,85,4.6,12,LOW
ses_822,SES-000822,cow_12,station_01,rfid_12,2026-08-18T18:11:00.000Z,2026-08-18T18:16:53.000Z,COMPLETED,17.27,2.59,3.7,38.5,5.66,6.67,99,3.4,9,LOW
ses_823,SES-000823,cow_13,station_01,rfid_13,2026-08-18T18:05:00.000Z,2026-08-18T18:10:45.000Z,COMPLETED,17.28,2.81,4.01,38.6,5.53,6.67,103,1.1,14,LOW
ses_824,SES-000824,cow_14,station_01,rfid_14,2026-08-18T17:33:00.000Z,2026-08-18T17:37:33.000Z,COMPLETED,18.04,2.50,3.57,38.7,5.58,6.64,122,3.7,14,LOW
ses_825,SES-000825,cow_15,station_01,rfid_15,2026-08-18T17:11:00.000Z,2026-08-18T17:16:49.000Z,COMPLETED,17.19,2.72,3.88,38.5,5.41,6.65,136,-3.4,13,LOW
ses_826,SES-000826,cow_16,station_01,rfid_16,2026-08-18T18:03:00.000Z,2026-08-18T18:07:55.000Z,COMPLETED,17.35,2.32,3.31,38.6,5.61,6.64,133,-4.1,16,LOW
ses_827,SES-000827,cow_17,station_01,rfid_17,2026-08-18T18:21:00.000Z,2026-08-18T18:25:57.000Z,COMPLETED,17.62,2.64,3.77,38.8,5.68,6.64,138,-4.2,15,LOW
ses_828,SES-000828,cow_18,station_01,rfid_18,2026-08-18T17:07:00.000Z,2026-08-18T17:12:15.000Z,COMPLETED,13.53,2.83,4.04,38.5,5.54,6.7,138,5.7,12,LOW
ses_829,SES-000829,cow_19,station_01,rfid_19,2026-08-18T17:01:00.000Z,2026-08-18T17:05:32.000Z,COMPLETED,12.74,2.40,3.43,38.6,5.61,6.64,158,-2.7,8,LOW
ses_830,SES-000830,cow_20,station_01,rfid_20,2026-08-18T17:10:00.000Z,2026-08-18T17:15:28.000Z,COMPLETED,13.77,2.63,3.76,38.7,5.39,6.63,87,2,12,LOW
ses_831,SES-000831,cow_21,station_01,rfid_21,2026-08-18T18:30:00.000Z,2026-08-18T18:34:40.000Z,COMPLETED,14.45,2.92,4.17,38.5,5.53,6.7,104,4.7,15,LOW
ses_832,SES-000832,cow_22,station_01,rfid_22,2026-08-18T18:03:00.000Z,2026-08-18T18:07:50.000Z,COMPLETED,14.11,2.47,3.53,38.6,5.74,6.65,114,-0.6,9,LOW
ses_833,SES-000833,cow_23,station_01,rfid_23,2026-08-18T18:10:00.000Z,2026-08-18T18:15:32.000Z,COMPLETED,14.81,2.79,3.99,38.7,5.55,6.66,121,2.1,16,LOW
ses_834,SES-000834,cow_24,station_01,rfid_24,2026-08-18T17:08:00.000Z,2026-08-18T17:12:55.000Z,COMPLETED,15.54,2.32,3.32,38.4,5.66,6.62,114,4.3,16,LOW
ses_835,SES-000835,cow_25,station_01,rfid_25,2026-08-18T17:34:00.000Z,2026-08-18T17:39:57.000Z,COMPLETED,15.02,2.58,3.68,38.7,5.39,6.67,120,-1.8,14,LOW
ses_836,SES-000836,cow_26,station_01,rfid_26,2026-08-18T17:05:00.000Z,2026-08-18T17:10:09.000Z,COMPLETED,16,2.74,3.91,38.7,5.56,6.68,134,2.6,13,LOW
ses_837,SES-000837,cow_27,station_01,rfid_27,2026-08-18T18:11:00.000Z,2026-08-18T18:16:33.000Z,COMPLETED,16.01,2.42,3.46,38.5,5.67,6.63,133,0.7,13,LOW
ses_838,SES-000838,cow_28,station_01,rfid_28,2026-08-18T17:49:00.000Z,2026-08-18T17:53:06.000Z,COMPLETED,15.96,2.70,3.86,38.6,5.52,6.64,152,-2.1,10,LOW
ses_839,SES-000839,cow_29,station_01,rfid_29,2026-08-18T17:35:00.000Z,2026-08-18T17:40:16.000Z,COMPLETED,15.95,2.87,4.1,38.7,5.59,6.67,142,-3.9,11,LOW
ses_840,SES-000840,cow_30,station_01,rfid_30,2026-08-18T17:19:00.000Z,2026-08-18T17:24:42.000Z,COMPLETED,16.71,2.48,3.54,38.4,5.42,6.64,95,-1.7,8,LOW
ses_841,SES-000841,cow_1,station_01,rfid_1,2026-08-19T06:01:00.000Z,2026-08-19T06:06:35.000Z,COMPLETED,13.52,2.63,3.75,38.6,5.56,6.65,89,5.6,16,LOW
ses_842,SES-000842,cow_2,station_01,rfid_2,2026-08-19T06:29:00.000Z,2026-08-19T06:33:39.000Z,COMPLETED,12.72,2.82,4.03,38.8,5.69,6.66,95,-3.6,17,LOW
ses_843,SES-000843,cow_3,station_01,rfid_3,2026-08-19T06:15:00.000Z,2026-08-19T06:20:33.000Z,COMPLETED,13.37,2.48,3.54,38.4,5.57,6.63,103,-1.7,14,LOW
ses_844,SES-000844,cow_4,station_01,rfid_4,2026-08-19T06:54:00.000Z,2026-08-19T06:58:25.000Z,COMPLETED,14.18,2.60,3.72,38.7,5.62,6.67,108,2,15,LOW
ses_845,SES-000845,cow_5,station_01,rfid_5,2026-08-19T06:08:00.000Z,2026-08-19T06:13:01.000Z,COMPLETED,13.95,2.81,4.01,38.7,5.47,6.67,126,-2.4,13,LOW
ses_846,SES-000846,cow_6,station_01,rfid_6,2026-08-19T07:14:00.000Z,2026-08-19T07:18:40.000Z,COMPLETED,14.59,2.56,3.66,38.4,5.56,6.66,136,-0.1,7,LOW
ses_847,SES-000847,cow_7,station_01,rfid_7,2026-08-19T06:18:00.000Z,2026-08-19T06:22:35.000Z,COMPLETED,14.46,2.74,3.91,38.7,5.71,6.7,130,-3,12,LOW
ses_848,SES-000848,cow_8,station_01,rfid_8,2026-08-19T06:03:00.000Z,2026-08-19T06:07:32.000Z,COMPLETED,14.67,2.39,3.42,38.6,5.56,6.65,151,-4.1,15,LOW
ses_849,SES-000849,cow_9,station_01,rfid_9,2026-08-19T06:46:00.000Z,2026-08-19T06:51:11.000Z,COMPLETED,15.08,2.55,3.64,38.5,5.59,6.65,159,-3.9,12,LOW
ses_850,SES-000850,cow_10,station_01,rfid_10,2026-08-19T06:35:00.000Z,2026-08-19T06:39:54.000Z,COMPLETED,16.34,2.77,3.96,38.6,5.5,6.69,101,2.1,10,LOW
ses_851,SES-000851,cow_11,station_01,rfid_11,2026-08-19T07:08:00.000Z,2026-08-19T07:12:24.000Z,COMPLETED,15.63,2.48,3.55,38.7,5.56,6.63,98,-4.7,12,LOW
ses_852,SES-000852,cow_12,station_01,rfid_12,2026-08-19T06:37:00.000Z,2026-08-19T06:42:35.000Z,COMPLETED,16.95,2.63,3.76,38.5,5.75,6.64,114,1.5,11,LOW
ses_853,SES-000853,cow_13,station_01,rfid_13,2026-08-19T06:19:00.000Z,2026-08-19T06:24:21.000Z,COMPLETED,16.38,2.90,4.14,38.7,5.48,6.72,110,-4.2,16,LOW
ses_854,SES-000854,cow_14,station_01,rfid_14,2026-08-19T06:14:00.000Z,2026-08-19T06:19:01.000Z,COMPLETED,17.94,2.58,3.68,38.6,5.59,6.61,109,3.1,12,LOW
ses_855,SES-000855,cow_15,station_01,rfid_15,2026-08-19T06:09:00.000Z,2026-08-19T06:13:57.000Z,COMPLETED,18.06,2.78,3.97,38.6,5.48,6.67,116,1.5,7,LOW
ses_856,SES-000856,cow_16,station_01,rfid_16,2026-08-19T06:05:00.000Z,2026-08-19T06:09:08.000Z,COMPLETED,18.26,2.41,3.44,38.6,5.61,6.6,142,0.9,16,LOW
ses_857,SES-000857,cow_17,station_01,rfid_17,2026-08-19T06:22:00.000Z,2026-08-19T06:27:00.000Z,COMPLETED,19.05,2.63,3.75,38.6,5.64,6.66,135,3.5,16,LOW
ses_858,SES-000858,cow_18,station_01,rfid_18,2026-08-19T06:43:00.000Z,2026-08-19T06:47:43.000Z,COMPLETED,12.16,2.86,4.09,38.5,5.56,6.65,152,-5,14,LOW
ses_859,SES-000859,cow_19,station_01,rfid_19,2026-08-19T06:22:00.000Z,2026-08-19T06:27:04.000Z,COMPLETED,13.28,2.43,3.47,38.6,5.59,6.63,158,1.4,14,LOW
ses_860,SES-000860,cow_20,station_01,rfid_20,2026-08-19T06:00:00.000Z,2026-08-19T06:04:17.000Z,COMPLETED,13.27,2.70,3.86,38.8,5.45,6.66,100,-1.7,15,LOW
ses_861,SES-000861,cow_21,station_01,rfid_21,2026-08-19T06:08:00.000Z,2026-08-19T06:13:09.000Z,COMPLETED,14.45,2.88,4.11,38.5,5.62,6.68,91,4.7,12,LOW
ses_862,SES-000862,cow_22,station_01,rfid_22,2026-08-19T06:03:00.000Z,2026-08-19T06:07:25.000Z,COMPLETED,13.47,2.57,3.67,38.6,5.67,6.62,103,-5.1,14,LOW
ses_863,SES-000863,cow_23,station_01,rfid_23,2026-08-19T07:30:00.000Z,2026-08-19T07:35:21.000Z,COMPLETED,15.01,2.69,3.85,38.7,5.49,6.7,101,3.5,15,LOW
ses_864,SES-000864,cow_24,station_01,rfid_24,2026-08-19T06:00:00.000Z,2026-08-19T06:05:18.000Z,COMPLETED,14.94,2.35,3.36,38.4,5.63,6.59,117,0.3,13,LOW
ses_865,SES-000865,cow_25,station_01,rfid_25,2026-08-19T06:15:00.000Z,2026-08-19T06:19:17.000Z,COMPLETED,14.95,2.61,3.73,38.5,5.43,6.62,130,-2.3,9,LOW
ses_866,SES-000866,cow_26,station_01,rfid_26,2026-08-19T06:07:00.000Z,2026-08-19T06:11:45.000Z,COMPLETED,15.57,2.79,3.99,38.8,5.6,6.68,135,-0.2,10,LOW
ses_867,SES-000867,cow_27,station_01,rfid_27,2026-08-19T06:40:00.000Z,2026-08-19T06:44:47.000Z,COMPLETED,16.14,2.39,3.41,38.5,5.74,6.64,128,1.5,16,LOW
ses_868,SES-000868,cow_28,station_01,rfid_28,2026-08-19T07:24:00.000Z,2026-08-19T07:29:32.000Z,COMPLETED,15.71,2.66,3.8,38.5,5.45,6.65,156,-3.6,8,LOW
ses_869,SES-000869,cow_29,station_01,rfid_29,2026-08-19T06:47:00.000Z,2026-08-19T06:51:02.000Z,COMPLETED,17.4,2.88,4.11,38.8,5.67,6.68,158,4.8,17,LOW
ses_870,SES-000870,cow_30,station_01,rfid_30,2026-08-19T07:07:00.000Z,2026-08-19T07:11:11.000Z,COMPLETED,16.3,2.53,3.61,38.5,5.45,6.63,102,-4.1,11,LOW
ses_871,SES-000871,cow_1,station_01,rfid_1,2026-08-19T17:46:00.000Z,2026-08-19T17:51:53.000Z,COMPLETED,12.83,2.52,3.6,38.6,5.56,6.63,87,0.2,11,LOW
ses_872,SES-000872,cow_2,station_01,rfid_2,2026-08-19T17:41:00.000Z,2026-08-19T17:46:24.000Z,COMPLETED,13.93,2.86,4.08,38.7,5.72,6.67,108,5.5,15,LOW
ses_873,SES-000873,cow_3,station_01,rfid_3,2026-08-19T17:17:00.000Z,2026-08-19T17:22:49.000Z,COMPLETED,13.92,2.44,3.48,38.6,5.45,6.61,112,2.4,7,LOW
ses_874,SES-000874,cow_4,station_01,rfid_4,2026-08-19T18:20:00.000Z,2026-08-19T18:24:08.000Z,COMPLETED,14.09,2.69,3.85,38.7,5.58,6.64,114,1.4,13,LOW
ses_875,SES-000875,cow_5,station_01,rfid_5,2026-08-19T18:23:00.000Z,2026-08-19T18:28:14.000Z,COMPLETED,13.66,2.88,4.12,38.6,5.44,6.71,128,-4.5,11,LOW
ses_876,SES-000876,cow_6,station_01,rfid_6,2026-08-19T18:18:00.000Z,2026-08-19T18:23:15.000Z,COMPLETED,14.24,2.55,3.64,38.6,5.61,6.64,122,-2.5,11,LOW
ses_877,SES-000877,cow_7,station_01,rfid_7,2026-08-19T17:20:00.000Z,2026-08-19T17:24:47.000Z,COMPLETED,14.75,2.79,3.99,38.6,5.69,6.68,137,-1,15,LOW
ses_878,SES-000878,cow_8,station_01,rfid_8,2026-08-19T17:38:00.000Z,2026-08-19T17:43:17.000Z,COMPLETED,15.69,2.42,3.45,38.6,5.51,6.6,147,2.5,9,LOW
ses_879,SES-000879,cow_9,station_01,rfid_9,2026-08-19T18:02:00.000Z,2026-08-19T18:06:40.000Z,COMPLETED,15.28,2.58,3.68,38.6,5.67,6.62,146,-2.7,14,LOW
ses_880,SES-000880,cow_10,station_01,rfid_10,2026-08-19T17:01:00.000Z,2026-08-19T17:05:41.000Z,COMPLETED,15.99,2.82,4.03,38.6,5.48,6.67,101,-0.1,14,LOW
ses_881,SES-000881,cow_11,station_01,rfid_11,2026-08-19T17:19:00.000Z,2026-08-19T17:23:12.000Z,COMPLETED,16.83,2.51,3.59,38.7,5.54,6.62,104,2.6,14,LOW
ses_882,SES-000882,cow_12,station_01,rfid_12,2026-08-19T17:15:00.000Z,2026-08-19T17:20:55.000Z,COMPLETED,16.94,2.70,3.86,38.4,5.72,6.68,93,1.4,11,LOW
ses_883,SES-000883,cow_13,station_01,rfid_13,2026-08-19T17:21:00.000Z,2026-08-19T17:26:46.000Z,COMPLETED,17.6,2.83,4.05,38.6,5.47,6.69,111,2.9,9,LOW
ses_884,SES-000884,cow_14,station_01,rfid_14,2026-08-19T17:45:00.000Z,2026-08-19T17:50:26.000Z,COMPLETED,16.64,2.50,3.57,38.8,5.69,6.65,111,-4.4,16,LOW
ses_885,SES-000885,cow_15,station_01,rfid_15,2026-08-19T18:30:00.000Z,2026-08-19T18:35:53.000Z,COMPLETED,18.32,2.67,3.82,38.4,5.44,6.68,134,2.9,10,LOW
ses_886,SES-000886,cow_16,station_01,rfid_16,2026-08-19T18:28:00.000Z,2026-08-19T18:32:44.000Z,COMPLETED,17.32,2.37,3.38,38.7,5.57,6.62,130,-4.3,16,LOW
ses_887,SES-000887,cow_17,station_01,rfid_17,2026-08-19T18:24:00.000Z,2026-08-19T18:28:34.000Z,COMPLETED,18.6,2.60,3.72,38.8,5.75,6.63,129,1.1,10,LOW
ses_888,SES-000888,cow_18,station_01,rfid_18,2026-08-19T17:38:00.000Z,2026-08-19T17:43:54.000Z,COMPLETED,12.12,2.86,4.09,38.5,5.54,6.69,153,-5.3,17,LOW
ses_889,SES-000889,cow_19,station_01,rfid_19,2026-08-19T17:13:00.000Z,2026-08-19T17:17:17.000Z,COMPLETED,12.8,2.51,3.58,38.6,5.6,6.64,157,-2.3,9,LOW
ses_890,SES-000890,cow_20,station_01,rfid_20,2026-08-19T17:28:00.000Z,2026-08-19T17:33:52.000Z,COMPLETED,14.09,2.66,3.8,38.7,5.49,6.66,89,4.4,16,LOW
ses_891,SES-000891,cow_21,station_01,rfid_21,2026-08-19T18:23:00.000Z,2026-08-19T18:28:05.000Z,COMPLETED,13.42,2.92,4.17,38.6,5.6,6.7,94,-2.8,17,LOW
ses_892,SES-000892,cow_22,station_01,rfid_22,2026-08-19T18:22:00.000Z,2026-08-19T18:26:38.000Z,COMPLETED,14.86,2.46,3.51,38.7,5.68,6.63,96,4.6,12,LOW
ses_893,SES-000893,cow_23,station_01,rfid_23,2026-08-19T18:28:00.000Z,2026-08-19T18:33:43.000Z,COMPLETED,15.3,2.76,3.94,38.8,5.54,6.66,110,5.5,10,LOW
ses_894,SES-000894,cow_24,station_01,rfid_24,2026-08-19T17:04:00.000Z,2026-08-19T17:08:03.000Z,COMPLETED,15.54,2.39,3.42,38.4,5.68,6.62,125,4.3,17,LOW
ses_895,SES-000895,cow_25,station_01,rfid_25,2026-08-19T18:06:00.000Z,2026-08-19T18:10:16.000Z,COMPLETED,15.29,2.61,3.73,38.5,5.47,6.65,117,-0.1,15,LOW
ses_896,SES-000896,cow_26,station_01,rfid_26,2026-08-19T17:11:00.000Z,2026-08-19T17:16:19.000Z,COMPLETED,15.06,2.77,3.95,38.7,5.56,6.7,133,-3.5,16,LOW
ses_897,SES-000897,cow_27,station_01,rfid_27,2026-08-19T17:45:00.000Z,2026-08-19T17:50:40.000Z,COMPLETED,16.22,2.42,3.46,38.6,5.64,6.61,130,2,17,LOW
ses_898,SES-000898,cow_28,station_01,rfid_28,2026-08-19T18:23:00.000Z,2026-08-19T18:27:52.000Z,COMPLETED,15.74,2.72,3.89,38.6,5.55,6.67,155,-3.4,13,LOW
ses_899,SES-000899,cow_29,station_01,rfid_29,2026-08-19T17:46:00.000Z,2026-08-19T17:51:06.000Z,COMPLETED,16.63,2.91,4.15,38.7,5.59,6.71,153,0.2,8,LOW
ses_900,SES-000900,cow_30,station_01,rfid_30,2026-08-19T17:43:00.000Z,2026-08-19T17:48:49.000Z,COMPLETED,16.91,2.46,3.51,38.4,5.46,6.62,98,-0.5,10,LOW
ses_901,SES-000901,cow_1,station_01,rfid_1,2026-08-20T06:08:00.000Z,2026-08-20T06:12:42.000Z,COMPLETED,12.86,2.60,3.72,38.6,5.53,6.64,88,0.5,15,LOW
ses_902,SES-000902,cow_2,station_01,rfid_2,2026-08-20T06:27:00.000Z,2026-08-20T06:31:17.000Z,COMPLETED,13.95,2.79,3.98,38.7,5.64,6.66,102,5.7,8,LOW
ses_903,SES-000903,cow_3,station_01,rfid_3,2026-08-20T06:11:00.000Z,2026-08-20T06:15:58.000Z,COMPLETED,13.71,2.40,3.43,38.5,5.48,6.6,100,0.8,14,LOW
ses_904,SES-000904,cow_4,station_01,rfid_4,2026-08-20T07:00:00.000Z,2026-08-20T07:05:06.000Z,COMPLETED,13.1,2.65,3.79,38.5,5.65,6.66,124,-5.8,7,LOW
ses_905,SES-000905,cow_5,station_01,rfid_5,2026-08-20T07:05:00.000Z,2026-08-20T07:09:19.000Z,COMPLETED,15.01,2.86,4.08,38.6,5.41,6.68,123,5,9,LOW
ses_906,SES-000906,cow_6,station_01,rfid_6,2026-08-20T06:10:00.000Z,2026-08-20T06:15:32.000Z,COMPLETED,14.06,2.53,3.62,38.4,5.58,6.65,121,-3.7,15,LOW
ses_907,SES-000907,cow_7,station_01,rfid_7,2026-08-20T06:31:00.000Z,2026-08-20T06:35:39.000Z,COMPLETED,14.78,2.77,3.95,38.5,5.73,6.68,134,-0.8,11,LOW
ses_908,SES-000908,cow_8,station_01,rfid_8,2026-08-20T06:28:00.000Z,2026-08-20T06:32:19.000Z,COMPLETED,15.71,2.33,3.33,38.8,5.49,6.62,134,2.7,14,LOW
ses_909,SES-000909,cow_9,station_01,rfid_9,2026-08-20T06:46:00.000Z,2026-08-20T06:50:54.000Z,COMPLETED,15.14,2.58,3.69,38.5,5.66,6.67,157,-3.6,9,LOW
ses_910,SES-000910,cow_10,station_01,rfid_10,2026-08-20T06:38:00.000Z,2026-08-20T06:43:52.000Z,COMPLETED,16.4,2.81,4.01,38.5,5.5,6.67,91,2.5,9,LOW
ses_911,SES-000911,cow_11,station_01,rfid_11,2026-08-20T07:00:00.000Z,2026-08-20T07:04:08.000Z,COMPLETED,15.71,2.42,3.45,38.6,5.58,6.6,105,-4.2,14,LOW
ses_912,SES-000912,cow_12,station_01,rfid_12,2026-08-20T06:09:00.000Z,2026-08-20T06:14:18.000Z,COMPLETED,16.05,2.60,3.72,38.5,5.64,6.69,109,-3.9,10,LOW
ses_913,SES-000913,cow_13,station_01,rfid_13,2026-08-20T06:30:00.000Z,2026-08-20T06:35:23.000Z,COMPLETED,17.13,2.86,4.08,38.7,5.55,6.68,121,0.2,12,LOW
ses_914,SES-000914,cow_14,station_01,rfid_14,2026-08-20T06:23:00.000Z,2026-08-20T06:28:31.000Z,COMPLETED,18.02,2.55,3.65,38.6,5.61,6.66,113,3.6,15,LOW
ses_915,SES-000915,cow_15,station_01,rfid_15,2026-08-20T06:38:00.000Z,2026-08-20T06:43:11.000Z,COMPLETED,17.37,2.79,3.99,38.4,5.47,6.68,115,-2.4,8,LOW
ses_916,SES-000916,cow_16,station_01,rfid_16,2026-08-20T07:13:00.000Z,2026-08-20T07:18:54.000Z,COMPLETED,17.9,2.39,3.42,38.6,5.6,6.62,128,-1.1,15,LOW
ses_917,SES-000917,cow_17,station_01,rfid_17,2026-08-20T06:00:00.000Z,2026-08-20T06:05:31.000Z,COMPLETED,18,2.65,3.79,38.7,5.66,6.62,133,-2.2,15,LOW
ses_918,SES-000918,cow_18,station_01,rfid_18,2026-08-20T06:44:00.000Z,2026-08-20T06:49:24.000Z,COMPLETED,13.01,2.78,3.97,38.4,5.52,6.7,135,1.6,14,LOW
ses_919,SES-000919,cow_19,station_01,rfid_19,2026-08-20T06:58:00.000Z,2026-08-20T07:02:41.000Z,COMPLETED,12.75,2.40,3.43,38.7,5.62,6.65,160,-2.7,8,LOW
ses_920,SES-000920,cow_20,station_01,rfid_20,2026-08-20T06:30:00.000Z,2026-08-20T06:35:13.000Z,COMPLETED,14.26,2.62,3.74,38.8,5.49,6.67,98,5.6,17,LOW
ses_921,SES-000921,cow_21,station_01,rfid_21,2026-08-20T06:27:00.000Z,2026-08-20T06:32:04.000Z,COMPLETED,14.28,2.93,4.18,38.6,5.52,6.68,97,3.5,14,LOW
ses_922,SES-000922,cow_22,station_01,rfid_22,2026-08-20T06:46:00.000Z,2026-08-20T06:50:11.000Z,COMPLETED,14.37,2.51,3.59,38.6,5.63,6.61,112,1.2,7,LOW
ses_923,SES-000923,cow_23,station_01,rfid_23,2026-08-20T07:00:00.000Z,2026-08-20T07:05:10.000Z,COMPLETED,14.4,2.67,3.81,38.6,5.52,6.69,108,-0.7,13,LOW
ses_924,SES-000924,cow_24,station_01,rfid_24,2026-08-20T07:24:00.000Z,2026-08-20T07:28:39.000Z,COMPLETED,15.17,2.36,3.37,38.6,5.61,6.62,123,1.8,10,LOW
ses_925,SES-000925,cow_25,station_01,rfid_25,2026-08-20T06:33:00.000Z,2026-08-20T06:38:41.000Z,COMPLETED,15.9,2.55,3.65,38.6,5.49,6.64,117,3.9,9,LOW
ses_926,SES-000926,cow_26,station_01,rfid_26,2026-08-20T06:03:00.000Z,2026-08-20T06:08:36.000Z,COMPLETED,15.32,2.77,3.96,38.6,5.53,6.7,144,-1.8,13,LOW
ses_927,SES-000927,cow_27,station_01,rfid_27,2026-08-20T07:11:00.000Z,2026-08-20T07:15:40.000Z,COMPLETED,15.69,2.47,3.53,38.5,5.65,6.63,142,-1.3,12,LOW
ses_928,SES-000928,cow_28,station_01,rfid_28,2026-08-20T06:37:00.000Z,2026-08-20T06:42:04.000Z,COMPLETED,16.94,2.63,3.75,38.6,5.52,6.65,139,3.9,8,LOW
ses_929,SES-000929,cow_29,station_01,rfid_29,2026-08-20T07:26:00.000Z,2026-08-20T07:30:13.000Z,COMPLETED,16.24,2.88,4.12,38.8,5.65,6.71,159,-2.2,14,LOW
ses_930,SES-000930,cow_30,station_01,rfid_30,2026-08-20T06:42:00.000Z,2026-08-20T06:46:47.000Z,COMPLETED,16.96,2.49,3.56,38.5,5.48,6.67,79,-0.2,17,LOW
ses_931,SES-000931,cow_1,station_01,rfid_1,2026-08-20T17:49:00.000Z,2026-08-20T17:54:57.000Z,COMPLETED,13.28,2.57,3.67,38.5,5.59,6.66,101,3.7,12,LOW
ses_932,SES-000932,cow_2,station_01,rfid_2,2026-08-20T17:39:00.000Z,2026-08-20T17:43:23.000Z,COMPLETED,13.33,2.83,4.04,38.7,5.7,6.66,94,1,7,LOW
ses_933,SES-000933,cow_3,station_01,rfid_3,2026-08-20T17:48:00.000Z,2026-08-20T17:52:13.000Z,COMPLETED,12.89,2.39,3.41,38.5,5.48,6.63,112,-5.2,8,LOW
ses_934,SES-000934,cow_4,station_01,rfid_4,2026-08-20T17:05:00.000Z,2026-08-20T17:09:07.000Z,COMPLETED,14.38,2.63,3.76,38.7,5.59,6.66,124,3.5,12,LOW
ses_935,SES-000935,cow_5,station_01,rfid_5,2026-08-20T17:11:00.000Z,2026-08-20T17:15:07.000Z,COMPLETED,14.06,2.87,4.1,38.8,5.43,6.67,122,-1.7,9,LOW
ses_936,SES-000936,cow_6,station_01,rfid_6,2026-08-20T17:26:00.000Z,2026-08-20T17:31:54.000Z,COMPLETED,15.31,2.56,3.66,38.5,5.53,6.65,127,4.9,12,LOW
ses_937,SES-000937,cow_7,station_01,rfid_7,2026-08-20T18:23:00.000Z,2026-08-20T18:27:23.000Z,COMPLETED,14.53,2.73,3.9,38.7,5.69,6.7,133,-2.5,7,LOW
ses_938,SES-000938,cow_8,station_01,rfid_8,2026-08-20T17:12:00.000Z,2026-08-20T17:16:24.000Z,COMPLETED,14.67,2.41,3.44,38.7,5.52,6.64,141,-4.1,8,LOW
ses_939,SES-000939,cow_9,station_01,rfid_9,2026-08-20T17:26:00.000Z,2026-08-20T17:30:17.000Z,COMPLETED,15.34,2.63,3.76,38.6,5.63,6.64,144,-2.3,16,LOW
ses_940,SES-000940,cow_10,station_01,rfid_10,2026-08-20T17:16:00.000Z,2026-08-20T17:20:56.000Z,COMPLETED,16.65,2.85,4.07,38.7,5.5,6.69,93,4.1,8,LOW
ses_941,SES-000941,cow_11,station_01,rfid_11,2026-08-20T17:49:00.000Z,2026-08-20T17:54:50.000Z,COMPLETED,16.52,2.42,3.45,38.7,5.53,6.64,92,0.7,14,LOW
ses_942,SES-000942,cow_12,station_01,rfid_12,2026-08-20T18:16:00.000Z,2026-08-20T18:21:59.000Z,COMPLETED,16.67,2.63,3.76,38.6,5.64,6.63,105,-0.2,8,LOW
ses_943,SES-000943,cow_13,station_01,rfid_13,2026-08-20T17:15:00.000Z,2026-08-20T17:20:09.000Z,COMPLETED,17.33,2.86,4.08,38.6,5.5,6.68,122,1.3,8,LOW
ses_944,SES-000944,cow_14,station_01,rfid_14,2026-08-20T18:00:00.000Z,2026-08-20T18:04:32.000Z,COMPLETED,18,2.59,3.7,38.6,5.63,6.66,113,3.4,13,LOW
ses_945,SES-000945,cow_15,station_01,rfid_15,2026-08-20T17:43:00.000Z,2026-08-20T17:48:58.000Z,COMPLETED,17.85,2.67,3.81,38.5,5.43,6.65,136,0.3,8,LOW
ses_946,SES-000946,cow_16,station_01,rfid_16,2026-08-20T18:30:00.000Z,2026-08-20T18:35:46.000Z,COMPLETED,18.86,2.33,3.33,38.7,5.54,6.59,131,4.2,15,LOW
ses_947,SES-000947,cow_17,station_01,rfid_17,2026-08-20T18:26:00.000Z,2026-08-20T18:31:04.000Z,COMPLETED,17.71,2.64,3.77,38.7,5.64,6.68,147,-3.7,11,LOW
ses_948,SES-000948,cow_18,station_01,rfid_18,2026-08-20T18:12:00.000Z,2026-08-20T18:16:17.000Z,COMPLETED,12.21,2.76,3.94,38.6,5.55,6.69,156,-4.6,9,LOW
ses_949,SES-000949,cow_19,station_01,rfid_19,2026-08-20T17:05:00.000Z,2026-08-20T17:10:42.000Z,COMPLETED,12.67,2.43,3.47,38.7,5.6,6.65,150,-3.3,17,LOW
ses_950,SES-000950,cow_20,station_01,rfid_20,2026-08-20T17:52:00.000Z,2026-08-20T17:56:29.000Z,COMPLETED,13.71,2.62,3.74,38.8,5.41,6.64,102,1.6,9,LOW
ses_951,SES-000951,cow_21,station_01,rfid_21,2026-08-20T17:38:00.000Z,2026-08-20T17:42:41.000Z,COMPLETED,14.15,2.88,4.12,38.5,5.52,6.67,90,2.5,14,LOW
ses_952,SES-000952,cow_22,station_01,rfid_22,2026-08-20T17:20:00.000Z,2026-08-20T17:25:13.000Z,COMPLETED,14.09,2.48,3.55,38.6,5.67,6.64,102,-0.8,9,LOW
ses_953,SES-000953,cow_23,station_01,rfid_23,2026-08-20T17:08:00.000Z,2026-08-20T17:12:07.000Z,COMPLETED,14.42,2.67,3.81,38.7,5.55,6.64,103,-0.6,13,LOW
ses_954,SES-000954,cow_24,station_01,rfid_24,2026-08-20T18:12:00.000Z,2026-08-20T18:16:34.000Z,COMPLETED,15.12,2.43,3.47,38.4,5.57,6.62,110,1.5,16,LOW
ses_955,SES-000955,cow_25,station_01,rfid_25,2026-08-20T17:50:00.000Z,2026-08-20T17:55:16.000Z,COMPLETED,15.92,2.57,3.67,38.6,5.43,6.63,132,4.1,14,LOW
ses_956,SES-000956,cow_26,station_01,rfid_26,2026-08-20T17:47:00.000Z,2026-08-20T17:51:36.000Z,COMPLETED,15.28,2.78,3.97,38.7,5.56,6.7,123,-2.1,15,LOW
ses_957,SES-000957,cow_27,station_01,rfid_27,2026-08-20T18:08:00.000Z,2026-08-20T18:13:07.000Z,COMPLETED,15.81,2.44,3.48,38.5,5.65,6.65,142,-0.6,13,LOW
ses_958,SES-000958,cow_28,station_01,rfid_28,2026-08-20T17:07:00.000Z,2026-08-20T17:11:47.000Z,COMPLETED,16.05,2.64,3.77,38.6,5.48,6.68,153,-1.5,16,LOW
ses_959,SES-000959,cow_29,station_01,rfid_29,2026-08-20T18:08:00.000Z,2026-08-20T18:13:24.000Z,COMPLETED,17.12,2.88,4.12,38.7,5.59,6.66,160,3.1,10,LOW
ses_960,SES-000960,cow_30,station_01,rfid_30,2026-08-20T18:27:00.000Z,2026-08-20T18:31:28.000Z,COMPLETED,16.39,2.53,3.61,38.6,5.49,6.67,86,-3.6,7,LOW
ses_961,SES-000961,cow_1,station_01,rfid_1,2026-08-21T06:54:00.000Z,2026-08-21T06:58:36.000Z,COMPLETED,12.48,2.55,3.65,38.6,5.6,6.64,92,-2.5,11,LOW
ses_962,SES-000962,cow_2,station_01,rfid_2,2026-08-21T07:12:00.000Z,2026-08-21T07:17:47.000Z,COMPLETED,13.14,2.78,3.97,38.6,5.65,6.7,96,-0.5,9,LOW
ses_963,SES-000963,cow_3,station_01,rfid_3,2026-08-21T07:05:00.000Z,2026-08-21T07:10:06.000Z,COMPLETED,13.53,2.51,3.58,38.6,5.52,6.61,102,-0.5,10,LOW
ses_964,SES-000964,cow_4,station_01,rfid_4,2026-08-21T06:56:00.000Z,2026-08-21T07:00:56.000Z,COMPLETED,14.2,2.66,3.8,38.5,5.59,6.66,111,2.2,14,LOW
ses_965,SES-000965,cow_5,station_01,rfid_5,2026-08-21T06:07:00.000Z,2026-08-21T06:11:44.000Z,COMPLETED,14.25,2.83,4.04,38.7,5.48,6.7,121,-0.3,12,LOW
ses_966,SES-000966,cow_6,station_01,rfid_6,2026-08-21T06:09:00.000Z,2026-08-21T06:13:47.000Z,COMPLETED,14.7,2.57,3.67,38.5,5.62,6.66,126,0.7,12,LOW
ses_967,SES-000967,cow_7,station_01,rfid_7,2026-08-21T07:30:00.000Z,2026-08-21T07:34:52.000Z,COMPLETED,14.43,2.71,3.87,38.6,5.69,6.66,148,-3.2,10,LOW
ses_968,SES-000968,cow_8,station_01,rfid_8,2026-08-21T06:04:00.000Z,2026-08-21T06:08:11.000Z,COMPLETED,15.95,2.44,3.48,38.7,5.54,6.6,146,4.2,14,LOW
ses_969,SES-000969,cow_9,station_01,rfid_9,2026-08-21T07:02:00.000Z,2026-08-21T07:06:08.000Z,COMPLETED,16.42,2.62,3.74,38.5,5.64,6.65,163,4.6,9,LOW
ses_970,SES-000970,cow_10,station_01,rfid_10,2026-08-21T06:21:00.000Z,2026-08-21T06:25:13.000Z,COMPLETED,15.65,2.78,3.97,38.6,5.46,6.66,98,-2.2,15,LOW
ses_971,SES-000971,cow_11,station_01,rfid_11,2026-08-21T06:49:00.000Z,2026-08-21T06:53:31.000Z,COMPLETED,17.18,2.41,3.44,38.8,5.52,6.63,94,4.8,17,LOW
ses_972,SES-000972,cow_12,station_01,rfid_12,2026-08-21T06:55:00.000Z,2026-08-21T06:59:32.000Z,COMPLETED,17.32,2.72,3.89,38.6,5.71,6.66,103,3.7,15,LOW
ses_973,SES-000973,cow_13,station_01,rfid_13,2026-08-21T07:18:00.000Z,2026-08-21T07:22:42.000Z,COMPLETED,16.48,2.84,4.06,38.5,5.49,6.69,115,-3.6,16,LOW
ses_974,SES-000974,cow_14,station_01,rfid_14,2026-08-21T06:58:00.000Z,2026-08-21T07:03:42.000Z,COMPLETED,17.04,2.52,3.6,38.7,5.67,6.66,121,-2.1,13,LOW
ses_975,SES-000975,cow_15,station_01,rfid_15,2026-08-21T06:50:00.000Z,2026-08-21T06:54:31.000Z,COMPLETED,18.53,2.74,3.91,38.6,5.47,6.66,114,4.1,9,LOW
ses_976,SES-000976,cow_16,station_01,rfid_16,2026-08-21T06:01:00.000Z,2026-08-21T06:05:09.000Z,COMPLETED,18.7,2.32,3.31,38.6,5.6,6.64,126,3.3,16,LOW
ses_977,SES-000977,cow_17,station_01,rfid_17,2026-08-21T06:03:00.000Z,2026-08-21T06:07:14.000Z,COMPLETED,18.86,2.53,3.61,38.7,5.65,6.64,147,2.5,12,LOW
ses_978,SES-000978,cow_18,station_01,rfid_18,2026-08-21T06:07:00.000Z,2026-08-21T06:12:38.000Z,COMPLETED,12.34,2.82,4.03,38.5,5.46,6.7,158,-3.6,8,LOW
ses_979,SES-000979,cow_19,station_01,rfid_19,2026-08-21T06:57:00.000Z,2026-08-21T07:01:42.000Z,COMPLETED,12.51,2.49,3.56,38.7,5.62,6.61,146,-4.5,15,LOW
ses_980,SES-000980,cow_20,station_01,rfid_20,2026-08-21T06:00:00.000Z,2026-08-21T06:05:04.000Z,COMPLETED,14.18,2.65,3.79,38.6,5.41,6.68,80,5,13,LOW
ses_981,SES-000981,cow_21,station_01,rfid_21,2026-08-21T06:35:00.000Z,2026-08-21T06:39:11.000Z,COMPLETED,14.13,2.93,4.19,38.5,5.54,6.68,103,2.4,10,LOW
ses_982,SES-000982,cow_22,station_01,rfid_22,2026-08-21T06:50:00.000Z,2026-08-21T06:54:50.000Z,COMPLETED,13.43,2.55,3.64,38.7,5.74,6.62,106,-5.4,15,LOW
ses_983,SES-000983,cow_23,station_01,rfid_23,2026-08-21T07:25:00.000Z,2026-08-21T07:30:46.000Z,COMPLETED,14.93,2.74,3.91,38.7,5.45,6.7,123,3,12,LOW
ses_984,SES-000984,cow_24,station_01,rfid_24,2026-08-21T06:22:00.000Z,2026-08-21T06:27:32.000Z,COMPLETED,15.32,2.44,3.48,38.6,5.57,6.63,122,2.8,16,LOW
ses_985,SES-000985,cow_25,station_01,rfid_25,2026-08-21T06:13:00.000Z,2026-08-21T06:17:26.000Z,COMPLETED,14.75,2.60,3.71,38.6,5.41,6.66,130,-3.6,8,LOW
ses_986,SES-000986,cow_26,station_01,rfid_26,2026-08-21T06:06:00.000Z,2026-08-21T06:10:52.000Z,COMPLETED,16.26,2.86,4.08,38.7,5.55,6.7,128,4.2,12,LOW
ses_987,SES-000987,cow_27,station_01,rfid_27,2026-08-21T06:20:00.000Z,2026-08-21T06:25:15.000Z,COMPLETED,16.03,2.47,3.53,38.5,5.65,6.62,147,0.8,13,LOW
ses_988,SES-000988,cow_28,station_01,rfid_28,2026-08-21T06:10:00.000Z,2026-08-21T06:15:02.000Z,COMPLETED,15.92,2.60,3.72,38.6,5.5,6.68,138,-2.3,12,LOW
ses_989,SES-000989,cow_29,station_01,rfid_29,2026-08-21T06:47:00.000Z,2026-08-21T06:52:36.000Z,COMPLETED,16.84,2.85,4.07,38.7,5.68,6.68,159,1.4,8,LOW
ses_990,SES-000990,cow_30,station_01,rfid_30,2026-08-21T07:19:00.000Z,2026-08-21T07:24:13.000Z,COMPLETED,17.64,2.49,3.56,38.5,5.39,6.65,87,3.8,9,LOW
ses_991,SES-000991,cow_1,station_01,rfid_1,2026-08-21T18:26:00.000Z,2026-08-21T18:30:50.000Z,COMPLETED,13.38,2.65,3.78,38.5,5.52,6.67,87,4.5,11,LOW
ses_992,SES-000992,cow_2,station_01,rfid_2,2026-08-21T17:29:00.000Z,2026-08-21T17:34:40.000Z,COMPLETED,13.7,2.74,3.91,38.6,5.63,6.71,95,3.8,7,LOW
ses_993,SES-000993,cow_3,station_01,rfid_3,2026-08-21T18:28:00.000Z,2026-08-21T18:33:53.000Z,COMPLETED,13.98,2.52,3.6,38.5,5.5,6.61,117,2.8,14,LOW
ses_994,SES-000994,cow_4,station_01,rfid_4,2026-08-21T17:05:00.000Z,2026-08-21T17:09:28.000Z,COMPLETED,14.12,2.66,3.8,38.7,5.68,6.64,121,1.6,17,LOW
ses_995,SES-000995,cow_5,station_01,rfid_5,2026-08-21T17:19:00.000Z,2026-08-21T17:24:28.000Z,COMPLETED,14.79,2.83,4.05,38.6,5.4,6.72,126,3.4,15,LOW
ses_996,SES-000996,cow_6,station_01,rfid_6,2026-08-21T18:08:00.000Z,2026-08-21T18:12:49.000Z,COMPLETED,14.35,2.57,3.67,38.5,5.55,6.62,128,-1.7,16,LOW
ses_997,SES-000997,cow_7,station_01,rfid_7,2026-08-21T17:31:00.000Z,2026-08-21T17:36:35.000Z,COMPLETED,15.69,2.74,3.92,38.7,5.65,6.68,138,5.3,12,LOW
ses_998,SES-000998,cow_8,station_01,rfid_8,2026-08-21T18:29:00.000Z,2026-08-21T18:33:12.000Z,COMPLETED,15.95,2.43,3.47,38.8,5.51,6.64,146,4.2,11,LOW
ses_999,SES-000999,cow_9,station_01,rfid_9,2026-08-21T18:26:00.000Z,2026-08-21T18:31:59.000Z,COMPLETED,14.99,2.63,3.75,38.5,5.63,6.68,148,-4.5,10,LOW
ses_1000,SES-001000,cow_10,station_01,rfid_10,2026-08-21T17:34:00.000Z,2026-08-21T17:38:21.000Z,COMPLETED,15.27,2.81,4.02,38.6,5.44,6.66,83,-4.6,13,LOW
ses_1001,SES-001001,cow_11,station_01,rfid_11,2026-08-21T18:12:00.000Z,2026-08-21T18:17:08.000Z,COMPLETED,16.06,2.39,3.41,38.6,5.61,6.66,86,-2.1,7,LOW
ses_1002,SES-001002,cow_12,station_01,rfid_12,2026-08-21T18:26:00.000Z,2026-08-21T18:30:35.000Z,COMPLETED,16.38,2.68,3.83,38.5,5.74,6.65,111,-1.9,12,LOW
ses_1003,SES-001003,cow_13,station_01,rfid_13,2026-08-21T17:57:00.000Z,2026-08-21T18:02:25.000Z,COMPLETED,17.9,2.82,4.03,38.5,5.52,6.66,119,4.7,11,LOW
ses_1004,SES-001004,cow_14,station_01,rfid_14,2026-08-21T18:11:00.000Z,2026-08-21T18:15:27.000Z,COMPLETED,17.98,2.55,3.64,38.7,5.65,6.66,124,3.3,11,LOW
ses_1005,SES-001005,cow_15,station_01,rfid_15,2026-08-21T17:14:00.000Z,2026-08-21T17:19:06.000Z,COMPLETED,18.5,2.77,3.95,38.5,5.41,6.66,131,3.9,11,LOW
ses_1006,SES-001006,cow_16,station_01,rfid_16,2026-08-21T17:24:00.000Z,2026-08-21T17:28:02.000Z,COMPLETED,17.66,2.38,3.4,38.6,5.55,6.64,130,-2.4,12,LOW
ses_1007,SES-001007,cow_17,station_01,rfid_17,2026-08-21T18:22:00.000Z,2026-08-21T18:26:58.000Z,COMPLETED,18.72,2.53,3.61,38.7,5.67,6.67,132,1.7,7,LOW
ses_1008,SES-001008,cow_18,station_01,rfid_18,2026-08-21T17:45:00.000Z,2026-08-21T17:49:15.000Z,COMPLETED,13.16,2.78,3.97,38.5,5.52,6.67,135,2.8,10,LOW
ses_1009,SES-001009,cow_19,station_01,rfid_19,2026-08-21T17:38:00.000Z,2026-08-21T17:44:00.000Z,COMPLETED,12.66,2.49,3.56,38.5,5.65,6.65,143,-3.4,13,LOW
ses_1010,SES-001010,cow_20,station_01,rfid_20,2026-08-21T18:00:00.000Z,2026-08-21T18:04:32.000Z,COMPLETED,13.99,2.69,3.84,38.7,5.51,6.64,94,3.6,9,LOW
ses_1011,SES-001011,cow_21,station_01,rfid_21,2026-08-21T18:07:00.000Z,2026-08-21T18:12:33.000Z,COMPLETED,13.4,2.88,4.12,38.6,5.55,6.71,109,-2.9,10,LOW
ses_1012,SES-001012,cow_22,station_01,rfid_22,2026-08-21T17:06:00.000Z,2026-08-21T17:10:42.000Z,COMPLETED,13.44,2.54,3.63,38.7,5.71,6.64,102,-5.4,14,LOW
ses_1013,SES-001013,cow_23,station_01,rfid_23,2026-08-21T17:43:00.000Z,2026-08-21T17:48:21.000Z,COMPLETED,14.25,2.69,3.85,38.8,5.55,6.65,118,-1.7,16,LOW
ses_1014,SES-001014,cow_24,station_01,rfid_24,2026-08-21T18:23:00.000Z,2026-08-21T18:28:33.000Z,COMPLETED,14.61,2.36,3.37,38.5,5.63,6.61,116,-1.9,9,LOW
ses_1015,SES-001015,cow_25,station_01,rfid_25,2026-08-21T17:46:00.000Z,2026-08-21T17:51:04.000Z,COMPLETED,15.31,2.58,3.68,38.5,5.46,6.66,117,0.1,14,LOW
ses_1016,SES-001016,cow_26,station_01,rfid_26,2026-08-21T18:07:00.000Z,2026-08-21T18:12:58.000Z,COMPLETED,15.98,2.82,4.03,38.8,5.6,6.7,124,2.4,12,LOW
ses_1017,SES-001017,cow_27,station_01,rfid_27,2026-08-21T17:34:00.000Z,2026-08-21T17:38:39.000Z,COMPLETED,16.01,2.40,3.43,38.6,5.69,6.63,141,0.7,14,LOW
ses_1018,SES-001018,cow_28,station_01,rfid_28,2026-08-21T17:16:00.000Z,2026-08-21T17:20:51.000Z,COMPLETED,16.57,2.69,3.85,38.5,5.5,6.69,156,1.7,10,LOW
ses_1019,SES-001019,cow_29,station_01,rfid_29,2026-08-21T17:42:00.000Z,2026-08-21T17:47:49.000Z,COMPLETED,16.15,2.91,4.16,38.8,5.57,6.71,157,-2.7,9,LOW
ses_1020,SES-001020,cow_30,station_01,rfid_30,2026-08-21T18:04:00.000Z,2026-08-21T18:09:06.000Z,COMPLETED,16.82,2.55,3.65,38.5,5.46,6.63,80,-1.1,11,LOW
ses_1021,SES-001021,cow_1,station_01,rfid_1,2026-08-22T07:22:00.000Z,2026-08-22T07:27:52.000Z,COMPLETED,13.16,2.63,3.76,38.6,5.53,6.64,101,2.8,11,LOW
ses_1022,SES-001022,cow_2,station_01,rfid_2,2026-08-22T06:28:00.000Z,2026-08-22T06:33:38.000Z,COMPLETED,13.54,2.82,4.03,38.8,5.64,6.71,110,2.6,13,LOW
ses_1023,SES-001023,cow_3,station_01,rfid_3,2026-08-22T07:18:00.000Z,2026-08-22T07:22:04.000Z,COMPLETED,13.56,2.44,3.49,38.6,5.56,6.65,107,-0.3,11,LOW
ses_1024,SES-001024,cow_4,station_01,rfid_4,2026-08-22T07:14:00.000Z,2026-08-22T07:19:49.000Z,COMPLETED,13.1,2.69,3.84,38.6,5.64,6.68,126,-5.8,10,LOW
ses_1025,SES-001025,cow_5,station_01,rfid_5,2026-08-22T07:23:00.000Z,2026-08-22T07:27:21.000Z,COMPLETED,13.57,2.82,4.03,38.6,5.48,6.67,123,-5.1,7,LOW
ses_1026,SES-001026,cow_6,station_01,rfid_6,2026-08-22T06:27:00.000Z,2026-08-22T06:32:05.000Z,COMPLETED,14.53,2.50,3.57,38.5,5.52,6.62,139,-0.5,13,LOW
ses_1027,SES-001027,cow_7,station_01,rfid_7,2026-08-22T07:21:00.000Z,2026-08-22T07:25:44.000Z,COMPLETED,15.04,2.79,3.98,38.6,5.74,6.7,136,0.9,8,LOW
ses_1028,SES-001028,cow_8,station_01,rfid_8,2026-08-22T06:27:00.000Z,2026-08-22T06:32:55.000Z,COMPLETED,15,2.39,3.42,38.8,5.47,6.6,143,-2,11,LOW
ses_1029,SES-001029,cow_9,station_01,rfid_9,2026-08-22T07:00:00.000Z,2026-08-22T07:05:44.000Z,COMPLETED,15.13,2.65,3.78,38.5,5.63,6.63,151,-3.6,11,LOW
ses_1030,SES-001030,cow_10,station_01,rfid_10,2026-08-22T06:05:00.000Z,2026-08-22T06:10:55.000Z,COMPLETED,16.05,2.77,3.95,38.6,5.46,6.67,99,0.3,8,LOW
ses_1031,SES-001031,cow_11,station_01,rfid_11,2026-08-22T06:55:00.000Z,2026-08-22T06:59:56.000Z,COMPLETED,16.49,2.40,3.43,38.7,5.53,6.62,96,0.5,11,LOW
ses_1032,SES-001032,cow_12,station_01,rfid_12,2026-08-22T06:15:00.000Z,2026-08-22T06:20:16.000Z,COMPLETED,16.59,2.72,3.88,38.5,5.69,6.66,96,-0.7,15,LOW
ses_1033,SES-001033,cow_13,station_01,rfid_13,2026-08-22T07:10:00.000Z,2026-08-22T07:14:11.000Z,COMPLETED,17.36,2.93,4.19,38.7,5.54,6.71,106,1.5,11,LOW
ses_1034,SES-001034,cow_14,station_01,rfid_14,2026-08-22T07:05:00.000Z,2026-08-22T07:10:36.000Z,COMPLETED,17.49,2.57,3.67,38.8,5.6,6.64,129,0.5,8,LOW
ses_1035,SES-001035,cow_15,station_01,rfid_15,2026-08-22T06:18:00.000Z,2026-08-22T06:22:02.000Z,COMPLETED,18.45,2.66,3.8,38.5,5.48,6.64,119,3.7,13,LOW
ses_1036,SES-001036,cow_16,station_01,rfid_16,2026-08-22T06:27:00.000Z,2026-08-22T06:31:33.000Z,COMPLETED,18.16,2.44,3.49,38.6,5.59,6.64,143,0.3,17,LOW
ses_1037,SES-001037,cow_17,station_01,rfid_17,2026-08-22T07:00:00.000Z,2026-08-22T07:05:12.000Z,COMPLETED,17.83,2.55,3.65,38.7,5.73,6.64,131,-3.1,16,LOW
ses_1038,SES-001038,cow_18,station_01,rfid_18,2026-08-22T06:15:00.000Z,2026-08-22T06:20:42.000Z,COMPLETED,13.35,2.77,3.96,38.5,5.51,6.7,151,4.3,12,LOW
ses_1039,SES-001039,cow_19,station_01,rfid_19,2026-08-22T06:19:00.000Z,2026-08-22T06:24:04.000Z,COMPLETED,13.42,2.51,3.58,38.7,5.57,6.64,152,2.4,12,LOW
ses_1040,SES-001040,cow_20,station_01,rfid_20,2026-08-22T06:41:00.000Z,2026-08-22T06:46:20.000Z,COMPLETED,13.26,2.60,3.72,38.7,5.41,6.68,101,-1.8,16,LOW
ses_1041,SES-001041,cow_21,station_01,rfid_21,2026-08-22T06:05:00.000Z,2026-08-22T06:09:22.000Z,COMPLETED,14.53,2.80,4,38.5,5.54,6.68,91,5.3,11,LOW
ses_1042,SES-001042,cow_22,station_01,rfid_22,2026-08-22T06:31:00.000Z,2026-08-22T06:36:51.000Z,COMPLETED,13.58,2.53,3.62,38.5,5.74,6.62,115,-4.4,10,LOW
ses_1043,SES-001043,cow_23,station_01,rfid_23,2026-08-22T06:09:00.000Z,2026-08-22T06:14:07.000Z,COMPLETED,13.98,2.75,3.93,38.7,5.52,6.67,109,-3.6,9,LOW
ses_1044,SES-001044,cow_24,station_01,rfid_24,2026-08-22T06:44:00.000Z,2026-08-22T06:49:47.000Z,COMPLETED,15.67,2.35,3.36,38.5,5.65,6.61,114,5.2,11,LOW
ses_1045,SES-001045,cow_25,station_01,rfid_25,2026-08-22T06:19:00.000Z,2026-08-22T06:24:09.000Z,COMPLETED,15.12,2.60,3.72,38.5,5.42,6.63,122,-1.2,17,LOW
ses_1046,SES-001046,cow_26,station_01,rfid_26,2026-08-22T06:01:00.000Z,2026-08-22T06:05:05.000Z,COMPLETED,16.24,2.81,4.02,38.7,5.55,6.68,140,4.1,15,LOW
ses_1047,SES-001047,cow_27,station_01,rfid_27,2026-08-22T06:18:00.000Z,2026-08-22T06:23:21.000Z,COMPLETED,16.28,2.48,3.55,38.5,5.66,6.62,131,2.4,14,LOW
ses_1048,SES-001048,cow_28,station_01,rfid_28,2026-08-22T07:02:00.000Z,2026-08-22T07:07:32.000Z,COMPLETED,16.3,2.69,3.85,38.6,5.55,6.65,156,0,12,LOW
ses_1049,SES-001049,cow_29,station_01,rfid_29,2026-08-22T07:18:00.000Z,2026-08-22T07:23:05.000Z,COMPLETED,17.24,2.91,4.15,38.7,5.63,6.67,144,3.9,15,LOW
ses_1050,SES-001050,cow_30,station_01,rfid_30,2026-08-22T06:20:00.000Z,2026-08-22T06:24:17.000Z,COMPLETED,17.14,2.46,3.52,38.5,5.45,6.62,85,0.8,15,LOW
ses_1051,SES-001051,cow_1,station_01,rfid_1,2026-08-22T17:08:00.000Z,2026-08-22T17:13:06.000Z,COMPLETED,12.27,2.63,3.76,38.7,5.53,6.66,98,-4.1,11,LOW
ses_1052,SES-001052,cow_2,station_01,rfid_2,2026-08-22T17:30:00.000Z,2026-08-22T17:34:23.000Z,COMPLETED,13.4,2.76,3.94,38.8,5.71,6.7,115,1.5,15,LOW
ses_1053,SES-001053,cow_3,station_01,rfid_3,2026-08-22T17:24:00.000Z,2026-08-22T17:28:46.000Z,COMPLETED,13.49,2.49,3.56,38.4,5.47,6.6,119,-0.8,11,LOW
ses_1054,SES-001054,cow_4,station_01,rfid_4,2026-08-22T17:17:00.000Z,2026-08-22T17:21:15.000Z,COMPLETED,13.67,2.70,3.86,38.6,5.61,6.66,119,-1.7,14,LOW
ses_1055,SES-001055,cow_5,station_01,rfid_5,2026-08-22T17:19:00.000Z,2026-08-22T17:23:10.000Z,COMPLETED,14.86,2.80,4,38.8,5.43,6.71,125,3.9,14,LOW
ses_1056,SES-001056,cow_6,station_01,rfid_6,2026-08-22T17:12:00.000Z,2026-08-22T17:17:50.000Z,COMPLETED,14.91,2.46,3.51,38.4,5.59,6.66,139,2.1,9,LOW
ses_1057,SES-001057,cow_7,station_01,rfid_7,2026-08-22T17:14:00.000Z,2026-08-22T17:18:20.000Z,COMPLETED,15.34,2.71,3.87,38.6,5.63,6.69,137,3,7,LOW
ses_1058,SES-001058,cow_8,station_01,rfid_8,2026-08-22T17:23:00.000Z,2026-08-22T17:27:49.000Z,COMPLETED,14.77,2.38,3.4,38.7,5.48,6.64,141,-3.5,17,LOW
ses_1059,SES-001059,cow_9,station_01,rfid_9,2026-08-22T17:14:00.000Z,2026-08-22T17:18:04.000Z,COMPLETED,15.23,2.63,3.76,38.6,5.59,6.66,146,-3,12,LOW
ses_1060,SES-001060,cow_10,station_01,rfid_10,2026-08-22T18:06:00.000Z,2026-08-22T18:10:18.000Z,COMPLETED,16.74,2.77,3.95,38.5,5.42,6.69,96,4.6,14,LOW
ses_1061,SES-001061,cow_11,station_01,rfid_11,2026-08-22T17:21:00.000Z,2026-08-22T17:26:04.000Z,COMPLETED,16.8,2.42,3.46,38.7,5.61,6.61,89,2.4,8,LOW
ses_1062,SES-001062,cow_12,station_01,rfid_12,2026-08-22T18:06:00.000Z,2026-08-22T18:11:23.000Z,COMPLETED,16.46,2.67,3.81,38.4,5.75,6.65,114,-1.4,13,LOW
ses_1063,SES-001063,cow_13,station_01,rfid_13,2026-08-22T17:42:00.000Z,2026-08-22T17:47:42.000Z,COMPLETED,16.96,2.91,4.16,38.6,5.56,6.71,104,-0.8,14,LOW
ses_1064,SES-001064,cow_14,station_01,rfid_14,2026-08-22T17:16:00.000Z,2026-08-22T17:21:46.000Z,COMPLETED,17.36,2.47,3.53,38.6,5.58,6.64,127,-0.2,14,LOW
ses_1065,SES-001065,cow_15,station_01,rfid_15,2026-08-22T17:27:00.000Z,2026-08-22T17:32:59.000Z,COMPLETED,17.99,2.80,4,38.5,5.42,6.69,122,1.1,14,LOW
ses_1066,SES-001066,cow_16,station_01,rfid_16,2026-08-22T17:57:00.000Z,2026-08-22T18:02:27.000Z,COMPLETED,17.67,2.39,3.42,38.7,5.56,6.63,123,-2.4,11,LOW
ses_1067,SES-001067,cow_17,station_01,rfid_17,2026-08-22T18:09:00.000Z,2026-08-22T18:13:56.000Z,COMPLETED,18.66,2.55,3.64,38.7,5.66,6.65,142,1.4,9,LOW
ses_1068,SES-001068,cow_18,station_01,rfid_18,2026-08-22T17:32:00.000Z,2026-08-22T17:37:22.000Z,COMPLETED,13.57,2.83,4.04,38.4,5.54,6.68,157,6,15,LOW
ses_1069,SES-001069,cow_19,station_01,rfid_19,2026-08-22T17:50:00.000Z,2026-08-22T17:54:06.000Z,COMPLETED,12.41,2.46,3.52,38.7,5.58,6.61,144,-5.3,16,LOW
ses_1070,SES-001070,cow_20,station_01,rfid_20,2026-08-22T17:12:00.000Z,2026-08-22T17:17:38.000Z,COMPLETED,14.24,2.68,3.83,38.7,5.4,6.67,94,5.5,13,LOW
ses_1071,SES-001071,cow_21,station_01,rfid_21,2026-08-22T17:45:00.000Z,2026-08-22T17:49:16.000Z,COMPLETED,13.14,2.83,4.05,38.6,5.55,6.69,101,-4.8,7,LOW
ses_1072,SES-001072,cow_22,station_01,rfid_22,2026-08-22T17:33:00.000Z,2026-08-22T17:38:22.000Z,COMPLETED,14.08,2.57,3.67,38.5,5.7,6.63,113,-0.8,10,LOW
ses_1073,SES-001073,cow_23,station_01,rfid_23,2026-08-22T18:06:00.000Z,2026-08-22T18:11:33.000Z,COMPLETED,14.42,2.75,3.93,38.6,5.51,6.7,100,-0.6,11,LOW
ses_1074,SES-001074,cow_24,station_01,rfid_24,2026-08-22T17:31:00.000Z,2026-08-22T17:35:36.000Z,COMPLETED,15.35,2.37,3.38,38.5,5.69,6.6,121,3,15,LOW
ses_1075,SES-001075,cow_25,station_01,rfid_25,2026-08-22T17:35:00.000Z,2026-08-22T17:40:45.000Z,COMPLETED,15.74,2.53,3.61,38.7,5.4,6.67,133,2.9,13,LOW
ses_1076,SES-001076,cow_26,station_01,rfid_26,2026-08-22T18:13:00.000Z,2026-08-22T18:17:17.000Z,COMPLETED,14.88,2.80,4,38.6,5.57,6.7,128,-4.6,8,LOW
ses_1077,SES-001077,cow_27,station_01,rfid_27,2026-08-22T18:00:00.000Z,2026-08-22T18:04:21.000Z,COMPLETED,16.38,2.40,3.43,38.5,5.64,6.64,148,3,14,LOW
ses_1078,SES-001078,cow_28,station_01,rfid_28,2026-08-22T17:24:00.000Z,2026-08-22T17:29:16.000Z,COMPLETED,15.87,2.68,3.83,38.6,5.47,6.68,143,-2.6,11,LOW
ses_1079,SES-001079,cow_29,station_01,rfid_29,2026-08-22T17:41:00.000Z,2026-08-22T17:45:02.000Z,COMPLETED,16.59,2.93,4.18,38.7,5.59,6.69,152,-0.1,9,LOW
ses_1080,SES-001080,cow_30,station_01,rfid_30,2026-08-22T17:19:00.000Z,2026-08-22T17:23:48.000Z,COMPLETED,16.55,2.46,3.52,38.4,5.4,6.66,85,-2.6,9,LOW
ses_1081,SES-001081,cow_1,station_01,rfid_1,2026-08-23T07:25:00.000Z,2026-08-23T07:29:48.000Z,COMPLETED,12.37,2.57,3.67,38.5,5.57,6.65,97,-3.4,14,LOW
ses_1082,SES-001082,cow_2,station_01,rfid_2,2026-08-23T06:39:00.000Z,2026-08-23T06:43:44.000Z,COMPLETED,13.19,2.73,3.9,38.8,5.65,6.68,108,-0.1,13,LOW
ses_1083,SES-001083,cow_3,station_01,rfid_3,2026-08-23T06:11:00.000Z,2026-08-23T06:15:12.000Z,COMPLETED,13.68,2.48,3.54,38.4,5.56,6.64,116,0.6,15,LOW
ses_1084,SES-001084,cow_4,station_01,rfid_4,2026-08-23T06:32:00.000Z,2026-08-23T06:36:39.000Z,COMPLETED,14.07,2.59,3.7,38.6,5.66,6.66,122,1.2,13,LOW
ses_1085,SES-001085,cow_5,station_01,rfid_5,2026-08-23T06:09:00.000Z,2026-08-23T06:14:05.000Z,COMPLETED,14.87,2.88,4.11,38.7,5.5,6.69,121,4,9,LOW
ses_1086,SES-001086,cow_6,station_01,rfid_6,2026-08-23T06:07:00.000Z,2026-08-23T06:12:45.000Z,COMPLETED,14.28,2.46,3.52,38.5,5.63,6.66,137,-2.2,12,LOW
ses_1087,SES-001087,cow_7,station_01,rfid_7,2026-08-23T06:59:00.000Z,2026-08-23T07:03:06.000Z,COMPLETED,14.16,2.77,3.95,38.7,5.74,6.68,151,-5,16,LOW
ses_1088,SES-001088,cow_8,station_01,rfid_8,2026-08-23T06:11:00.000Z,2026-08-23T06:15:27.000Z,COMPLETED,15.81,2.32,3.32,38.7,5.55,6.61,151,3.3,16,LOW
ses_1089,SES-001089,cow_9,station_01,rfid_9,2026-08-23T06:32:00.000Z,2026-08-23T06:36:05.000Z,COMPLETED,15.48,2.65,3.78,38.5,5.65,6.67,143,-1.4,9,LOW
ses_1090,SES-001090,cow_10,station_01,rfid_10,2026-08-23T07:29:00.000Z,2026-08-23T07:33:56.000Z,COMPLETED,16.38,2.85,4.07,38.6,5.45,6.68,99,2.4,16,LOW
ses_1091,SES-001091,cow_11,station_01,rfid_11,2026-08-23T06:03:00.000Z,2026-08-23T06:08:32.000Z,COMPLETED,16.19,2.42,3.46,38.7,5.6,6.64,106,-1.3,13,LOW
ses_1092,SES-001092,cow_12,station_01,rfid_12,2026-08-23T06:16:00.000Z,2026-08-23T06:20:07.000Z,COMPLETED,16.81,2.71,3.87,38.5,5.71,6.67,94,0.7,17,LOW
ses_1093,SES-001093,cow_13,station_01,rfid_13,2026-08-23T06:38:00.000Z,2026-08-23T06:43:06.000Z,COMPLETED,17.14,2.88,4.12,38.6,5.49,6.69,103,0.2,12,LOW
ses_1094,SES-001094,cow_14,station_01,rfid_14,2026-08-23T07:11:00.000Z,2026-08-23T07:15:05.000Z,COMPLETED,16.65,2.50,3.57,38.7,5.62,6.63,126,-4.3,8,LOW
ses_1095,SES-001095,cow_15,station_01,rfid_15,2026-08-23T06:33:00.000Z,2026-08-23T06:38:51.000Z,COMPLETED,17.01,2.71,3.87,38.6,5.4,6.7,115,-4.4,10,LOW
ses_1096,SES-001096,cow_16,station_01,rfid_16,2026-08-23T06:00:00.000Z,2026-08-23T06:04:57.000Z,COMPLETED,18.01,2.39,3.41,38.6,5.55,6.61,139,-0.5,14,LOW
ses_1097,SES-001097,cow_17,station_01,rfid_17,2026-08-23T06:05:00.000Z,2026-08-23T06:10:30.000Z,COMPLETED,17.65,2.56,3.66,38.6,5.74,6.63,141,-4.1,14,LOW
ses_1098,SES-001098,cow_18,station_01,rfid_18,2026-08-23T06:07:00.000Z,2026-08-23T06:11:12.000Z,COMPLETED,12.75,2.78,3.97,38.4,5.49,6.67,151,-0.4,12,LOW
ses_1099,SES-001099,cow_19,station_01,rfid_19,2026-08-23T06:15:00.000Z,2026-08-23T06:20:11.000Z,COMPLETED,13.06,2.39,3.42,38.5,5.62,6.62,163,-0.3,16,LOW
ses_1100,SES-001100,cow_20,station_01,rfid_20,2026-08-23T07:10:00.000Z,2026-08-23T07:15:40.000Z,COMPLETED,13.35,2.65,3.78,38.8,5.46,6.67,90,-1.1,11,LOW
ses_1101,SES-001101,cow_21,station_01,rfid_21,2026-08-23T07:10:00.000Z,2026-08-23T07:14:52.000Z,COMPLETED,14.43,2.81,4.01,38.6,5.58,6.7,92,4.6,11,LOW
ses_1102,SES-001102,cow_22,station_01,rfid_22,2026-08-23T06:18:00.000Z,2026-08-23T06:23:03.000Z,COMPLETED,13.7,2.46,3.51,38.7,5.64,6.65,115,-3.5,8,LOW
ses_1103,SES-001103,cow_23,station_01,rfid_23,2026-08-23T07:15:00.000Z,2026-08-23T07:20:59.000Z,COMPLETED,14.01,2.79,3.98,38.7,5.56,6.69,120,-3.4,8,LOW
ses_1104,SES-001104,cow_24,station_01,rfid_24,2026-08-23T07:22:00.000Z,2026-08-23T07:26:34.000Z,COMPLETED,15.43,2.44,3.49,38.5,5.69,6.63,114,3.6,8,LOW
ses_1105,SES-001105,cow_25,station_01,rfid_25,2026-08-23T07:11:00.000Z,2026-08-23T07:16:42.000Z,COMPLETED,15.07,2.55,3.64,38.6,5.5,6.62,137,-1.5,14,LOW
ses_1106,SES-001106,cow_26,station_01,rfid_26,2026-08-23T06:45:00.000Z,2026-08-23T06:50:29.000Z,COMPLETED,16.05,2.80,4,38.6,5.6,6.68,134,2.9,10,LOW
ses_1107,SES-001107,cow_27,station_01,rfid_27,2026-08-23T07:25:00.000Z,2026-08-23T07:29:39.000Z,COMPLETED,15.84,2.48,3.55,38.6,5.63,6.62,137,-0.4,16,LOW
ses_1108,SES-001108,cow_28,station_01,rfid_28,2026-08-23T07:29:00.000Z,2026-08-23T07:34:29.000Z,COMPLETED,15.82,2.60,3.71,38.7,5.52,6.64,146,-2.9,14,LOW
ses_1109,SES-001109,cow_29,station_01,rfid_29,2026-08-23T06:45:00.000Z,2026-08-23T06:50:41.000Z,COMPLETED,17.39,2.81,4.01,38.6,5.62,6.71,145,4.8,9,LOW
ses_1110,SES-001110,cow_30,station_01,rfid_30,2026-08-23T07:07:00.000Z,2026-08-23T07:11:46.000Z,COMPLETED,17.73,2.55,3.64,38.5,5.42,6.63,85,4.3,12,LOW
ses_1111,SES-001111,cow_1,station_01,rfid_1,2026-08-23T17:19:00.000Z,2026-08-23T17:23:59.000Z,COMPLETED,12.68,2.54,3.63,38.6,5.56,6.66,93,-0.9,10,LOW
ses_1112,SES-001112,cow_2,station_01,rfid_2,2026-08-23T17:59:00.000Z,2026-08-23T18:03:16.000Z,COMPLETED,13.91,2.81,4.01,38.7,5.65,6.67,111,5.4,13,LOW
ses_1113,SES-001113,cow_3,station_01,rfid_3,2026-08-23T18:10:00.000Z,2026-08-23T18:15:42.000Z,COMPLETED,14.4,2.44,3.49,38.5,5.49,6.6,102,5.9,12,LOW
ses_1114,SES-001114,cow_4,station_01,rfid_4,2026-08-23T18:27:00.000Z,2026-08-23T18:31:16.000Z,COMPLETED,13.92,2.72,3.88,38.5,5.61,6.67,109,0.1,12,LOW
ses_1115,SES-001115,cow_5,station_01,rfid_5,2026-08-23T17:18:00.000Z,2026-08-23T17:23:37.000Z,COMPLETED,14.38,2.83,4.04,38.7,5.39,6.67,136,0.6,11,LOW
ses_1116,SES-001116,cow_6,station_01,rfid_6,2026-08-23T17:51:00.000Z,2026-08-23T17:56:49.000Z,COMPLETED,14.18,2.58,3.68,38.6,5.55,6.66,143,-2.9,15,LOW
ses_1117,SES-001117,cow_7,station_01,rfid_7,2026-08-23T18:18:00.000Z,2026-08-23T18:23:13.000Z,COMPLETED,15.58,2.72,3.88,38.6,5.66,6.69,141,4.6,14,LOW
ses_1118,SES-001118,cow_8,station_01,rfid_8,2026-08-23T18:02:00.000Z,2026-08-23T18:07:15.000Z,COMPLETED,14.84,2.33,3.33,38.7,5.54,6.64,146,-3,14,LOW
ses_1119,SES-001119,cow_9,station_01,rfid_9,2026-08-23T17:28:00.000Z,2026-08-23T17:32:42.000Z,COMPLETED,15.93,2.53,3.61,38.6,5.64,6.68,157,1.5,12,LOW
ses_1120,SES-001120,cow_10,station_01,rfid_10,2026-08-23T17:01:00.000Z,2026-08-23T17:06:44.000Z,COMPLETED,15.28,2.80,4,38.6,5.51,6.69,89,-4.5,12,LOW
ses_1121,SES-001121,cow_11,station_01,rfid_11,2026-08-23T17:52:00.000Z,2026-08-23T17:57:17.000Z,COMPLETED,15.95,2.46,3.51,38.7,5.61,6.64,106,-2.7,9,LOW
ses_1122,SES-001122,cow_12,station_01,rfid_12,2026-08-23T18:15:00.000Z,2026-08-23T18:19:04.000Z,COMPLETED,16.75,2.64,3.77,38.5,5.69,6.67,109,0.3,9,LOW
ses_1123,SES-001123,cow_13,station_01,rfid_13,2026-08-23T18:18:00.000Z,2026-08-23T18:23:49.000Z,COMPLETED,17.28,2.80,4,38.5,5.49,6.68,113,1.1,9,LOW
ses_1124,SES-001124,cow_14,station_01,rfid_14,2026-08-23T18:14:00.000Z,2026-08-23T18:18:37.000Z,COMPLETED,16.83,2.48,3.54,38.7,5.68,6.65,125,-3.3,10,LOW
ses_1125,SES-001125,cow_15,station_01,rfid_15,2026-08-23T18:30:00.000Z,2026-08-23T18:35:36.000Z,COMPLETED,18.45,2.74,3.92,38.5,5.47,6.7,116,3.7,15,LOW
ses_1126,SES-001126,cow_16,station_01,rfid_16,2026-08-23T17:15:00.000Z,2026-08-23T17:21:00.000Z,COMPLETED,17.94,2.36,3.37,38.7,5.55,6.63,134,-0.9,11,LOW
ses_1127,SES-001127,cow_17,station_01,rfid_17,2026-08-23T17:50:00.000Z,2026-08-23T17:55:04.000Z,COMPLETED,17.76,2.59,3.7,38.6,5.73,6.67,132,-3.5,16,LOW
ses_1128,SES-001128,cow_18,station_01,rfid_18,2026-08-23T18:06:00.000Z,2026-08-23T18:11:52.000Z,COMPLETED,12.82,2.82,4.03,38.4,5.45,6.65,156,0.2,10,LOW
ses_1129,SES-001129,cow_19,station_01,rfid_19,2026-08-23T17:15:00.000Z,2026-08-23T17:19:15.000Z,COMPLETED,12.86,2.52,3.6,38.6,5.67,6.61,156,-1.8,10,LOW
ses_1130,SES-001130,cow_20,station_01,rfid_20,2026-08-23T18:16:00.000Z,2026-08-23T18:20:54.000Z,COMPLETED,13.8,2.64,3.77,38.8,5.49,6.66,100,2.2,7,LOW
ses_1131,SES-001131,cow_21,station_01,rfid_21,2026-08-23T18:16:00.000Z,2026-08-23T18:20:10.000Z,COMPLETED,13.1,2.83,4.05,38.5,5.63,6.68,94,-5.1,9,LOW
ses_1132,SES-001132,cow_22,station_01,rfid_22,2026-08-23T17:29:00.000Z,2026-08-23T17:34:14.000Z,COMPLETED,13.67,2.49,3.56,38.5,5.64,6.67,104,-3.7,8,LOW
ses_1133,SES-001133,cow_23,station_01,rfid_23,2026-08-23T18:15:00.000Z,2026-08-23T18:19:43.000Z,COMPLETED,14.91,2.77,3.96,38.8,5.56,6.69,113,2.8,10,LOW
ses_1134,SES-001134,cow_24,station_01,rfid_24,2026-08-23T18:04:00.000Z,2026-08-23T18:08:27.000Z,COMPLETED,15.22,2.36,3.37,38.4,5.62,6.65,126,2.1,10,LOW
ses_1135,SES-001135,cow_25,station_01,rfid_25,2026-08-23T18:28:00.000Z,2026-08-23T18:33:14.000Z,COMPLETED,15.26,2.56,3.66,38.6,5.48,6.64,113,-0.3,11,LOW
ses_1136,SES-001136,cow_26,station_01,rfid_26,2026-08-23T17:07:00.000Z,2026-08-23T17:12:16.000Z,COMPLETED,16.3,2.85,4.07,38.8,5.51,6.68,134,4.5,9,LOW
ses_1137,SES-001137,cow_27,station_01,rfid_27,2026-08-23T18:28:00.000Z,2026-08-23T18:32:08.000Z,COMPLETED,16.27,2.46,3.52,38.5,5.65,6.64,131,2.3,9,LOW
ses_1138,SES-001138,cow_28,station_01,rfid_28,2026-08-23T17:29:00.000Z,2026-08-23T17:34:50.000Z,COMPLETED,15.66,2.72,3.88,38.6,5.5,6.66,140,-3.9,10,LOW
ses_1139,SES-001139,cow_29,station_01,rfid_29,2026-08-23T17:02:00.000Z,2026-08-23T17:06:03.000Z,COMPLETED,17.21,2.93,4.18,38.6,5.68,6.7,143,3.7,10,LOW
ses_1140,SES-001140,cow_30,station_01,rfid_30,2026-08-23T17:59:00.000Z,2026-08-23T18:04:56.000Z,COMPLETED,16.61,2.47,3.53,38.5,5.47,6.67,81,-2.3,13,LOW
ses_1141,SES-001141,cow_1,station_01,rfid_1,2026-08-24T06:54:00.000Z,2026-08-24T06:58:09.000Z,COMPLETED,13.48,2.55,3.64,38.6,5.57,6.68,101,5.3,10,LOW
ses_1142,SES-001142,cow_2,station_01,rfid_2,2026-08-24T07:05:00.000Z,2026-08-24T07:10:36.000Z,COMPLETED,13.38,2.87,4.1,38.7,5.71,6.67,97,1.4,17,LOW
ses_1143,SES-001143,cow_3,station_01,rfid_3,2026-08-24T07:13:00.000Z,2026-08-24T07:18:38.000Z,COMPLETED,13.52,2.47,3.53,38.5,5.54,6.61,112,-0.6,11,LOW
ses_1144,SES-001144,cow_4,station_01,rfid_4,2026-08-24T07:12:00.000Z,2026-08-24T07:16:07.000Z,COMPLETED,14.03,2.72,3.88,38.6,5.66,6.69,126,0.9,8,LOW
ses_1145,SES-001145,cow_5,station_01,rfid_5,2026-08-24T07:28:00.000Z,2026-08-24T07:32:46.000Z,COMPLETED,14.85,2.88,4.11,38.7,5.42,6.68,121,3.8,13,LOW
ses_1146,SES-001146,cow_6,station_01,rfid_6,2026-08-24T07:10:00.000Z,2026-08-24T07:15:10.000Z,COMPLETED,13.88,2.58,3.69,38.5,5.61,6.63,128,-4.9,10,LOW
ses_1147,SES-001147,cow_7,station_01,rfid_7,2026-08-24T06:38:00.000Z,2026-08-24T06:42:25.000Z,COMPLETED,14.62,2.74,3.91,38.5,5.65,6.66,139,-1.9,11,LOW
ses_1148,SES-001148,cow_8,station_01,rfid_8,2026-08-24T07:22:00.000Z,2026-08-24T07:26:38.000Z,COMPLETED,14.63,2.40,3.43,38.7,5.47,6.63,142,-4.4,12,LOW
ses_1149,SES-001149,cow_9,station_01,rfid_9,2026-08-24T06:29:00.000Z,2026-08-24T06:33:56.000Z,COMPLETED,15.29,2.53,3.62,38.4,5.65,6.63,162,-2.6,10,LOW
ses_1150,SES-001150,cow_10,station_01,rfid_10,2026-08-24T07:21:00.000Z,2026-08-24T07:26:26.000Z,COMPLETED,15.95,2.82,4.03,38.7,5.5,6.69,97,-0.3,10,LOW
ses_1151,SES-001151,cow_11,station_01,rfid_11,2026-08-24T06:02:00.000Z,2026-08-24T06:06:16.000Z,COMPLETED,16.41,2.49,3.56,38.6,5.52,6.65,103,0.1,13,LOW
ses_1152,SES-001152,cow_12,station_01,rfid_12,2026-08-24T06:30:00.000Z,2026-08-24T06:34:05.000Z,COMPLETED,17.3,2.72,3.88,38.5,5.74,6.67,96,3.6,14,LOW
ses_1153,SES-001153,cow_13,station_01,rfid_13,2026-08-24T07:04:00.000Z,2026-08-24T07:09:42.000Z,COMPLETED,17.54,2.88,4.11,38.7,5.53,6.7,112,2.6,12,LOW
ses_1154,SES-001154,cow_14,station_01,rfid_14,2026-08-24T06:01:00.000Z,2026-08-24T06:05:43.000Z,COMPLETED,17.93,2.48,3.54,38.7,5.57,6.62,119,3,11,LOW
ses_1155,SES-001155,cow_15,station_01,rfid_15,2026-08-24T07:25:00.000Z,2026-08-24T07:30:22.000Z,COMPLETED,17.29,2.78,3.97,38.4,5.47,6.67,120,-2.9,14,LOW
ses_1156,SES-001156,cow_16,station_01,rfid_16,2026-08-24T07:03:00.000Z,2026-08-24T07:08:00.000Z,COMPLETED,18.84,2.42,3.46,38.7,5.55,6.64,121,4.1,8,LOW
ses_1157,SES-001157,cow_17,station_01,rfid_17,2026-08-24T06:18:00.000Z,2026-08-24T06:22:46.000Z,COMPLETED,18.37,2.65,3.78,38.7,5.68,6.67,131,-0.2,11,LOW
ses_1158,SES-001158,cow_18,station_01,rfid_18,2026-08-24T06:26:00.000Z,2026-08-24T06:31:54.000Z,COMPLETED,12.8,2.77,3.95,38.5,5.48,6.65,135,0,16,LOW
ses_1159,SES-001159,cow_19,station_01,rfid_19,2026-08-24T06:13:00.000Z,2026-08-24T06:17:04.000Z,COMPLETED,13.41,2.50,3.57,38.6,5.68,6.65,141,2.4,11,LOW
ses_1160,SES-001160,cow_20,station_01,rfid_20,2026-08-24T07:30:00.000Z,2026-08-24T07:34:35.000Z,COMPLETED,12.76,2.59,3.7,38.7,5.48,6.67,79,-5.5,13,LOW
ses_1161,SES-001161,cow_21,station_01,rfid_21,2026-08-24T06:15:00.000Z,2026-08-24T06:21:00.000Z,COMPLETED,13.33,2.86,4.08,38.5,5.52,6.69,86,-3.4,9,LOW
ses_1162,SES-001162,cow_22,station_01,rfid_22,2026-08-24T07:18:00.000Z,2026-08-24T07:22:52.000Z,COMPLETED,14.51,2.49,3.56,38.5,5.71,6.61,96,2.2,14,LOW
ses_1163,SES-001163,cow_23,station_01,rfid_23,2026-08-24T06:02:00.000Z,2026-08-24T06:07:01.000Z,COMPLETED,13.86,2.68,3.83,38.7,5.57,6.68,118,-4.4,8,LOW
ses_1164,SES-001164,cow_24,station_01,rfid_24,2026-08-24T07:29:00.000Z,2026-08-24T07:33:20.000Z,COMPLETED,15.38,2.40,3.43,38.5,5.63,6.63,109,3.2,15,LOW
ses_1165,SES-001165,cow_25,station_01,rfid_25,2026-08-24T06:50:00.000Z,2026-08-24T06:54:49.000Z,COMPLETED,15.19,2.57,3.67,38.7,5.41,6.66,131,-0.7,15,LOW
ses_1166,SES-001166,cow_26,station_01,rfid_26,2026-08-24T07:15:00.000Z,2026-08-24T07:19:47.000Z,COMPLETED,14.89,2.83,4.04,38.6,5.53,6.7,130,-4.6,14,LOW
ses_1167,SES-001167,cow_27,station_01,rfid_27,2026-08-24T06:55:00.000Z,2026-08-24T07:00:32.000Z,COMPLETED,15.75,2.52,3.6,38.5,5.72,6.66,139,-0.9,12,LOW
ses_1168,SES-001168,cow_28,station_01,rfid_28,2026-08-24T07:08:00.000Z,2026-08-24T07:12:53.000Z,COMPLETED,16.16,2.68,3.83,38.6,5.51,6.64,151,-0.9,8,LOW
ses_1169,SES-001169,cow_29,station_01,rfid_29,2026-08-24T06:52:00.000Z,2026-08-24T06:57:45.000Z,COMPLETED,15.8,2.83,4.04,38.6,5.66,6.72,155,-4.8,10,LOW
ses_1170,SES-001170,cow_30,station_01,rfid_30,2026-08-24T06:59:00.000Z,2026-08-24T07:04:42.000Z,COMPLETED,17.19,2.46,3.52,38.4,5.4,6.66,87,1.1,13,LOW
ses_1171,SES-001171,cow_1,station_01,rfid_1,2026-08-24T18:30:00.000Z,2026-08-24T18:34:48.000Z,COMPLETED,13.15,2.56,3.66,38.6,5.51,6.67,105,2.7,15,LOW
ses_1172,SES-001172,cow_2,station_01,rfid_2,2026-08-24T17:12:00.000Z,2026-08-24T17:17:15.000Z,COMPLETED,13.4,2.83,4.04,38.7,5.71,6.68,103,1.5,17,LOW
ses_1173,SES-001173,cow_3,station_01,rfid_3,2026-08-24T17:06:00.000Z,2026-08-24T17:10:52.000Z,COMPLETED,14.25,2.40,3.43,38.5,5.55,6.63,102,4.8,12,LOW
ses_1174,SES-001174,cow_4,station_01,rfid_4,2026-08-24T18:24:00.000Z,2026-08-24T18:29:17.000Z,COMPLETED,13.1,2.63,3.75,38.6,5.68,6.63,130,-5.8,13,LOW
ses_1175,SES-001175,cow_5,station_01,rfid_5,2026-08-24T18:23:00.000Z,2026-08-24T18:28:03.000Z,COMPLETED,13.78,2.81,4.02,38.6,5.45,6.7,127,-3.6,17,LOW
ses_1176,SES-001176,cow_6,station_01,rfid_6,2026-08-24T17:32:00.000Z,2026-08-24T17:37:04.000Z,COMPLETED,14.91,2.59,3.7,38.4,5.54,6.63,141,2.1,9,LOW
ses_1177,SES-001177,cow_7,station_01,rfid_7,2026-08-24T17:21:00.000Z,2026-08-24T17:25:04.000Z,COMPLETED,15.67,2.79,3.99,38.5,5.74,6.68,134,5.2,12,LOW
ses_1178,SES-001178,cow_8,station_01,rfid_8,2026-08-24T18:05:00.000Z,2026-08-24T18:09:55.000Z,COMPLETED,15.34,2.39,3.42,38.7,5.52,6.59,143,0.3,8,LOW
ses_1179,SES-001179,cow_9,station_01,rfid_9,2026-08-24T17:21:00.000Z,2026-08-24T17:25:46.000Z,COMPLETED,15.25,2.56,3.66,38.5,5.59,6.64,147,-2.9,17,LOW
ses_1180,SES-001180,cow_10,station_01,rfid_10,2026-08-24T17:58:00.000Z,2026-08-24T18:02:44.000Z,COMPLETED,15.33,2.83,4.05,38.5,5.5,6.7,98,-4.2,13,LOW
ses_1181,SES-001181,cow_11,station_01,rfid_11,2026-08-24T17:23:00.000Z,2026-08-24T17:27:36.000Z,COMPLETED,16.75,2.52,3.6,38.8,5.53,6.64,105,2.1,11,LOW
ses_1182,SES-001182,cow_12,station_01,rfid_12,2026-08-24T17:39:00.000Z,2026-08-24T17:44:59.000Z,COMPLETED,16.81,2.64,3.77,38.6,5.71,6.66,112,0.7,10,LOW
ses_1183,SES-001183,cow_13,station_01,rfid_13,2026-08-24T18:02:00.000Z,2026-08-24T18:07:25.000Z,COMPLETED,17.7,2.90,4.14,38.5,5.53,6.68,106,3.5,7,LOW
ses_1184,SES-001184,cow_14,station_01,rfid_14,2026-08-24T18:24:00.000Z,2026-08-24T18:28:33.000Z,COMPLETED,16.96,2.50,3.57,38.8,5.65,6.62,111,-2.5,13,LOW
ses_1185,SES-001185,cow_15,station_01,rfid_15,2026-08-24T17:15:00.000Z,2026-08-24T17:20:19.000Z,COMPLETED,18.42,2.75,3.93,38.6,5.46,6.66,126,3.5,16,LOW
ses_1186,SES-001186,cow_16,station_01,rfid_16,2026-08-24T17:41:00.000Z,2026-08-24T17:45:31.000Z,COMPLETED,18.38,2.35,3.36,38.5,5.6,6.64,131,1.5,13,LOW
ses_1187,SES-001187,cow_17,station_01,rfid_17,2026-08-24T17:03:00.000Z,2026-08-24T17:08:41.000Z,COMPLETED,18.62,2.66,3.8,38.8,5.67,6.68,149,1.2,17,LOW
ses_1188,SES-001188,cow_18,station_01,rfid_18,2026-08-24T17:47:00.000Z,2026-08-24T17:53:00.000Z,COMPLETED,12.08,2.77,3.95,38.5,5.53,6.66,154,-5.6,8,LOW
ses_1189,SES-001189,cow_19,station_01,rfid_19,2026-08-24T17:04:00.000Z,2026-08-24T17:09:18.000Z,COMPLETED,13.1,2.44,3.49,38.6,5.66,6.65,164,0,17,LOW
ses_1190,SES-001190,cow_20,station_01,rfid_20,2026-08-24T17:57:00.000Z,2026-08-24T18:01:55.000Z,COMPLETED,12.85,2.69,3.84,38.8,5.41,6.67,80,-4.8,16,LOW
ses_1191,SES-001191,cow_21,station_01,rfid_21,2026-08-24T17:13:00.000Z,2026-08-24T17:17:51.000Z,COMPLETED,14.09,2.83,4.04,38.6,5.55,6.72,95,2.1,9,LOW
ses_1192,SES-001192,cow_22,station_01,rfid_22,2026-08-24T18:12:00.000Z,2026-08-24T18:16:35.000Z,COMPLETED,13.98,2.46,3.52,38.6,5.74,6.65,100,-1.5,12,LOW
ses_1193,SES-001193,cow_23,station_01,rfid_23,2026-08-24T18:08:00.000Z,2026-08-24T18:12:30.000Z,COMPLETED,14.44,2.72,3.88,38.6,5.48,6.65,101,-0.4,14,LOW
ses_1194,SES-001194,cow_24,station_01,rfid_24,2026-08-24T17:23:00.000Z,2026-08-24T17:27:55.000Z,COMPLETED,14.54,2.34,3.34,38.5,5.64,6.6,130,-2.4,10,LOW
ses_1195,SES-001195,cow_25,station_01,rfid_25,2026-08-24T17:16:00.000Z,2026-08-24T17:21:44.000Z,COMPLETED,15.57,2.63,3.75,38.7,5.46,6.68,123,1.8,12,LOW
ses_1196,SES-001196,cow_26,station_01,rfid_26,2026-08-24T18:25:00.000Z,2026-08-24T18:29:07.000Z,COMPLETED,15.52,2.80,4,38.7,5.56,6.71,128,-0.5,14,LOW
ses_1197,SES-001197,cow_27,station_01,rfid_27,2026-08-24T17:50:00.000Z,2026-08-24T17:54:37.000Z,COMPLETED,16.22,2.50,3.57,38.4,5.7,6.64,147,2,11,LOW
ses_1198,SES-001198,cow_28,station_01,rfid_28,2026-08-24T18:01:00.000Z,2026-08-24T18:06:18.000Z,COMPLETED,16.72,2.72,3.89,38.7,5.46,6.65,145,2.6,10,LOW
ses_1199,SES-001199,cow_29,station_01,rfid_29,2026-08-24T18:28:00.000Z,2026-08-24T18:33:14.000Z,COMPLETED,17.3,2.88,4.12,38.7,5.66,6.68,149,4.2,16,LOW
ses_1200,SES-001200,cow_30,station_01,rfid_30,2026-08-24T17:39:00.000Z,2026-08-24T17:43:24.000Z,COMPLETED,16.45,2.48,3.55,38.4,5.4,6.62,93,-3.2,16,LOW
ses_1201,SES-001201,cow_1,station_01,rfid_1,2026-08-25T06:57:00.000Z,2026-08-25T07:01:07.000Z,COMPLETED,12.95,2.55,3.65,38.5,5.58,6.66,99,1.2,8,LOW
ses_1202,SES-001202,cow_2,station_01,rfid_2,2026-08-25T06:49:00.000Z,2026-08-25T06:53:15.000Z,COMPLETED,13.34,2.76,3.94,38.7,5.64,6.67,105,1.1,15,LOW
ses_1203,SES-001203,cow_3,station_01,rfid_3,2026-08-25T07:17:00.000Z,2026-08-25T07:22:25.000Z,COMPLETED,13.29,2.44,3.48,38.5,5.53,6.65,104,-2.3,17,LOW
ses_1204,SES-001204,cow_4,station_01,rfid_4,2026-08-25T06:31:00.000Z,2026-08-25T06:35:06.000Z,COMPLETED,13.9,2.66,3.8,38.6,5.58,6.67,106,0,15,LOW
ses_1205,SES-001205,cow_5,station_01,rfid_5,2026-08-25T06:53:00.000Z,2026-08-25T06:57:44.000Z,COMPLETED,14.86,2.85,4.07,38.8,5.49,6.71,116,3.9,15,LOW
ses_1206,SES-001206,cow_6,station_01,rfid_6,2026-08-25T06:18:00.000Z,2026-08-25T06:23:07.000Z,COMPLETED,13.81,2.57,3.67,38.6,5.54,6.65,139,-5.4,13,LOW
ses_1207,SES-001207,cow_7,station_01,rfid_7,2026-08-25T07:15:00.000Z,2026-08-25T07:19:58.000Z,COMPLETED,14.42,2.74,3.91,38.6,5.65,6.67,148,-3.2,14,LOW
ses_1208,SES-001208,cow_8,station_01,rfid_8,2026-08-25T07:25:00.000Z,2026-08-25T07:30:49.000Z,COMPLETED,15.2,2.42,3.46,38.7,5.54,6.61,138,-0.7,11,LOW
ses_1209,SES-001209,cow_9,station_01,rfid_9,2026-08-25T07:01:00.000Z,2026-08-25T07:06:34.000Z,COMPLETED,15.95,2.58,3.69,38.4,5.63,6.63,155,1.6,16,LOW
ses_1210,SES-001210,cow_10,station_01,rfid_10,2026-08-25T07:27:00.000Z,2026-08-25T07:32:35.000Z,COMPLETED,16.26,2.85,4.07,38.7,5.46,6.68,91,1.6,16,LOW
ses_1211,SES-001211,cow_11,station_01,rfid_11,2026-08-25T06:47:00.000Z,2026-08-25T06:52:12.000Z,COMPLETED,15.87,2.47,3.53,38.8,5.56,6.63,101,-3.2,8,LOW
ses_1212,SES-001212,cow_12,station_01,rfid_12,2026-08-25T06:53:00.000Z,2026-08-25T06:58:15.000Z,COMPLETED,16.32,2.63,3.76,38.4,5.73,6.64,99,-2.3,11,LOW
ses_1213,SES-001213,cow_13,station_01,rfid_13,2026-08-25T07:29:00.000Z,2026-08-25T07:34:19.000Z,COMPLETED,16.36,2.81,4.02,38.7,5.47,6.71,110,-4.3,14,LOW
ses_1214,SES-001214,cow_14,station_01,rfid_14,2026-08-25T07:26:00.000Z,2026-08-25T07:31:07.000Z,COMPLETED,16.92,2.48,3.55,38.7,5.63,6.64,126,-2.8,8,LOW
ses_1215,SES-001215,cow_15,station_01,rfid_15,2026-08-25T06:31:00.000Z,2026-08-25T06:35:55.000Z,COMPLETED,18.4,2.73,3.9,38.6,5.44,6.7,115,3.4,11,LOW
ses_1216,SES-001216,cow_16,station_01,rfid_16,2026-08-25T06:42:00.000Z,2026-08-25T06:47:50.000Z,COMPLETED,17.8,2.37,3.38,38.5,5.62,6.61,122,-1.7,11,LOW
ses_1217,SES-001217,cow_17,station_01,rfid_17,2026-08-25T07:13:00.000Z,2026-08-25T07:18:19.000Z,COMPLETED,18.74,2.63,3.75,38.8,5.65,6.63,150,1.8,7,LOW
ses_1218,SES-001218,cow_18,station_01,rfid_18,2026-08-25T06:47:00.000Z,2026-08-25T06:52:02.000Z,COMPLETED,12.97,2.81,4.01,38.6,5.53,6.66,157,1.3,16,LOW
ses_1219,SES-001219,cow_19,station_01,rfid_19,2026-08-25T07:26:00.000Z,2026-08-25T07:30:27.000Z,COMPLETED,13.54,2.42,3.46,38.6,5.59,6.64,149,3.4,17,LOW
ses_1220,SES-001220,cow_20,station_01,rfid_20,2026-08-25T06:09:00.000Z,2026-08-25T06:14:43.000Z,COMPLETED,13.22,2.60,3.72,38.6,5.41,6.68,87,-2.1,10,LOW
ses_1221,SES-001221,cow_21,station_01,rfid_21,2026-08-25T06:34:00.000Z,2026-08-25T06:39:08.000Z,COMPLETED,13.89,2.87,4.1,38.4,5.6,6.67,105,0.7,15,LOW
ses_1222,SES-001222,cow_22,station_01,rfid_22,2026-08-25T07:05:00.000Z,2026-08-25T07:09:42.000Z,COMPLETED,14.76,2.56,3.66,38.7,5.64,6.62,108,3.9,13,LOW
ses_1223,SES-001223,cow_23,station_01,rfid_23,2026-08-25T06:52:00.000Z,2026-08-25T06:58:00.000Z,COMPLETED,14.53,2.77,3.95,38.6,5.56,6.69,115,0.2,9,LOW
ses_1224,SES-001224,cow_24,station_01,rfid_24,2026-08-25T06:26:00.000Z,2026-08-25T06:31:56.000Z,COMPLETED,14.58,2.35,3.36,38.6,5.59,6.65,127,-2.1,11,LOW
ses_1225,SES-001225,cow_25,station_01,rfid_25,2026-08-25T06:49:00.000Z,2026-08-25T06:53:47.000Z,COMPLETED,15.64,2.56,3.66,38.7,5.49,6.64,126,2.2,11,LOW
ses_1226,SES-001226,cow_26,station_01,rfid_26,2026-08-25T06:02:00.000Z,2026-08-25T06:06:31.000Z,COMPLETED,16.25,2.77,3.95,38.7,5.59,6.66,150,4.2,26,LOW
ses_1227,SES-001227,cow_27,station_01,rfid_27,2026-08-25T06:23:00.000Z,2026-08-25T06:28:05.000Z,COMPLETED,15.84,2.42,3.45,38.5,5.67,6.63,142,-0.4,26,LOW
ses_1228,SES-001228,cow_28,station_01,rfid_28,2026-08-25T07:10:00.000Z,2026-08-25T07:15:44.000Z,COMPLETED,16.08,2.68,3.83,38.5,5.53,6.67,152,-1.3,26,LOW
ses_1229,SES-001229,cow_29,station_01,rfid_29,2026-08-25T06:15:00.000Z,2026-08-25T06:19:24.000Z,COMPLETED,16.57,2.86,4.09,38.7,5.66,6.69,165,-0.2,26,LOW
ses_1230,SES-001230,cow_30,station_01,rfid_30,2026-08-25T07:08:00.000Z,2026-08-25T07:12:36.000Z,COMPLETED,16.46,2.52,3.6,38.6,5.5,6.63,101,-3.2,26,LOW
ses_1231,SES-001231,cow_1,station_01,rfid_1,2026-08-25T18:12:00.000Z,2026-08-25T18:16:34.000Z,COMPLETED,12.1,2.60,3.71,38.6,5.56,6.63,94,-5.5,15,LOW
ses_1232,SES-001232,cow_2,station_01,rfid_2,2026-08-25T17:18:00.000Z,2026-08-25T17:23:53.000Z,COMPLETED,13.87,2.81,4.01,38.8,5.71,6.66,106,5.1,13,LOW
ses_1233,SES-001233,cow_3,station_01,rfid_3,2026-08-25T17:33:00.000Z,2026-08-25T17:37:50.000Z,COMPLETED,12.89,2.39,3.41,38.5,5.45,6.63,111,-5.2,9,LOW
ses_1234,SES-001234,cow_4,station_01,rfid_4,2026-08-25T18:12:00.000Z,2026-08-25T18:16:21.000Z,COMPLETED,14.68,2.72,3.88,38.7,5.58,6.66,116,5.6,10,LOW
ses_1235,SES-001235,cow_5,station_01,rfid_5,2026-08-25T17:40:00.000Z,2026-08-25T17:44:36.000Z,COMPLETED,14.25,2.83,4.05,38.6,5.46,6.66,115,-0.3,10,LOW
ses_1236,SES-001236,cow_6,station_01,rfid_6,2026-08-25T17:46:00.000Z,2026-08-25T17:50:02.000Z,COMPLETED,14.12,2.53,3.61,38.4,5.55,6.63,124,-3.3,16,LOW
ses_1237,SES-001237,cow_7,station_01,rfid_7,2026-08-25T17:04:00.000Z,2026-08-25T17:09:43.000Z,COMPLETED,14.75,2.77,3.96,38.6,5.74,6.66,128,-1,11,LOW
ses_1238,SES-001238,cow_8,station_01,rfid_8,2026-08-25T17:19:00.000Z,2026-08-25T17:24:37.000Z,COMPLETED,15.05,2.39,3.42,38.7,5.48,6.6,147,-1.6,10,LOW
ses_1239,SES-001239,cow_9,station_01,rfid_9,2026-08-25T18:27:00.000Z,2026-08-25T18:31:16.000Z,COMPLETED,15.94,2.63,3.75,38.6,5.68,6.67,152,1.5,11,LOW
ses_1240,SES-001240,cow_10,station_01,rfid_10,2026-08-25T17:30:00.000Z,2026-08-25T17:34:42.000Z,COMPLETED,16.42,2.86,4.09,38.5,5.39,6.68,99,2.6,8,LOW
ses_1241,SES-001241,cow_11,station_01,rfid_11,2026-08-25T17:30:00.000Z,2026-08-25T17:34:14.000Z,COMPLETED,16.88,2.40,3.43,38.8,5.51,6.65,85,2.9,11,LOW
ses_1242,SES-001242,cow_12,station_01,rfid_12,2026-08-25T17:52:00.000Z,2026-08-25T17:57:06.000Z,COMPLETED,17.35,2.65,3.79,38.4,5.72,6.65,104,3.9,15,LOW
ses_1243,SES-001243,cow_13,station_01,rfid_13,2026-08-25T18:19:00.000Z,2026-08-25T18:24:24.000Z,COMPLETED,16.43,2.87,4.1,38.7,5.46,6.68,106,-3.9,7,LOW
ses_1244,SES-001244,cow_14,station_01,rfid_14,2026-08-25T17:24:00.000Z,2026-08-25T17:28:00.000Z,COMPLETED,17.45,2.53,3.62,38.7,5.64,6.65,122,0.3,11,LOW
ses_1245,SES-001245,cow_15,station_01,rfid_15,2026-08-25T18:05:00.000Z,2026-08-25T18:09:13.000Z,COMPLETED,18.14,2.69,3.85,38.4,5.5,6.69,122,1.9,16,LOW
ses_1246,SES-001246,cow_16,station_01,rfid_16,2026-08-25T18:20:00.000Z,2026-08-25T18:24:26.000Z,COMPLETED,17.51,2.32,3.31,38.7,5.55,6.62,139,-3.3,8,LOW
ses_1247,SES-001247,cow_17,station_01,rfid_17,2026-08-25T17:47:00.000Z,2026-08-25T17:52:00.000Z,COMPLETED,18.11,2.53,3.61,38.7,5.66,6.68,147,-1.6,16,LOW
ses_1248,SES-001248,cow_18,station_01,rfid_18,2026-08-25T17:26:00.000Z,2026-08-25T17:31:07.000Z,COMPLETED,12.12,2.81,4.01,38.5,5.45,6.7,153,-5.3,13,LOW
ses_1249,SES-001249,cow_19,station_01,rfid_19,2026-08-25T17:20:00.000Z,2026-08-25T17:24:41.000Z,COMPLETED,12.47,2.39,3.42,38.6,5.61,6.61,145,-4.8,12,LOW
ses_1250,SES-001250,cow_20,station_01,rfid_20,2026-08-25T17:27:00.000Z,2026-08-25T17:32:01.000Z,COMPLETED,12.94,2.63,3.75,38.7,5.39,6.64,80,-4.1,15,LOW
ses_1251,SES-001251,cow_21,station_01,rfid_21,2026-08-25T18:30:00.000Z,2026-08-25T18:34:53.000Z,COMPLETED,14.11,2.81,4.02,38.5,5.59,6.69,86,2.2,15,LOW
ses_1252,SES-001252,cow_22,station_01,rfid_22,2026-08-25T17:11:00.000Z,2026-08-25T17:15:47.000Z,COMPLETED,14.48,2.58,3.69,38.7,5.73,6.65,105,2,10,LOW
ses_1253,SES-001253,cow_23,station_01,rfid_23,2026-08-25T18:29:00.000Z,2026-08-25T18:34:43.000Z,COMPLETED,14.48,2.72,3.88,38.7,5.56,6.66,122,-0.1,8,LOW
ses_1254,SES-001254,cow_24,station_01,rfid_24,2026-08-25T17:36:00.000Z,2026-08-25T17:41:21.000Z,COMPLETED,14.93,2.32,3.31,38.4,5.6,6.62,111,0.2,12,LOW
ses_1255,SES-001255,cow_25,station_01,rfid_25,2026-08-25T17:14:00.000Z,2026-08-25T17:18:09.000Z,COMPLETED,15.57,2.65,3.78,38.5,5.47,6.67,135,1.8,16,LOW
ses_1256,SES-001256,cow_26,station_01,rfid_26,2026-08-25T18:30:00.000Z,2026-08-25T18:35:31.000Z,COMPLETED,15.36,2.75,3.93,38.7,5.58,6.68,133,-1.5,26,LOW
ses_1257,SES-001257,cow_27,station_01,rfid_27,2026-08-25T17:55:00.000Z,2026-08-25T17:59:36.000Z,COMPLETED,15.83,2.49,3.56,38.5,5.68,6.61,159,-0.4,26,LOW
ses_1258,SES-001258,cow_28,station_01,rfid_28,2026-08-25T17:54:00.000Z,2026-08-25T17:59:15.000Z,COMPLETED,16.99,2.69,3.84,38.5,5.49,6.65,155,4.2,26,LOW
ses_1259,SES-001259,cow_29,station_01,rfid_29,2026-08-25T17:36:00.000Z,2026-08-25T17:41:28.000Z,COMPLETED,17.16,2.82,4.03,38.7,5.64,6.67,159,3.4,26,LOW
ses_1260,SES-001260,cow_30,station_01,rfid_30,2026-08-25T17:59:00.000Z,2026-08-25T18:05:00.000Z,COMPLETED,17.73,2.58,3.68,38.6,5.43,6.61,105,4.3,26,LOW
ses_1261,SES-001261,cow_1,station_01,rfid_1,2026-08-26T06:58:00.000Z,2026-08-26T07:02:04.000Z,COMPLETED,12.33,2.52,3.6,38.7,5.55,6.68,101,-3.7,9,LOW
ses_1262,SES-001262,cow_2,station_01,rfid_2,2026-08-26T06:32:00.000Z,2026-08-26T06:37:59.000Z,COMPLETED,12.88,2.84,4.06,38.7,5.69,6.7,115,-2.4,16,LOW
ses_1263,SES-001263,cow_3,station_01,rfid_3,2026-08-26T06:31:00.000Z,2026-08-26T06:36:18.000Z,COMPLETED,13.16,2.52,3.6,38.6,5.54,6.65,123,-3.2,15,LOW
ses_1264,SES-001264,cow_4,station_01,rfid_4,2026-08-26T06:44:00.000Z,2026-08-26T06:48:37.000Z,COMPLETED,14.47,2.64,3.77,38.6,5.59,6.69,122,4.1,14,LOW
ses_1265,SES-001265,cow_5,station_01,rfid_5,2026-08-26T06:35:00.000Z,2026-08-26T06:40:14.000Z,COMPLETED,14.81,2.84,4.06,38.6,5.44,6.71,135,3.6,11,LOW
ses_1266,SES-001266,cow_6,station_01,rfid_6,2026-08-26T06:48:00.000Z,2026-08-26T06:53:25.000Z,COMPLETED,14.06,2.46,3.52,38.5,5.56,6.65,142,-3.7,16,LOW
ses_1267,SES-001267,cow_7,station_01,rfid_7,2026-08-26T06:26:00.000Z,2026-08-26T06:31:40.000Z,COMPLETED,14.61,2.78,3.97,38.6,5.71,6.68,133,-1.9,16,LOW
ses_1268,SES-001268,cow_8,station_01,rfid_8,2026-08-26T06:59:00.000Z,2026-08-26T07:03:19.000Z,COMPLETED,14.54,2.37,3.38,38.7,5.51,6.6,145,-5,16,LOW
ses_1269,SES-001269,cow_9,station_01,rfid_9,2026-08-26T06:16:00.000Z,2026-08-26T06:21:31.000Z,COMPLETED,15.3,2.53,3.61,38.5,5.66,6.65,152,-2.5,15,LOW
ses_1270,SES-001270,cow_10,station_01,rfid_10,2026-08-26T06:59:00.000Z,2026-08-26T07:04:09.000Z,COMPLETED,16.52,2.79,3.99,38.6,5.5,6.71,96,3.2,12,LOW
ses_1271,SES-001271,cow_11,station_01,rfid_11,2026-08-26T07:13:00.000Z,2026-08-26T07:18:06.000Z,COMPLETED,17.18,2.38,3.4,38.8,5.61,6.66,99,4.8,7,LOW
ses_1272,SES-001272,cow_12,station_01,rfid_12,2026-08-26T06:03:00.000Z,2026-08-26T06:08:57.000Z,COMPLETED,15.98,2.69,3.85,38.6,5.65,6.67,92,-4.3,14,LOW
ses_1273,SES-001273,cow_13,station_01,rfid_13,2026-08-26T06:29:00.000Z,2026-08-26T06:33:11.000Z,COMPLETED,16.6,2.85,4.07,38.5,5.47,6.66,99,-2.9,9,LOW
ses_1274,SES-001274,cow_14,station_01,rfid_14,2026-08-26T07:25:00.000Z,2026-08-26T07:30:45.000Z,COMPLETED,18.15,2.56,3.66,38.8,5.61,6.63,107,4.3,14,LOW
ses_1275,SES-001275,cow_15,station_01,rfid_15,2026-08-26T06:37:00.000Z,2026-08-26T06:41:33.000Z,COMPLETED,17.32,2.79,3.99,38.4,5.5,6.65,118,-2.7,14,LOW
ses_1276,SES-001276,cow_16,station_01,rfid_16,2026-08-26T06:04:00.000Z,2026-08-26T06:09:10.000Z,COMPLETED,18.72,2.37,3.38,38.5,5.57,6.63,125,3.4,7,LOW
ses_1277,SES-001277,cow_17,station_01,rfid_17,2026-08-26T06:41:00.000Z,2026-08-26T06:46:56.000Z,COMPLETED,18.2,2.54,3.63,38.6,5.72,6.67,145,-1.1,8,LOW
ses_1278,SES-001278,cow_18,station_01,rfid_18,2026-08-26T06:28:00.000Z,2026-08-26T06:33:35.000Z,COMPLETED,13.37,2.82,4.03,38.4,5.55,6.68,156,4.5,12,LOW
ses_1279,SES-001279,cow_19,station_01,rfid_19,2026-08-26T06:45:00.000Z,2026-08-26T06:49:13.000Z,COMPLETED,13.63,2.39,3.42,38.7,5.61,6.64,164,4,11,LOW
ses_1280,SES-001280,cow_20,station_01,rfid_20,2026-08-26T07:14:00.000Z,2026-08-26T07:19:09.000Z,COMPLETED,13.22,2.66,3.8,38.8,5.51,6.65,90,-2.1,11,LOW
ses_1281,SES-001281,cow_21,station_01,rfid_21,2026-08-26T06:46:00.000Z,2026-08-26T06:50:22.000Z,COMPLETED,14.35,2.94,4.2,38.5,5.51,6.67,106,4,10,LOW
ses_1282,SES-001282,cow_22,station_01,rfid_22,2026-08-26T06:34:00.000Z,2026-08-26T06:39:53.000Z,COMPLETED,14.98,2.52,3.6,38.6,5.74,6.63,103,5.5,10,LOW
ses_1283,SES-001283,cow_23,station_01,rfid_23,2026-08-26T06:34:00.000Z,2026-08-26T06:38:44.000Z,COMPLETED,14.67,2.69,3.84,38.8,5.53,6.66,110,1.2,14,LOW
ses_1284,SES-001284,cow_24,station_01,rfid_24,2026-08-26T07:27:00.000Z,2026-08-26T07:32:54.000Z,COMPLETED,15.49,2.33,3.33,38.6,5.64,6.63,125,4,12,LOW
ses_1285,SES-001285,cow_25,station_01,rfid_25,2026-08-26T06:48:00.000Z,2026-08-26T06:53:35.000Z,COMPLETED,14.82,2.61,3.73,38.6,5.46,6.66,120,-3.1,17,LOW
ses_1286,SES-001286,cow_26,station_01,rfid_26,2026-08-26T06:19:00.000Z,2026-08-26T06:24:56.000Z,COMPLETED,16.35,2.86,4.08,38.6,5.52,6.7,158,4.8,27,LOW
ses_1287,SES-001287,cow_27,station_01,rfid_27,2026-08-26T06:54:00.000Z,2026-08-26T06:58:34.000Z,COMPLETED,16.38,2.45,3.5,38.6,5.64,6.61,148,3,27,LOW
ses_1288,SES-001288,cow_28,station_01,rfid_28,2026-08-26T06:31:00.000Z,2026-08-26T06:35:00.000Z,COMPLETED,16.96,2.67,3.82,38.6,5.47,6.66,171,4,27,LOW
ses_1289,SES-001289,cow_29,station_01,rfid_29,2026-08-26T06:18:00.000Z,2026-08-26T06:23:28.000Z,COMPLETED,15.87,2.93,4.18,38.7,5.64,6.69,170,-4.4,27,LOW
ses_1290,SES-001290,cow_30,station_01,rfid_30,2026-08-26T07:22:00.000Z,2026-08-26T07:27:32.000Z,COMPLETED,17.1,2.47,3.53,38.5,5.46,6.65,102,0.6,27,LOW
ses_1291,SES-001291,cow_1,station_01,rfid_1,2026-08-26T17:56:00.000Z,2026-08-26T18:00:18.000Z,COMPLETED,12.57,2.53,3.61,38.6,5.56,6.63,105,-1.8,15,LOW
ses_1292,SES-001292,cow_2,station_01,rfid_2,2026-08-26T18:05:00.000Z,2026-08-26T18:10:17.000Z,COMPLETED,13.19,2.80,4,38.7,5.75,6.67,108,-0.1,17,LOW
ses_1293,SES-001293,cow_3,station_01,rfid_3,2026-08-26T18:25:00.000Z,2026-08-26T18:30:42.000Z,COMPLETED,13.91,2.45,3.5,38.5,5.47,6.61,116,2.3,16,LOW
ses_1294,SES-001294,cow_4,station_01,rfid_4,2026-08-26T17:58:00.000Z,2026-08-26T18:02:33.000Z,COMPLETED,13.4,2.65,3.78,38.5,5.64,6.65,128,-3.6,7,LOW
ses_1295,SES-001295,cow_5,station_01,rfid_5,2026-08-26T17:43:00.000Z,2026-08-26T17:47:51.000Z,COMPLETED,13.76,2.87,4.1,38.7,5.43,6.71,125,-3.8,10,LOW
ses_1296,SES-001296,cow_6,station_01,rfid_6,2026-08-26T17:25:00.000Z,2026-08-26T17:30:20.000Z,COMPLETED,14.6,2.55,3.65,38.4,5.58,6.63,144,0,15,LOW
ses_1297,SES-001297,cow_7,station_01,rfid_7,2026-08-26T18:07:00.000Z,2026-08-26T18:12:28.000Z,COMPLETED,15.19,2.75,3.93,38.6,5.69,6.65,127,1.9,14,LOW
ses_1298,SES-001298,cow_8,station_01,rfid_8,2026-08-26T18:17:00.000Z,2026-08-26T18:21:47.000Z,COMPLETED,16.01,2.42,3.46,38.7,5.56,6.6,154,4.6,13,LOW
ses_1299,SES-001299,cow_9,station_01,rfid_9,2026-08-26T17:47:00.000Z,2026-08-26T17:51:45.000Z,COMPLETED,15.23,2.53,3.62,38.6,5.64,6.64,148,-3,11,LOW
ses_1300,SES-001300,cow_10,station_01,rfid_10,2026-08-26T18:01:00.000Z,2026-08-26T18:05:10.000Z,COMPLETED,15.87,2.74,3.92,38.6,5.4,6.71,96,-0.8,13,LOW
ses_1301,SES-001301,cow_11,station_01,rfid_11,2026-08-26T17:01:00.000Z,2026-08-26T17:06:18.000Z,COMPLETED,16.99,2.46,3.51,38.7,5.63,6.65,87,3.6,9,LOW
ses_1302,SES-001302,cow_12,station_01,rfid_12,2026-08-26T18:27:00.000Z,2026-08-26T18:31:04.000Z,COMPLETED,16.96,2.60,3.72,38.4,5.72,6.63,112,1.6,7,LOW
ses_1303,SES-001303,cow_13,station_01,rfid_13,2026-08-26T18:08:00.000Z,2026-08-26T18:13:49.000Z,COMPLETED,16.59,2.82,4.03,38.6,5.45,6.72,101,-3,16,LOW
ses_1304,SES-001304,cow_14,station_01,rfid_14,2026-08-26T17:59:00.000Z,2026-08-26T18:04:36.000Z,COMPLETED,16.73,2.48,3.54,38.7,5.62,6.62,108,-3.9,7,LOW
ses_1305,SES-001305,cow_15,station_01,rfid_15,2026-08-26T17:41:00.000Z,2026-08-26T17:46:16.000Z,COMPLETED,17.88,2.67,3.81,38.6,5.45,6.65,127,0.4,12,LOW
ses_1306,SES-001306,cow_16,station_01,rfid_16,2026-08-26T17:01:00.000Z,2026-08-26T17:06:15.000Z,COMPLETED,17.48,2.33,3.33,38.7,5.54,6.59,126,-3.4,11,LOW
ses_1307,SES-001307,cow_17,station_01,rfid_17,2026-08-26T17:18:00.000Z,2026-08-26T17:22:31.000Z,COMPLETED,17.81,2.63,3.75,38.8,5.74,6.66,128,-3.2,17,LOW
ses_1308,SES-001308,cow_18,station_01,rfid_18,2026-08-26T17:05:00.000Z,2026-08-26T17:09:36.000Z,COMPLETED,12.52,2.79,3.99,38.6,5.46,6.65,155,-2.2,16,LOW
ses_1309,SES-001309,cow_19,station_01,rfid_19,2026-08-26T17:50:00.000Z,2026-08-26T17:54:37.000Z,COMPLETED,12.54,2.44,3.48,38.5,5.6,6.6,157,-4.3,15,LOW
ses_1310,SES-001310,cow_20,station_01,rfid_20,2026-08-26T18:11:00.000Z,2026-08-26T18:16:15.000Z,COMPLETED,13.61,2.63,3.75,38.7,5.49,6.65,87,0.8,14,LOW
ses_1311,SES-001311,cow_21,station_01,rfid_21,2026-08-26T17:18:00.000Z,2026-08-26T17:23:01.000Z,COMPLETED,13.91,2.93,4.18,38.4,5.52,6.67,104,0.8,15,LOW
ses_1312,SES-001312,cow_22,station_01,rfid_22,2026-08-26T17:21:00.000Z,2026-08-26T17:26:57.000Z,COMPLETED,13.98,2.48,3.55,38.5,5.64,6.63,104,-1.5,16,LOW
ses_1313,SES-001313,cow_23,station_01,rfid_23,2026-08-26T18:09:00.000Z,2026-08-26T18:13:11.000Z,COMPLETED,15.03,2.67,3.81,38.6,5.48,6.69,103,3.7,12,LOW
ses_1314,SES-001314,cow_24,station_01,rfid_24,2026-08-26T17:15:00.000Z,2026-08-26T17:19:10.000Z,COMPLETED,15.11,2.37,3.39,38.5,5.65,6.6,125,1.4,17,LOW
ses_1315,SES-001315,cow_25,station_01,rfid_25,2026-08-26T17:40:00.000Z,2026-08-26T17:44:10.000Z,COMPLETED,15.61,2.63,3.76,38.5,5.45,6.65,131,2,11,LOW
ses_1316,SES-001316,cow_26,station_01,rfid_26,2026-08-26T18:09:00.000Z,2026-08-26T18:13:10.000Z,COMPLETED,16.03,2.77,3.95,38.8,5.52,6.66,146,2.8,27,LOW
ses_1317,SES-001317,cow_27,station_01,rfid_27,2026-08-26T18:07:00.000Z,2026-08-26T18:11:04.000Z,COMPLETED,15.44,2.50,3.57,38.5,5.72,6.66,144,-2.9,27,LOW
ses_1318,SES-001318,cow_28,station_01,rfid_28,2026-08-26T17:27:00.000Z,2026-08-26T17:31:09.000Z,COMPLETED,16.94,2.63,3.75,38.6,5.45,6.66,166,3.9,27,LOW
ses_1319,SES-001319,cow_29,station_01,rfid_29,2026-08-26T18:11:00.000Z,2026-08-26T18:15:04.000Z,COMPLETED,17.02,2.82,4.03,38.7,5.57,6.67,160,2.5,27,LOW
ses_1320,SES-001320,cow_30,station_01,rfid_30,2026-08-26T17:37:00.000Z,2026-08-26T17:42:39.000Z,COMPLETED,16.23,2.52,3.6,38.6,5.44,6.62,102,-4.5,27,LOW
ses_1321,SES-001321,cow_1,station_01,rfid_1,2026-08-27T06:14:00.000Z,2026-08-27T06:19:43.000Z,COMPLETED,13.47,2.54,3.63,38.6,5.56,6.66,106,5.2,14,LOW
ses_1322,SES-001322,cow_2,station_01,rfid_2,2026-08-27T06:05:00.000Z,2026-08-27T06:09:18.000Z,COMPLETED,12.65,2.83,4.04,38.8,5.71,6.71,103,-4.2,7,LOW
ses_1323,SES-001323,cow_3,station_01,rfid_3,2026-08-27T07:24:00.000Z,2026-08-27T07:29:10.000Z,COMPLETED,13.81,2.46,3.52,38.5,5.47,6.63,104,1.5,15,LOW
ses_1324,SES-001324,cow_4,station_01,rfid_4,2026-08-27T07:06:00.000Z,2026-08-27T07:11:45.000Z,COMPLETED,13.43,2.69,3.85,38.6,5.61,6.64,110,-3.4,7,LOW
ses_1325,SES-001325,cow_5,station_01,rfid_5,2026-08-27T07:22:00.000Z,2026-08-27T07:27:41.000Z,COMPLETED,14.14,2.83,4.04,38.7,5.42,6.69,133,-1.1,12,LOW
ses_1326,SES-001326,cow_6,station_01,rfid_6,2026-08-27T07:00:00.000Z,2026-08-27T07:04:52.000Z,COMPLETED,14.84,2.49,3.56,38.4,5.52,6.64,133,1.6,9,LOW
ses_1327,SES-001327,cow_7,station_01,rfid_7,2026-08-27T06:18:00.000Z,2026-08-27T06:23:38.000Z,COMPLETED,14.27,2.77,3.96,38.6,5.65,6.67,145,-4.2,11,LOW
ses_1328,SES-001328,cow_8,station_01,rfid_8,2026-08-27T06:16:00.000Z,2026-08-27T06:21:08.000Z,COMPLETED,15.92,2.43,3.47,38.8,5.5,6.62,146,4.1,8,LOW
ses_1329,SES-001329,cow_9,station_01,rfid_9,2026-08-27T06:41:00.000Z,2026-08-27T06:45:39.000Z,COMPLETED,15.03,2.61,3.73,38.4,5.61,6.65,150,-4.3,14,LOW
ses_1330,SES-001330,cow_10,station_01,rfid_10,2026-08-27T06:32:00.000Z,2026-08-27T06:36:08.000Z,COMPLETED,15.44,2.82,4.03,38.6,5.44,6.69,98,-3.5,9,LOW
ses_1331,SES-001331,cow_11,station_01,rfid_11,2026-08-27T06:29:00.000Z,2026-08-27T06:33:25.000Z,COMPLETED,16.13,2.51,3.58,38.6,5.54,6.64,107,-1.6,11,LOW
ses_1332,SES-001332,cow_12,station_01,rfid_12,2026-08-27T06:17:00.000Z,2026-08-27T06:21:27.000Z,COMPLETED,17.28,2.72,3.88,38.5,5.7,6.69,113,3.5,13,LOW
ses_1333,SES-001333,cow_13,station_01,rfid_13,2026-08-27T07:30:00.000Z,2026-08-27T07:35:00.000Z,COMPLETED,16.92,2.89,4.13,38.5,5.55,6.68,115,-1.1,9,LOW
ses_1334,SES-001334,cow_14,station_01,rfid_14,2026-08-27T06:49:00.000Z,2026-08-27T06:54:42.000Z,COMPLETED,17.8,2.51,3.59,38.7,5.66,6.65,108,2.3,16,LOW
ses_1335,SES-001335,cow_15,station_01,rfid_15,2026-08-27T06:22:00.000Z,2026-08-27T06:26:35.000Z,COMPLETED,17.78,2.79,3.99,38.4,5.45,6.64,137,-0.1,15,LOW
ses_1336,SES-001336,cow_16,station_01,rfid_16,2026-08-27T06:40:00.000Z,2026-08-27T06:44:47.000Z,COMPLETED,18.17,2.34,3.35,38.5,5.56,6.64,123,0.4,16,LOW
ses_1337,SES-001337,cow_17,station_01,rfid_17,2026-08-27T06:25:00.000Z,2026-08-27T06:30:33.000Z,COMPLETED,18.26,2.63,3.75,38.6,5.7,6.66,130,-0.8,12,LOW
ses_1338,SES-001338,cow_18,station_01,rfid_18,2026-08-27T07:14:00.000Z,2026-08-27T07:18:35.000Z,COMPLETED,13.39,2.80,4,38.5,5.47,6.69,156,4.6,9,LOW
ses_1339,SES-001339,cow_19,station_01,rfid_19,2026-08-27T06:30:00.000Z,2026-08-27T06:35:49.000Z,COMPLETED,12.4,2.41,3.44,38.7,5.69,6.65,161,-5.3,14,LOW
ses_1340,SES-001340,cow_20,station_01,rfid_20,2026-08-27T06:25:00.000Z,2026-08-27T06:30:47.000Z,COMPLETED,12.79,2.71,3.87,38.6,5.47,6.66,95,-5.3,12,LOW
ses_1341,SES-001341,cow_21,station_01,rfid_21,2026-08-27T07:11:00.000Z,2026-08-27T07:16:46.000Z,COMPLETED,13.7,2.94,4.2,38.5,5.59,6.68,107,-0.7,12,LOW
ses_1342,SES-001342,cow_22,station_01,rfid_22,2026-08-27T06:48:00.000Z,2026-08-27T06:53:20.000Z,COMPLETED,14.03,2.49,3.56,38.6,5.71,6.67,105,-1.2,16,LOW
ses_1343,SES-001343,cow_23,station_01,rfid_23,2026-08-27T07:07:00.000Z,2026-08-27T07:12:16.000Z,COMPLETED,15.11,2.69,3.85,38.8,5.54,6.65,112,4.2,8,LOW
ses_1344,SES-001344,cow_24,station_01,rfid_24,2026-08-27T06:30:00.000Z,2026-08-27T06:34:30.000Z,COMPLETED,14.99,2.36,3.37,38.4,5.6,6.61,121,0.6,16,LOW
ses_1345,SES-001345,cow_25,station_01,rfid_25,2026-08-27T06:38:00.000Z,2026-08-27T06:43:09.000Z,COMPLETED,16,2.54,3.63,38.6,5.41,6.65,126,4.6,8,LOW
ses_1346,SES-001346,cow_26,station_01,rfid_26,2026-08-27T06:13:00.000Z,2026-08-27T06:18:44.000Z,COMPLETED,15.1,2.79,3.98,38.8,5.52,6.65,148,-3.2,28,LOW
ses_1347,SES-001347,cow_27,station_01,rfid_27,2026-08-27T06:30:00.000Z,2026-08-27T06:34:43.000Z,COMPLETED,16.07,2.39,3.41,38.6,5.65,6.64,173,1.1,28,LOW
ses_1348,SES-001348,cow_28,station_01,rfid_28,2026-08-27T07:16:00.000Z,2026-08-27T07:21:10.000Z,COMPLETED,15.8,2.60,3.71,38.5,5.5,6.65,177,-3.1,28,LOW
ses_1349,SES-001349,cow_29,station_01,rfid_29,2026-08-27T06:02:00.000Z,2026-08-27T06:07:05.000Z,COMPLETED,17.08,2.89,4.13,38.7,5.68,6.7,183,2.9,28,LOW
ses_1350,SES-001350,cow_30,station_01,rfid_30,2026-08-27T07:06:00.000Z,2026-08-27T07:10:38.000Z,COMPLETED,17.43,2.47,3.53,38.6,5.49,6.64,113,2.5,28,LOW
ses_1351,SES-001351,cow_1,station_01,rfid_1,2026-08-27T17:50:00.000Z,2026-08-27T17:55:22.000Z,COMPLETED,12.96,2.63,3.75,38.5,5.51,6.67,93,1.3,14,LOW
ses_1352,SES-001352,cow_2,station_01,rfid_2,2026-08-27T17:19:00.000Z,2026-08-27T17:24:47.000Z,COMPLETED,12.81,2.85,4.07,38.8,5.68,6.69,98,-3,13,LOW
ses_1353,SES-001353,cow_3,station_01,rfid_3,2026-08-27T17:40:00.000Z,2026-08-27T17:45:17.000Z,COMPLETED,13.48,2.40,3.43,38.5,5.53,6.61,119,-0.9,15,LOW
ses_1354,SES-001354,cow_4,station_01,rfid_4,2026-08-27T18:29:00.000Z,2026-08-27T18:34:48.000Z,COMPLETED,13.89,2.61,3.73,38.7,5.57,6.68,120,-0.1,17,LOW
ses_1355,SES-001355,cow_5,station_01,rfid_5,2026-08-27T18:09:00.000Z,2026-08-27T18:13:18.000Z,COMPLETED,14.63,2.84,4.06,38.7,5.44,6.68,131,2.3,11,LOW
ses_1356,SES-001356,cow_6,station_01,rfid_6,2026-08-27T18:00:00.000Z,2026-08-27T18:04:43.000Z,COMPLETED,14.14,2.55,3.64,38.6,5.55,6.65,129,-3.2,16,LOW
ses_1357,SES-001357,cow_7,station_01,rfid_7,2026-08-27T17:58:00.000Z,2026-08-27T18:02:51.000Z,COMPLETED,14.88,2.77,3.96,38.6,5.74,6.67,134,-0.1,13,LOW
ses_1358,SES-001358,cow_8,station_01,rfid_8,2026-08-27T17:48:00.000Z,2026-08-27T17:52:45.000Z,COMPLETED,15.3,2.37,3.39,38.7,5.51,6.6,152,0,13,LOW
ses_1359,SES-001359,cow_9,station_01,rfid_9,2026-08-27T17:51:00.000Z,2026-08-27T17:55:04.000Z,COMPLETED,16.29,2.61,3.73,38.5,5.64,6.66,157,3.8,16,LOW
ses_1360,SES-001360,cow_10,station_01,rfid_10,2026-08-27T17:56:00.000Z,2026-08-27T18:00:47.000Z,COMPLETED,15.76,2.83,4.05,38.5,5.51,6.67,85,-1.5,15,LOW
ses_1361,SES-001361,cow_11,station_01,rfid_11,2026-08-27T18:13:00.000Z,2026-08-27T18:17:35.000Z,COMPLETED,16.05,2.45,3.5,38.8,5.58,6.6,104,-2.1,13,LOW
ses_1362,SES-001362,cow_12,station_01,rfid_12,2026-08-27T17:33:00.000Z,2026-08-27T17:38:29.000Z,COMPLETED,16.97,2.73,3.9,38.5,5.73,6.66,113,1.6,7,LOW
ses_1363,SES-001363,cow_13,station_01,rfid_13,2026-08-27T17:05:00.000Z,2026-08-27T17:09:28.000Z,COMPLETED,17.14,2.83,4.05,38.6,5.5,6.66,112,0.2,15,LOW
ses_1364,SES-001364,cow_14,station_01,rfid_14,2026-08-27T17:26:00.000Z,2026-08-27T17:31:21.000Z,COMPLETED,17.17,2.57,3.67,38.8,5.65,6.61,111,-1.3,14,LOW
ses_1365,SES-001365,cow_15,station_01,rfid_15,2026-08-27T17:48:00.000Z,2026-08-27T17:52:17.000Z,COMPLETED,17.24,2.77,3.96,38.5,5.5,6.64,118,-3.1,8,LOW
ses_1366,SES-001366,cow_16,station_01,rfid_16,2026-08-27T18:26:00.000Z,2026-08-27T18:31:28.000Z,COMPLETED,17.44,2.32,3.31,38.6,5.56,6.63,130,-3.6,11,LOW
ses_1367,SES-001367,cow_17,station_01,rfid_17,2026-08-27T18:22:00.000Z,2026-08-27T18:26:27.000Z,COMPLETED,18.31,2.64,3.77,38.7,5.71,6.63,145,-0.5,9,LOW
ses_1368,SES-001368,cow_18,station_01,rfid_18,2026-08-27T18:14:00.000Z,2026-08-27T18:18:00.000Z,COMPLETED,12.87,2.86,4.09,38.6,5.45,6.68,144,0.5,15,LOW
ses_1369,SES-001369,cow_19,station_01,rfid_19,2026-08-27T17:47:00.000Z,2026-08-27T17:52:20.000Z,COMPLETED,12.35,2.40,3.43,38.7,5.67,6.65,148,-5.7,10,LOW
ses_1370,SES-001370,cow_20,station_01,rfid_20,2026-08-27T17:41:00.000Z,2026-08-27T17:46:59.000Z,COMPLETED,12.95,2.63,3.76,38.7,5.46,6.64,100,-4.1,13,LOW
ses_1371,SES-001371,cow_21,station_01,rfid_21,2026-08-27T17:41:00.000Z,2026-08-27T17:45:29.000Z,COMPLETED,14.27,2.88,4.12,38.6,5.62,6.67,88,3.4,17,LOW
ses_1372,SES-001372,cow_22,station_01,rfid_22,2026-08-27T17:47:00.000Z,2026-08-27T17:51:12.000Z,COMPLETED,14.92,2.48,3.54,38.6,5.65,6.64,105,5.1,11,LOW
ses_1373,SES-001373,cow_23,station_01,rfid_23,2026-08-27T18:23:00.000Z,2026-08-27T18:27:24.000Z,COMPLETED,13.76,2.69,3.84,38.6,5.48,6.68,114,-5.1,14,LOW
ses_1374,SES-001374,cow_24,station_01,rfid_24,2026-08-27T18:09:00.000Z,2026-08-27T18:13:36.000Z,COMPLETED,15.05,2.32,3.32,38.5,5.62,6.65,127,1,15,LOW
ses_1375,SES-001375,cow_25,station_01,rfid_25,2026-08-27T17:30:00.000Z,2026-08-27T17:34:43.000Z,COMPLETED,14.88,2.55,3.64,38.6,5.44,6.62,123,-2.7,8,LOW
ses_1376,SES-001376,cow_26,station_01,rfid_26,2026-08-27T18:11:00.000Z,2026-08-27T18:16:18.000Z,COMPLETED,16.08,2.86,4.09,38.6,5.53,6.65,165,3.1,28,LOW
ses_1377,SES-001377,cow_27,station_01,rfid_27,2026-08-27T17:03:00.000Z,2026-08-27T17:07:39.000Z,COMPLETED,16.42,2.46,3.51,38.6,5.66,6.63,154,3.3,28,LOW
ses_1378,SES-001378,cow_28,station_01,rfid_28,2026-08-27T17:30:00.000Z,2026-08-27T17:35:30.000Z,COMPLETED,16.35,2.67,3.82,38.6,5.49,6.64,166,0.3,28,LOW
ses_1379,SES-001379,cow_29,station_01,rfid_29,2026-08-27T18:14:00.000Z,2026-08-27T18:18:18.000Z,COMPLETED,16.19,2.84,4.06,38.7,5.59,6.71,174,-2.5,28,LOW
ses_1380,SES-001380,cow_30,station_01,rfid_30,2026-08-27T17:18:00.000Z,2026-08-27T17:23:42.000Z,COMPLETED,17.33,2.58,3.69,38.5,5.5,6.64,122,1.9,28,LOW
ses_1381,SES-001381,cow_1,station_01,rfid_1,2026-08-28T06:28:00.000Z,2026-08-28T06:33:46.000Z,COMPLETED,12.43,2.58,3.69,38.6,5.61,6.64,88,-2.9,16,LOW
ses_1382,SES-001382,cow_2,station_01,rfid_2,2026-08-28T06:41:00.000Z,2026-08-28T06:45:11.000Z,COMPLETED,13.63,2.79,3.98,38.8,5.64,6.67,102,3.3,13,LOW
ses_1383,SES-001383,cow_3,station_01,rfid_3,2026-08-28T06:28:00.000Z,2026-08-28T06:33:05.000Z,COMPLETED,13.99,2.42,3.46,38.4,5.45,6.62,115,2.9,8,LOW
ses_1384,SES-001384,cow_4,station_01,rfid_4,2026-08-28T06:01:00.000Z,2026-08-28T06:05:35.000Z,COMPLETED,13.51,2.64,3.77,38.7,5.59,6.64,109,-2.8,15,LOW
ses_1385,SES-001385,cow_5,station_01,rfid_5,2026-08-28T06:10:00.000Z,2026-08-28T06:14:02.000Z,COMPLETED,14.23,2.84,4.06,38.8,5.44,6.67,121,-0.5,13,LOW
ses_1386,SES-001386,cow_6,station_01,rfid_6,2026-08-28T07:18:00.000Z,2026-08-28T07:22:13.000Z,COMPLETED,14.56,2.50,3.57,38.5,5.6,6.64,130,-0.3,10,LOW
ses_1387,SES-001387,cow_7,station_01,rfid_7,2026-08-28T07:27:00.000Z,2026-08-28T07:32:20.000Z,COMPLETED,15.08,2.67,3.81,38.6,5.7,6.64,129,1.2,15,LOW
ses_1388,SES-001388,cow_8,station_01,rfid_8,2026-08-28T06:13:00.000Z,2026-08-28T06:17:04.000Z,COMPLETED,15.17,2.39,3.42,38.6,5.52,6.64,158,-0.8,15,LOW
ses_1389,SES-001389,cow_9,station_01,rfid_9,2026-08-28T06:56:00.000Z,2026-08-28T07:01:07.000Z,COMPLETED,14.96,2.55,3.64,38.6,5.62,6.67,152,-4.7,8,LOW
ses_1390,SES-001390,cow_10,station_01,rfid_10,2026-08-28T06:46:00.000Z,2026-08-28T06:51:22.000Z,COMPLETED,15.68,2.73,3.9,38.7,5.49,6.69,78,-2,12,LOW
ses_1391,SES-001391,cow_11,station_01,rfid_11,2026-08-28T06:00:00.000Z,2026-08-28T06:05:02.000Z,COMPLETED,16.37,2.47,3.53,38.6,5.61,6.63,109,-0.2,13,LOW
ses_1392,SES-001392,cow_12,station_01,rfid_12,2026-08-28T07:10:00.000Z,2026-08-28T07:15:38.000Z,COMPLETED,16.99,2.60,3.72,38.5,5.73,6.67,95,1.7,11,LOW
ses_1393,SES-001393,cow_13,station_01,rfid_13,2026-08-28T06:38:00.000Z,2026-08-28T06:42:51.000Z,COMPLETED,17.33,2.88,4.11,38.6,5.47,6.71,103,1.3,8,LOW
ses_1394,SES-001394,cow_14,station_01,rfid_14,2026-08-28T06:02:00.000Z,2026-08-28T06:06:15.000Z,COMPLETED,17.81,2.50,3.57,38.7,5.67,6.65,118,2.4,11,LOW
ses_1395,SES-001395,cow_15,station_01,rfid_15,2026-08-28T06:43:00.000Z,2026-08-28T06:48:51.000Z,COMPLETED,18.57,2.73,3.9,38.4,5.46,6.68,130,4.3,15,LOW
ses_1396,SES-001396,cow_16,station_01,rfid_16,2026-08-28T06:41:00.000Z,2026-08-28T06:45:52.000Z,COMPLETED,18.46,2.36,3.37,38.5,5.53,6.65,136,2,12,LOW
ses_1397,SES-001397,cow_17,station_01,rfid_17,2026-08-28T07:00:00.000Z,2026-08-28T07:04:03.000Z,COMPLETED,18.29,2.58,3.68,38.7,5.69,6.63,144,-0.6,13,LOW
ses_1398,SES-001398,cow_18,station_01,rfid_18,2026-08-28T06:12:00.000Z,2026-08-28T06:17:52.000Z,COMPLETED,13.2,2.74,3.92,38.6,5.55,6.7,151,3.1,11,LOW
ses_1399,SES-001399,cow_19,station_01,rfid_19,2026-08-28T06:15:00.000Z,2026-08-28T06:19:34.000Z,COMPLETED,12.32,2.44,3.48,38.5,5.57,6.65,163,-6,11,LOW
ses_1400,SES-001400,cow_20,station_01,rfid_20,2026-08-28T07:15:00.000Z,2026-08-28T07:19:14.000Z,COMPLETED,14.13,2.67,3.82,38.8,5.42,6.65,99,4.7,8,LOW
ses_1401,SES-001401,cow_21,station_01,rfid_21,2026-08-28T06:46:00.000Z,2026-08-28T06:51:51.000Z,COMPLETED,13.42,2.92,4.17,38.5,5.58,6.67,102,-2.8,8,LOW
ses_1402,SES-001402,cow_22,station_01,rfid_22,2026-08-28T06:01:00.000Z,2026-08-28T06:05:52.000Z,COMPLETED,13.58,2.58,3.68,38.6,5.72,6.62,99,-4.4,15,LOW
ses_1403,SES-001403,cow_23,station_01,rfid_23,2026-08-28T07:23:00.000Z,2026-08-28T07:28:22.000Z,COMPLETED,14.06,2.80,4,38.8,5.56,6.65,118,-3,14,LOW
ses_1404,SES-001404,cow_24,station_01,rfid_24,2026-08-28T07:25:00.000Z,2026-08-28T07:30:20.000Z,COMPLETED,15.56,2.36,3.37,38.5,5.66,6.61,113,4.4,13,LOW
ses_1405,SES-001405,cow_25,station_01,rfid_25,2026-08-28T07:20:00.000Z,2026-08-28T07:24:39.000Z,COMPLETED,15.91,2.60,3.71,38.7,5.5,6.62,121,4,17,LOW
ses_1406,SES-001406,cow_26,station_01,rfid_26,2026-08-28T06:10:00.000Z,2026-08-28T06:15:29.000Z,COMPLETED,16.13,2.81,4.02,38.8,5.55,6.66,170,3.4,29,LOW
ses_1407,SES-001407,cow_27,station_01,rfid_27,2026-08-28T07:00:00.000Z,2026-08-28T07:05:31.000Z,COMPLETED,15.52,2.50,3.57,38.5,5.68,6.61,172,-2.4,29,LOW
ses_1408,SES-001408,cow_28,station_01,rfid_28,2026-08-28T06:35:00.000Z,2026-08-28T06:39:18.000Z,COMPLETED,16.34,2.66,3.8,38.6,5.45,6.66,174,0.2,29,LOW
ses_1409,SES-001409,cow_29,station_01,rfid_29,2026-08-28T06:08:00.000Z,2026-08-28T06:12:11.000Z,COMPLETED,17.31,2.86,4.09,38.8,5.69,6.7,186,4.3,29,LOW
ses_1410,SES-001410,cow_30,station_01,rfid_30,2026-08-28T06:50:00.000Z,2026-08-28T06:54:49.000Z,COMPLETED,16.32,2.59,3.7,38.6,5.47,6.65,117,-4,29,LOW
ses_1411,SES-001411,cow_1,station_01,rfid_1,2026-08-28T18:26:00.000Z,2026-08-28T18:30:36.000Z,COMPLETED,12.21,2.54,3.63,38.7,5.62,6.63,90,-4.6,14,LOW
ses_1412,SES-001412,cow_2,station_01,rfid_2,2026-08-28T18:24:00.000Z,2026-08-28T18:29:59.000Z,COMPLETED,13.26,2.86,4.08,38.7,5.73,6.65,111,0.5,11,LOW
ses_1413,SES-001413,cow_3,station_01,rfid_3,2026-08-28T17:21:00.000Z,2026-08-28T17:25:43.000Z,COMPLETED,14.19,2.46,3.52,38.5,5.5,6.63,101,4.3,15,LOW
ses_1414,SES-001414,cow_4,station_01,rfid_4,2026-08-28T18:30:00.000Z,2026-08-28T18:35:18.000Z,COMPLETED,14.18,2.69,3.84,38.6,5.61,6.66,126,2,10,LOW
ses_1415,SES-001415,cow_5,station_01,rfid_5,2026-08-28T18:09:00.000Z,2026-08-28T18:13:16.000Z,COMPLETED,14.98,2.93,4.19,38.7,5.46,6.71,126,4.8,12,LOW
ses_1416,SES-001416,cow_6,station_01,rfid_6,2026-08-28T17:46:00.000Z,2026-08-28T17:51:49.000Z,COMPLETED,14.95,2.59,3.7,38.5,5.59,6.67,129,2.4,16,LOW
ses_1417,SES-001417,cow_7,station_01,rfid_7,2026-08-28T17:44:00.000Z,2026-08-28T17:49:45.000Z,COMPLETED,14.43,2.68,3.83,38.6,5.72,6.67,136,-3.2,12,LOW
ses_1418,SES-001418,cow_8,station_01,rfid_8,2026-08-28T17:08:00.000Z,2026-08-28T17:12:41.000Z,COMPLETED,15.04,2.32,3.32,38.7,5.51,6.64,154,-1.7,16,LOW
ses_1419,SES-001419,cow_9,station_01,rfid_9,2026-08-28T18:11:00.000Z,2026-08-28T18:16:50.000Z,COMPLETED,16.28,2.53,3.61,38.6,5.59,6.67,160,3.7,8,LOW
ses_1420,SES-001420,cow_10,station_01,rfid_10,2026-08-28T18:16:00.000Z,2026-08-28T18:20:57.000Z,COMPLETED,15.23,2.86,4.08,38.6,5.43,6.71,90,-4.8,10,LOW
ses_1421,SES-001421,cow_11,station_01,rfid_11,2026-08-28T17:31:00.000Z,2026-08-28T17:35:05.000Z,COMPLETED,16.98,2.50,3.57,38.8,5.51,6.63,90,3.5,13,LOW
ses_1422,SES-001422,cow_12,station_01,rfid_12,2026-08-28T17:04:00.000Z,2026-08-28T17:08:56.000Z,COMPLETED,16.74,2.66,3.8,38.4,5.7,6.64,104,0.2,11,LOW
ses_1423,SES-001423,cow_13,station_01,rfid_13,2026-08-28T17:45:00.000Z,2026-08-28T17:50:07.000Z,COMPLETED,17.33,2.82,4.03,38.5,5.51,6.67,121,1.3,9,LOW
ses_1424,SES-001424,cow_14,station_01,rfid_14,2026-08-28T18:14:00.000Z,2026-08-28T18:19:59.000Z,COMPLETED,16.6,2.58,3.68,38.8,5.65,6.61,129,-4.6,12,LOW
ses_1425,SES-001425,cow_15,station_01,rfid_15,2026-08-28T18:15:00.000Z,2026-08-28T18:19:52.000Z,COMPLETED,18.31,2.79,3.99,38.5,5.47,6.65,118,2.9,14,LOW
ses_1426,SES-001426,cow_16,station_01,rfid_16,2026-08-28T18:26:00.000Z,2026-08-28T18:31:28.000Z,COMPLETED,18.78,2.36,3.37,38.7,5.61,6.63,130,3.8,17,LOW
ses_1427,SES-001427,cow_17,station_01,rfid_17,2026-08-28T17:50:00.000Z,2026-08-28T17:55:28.000Z,COMPLETED,18.05,2.58,3.68,38.7,5.7,6.66,139,-1.9,13,LOW
ses_1428,SES-001428,cow_18,station_01,rfid_18,2026-08-28T18:23:00.000Z,2026-08-28T18:28:35.000Z,COMPLETED,12.03,2.84,4.06,38.5,5.49,6.67,148,-6,17,LOW
ses_1429,SES-001429,cow_19,station_01,rfid_19,2026-08-28T18:29:00.000Z,2026-08-28T18:34:31.000Z,COMPLETED,12.68,2.52,3.6,38.7,5.63,6.64,154,-3.2,16,LOW
ses_1430,SES-001430,cow_20,station_01,rfid_20,2026-08-28T17:45:00.000Z,2026-08-28T17:49:28.000Z,COMPLETED,13.65,2.66,3.8,38.6,5.48,6.67,83,1.1,7,LOW
ses_1431,SES-001431,cow_21,station_01,rfid_21,2026-08-28T17:38:00.000Z,2026-08-28T17:42:59.000Z,COMPLETED,13.53,2.88,4.12,38.5,5.54,6.67,92,-2,17,LOW
ses_1432,SES-001432,cow_22,station_01,rfid_22,2026-08-28T17:25:00.000Z,2026-08-28T17:30:45.000Z,COMPLETED,14.34,2.55,3.64,38.6,5.68,6.66,112,1,14,LOW
ses_1433,SES-001433,cow_23,station_01,rfid_23,2026-08-28T18:20:00.000Z,2026-08-28T18:25:42.000Z,COMPLETED,15.16,2.67,3.81,38.7,5.55,6.69,120,4.6,12,LOW
ses_1434,SES-001434,cow_24,station_01,rfid_24,2026-08-28T17:52:00.000Z,2026-08-28T17:57:33.000Z,COMPLETED,14.58,2.44,3.49,38.5,5.62,6.61,117,-2.1,13,LOW
ses_1435,SES-001435,cow_25,station_01,rfid_25,2026-08-28T17:30:00.000Z,2026-08-28T17:34:40.000Z,COMPLETED,15.03,2.64,3.77,38.6,5.43,6.67,121,-1.8,10,LOW
ses_1436,SES-001436,cow_26,station_01,rfid_26,2026-08-28T17:54:00.000Z,2026-08-28T17:58:45.000Z,COMPLETED,16.31,2.79,3.99,38.7,5.53,6.68,160,4.6,29,LOW
ses_1437,SES-001437,cow_27,station_01,rfid_27,2026-08-28T17:18:00.000Z,2026-08-28T17:22:21.000Z,COMPLETED,15.85,2.47,3.53,38.5,5.73,6.63,177,-0.3,29,LOW
ses_1438,SES-001438,cow_28,station_01,rfid_28,2026-08-28T17:43:00.000Z,2026-08-28T17:47:00.000Z,COMPLETED,16.67,2.60,3.71,38.6,5.56,6.69,189,2.3,29,LOW
ses_1439,SES-001439,cow_29,station_01,rfid_29,2026-08-28T18:26:00.000Z,2026-08-28T18:30:37.000Z,COMPLETED,16.85,2.84,4.06,38.8,5.62,6.67,188,1.5,29,LOW
ses_1440,SES-001440,cow_30,station_01,rfid_30,2026-08-28T17:05:00.000Z,2026-08-28T17:09:15.000Z,COMPLETED,16.63,2.47,3.53,38.5,5.42,6.65,112,-2.2,29,LOW
ses_1441,SES-001441,cow_1,station_01,rfid_1,2026-08-29T07:07:00.000Z,2026-08-29T07:11:27.000Z,COMPLETED,13.29,2.57,3.67,38.6,5.58,6.66,99,3.8,10,LOW
ses_1442,SES-001442,cow_2,station_01,rfid_2,2026-08-29T07:04:00.000Z,2026-08-29T07:09:09.000Z,COMPLETED,13.4,2.80,4,38.8,5.7,6.7,113,1.5,9,LOW
ses_1443,SES-001443,cow_3,station_01,rfid_3,2026-08-29T06:11:00.000Z,2026-08-29T06:15:16.000Z,COMPLETED,13.37,2.44,3.49,38.5,5.54,6.66,105,-1.7,17,LOW
ses_1444,SES-001444,cow_4,station_01,rfid_4,2026-08-29T06:07:00.000Z,2026-08-29T06:12:59.000Z,COMPLETED,14.66,2.67,3.82,38.6,5.67,6.65,110,5.5,9,LOW
ses_1445,SES-001445,cow_5,station_01,rfid_5,2026-08-29T06:22:00.000Z,2026-08-29T06:27:11.000Z,COMPLETED,14.46,2.83,4.05,38.8,5.41,6.7,136,1.1,16,LOW
ses_1446,SES-001446,cow_6,station_01,rfid_6,2026-08-29T07:11:00.000Z,2026-08-29T07:15:35.000Z,COMPLETED,15.21,2.54,3.63,38.6,5.55,6.66,123,4.2,9,LOW
ses_1447,SES-001447,cow_7,station_01,rfid_7,2026-08-29T06:16:00.000Z,2026-08-29T06:21:03.000Z,COMPLETED,15.58,2.69,3.84,38.7,5.69,6.65,145,4.6,15,LOW
ses_1448,SES-001448,cow_8,station_01,rfid_8,2026-08-29T07:12:00.000Z,2026-08-29T07:16:35.000Z,COMPLETED,15.87,2.36,3.37,38.7,5.51,6.64,139,3.7,16,LOW
ses_1449,SES-001449,cow_9,station_01,rfid_9,2026-08-29T07:01:00.000Z,2026-08-29T07:05:02.000Z,COMPLETED,15.92,2.64,3.77,38.5,5.63,6.66,149,1.4,15,LOW
ses_1450,SES-001450,cow_10,station_01,rfid_10,2026-08-29T06:05:00.000Z,2026-08-29T06:10:42.000Z,COMPLETED,16.45,2.84,4.06,38.7,5.43,6.66,92,2.8,16,LOW
ses_1451,SES-001451,cow_11,station_01,rfid_11,2026-08-29T06:22:00.000Z,2026-08-29T06:26:15.000Z,COMPLETED,17.11,2.44,3.49,38.8,5.51,6.6,97,4.3,10,LOW
ses_1452,SES-001452,cow_12,station_01,rfid_12,2026-08-29T06:42:00.000Z,2026-08-29T06:46:17.000Z,COMPLETED,17.07,2.73,3.9,38.5,5.64,6.64,94,2.2,9,LOW
ses_1453,SES-001453,cow_13,station_01,rfid_13,2026-08-29T07:15:00.000Z,2026-08-29T07:19:28.000Z,COMPLETED,17.64,2.86,4.09,38.5,5.52,6.7,105,3.2,14,LOW
ses_1454,SES-001454,cow_14,station_01,rfid_14,2026-08-29T06:29:00.000Z,2026-08-29T06:33:45.000Z,COMPLETED,16.76,2.58,3.68,38.8,5.61,6.62,107,-3.7,16,LOW
ses_1455,SES-001455,cow_15,station_01,rfid_15,2026-08-29T06:29:00.000Z,2026-08-29T06:34:53.000Z,COMPLETED,17.56,2.71,3.87,38.5,5.41,6.68,121,-1.3,15,LOW
ses_1456,SES-001456,cow_16,station_01,rfid_16,2026-08-29T06:19:00.000Z,2026-08-29T06:24:25.000Z,COMPLETED,18.33,2.38,3.4,38.6,5.53,6.62,126,1.3,11,LOW
ses_1457,SES-001457,cow_17,station_01,rfid_17,2026-08-29T06:53:00.000Z,2026-08-29T06:57:23.000Z,COMPLETED,17.77,2.64,3.77,38.7,5.68,6.66,128,-3.4,14,LOW
ses_1458,SES-001458,cow_18,station_01,rfid_18,2026-08-29T06:47:00.000Z,2026-08-29T06:52:30.000Z,COMPLETED,12.86,2.74,3.92,38.6,5.53,6.69,152,0.5,15,LOW
ses_1459,SES-001459,cow_19,station_01,rfid_19,2026-08-29T06:32:00.000Z,2026-08-29T06:37:05.000Z,COMPLETED,12.54,2.42,3.45,38.6,5.59,6.61,160,-4.3,8,LOW
ses_1460,SES-001460,cow_20,station_01,rfid_20,2026-08-29T06:42:00.000Z,2026-08-29T06:47:55.000Z,COMPLETED,13.48,2.68,3.83,38.8,5.49,6.68,91,-0.1,13,LOW
ses_1461,SES-001461,cow_21,station_01,rfid_21,2026-08-29T06:53:00.000Z,2026-08-29T06:57:54.000Z,COMPLETED,13.25,2.81,4.02,38.5,5.57,6.69,93,-4,11,LOW
ses_1462,SES-001462,cow_22,station_01,rfid_22,2026-08-29T07:08:00.000Z,2026-08-29T07:12:33.000Z,COMPLETED,13.82,2.50,3.57,38.6,5.64,6.61,115,-2.7,15,LOW
ses_1463,SES-001463,cow_23,station_01,rfid_23,2026-08-29T06:56:00.000Z,2026-08-29T07:02:00.000Z,COMPLETED,14.7,2.72,3.88,38.7,5.51,6.64,113,1.4,10,LOW
ses_1464,SES-001464,cow_24,station_01,rfid_24,2026-08-29T07:28:00.000Z,2026-08-29T07:33:46.000Z,COMPLETED,14.88,2.32,3.31,38.4,5.58,6.6,124,-0.1,17,LOW
ses_1465,SES-001465,cow_25,station_01,rfid_25,2026-08-29T07:01:00.000Z,2026-08-29T07:05:29.000Z,COMPLETED,14.91,2.63,3.75,38.6,5.45,6.65,114,-2.5,8,LOW
ses_1466,SES-001466,cow_26,station_01,rfid_26,2026-08-29T06:09:00.000Z,2026-08-29T06:14:28.000Z,COMPLETED,15.51,2.83,4.05,38.8,5.57,6.66,176,-0.6,30,MODERATE
ses_1467,SES-001467,cow_27,station_01,rfid_27,2026-08-29T06:11:00.000Z,2026-08-29T06:16:32.000Z,COMPLETED,15.46,2.51,3.58,38.5,5.71,6.65,174,-2.8,30,MODERATE
ses_1468,SES-001468,cow_28,station_01,rfid_28,2026-08-29T07:13:00.000Z,2026-08-29T07:18:58.000Z,COMPLETED,16.8,2.62,3.74,38.5,5.46,6.66,175,3.1,30,MODERATE
ses_1469,SES-001469,cow_29,station_01,rfid_29,2026-08-29T06:15:00.000Z,2026-08-29T06:19:48.000Z,COMPLETED,16.88,2.94,4.2,38.7,5.67,6.67,195,1.7,30,MODERATE
ses_1470,SES-001470,cow_30,station_01,rfid_30,2026-08-29T06:02:00.000Z,2026-08-29T06:07:36.000Z,COMPLETED,16.71,2.48,3.54,38.4,5.43,6.64,141,-1.7,30,MODERATE
ses_1471,SES-001471,cow_1,station_01,rfid_1,2026-08-29T18:08:00.000Z,2026-08-29T18:13:30.000Z,COMPLETED,12.6,2.60,3.71,38.6,5.59,6.63,94,-1.6,13,LOW
ses_1472,SES-001472,cow_2,station_01,rfid_2,2026-08-29T17:53:00.000Z,2026-08-29T17:58:58.000Z,COMPLETED,13.65,2.74,3.92,38.7,5.64,6.7,105,3.4,11,LOW
ses_1473,SES-001473,cow_3,station_01,rfid_3,2026-08-29T17:24:00.000Z,2026-08-29T17:28:57.000Z,COMPLETED,13.87,2.51,3.58,38.4,5.51,6.61,103,2,12,LOW
ses_1474,SES-001474,cow_4,station_01,rfid_4,2026-08-29T17:42:00.000Z,2026-08-29T17:46:31.000Z,COMPLETED,13.12,2.62,3.74,38.5,5.59,6.63,124,-5.6,13,LOW
ses_1475,SES-001475,cow_5,station_01,rfid_5,2026-08-29T17:20:00.000Z,2026-08-29T17:24:41.000Z,COMPLETED,13.56,2.91,4.16,38.6,5.45,6.69,120,-5.2,14,LOW
ses_1476,SES-001476,cow_6,station_01,rfid_6,2026-08-29T17:06:00.000Z,2026-08-29T17:10:49.000Z,COMPLETED,14.09,2.48,3.54,38.5,5.59,6.62,134,-3.5,16,LOW
ses_1477,SES-001477,cow_7,station_01,rfid_7,2026-08-29T18:07:00.000Z,2026-08-29T18:11:41.000Z,COMPLETED,15.18,2.79,3.99,38.7,5.65,6.64,142,1.9,8,LOW
ses_1478,SES-001478,cow_8,station_01,rfid_8,2026-08-29T17:42:00.000Z,2026-08-29T17:46:46.000Z,COMPLETED,15.45,2.36,3.37,38.8,5.53,6.65,147,1,15,LOW
ses_1479,SES-001479,cow_9,station_01,rfid_9,2026-08-29T18:28:00.000Z,2026-08-29T18:33:15.000Z,COMPLETED,15.32,2.53,3.61,38.6,5.67,6.67,143,-2.4,13,LOW
ses_1480,SES-001480,cow_10,station_01,rfid_10,2026-08-29T17:53:00.000Z,2026-08-29T17:58:42.000Z,COMPLETED,16.7,2.86,4.08,38.6,5.45,6.66,92,4.4,15,LOW
ses_1481,SES-001481,cow_11,station_01,rfid_11,2026-08-29T18:28:00.000Z,2026-08-29T18:33:44.000Z,COMPLETED,16.9,2.48,3.54,38.7,5.59,6.6,86,3,17,LOW
ses_1482,SES-001482,cow_12,station_01,rfid_12,2026-08-29T17:28:00.000Z,2026-08-29T17:32:50.000Z,COMPLETED,15.95,2.69,3.84,38.4,5.71,6.67,115,-4.5,12,LOW
ses_1483,SES-001483,cow_13,station_01,rfid_13,2026-08-29T17:16:00.000Z,2026-08-29T17:21:16.000Z,COMPLETED,17.41,2.82,4.03,38.5,5.48,6.68,118,1.8,9,LOW
ses_1484,SES-001484,cow_14,station_01,rfid_14,2026-08-29T18:07:00.000Z,2026-08-29T18:12:00.000Z,COMPLETED,17.34,2.51,3.58,38.6,5.63,6.61,127,-0.3,15,LOW
ses_1485,SES-001485,cow_15,station_01,rfid_15,2026-08-29T18:15:00.000Z,2026-08-29T18:19:29.000Z,COMPLETED,17.46,2.79,3.99,38.5,5.46,6.67,134,-1.9,10,LOW
ses_1486,SES-001486,cow_16,station_01,rfid_16,2026-08-29T18:16:00.000Z,2026-08-29T18:21:16.000Z,COMPLETED,18.71,2.40,3.43,38.5,5.57,6.6,139,3.4,17,LOW
ses_1487,SES-001487,cow_17,station_01,rfid_17,2026-08-29T17:12:00.000Z,2026-08-29T17:17:56.000Z,COMPLETED,17.62,2.65,3.78,38.7,5.75,6.66,138,-4.2,14,LOW
ses_1488,SES-001488,cow_18,station_01,rfid_18,2026-08-29T18:22:00.000Z,2026-08-29T18:26:31.000Z,COMPLETED,12.8,2.81,4.01,38.5,5.56,6.69,135,0,9,LOW
ses_1489,SES-001489,cow_19,station_01,rfid_19,2026-08-29T17:17:00.000Z,2026-08-29T17:22:06.000Z,COMPLETED,13.83,2.42,3.45,38.6,5.59,6.66,142,5.6,11,LOW
ses_1490,SES-001490,cow_20,station_01,rfid_20,2026-08-29T18:26:00.000Z,2026-08-29T18:31:53.000Z,COMPLETED,13.83,2.71,3.87,38.7,5.47,6.67,79,2.4,11,LOW
ses_1491,SES-001491,cow_21,station_01,rfid_21,2026-08-29T17:53:00.000Z,2026-08-29T17:57:57.000Z,COMPLETED,14.07,2.88,4.12,38.5,5.54,6.7,92,2,14,LOW
ses_1492,SES-001492,cow_22,station_01,rfid_22,2026-08-29T18:09:00.000Z,2026-08-29T18:14:22.000Z,COMPLETED,13.94,2.53,3.62,38.5,5.69,6.62,108,-1.8,11,LOW
ses_1493,SES-001493,cow_23,station_01,rfid_23,2026-08-29T17:42:00.000Z,2026-08-29T17:47:05.000Z,COMPLETED,14.41,2.69,3.85,38.6,5.49,6.67,99,-0.6,16,LOW
ses_1494,SES-001494,cow_24,station_01,rfid_24,2026-08-29T18:06:00.000Z,2026-08-29T18:11:49.000Z,COMPLETED,14.8,2.32,3.32,38.5,5.59,6.61,108,-0.7,16,LOW
ses_1495,SES-001495,cow_25,station_01,rfid_25,2026-08-29T17:02:00.000Z,2026-08-29T17:06:39.000Z,COMPLETED,15.81,2.53,3.61,38.6,5.45,6.63,117,3.3,8,LOW
ses_1496,SES-001496,cow_26,station_01,rfid_26,2026-08-29T17:29:00.000Z,2026-08-29T17:34:38.000Z,COMPLETED,14.91,2.86,4.08,38.6,5.55,6.68,182,-4.4,30,MODERATE
ses_1497,SES-001497,cow_27,station_01,rfid_27,2026-08-29T17:15:00.000Z,2026-08-29T17:19:24.000Z,COMPLETED,16.58,2.45,3.5,38.5,5.72,6.62,181,4.3,30,MODERATE
ses_1498,SES-001498,cow_28,station_01,rfid_28,2026-08-29T18:18:00.000Z,2026-08-29T18:22:42.000Z,COMPLETED,17.08,2.64,3.77,38.5,5.53,6.65,189,4.8,30,MODERATE
ses_1499,SES-001499,cow_29,station_01,rfid_29,2026-08-29T17:49:00.000Z,2026-08-29T17:54:33.000Z,COMPLETED,16.12,2.81,4.01,38.7,5.58,6.68,184,-2.9,30,MODERATE
ses_1500,SES-001500,cow_30,station_01,rfid_30,2026-08-29T17:22:00.000Z,2026-08-29T17:26:15.000Z,COMPLETED,17.62,2.56,3.66,38.6,5.48,6.63,121,3.6,30,MODERATE
ses_1501,SES-001501,cow_1,station_01,rfid_1,2026-08-30T06:36:00.000Z,2026-08-30T06:40:21.000Z,COMPLETED,12.96,2.56,3.66,38.7,5.57,6.64,97,1.3,9,LOW
ses_1502,SES-001502,cow_2,station_01,rfid_2,2026-08-30T06:58:00.000Z,2026-08-30T07:03:35.000Z,COMPLETED,12.52,2.85,4.07,38.7,5.71,6.66,108,-5.2,9,LOW
ses_1503,SES-001503,cow_3,station_01,rfid_3,2026-08-30T06:31:00.000Z,2026-08-30T06:36:37.000Z,COMPLETED,13.77,2.48,3.54,38.5,5.52,6.65,112,1.2,9,LOW
ses_1504,SES-001504,cow_4,station_01,rfid_4,2026-08-30T07:09:00.000Z,2026-08-30T07:13:21.000Z,COMPLETED,13.87,2.65,3.79,38.6,5.57,6.65,120,-0.2,8,LOW
ses_1505,SES-001505,cow_5,station_01,rfid_5,2026-08-30T06:13:00.000Z,2026-08-30T06:19:00.000Z,COMPLETED,14.76,2.81,4.01,38.6,5.43,6.66,115,3.2,15,LOW
ses_1506,SES-001506,cow_6,station_01,rfid_6,2026-08-30T06:07:00.000Z,2026-08-30T06:11:23.000Z,COMPLETED,15.22,2.48,3.54,38.4,5.55,6.63,127,4.2,16,LOW
ses_1507,SES-001507,cow_7,station_01,rfid_7,2026-08-30T06:34:00.000Z,2026-08-30T06:39:20.000Z,COMPLETED,14.88,2.76,3.94,38.5,5.67,6.65,138,-0.1,11,LOW
ses_1508,SES-001508,cow_8,station_01,rfid_8,2026-08-30T06:17:00.000Z,2026-08-30T06:22:55.000Z,COMPLETED,14.7,2.42,3.46,38.8,5.55,6.6,143,-3.9,10,LOW
ses_1509,SES-001509,cow_9,station_01,rfid_9,2026-08-30T07:30:00.000Z,2026-08-30T07:35:58.000Z,COMPLETED,15.48,2.61,3.73,38.4,5.62,6.66,160,-1.4,17,LOW
ses_1510,SES-001510,cow_10,station_01,rfid_10,2026-08-30T07:25:00.000Z,2026-08-30T07:30:30.000Z,COMPLETED,16.71,2.81,4.02,38.6,5.48,6.7,96,4.4,13,LOW
ses_1511,SES-001511,cow_11,station_01,rfid_11,2026-08-30T07:02:00.000Z,2026-08-30T07:06:24.000Z,COMPLETED,16.7,2.39,3.42,38.7,5.6,6.65,93,1.8,12,LOW
ses_1512,SES-001512,cow_12,station_01,rfid_12,2026-08-30T06:01:00.000Z,2026-08-30T06:05:46.000Z,COMPLETED,16.12,2.72,3.88,38.4,5.65,6.68,111,-3.5,12,LOW
ses_1513,SES-001513,cow_13,station_01,rfid_13,2026-08-30T06:02:00.000Z,2026-08-30T06:07:34.000Z,COMPLETED,17.16,2.88,4.12,38.7,5.52,6.68,112,0.4,15,LOW
ses_1514,SES-001514,cow_14,station_01,rfid_14,2026-08-30T07:19:00.000Z,2026-08-30T07:24:24.000Z,COMPLETED,16.71,2.46,3.51,38.6,5.58,6.66,120,-4,13,LOW
ses_1515,SES-001515,cow_15,station_01,rfid_15,2026-08-30T06:16:00.000Z,2026-08-30T06:20:52.000Z,COMPLETED,17.3,2.70,3.86,38.6,5.48,6.69,128,-2.8,8,LOW
ses_1516,SES-001516,cow_16,station_01,rfid_16,2026-08-30T07:15:00.000Z,2026-08-30T07:20:58.000Z,COMPLETED,17.82,2.34,3.35,38.5,5.61,6.59,134,-1.5,11,LOW
ses_1517,SES-001517,cow_17,station_01,rfid_17,2026-08-30T06:04:00.000Z,2026-08-30T06:09:57.000Z,COMPLETED,18.68,2.61,3.73,38.7,5.69,6.63,136,1.5,13,LOW
ses_1518,SES-001518,cow_18,station_01,rfid_18,2026-08-30T07:09:00.000Z,2026-08-30T07:13:00.000Z,COMPLETED,12.65,2.83,4.05,38.6,5.46,6.67,140,-1.2,14,LOW
ses_1519,SES-001519,cow_19,station_01,rfid_19,2026-08-30T07:12:00.000Z,2026-08-30T07:16:35.000Z,COMPLETED,13.52,2.46,3.51,38.6,5.61,6.65,151,3.2,12,LOW
ses_1520,SES-001520,cow_20,station_01,rfid_20,2026-08-30T06:25:00.000Z,2026-08-30T06:30:35.000Z,COMPLETED,13.43,2.65,3.79,38.8,5.47,6.65,91,-0.5,10,LOW
ses_1521,SES-001521,cow_21,station_01,rfid_21,2026-08-30T07:22:00.000Z,2026-08-30T07:26:24.000Z,COMPLETED,14.3,2.90,4.14,38.5,5.52,6.66,101,3.6,8,LOW
ses_1522,SES-001522,cow_22,station_01,rfid_22,2026-08-30T06:57:00.000Z,2026-08-30T07:02:11.000Z,COMPLETED,14.07,2.50,3.57,38.6,5.68,6.62,103,-0.9,11,LOW
ses_1523,SES-001523,cow_23,station_01,rfid_23,2026-08-30T06:30:00.000Z,2026-08-30T06:35:30.000Z,COMPLETED,13.88,2.69,3.85,38.6,5.55,6.66,121,-4.3,12,LOW
ses_1524,SES-001524,cow_24,station_01,rfid_24,2026-08-30T06:27:00.000Z,2026-08-30T06:32:03.000Z,COMPLETED,14.85,2.42,3.45,38.6,5.66,6.61,108,-0.3,12,LOW
ses_1525,SES-001525,cow_25,station_01,rfid_25,2026-08-30T06:27:00.000Z,2026-08-30T06:32:38.000Z,COMPLETED,16.09,2.61,3.73,38.5,5.4,6.64,121,5.2,9,LOW
ses_1526,SES-001526,cow_26,station_01,rfid_26,2026-08-30T07:17:00.000Z,2026-08-30T07:21:16.000Z,COMPLETED,15.63,2.77,3.96,38.7,5.51,6.67,171,0.2,31,MODERATE
ses_1527,SES-001527,cow_27,station_01,rfid_27,2026-08-30T07:06:00.000Z,2026-08-30T07:10:17.000Z,COMPLETED,15.11,2.48,3.54,38.5,5.74,6.61,183,-5,31,MODERATE
ses_1528,SES-001528,cow_28,station_01,rfid_28,2026-08-30T06:27:00.000Z,2026-08-30T06:32:47.000Z,COMPLETED,15.64,2.70,3.86,38.6,5.53,6.64,201,-4,31,MODERATE
ses_1529,SES-001529,cow_29,station_01,rfid_29,2026-08-30T07:21:00.000Z,2026-08-30T07:25:14.000Z,COMPLETED,17.03,2.83,4.05,38.7,5.68,6.68,195,2.6,31,MODERATE
ses_1530,SES-001530,cow_30,station_01,rfid_30,2026-08-30T07:14:00.000Z,2026-08-30T07:19:20.000Z,COMPLETED,17.79,2.46,3.52,38.5,5.43,6.65,130,4.6,31,MODERATE
ses_1531,SES-001531,cow_1,station_01,rfid_1,2026-08-30T18:22:00.000Z,2026-08-30T18:27:38.000Z,COMPLETED,12.95,2.65,3.78,38.5,5.62,6.66,90,1.2,12,LOW
ses_1532,SES-001532,cow_2,station_01,rfid_2,2026-08-30T17:43:00.000Z,2026-08-30T17:47:54.000Z,COMPLETED,13.28,2.83,4.04,38.7,5.7,6.66,107,0.6,9,LOW
ses_1533,SES-001533,cow_3,station_01,rfid_3,2026-08-30T18:18:00.000Z,2026-08-30T18:23:53.000Z,COMPLETED,13.38,2.46,3.52,38.5,5.51,6.63,106,-1.6,14,LOW
ses_1534,SES-001534,cow_4,station_01,rfid_4,2026-08-30T17:18:00.000Z,2026-08-30T17:22:39.000Z,COMPLETED,14.06,2.72,3.88,38.6,5.63,6.68,117,1.2,13,LOW
ses_1535,SES-001535,cow_5,station_01,rfid_5,2026-08-30T17:55:00.000Z,2026-08-30T17:59:27.000Z,COMPLETED,14.31,2.84,4.06,38.8,5.43,6.69,115,0.1,11,LOW
ses_1536,SES-001536,cow_6,station_01,rfid_6,2026-08-30T18:22:00.000Z,2026-08-30T18:27:41.000Z,COMPLETED,13.9,2.51,3.59,38.6,5.55,6.63,137,-4.8,13,LOW
ses_1537,SES-001537,cow_7,station_01,rfid_7,2026-08-30T18:00:00.000Z,2026-08-30T18:05:06.000Z,COMPLETED,15.63,2.69,3.85,38.6,5.67,6.69,143,4.9,15,LOW
ses_1538,SES-001538,cow_8,station_01,rfid_8,2026-08-30T17:46:00.000Z,2026-08-30T17:50:35.000Z,COMPLETED,14.79,2.32,3.31,38.7,5.5,6.59,144,-3.3,17,LOW
ses_1539,SES-001539,cow_9,station_01,rfid_9,2026-08-30T17:26:00.000Z,2026-08-30T17:31:04.000Z,COMPLETED,15.24,2.63,3.75,38.5,5.65,6.63,161,-2.9,9,LOW
ses_1540,SES-001540,cow_10,station_01,rfid_10,2026-08-30T18:22:00.000Z,2026-08-30T18:26:35.000Z,COMPLETED,15.65,2.84,4.06,38.6,5.42,6.68,93,-2.2,7,LOW
ses_1541,SES-001541,cow_11,station_01,rfid_11,2026-08-30T17:30:00.000Z,2026-08-30T17:34:54.000Z,COMPLETED,15.72,2.45,3.5,38.7,5.62,6.65,85,-4.1,13,LOW
ses_1542,SES-001542,cow_12,station_01,rfid_12,2026-08-30T17:12:00.000Z,2026-08-30T17:17:46.000Z,COMPLETED,17.15,2.70,3.86,38.5,5.72,6.65,103,2.7,11,LOW
ses_1543,SES-001543,cow_13,station_01,rfid_13,2026-08-30T18:00:00.000Z,2026-08-30T18:04:55.000Z,COMPLETED,16.92,2.92,4.17,38.6,5.54,6.69,118,-1.1,13,LOW
ses_1544,SES-001544,cow_14,station_01,rfid_14,2026-08-30T17:47:00.000Z,2026-08-30T17:51:33.000Z,COMPLETED,17.91,2.46,3.51,38.6,5.64,6.62,129,2.9,17,LOW
ses_1545,SES-001545,cow_15,station_01,rfid_15,2026-08-30T17:26:00.000Z,2026-08-30T17:31:38.000Z,COMPLETED,18.07,2.72,3.88,38.5,5.41,6.7,125,1.5,16,LOW
ses_1546,SES-001546,cow_16,station_01,rfid_16,2026-08-30T17:37:00.000Z,2026-08-30T17:41:03.000Z,COMPLETED,18.24,2.34,3.34,38.7,5.59,6.62,124,0.8,17,LOW
ses_1547,SES-001547,cow_17,station_01,rfid_17,2026-08-30T18:19:00.000Z,2026-08-30T18:23:24.000Z,COMPLETED,18.91,2.58,3.68,38.8,5.64,6.68,137,2.8,15,LOW
ses_1548,SES-001548,cow_18,station_01,rfid_18,2026-08-30T17:14:00.000Z,2026-08-30T17:18:08.000Z,COMPLETED,12,2.74,3.91,38.5,5.56,6.69,155,-6.3,14,LOW
ses_1549,SES-001549,cow_19,station_01,rfid_19,2026-08-30T18:21:00.000Z,2026-08-30T18:26:54.000Z,COMPLETED,12.81,2.44,3.49,38.6,5.59,6.66,165,-2.2,8,LOW
ses_1550,SES-001550,cow_20,station_01,rfid_20,2026-08-30T18:00:00.000Z,2026-08-30T18:04:16.000Z,COMPLETED,12.92,2.69,3.84,38.6,5.42,6.68,93,-4.3,12,LOW
ses_1551,SES-001551,cow_21,station_01,rfid_21,2026-08-30T17:56:00.000Z,2026-08-30T18:00:34.000Z,COMPLETED,13.12,2.86,4.09,38.6,5.56,6.68,95,-4.9,16,LOW
ses_1552,SES-001552,cow_22,station_01,rfid_22,2026-08-30T17:42:00.000Z,2026-08-30T17:47:47.000Z,COMPLETED,14.94,2.46,3.51,38.5,5.73,6.65,111,5.2,12,LOW
ses_1553,SES-001553,cow_23,station_01,rfid_23,2026-08-30T17:22:00.000Z,2026-08-30T17:26:16.000Z,COMPLETED,14.46,2.77,3.96,38.7,5.54,6.69,113,-0.3,12,LOW
ses_1554,SES-001554,cow_24,station_01,rfid_24,2026-08-30T18:07:00.000Z,2026-08-30T18:11:52.000Z,COMPLETED,15.66,2.36,3.37,38.5,5.65,6.63,116,5.1,12,LOW
ses_1555,SES-001555,cow_25,station_01,rfid_25,2026-08-30T18:19:00.000Z,2026-08-30T18:24:45.000Z,COMPLETED,15.19,2.63,3.75,38.6,5.44,6.67,134,-0.7,10,LOW
ses_1556,SES-001556,cow_26,station_01,rfid_26,2026-08-30T17:22:00.000Z,2026-08-30T17:27:53.000Z,COMPLETED,15.6,2.74,3.92,38.7,5.52,6.71,174,0,31,MODERATE
ses_1557,SES-001557,cow_27,station_01,rfid_27,2026-08-30T17:15:00.000Z,2026-08-30T17:20:14.000Z,COMPLETED,16.68,2.47,3.53,38.4,5.73,6.64,195,4.9,31,MODERATE
ses_1558,SES-001558,cow_28,station_01,rfid_28,2026-08-30T17:44:00.000Z,2026-08-30T17:48:35.000Z,COMPLETED,16.64,2.66,3.8,38.6,5.51,6.64,199,2.1,31,MODERATE
ses_1559,SES-001559,cow_29,station_01,rfid_29,2026-08-30T18:03:00.000Z,2026-08-30T18:08:38.000Z,COMPLETED,16.81,2.83,4.04,38.8,5.61,6.7,206,1.3,31,MODERATE
ses_1560,SES-001560,cow_30,station_01,rfid_30,2026-08-30T17:41:00.000Z,2026-08-30T17:45:40.000Z,COMPLETED,16.56,2.56,3.66,38.5,5.41,6.62,144,-2.6,31,MODERATE
ses_1561,SES-001561,cow_1,station_01,rfid_1,2026-08-31T07:12:00.000Z,2026-08-31T07:16:03.000Z,COMPLETED,13.09,2.53,3.61,38.7,5.56,6.64,106,2.3,8,LOW
ses_1562,SES-001562,cow_2,station_01,rfid_2,2026-08-31T06:10:00.000Z,2026-08-31T06:15:24.000Z,COMPLETED,12.51,2.79,3.98,38.7,5.64,6.66,100,-5.2,16,LOW
ses_1563,SES-001563,cow_3,station_01,rfid_3,2026-08-31T06:22:00.000Z,2026-08-31T06:26:10.000Z,COMPLETED,13.29,2.45,3.5,38.5,5.52,6.66,115,-2.3,15,LOW
ses_1564,SES-001564,cow_4,station_01,rfid_4,2026-08-31T06:41:00.000Z,2026-08-31T06:45:29.000Z,COMPLETED,13.91,2.62,3.74,38.7,5.59,6.63,120,0.1,10,LOW
ses_1565,SES-001565,cow_5,station_01,rfid_5,2026-08-31T06:53:00.000Z,2026-08-31T06:57:26.000Z,COMPLETED,14.33,2.88,4.12,38.7,5.51,6.71,125,0.2,15,LOW
ses_1566,SES-001566,cow_6,station_01,rfid_6,2026-08-31T07:05:00.000Z,2026-08-31T07:09:36.000Z,COMPLETED,14.36,2.50,3.57,38.5,5.56,6.61,130,-1.6,8,LOW
ses_1567,SES-001567,cow_7,station_01,rfid_7,2026-08-31T06:18:00.000Z,2026-08-31T06:22:05.000Z,COMPLETED,15.43,2.77,3.95,38.5,5.7,6.68,139,3.6,11,LOW
ses_1568,SES-001568,cow_8,station_01,rfid_8,2026-08-31T06:23:00.000Z,2026-08-31T06:27:28.000Z,COMPLETED,15.17,2.39,3.42,38.8,5.5,6.63,137,-0.8,12,LOW
ses_1569,SES-001569,cow_9,station_01,rfid_9,2026-08-31T07:26:00.000Z,2026-08-31T07:31:40.000Z,COMPLETED,15.39,2.57,3.67,38.5,5.64,6.67,154,-2,13,LOW
ses_1570,SES-001570,cow_10,station_01,rfid_10,2026-08-31T06:03:00.000Z,2026-08-31T06:08:06.000Z,COMPLETED,16.19,2.73,3.9,38.7,5.45,6.68,99,1.2,16,LOW
ses_1571,SES-001571,cow_11,station_01,rfid_11,2026-08-31T07:29:00.000Z,2026-08-31T07:35:00.000Z,COMPLETED,17.18,2.39,3.42,38.7,5.57,6.63,86,4.8,7,LOW
ses_1572,SES-001572,cow_12,station_01,rfid_12,2026-08-31T06:54:00.000Z,2026-08-31T06:59:30.000Z,COMPLETED,17.37,2.61,3.73,38.5,5.71,6.65,100,4,11,LOW
ses_1573,SES-001573,cow_13,station_01,rfid_13,2026-08-31T06:10:00.000Z,2026-08-31T06:15:54.000Z,COMPLETED,16.37,2.88,4.11,38.6,5.48,6.67,113,-4.3,13,LOW
ses_1574,SES-001574,cow_14,station_01,rfid_14,2026-08-31T07:16:00.000Z,2026-08-31T07:21:29.000Z,COMPLETED,16.75,2.56,3.66,38.6,5.58,6.66,120,-3.7,12,LOW
ses_1575,SES-001575,cow_15,station_01,rfid_15,2026-08-31T06:00:00.000Z,2026-08-31T06:04:33.000Z,COMPLETED,18.34,2.76,3.94,38.5,5.47,6.68,119,3,8,LOW
ses_1576,SES-001576,cow_16,station_01,rfid_16,2026-08-31T06:07:00.000Z,2026-08-31T06:11:56.000Z,COMPLETED,18.29,2.39,3.41,38.6,5.52,6.64,126,1,10,LOW
ses_1577,SES-001577,cow_17,station_01,rfid_17,2026-08-31T06:21:00.000Z,2026-08-31T06:26:17.000Z,COMPLETED,18.92,2.55,3.64,38.7,5.68,6.62,140,2.8,14,LOW
ses_1578,SES-001578,cow_18,station_01,rfid_18,2026-08-31T07:14:00.000Z,2026-08-31T07:18:19.000Z,COMPLETED,12.41,2.86,4.08,38.6,5.53,6.65,141,-3,16,LOW
ses_1579,SES-001579,cow_19,station_01,rfid_19,2026-08-31T06:50:00.000Z,2026-08-31T06:55:44.000Z,COMPLETED,12.37,2.44,3.48,38.5,5.64,6.64,159,-5.6,16,LOW
ses_1580,SES-001580,cow_20,station_01,rfid_20,2026-08-31T06:25:00.000Z,2026-08-31T06:30:51.000Z,COMPLETED,13.78,2.72,3.88,38.6,5.5,6.63,93,2.1,15,LOW
ses_1581,SES-001581,cow_21,station_01,rfid_21,2026-08-31T07:21:00.000Z,2026-08-31T07:26:40.000Z,COMPLETED,14.51,2.92,4.17,38.6,5.61,6.69,107,5.1,9,LOW
ses_1582,SES-001582,cow_22,station_01,rfid_22,2026-08-31T06:24:00.000Z,2026-08-31T06:29:03.000Z,COMPLETED,14.7,2.51,3.58,38.6,5.67,6.65,101,3.5,16,LOW
ses_1583,SES-001583,cow_23,station_01,rfid_23,2026-08-31T06:17:00.000Z,2026-08-31T06:22:33.000Z,COMPLETED,13.8,2.77,3.95,38.6,5.51,6.65,115,-4.8,8,LOW
ses_1584,SES-001584,cow_24,station_01,rfid_24,2026-08-31T06:35:00.000Z,2026-08-31T06:39:23.000Z,COMPLETED,15.02,2.42,3.46,38.5,5.65,6.63,124,0.8,14,LOW
ses_1585,SES-001585,cow_25,station_01,rfid_25,2026-08-31T06:20:00.000Z,2026-08-31T06:25:21.000Z,COMPLETED,16.09,2.60,3.71,38.6,5.43,6.63,136,5.2,8,LOW
ses_1586,SES-001586,cow_26,station_01,rfid_26,2026-08-31T06:56:00.000Z,2026-08-31T07:02:00.000Z,COMPLETED,15.48,2.81,4.01,38.7,5.59,6.66,185,-0.8,32,MODERATE
ses_1587,SES-001587,cow_27,station_01,rfid_27,2026-08-31T06:42:00.000Z,2026-08-31T06:46:47.000Z,COMPLETED,15.93,2.48,3.54,38.5,5.68,6.63,203,0.2,32,MODERATE
ses_1588,SES-001588,cow_28,station_01,rfid_28,2026-08-31T06:13:00.000Z,2026-08-31T06:18:17.000Z,COMPLETED,16.36,2.67,3.81,38.5,5.55,6.68,201,0.4,32,MODERATE
ses_1589,SES-001589,cow_29,station_01,rfid_29,2026-08-31T06:53:00.000Z,2026-08-31T06:57:05.000Z,COMPLETED,17.24,2.91,4.15,38.7,5.6,6.71,204,3.9,32,MODERATE
ses_1590,SES-001590,cow_30,station_01,rfid_30,2026-08-31T07:05:00.000Z,2026-08-31T07:09:21.000Z,COMPLETED,16.38,2.53,3.61,38.6,5.47,6.66,140,-3.6,32,MODERATE
ses_1591,SES-001591,cow_1,station_01,rfid_1,2026-08-31T18:04:00.000Z,2026-08-31T18:08:05.000Z,COMPLETED,13.34,2.54,3.63,38.5,5.54,6.67,96,4.2,16,LOW
ses_1592,SES-001592,cow_2,station_01,rfid_2,2026-08-31T17:41:00.000Z,2026-08-31T17:45:51.000Z,COMPLETED,13.67,2.76,3.94,38.7,5.74,6.69,94,3.6,13,LOW
ses_1593,SES-001593,cow_3,station_01,rfid_3,2026-08-31T17:13:00.000Z,2026-08-31T17:18:56.000Z,COMPLETED,13.4,2.42,3.46,38.5,5.54,6.6,105,-1.5,13,LOW
ses_1594,SES-001594,cow_4,station_01,rfid_4,2026-08-31T17:48:00.000Z,2026-08-31T17:52:38.000Z,COMPLETED,13.67,2.70,3.86,38.6,5.61,6.68,123,-1.7,16,LOW
ses_1595,SES-001595,cow_5,station_01,rfid_5,2026-08-31T18:03:00.000Z,2026-08-31T18:07:15.000Z,COMPLETED,14.38,2.81,4.02,38.7,5.45,6.69,124,0.6,7,LOW
ses_1596,SES-001596,cow_6,station_01,rfid_6,2026-08-31T17:17:00.000Z,2026-08-31T17:21:42.000Z,COMPLETED,14.41,2.53,3.61,38.4,5.52,6.61,130,-1.3,13,LOW
ses_1597,SES-001597,cow_7,station_01,rfid_7,2026-08-31T17:52:00.000Z,2026-08-31T17:56:31.000Z,COMPLETED,14.49,2.79,3.99,38.5,5.74,6.66,133,-2.8,15,LOW
ses_1598,SES-001598,cow_8,station_01,rfid_8,2026-08-31T17:07:00.000Z,2026-08-31T17:12:09.000Z,COMPLETED,14.58,2.44,3.49,38.7,5.52,6.64,157,-4.7,16,LOW
ses_1599,SES-001599,cow_9,station_01,rfid_9,2026-08-31T17:30:00.000Z,2026-08-31T17:35:41.000Z,COMPLETED,15.65,2.61,3.73,38.4,5.61,6.65,163,-0.3,14,LOW
ses_1600,SES-001600,cow_10,station_01,rfid_10,2026-08-31T18:17:00.000Z,2026-08-31T18:22:29.000Z,COMPLETED,15.69,2.83,4.05,38.6,5.42,6.68,95,-1.9,15,LOW
ses_1601,SES-001601,cow_11,station_01,rfid_11,2026-08-31T17:59:00.000Z,2026-08-31T18:03:29.000Z,COMPLETED,16.48,2.44,3.48,38.7,5.57,6.64,101,0.5,10,LOW
ses_1602,SES-001602,cow_12,station_01,rfid_12,2026-08-31T17:37:00.000Z,2026-08-31T17:42:56.000Z,COMPLETED,16.53,2.63,3.75,38.6,5.75,6.68,115,-1,10,LOW
ses_1603,SES-001603,cow_13,station_01,rfid_13,2026-08-31T17:38:00.000Z,2026-08-31T17:43:57.000Z,COMPLETED,17.7,2.89,4.13,38.5,5.53,6.69,114,3.5,12,LOW
ses_1604,SES-001604,cow_14,station_01,rfid_14,2026-08-31T18:06:00.000Z,2026-08-31T18:11:24.000Z,COMPLETED,16.75,2.55,3.64,38.8,5.63,6.63,119,-3.7,17,LOW
ses_1605,SES-001605,cow_15,station_01,rfid_15,2026-08-31T17:47:00.000Z,2026-08-31T17:52:46.000Z,COMPLETED,18.15,2.66,3.8,38.6,5.45,6.66,134,2,16,LOW
ses_1606,SES-001606,cow_16,station_01,rfid_16,2026-08-31T17:41:00.000Z,2026-08-31T17:45:38.000Z,COMPLETED,18.55,2.35,3.36,38.6,5.58,6.6,128,2.5,13,LOW
ses_1607,SES-001607,cow_17,station_01,rfid_17,2026-08-31T17:09:00.000Z,2026-08-31T17:14:17.000Z,COMPLETED,18.53,2.65,3.78,38.7,5.71,6.65,144,0.7,7,LOW
ses_1608,SES-001608,cow_18,station_01,rfid_18,2026-08-31T17:42:00.000Z,2026-08-31T17:47:41.000Z,COMPLETED,12.31,2.77,3.96,38.5,5.57,6.71,140,-3.8,15,LOW
ses_1609,SES-001609,cow_19,station_01,rfid_19,2026-08-31T17:05:00.000Z,2026-08-31T17:10:26.000Z,COMPLETED,13.09,2.47,3.53,38.6,5.66,6.62,163,-0.1,17,LOW
ses_1610,SES-001610,cow_20,station_01,rfid_20,2026-08-31T17:20:00.000Z,2026-08-31T17:24:45.000Z,COMPLETED,13.23,2.60,3.71,38.7,5.42,6.67,78,-2,12,LOW
ses_1611,SES-001611,cow_21,station_01,rfid_21,2026-08-31T18:11:00.000Z,2026-08-31T18:16:24.000Z,COMPLETED,14.25,2.91,4.15,38.5,5.55,6.68,92,3.3,7,LOW
ses_1612,SES-001612,cow_22,station_01,rfid_22,2026-08-31T17:24:00.000Z,2026-08-31T17:29:48.000Z,COMPLETED,14.06,2.55,3.64,38.6,5.63,6.62,115,-1,11,LOW
ses_1613,SES-001613,cow_23,station_01,rfid_23,2026-08-31T18:19:00.000Z,2026-08-31T18:24:42.000Z,COMPLETED,14.78,2.72,3.88,38.6,5.51,6.66,119,1.9,11,LOW
ses_1614,SES-001614,cow_24,station_01,rfid_24,2026-08-31T17:53:00.000Z,2026-08-31T17:58:28.000Z,COMPLETED,15.05,2.37,3.39,38.4,5.64,6.62,119,1,9,LOW
ses_1615,SES-001615,cow_25,station_01,rfid_25,2026-08-31T17:45:00.000Z,2026-08-31T17:49:53.000Z,COMPLETED,14.72,2.57,3.67,38.6,5.4,6.62,137,-3.8,16,LOW
ses_1616,SES-001616,cow_26,station_01,rfid_26,2026-08-31T17:22:00.000Z,2026-08-31T17:27:10.000Z,COMPLETED,15.81,2.84,4.06,38.8,5.61,6.7,178,1.3,32,MODERATE
ses_1617,SES-001617,cow_27,station_01,rfid_27,2026-08-31T18:20:00.000Z,2026-08-31T18:25:39.000Z,COMPLETED,15.14,2.38,3.4,38.4,5.74,6.66,196,-4.8,32,MODERATE
ses_1618,SES-001618,cow_28,station_01,rfid_28,2026-08-31T18:01:00.000Z,2026-08-31T18:05:11.000Z,COMPLETED,16.21,2.64,3.77,38.6,5.48,6.64,210,-0.6,32,MODERATE
ses_1619,SES-001619,cow_29,station_01,rfid_29,2026-08-31T17:58:00.000Z,2026-08-31T18:02:07.000Z,COMPLETED,16.77,2.86,4.08,38.8,5.58,6.7,210,1,32,MODERATE
ses_1620,SES-001620,cow_30,station_01,rfid_30,2026-08-31T18:20:00.000Z,2026-08-31T18:25:23.000Z,COMPLETED,17.64,2.58,3.69,38.5,5.42,6.66,154,3.8,32,MODERATE
ses_1621,SES-001621,cow_1,station_01,rfid_1,2026-09-01T07:21:00.000Z,2026-09-01T07:26:56.000Z,COMPLETED,12.34,2.55,3.64,38.7,5.62,6.67,101,-3.6,12,LOW
ses_1622,SES-001622,cow_2,station_01,rfid_2,2026-09-01T06:04:00.000Z,2026-09-01T06:08:49.000Z,COMPLETED,12.88,2.79,3.99,38.8,5.71,6.71,106,-2.4,14,LOW
ses_1623,SES-001623,cow_3,station_01,rfid_3,2026-09-01T07:26:00.000Z,2026-09-01T07:30:38.000Z,COMPLETED,13.41,2.48,3.54,38.5,5.5,6.66,119,-1.4,15,LOW
ses_1624,SES-001624,cow_4,station_01,rfid_4,2026-09-01T06:33:00.000Z,2026-09-01T06:37:11.000Z,COMPLETED,14.23,2.69,3.84,38.6,5.58,6.65,117,2.4,10,LOW
ses_1625,SES-001625,cow_5,station_01,rfid_5,2026-09-01T07:26:00.000Z,2026-09-01T07:30:02.000Z,COMPLETED,14.53,2.91,4.16,38.7,5.49,6.66,117,1.6,12,LOW
ses_1626,SES-001626,cow_6,station_01,rfid_6,2026-09-01T06:07:00.000Z,2026-09-01T06:11:23.000Z,COMPLETED,13.8,2.53,3.62,38.4,5.63,6.66,143,-5.5,15,LOW
ses_1627,SES-001627,cow_7,station_01,rfid_7,2026-09-01T06:48:00.000Z,2026-09-01T06:53:30.000Z,COMPLETED,14.5,2.77,3.95,38.6,5.7,6.65,147,-2.7,14,LOW
ses_1628,SES-001628,cow_8,station_01,rfid_8,2026-09-01T07:24:00.000Z,2026-09-01T07:29:26.000Z,COMPLETED,15.6,2.35,3.36,38.8,5.56,6.63,158,2,8,LOW
ses_1629,SES-001629,cow_9,station_01,rfid_9,2026-09-01T06:39:00.000Z,2026-09-01T06:44:32.000Z,COMPLETED,16.46,2.56,3.66,38.5,5.67,6.63,143,4.8,10,LOW
ses_1630,SES-001630,cow_10,station_01,rfid_10,2026-09-01T06:58:00.000Z,2026-09-01T07:02:32.000Z,COMPLETED,15.21,2.87,4.1,38.6,5.41,6.67,78,-4.9,15,LOW
ses_1631,SES-001631,cow_11,station_01,rfid_11,2026-09-01T06:13:00.000Z,2026-09-01T06:18:26.000Z,COMPLETED,16.39,2.47,3.53,38.8,5.6,6.63,94,-0.1,10,LOW
ses_1632,SES-001632,cow_12,station_01,rfid_12,2026-09-01T07:24:00.000Z,2026-09-01T07:28:13.000Z,COMPLETED,16.29,2.68,3.83,38.4,5.66,6.67,108,-2.5,15,LOW
ses_1633,SES-001633,cow_13,station_01,rfid_13,2026-09-01T07:12:00.000Z,2026-09-01T07:17:57.000Z,COMPLETED,16.66,2.86,4.08,38.6,5.56,6.7,114,-2.6,10,LOW
ses_1634,SES-001634,cow_14,station_01,rfid_14,2026-09-01T07:17:00.000Z,2026-09-01T07:22:30.000Z,COMPLETED,17.24,2.48,3.54,38.8,5.64,6.65,114,-0.9,17,LOW
ses_1635,SES-001635,cow_15,station_01,rfid_15,2026-09-01T07:02:00.000Z,2026-09-01T07:06:49.000Z,COMPLETED,17.58,2.79,3.98,38.6,5.42,6.67,133,-1.2,8,LOW
ses_1636,SES-001636,cow_16,station_01,rfid_16,2026-09-01T07:02:00.000Z,2026-09-01T07:07:32.000Z,COMPLETED,18,2.39,3.42,38.6,5.52,6.64,120,-0.6,9,LOW
ses_1637,SES-001637,cow_17,station_01,rfid_17,2026-09-01T06:51:00.000Z,2026-09-01T06:55:47.000Z,COMPLETED,18.37,2.53,3.61,38.6,5.66,6.66,146,-0.2,7,LOW
ses_1638,SES-001638,cow_18,station_01,rfid_18,2026-09-01T06:45:00.000Z,2026-09-01T06:49:33.000Z,COMPLETED,12.02,2.86,4.09,38.5,5.51,6.67,143,-6.1,12,LOW
ses_1639,SES-001639,cow_19,station_01,rfid_19,2026-09-01T06:16:00.000Z,2026-09-01T06:20:01.000Z,COMPLETED,13.23,2.47,3.53,38.6,5.57,6.64,164,1,15,LOW
ses_1640,SES-001640,cow_20,station_01,rfid_20,2026-09-01T06:50:00.000Z,2026-09-01T06:55:27.000Z,COMPLETED,12.88,2.72,3.89,38.7,5.48,6.64,84,-4.6,12,LOW
ses_1641,SES-001641,cow_21,station_01,rfid_21,2026-09-01T06:10:00.000Z,2026-09-01T06:14:46.000Z,COMPLETED,14.11,2.87,4.1,38.6,5.52,6.68,89,2.2,7,LOW
ses_1642,SES-001642,cow_22,station_01,rfid_22,2026-09-01T06:07:00.000Z,2026-09-01T06:12:42.000Z,COMPLETED,13.63,2.45,3.5,38.5,5.74,6.65,108,-4,14,LOW
ses_1643,SES-001643,cow_23,station_01,rfid_23,2026-09-01T07:21:00.000Z,2026-09-01T07:26:49.000Z,COMPLETED,14.54,2.71,3.87,38.7,5.5,6.67,116,0.3,16,LOW
ses_1644,SES-001644,cow_24,station_01,rfid_24,2026-09-01T06:52:00.000Z,2026-09-01T06:56:49.000Z,COMPLETED,15.41,2.37,3.39,38.4,5.6,6.59,124,3.4,13,LOW
ses_1645,SES-001645,cow_25,station_01,rfid_25,2026-09-01T06:06:00.000Z,2026-09-01T06:10:30.000Z,COMPLETED,15.29,2.53,3.61,38.7,5.46,6.65,133,-0.1,16,LOW
ses_1646,SES-001646,cow_26,station_01,rfid_26,2026-09-01T07:19:00.000Z,2026-09-01T07:24:14.000Z,COMPLETED,15.44,2.83,4.05,38.8,5.54,6.66,187,-1,33,MODERATE
ses_1647,SES-001647,cow_27,station_01,rfid_27,2026-09-01T06:11:00.000Z,2026-09-01T06:16:04.000Z,COMPLETED,15.58,2.39,3.41,38.5,5.67,6.65,195,-2,33,MODERATE
ses_1648,SES-001648,cow_28,station_01,rfid_28,2026-09-01T06:47:00.000Z,2026-09-01T06:52:57.000Z,COMPLETED,17.1,2.72,3.89,38.7,5.53,6.68,209,4.9,33,MODERATE
ses_1649,SES-001649,cow_29,station_01,rfid_29,2026-09-01T07:01:00.000Z,2026-09-01T07:06:19.000Z,COMPLETED,17.28,2.90,4.14,38.8,5.62,6.66,222,4.1,33,MODERATE
ses_1650,SES-001650,cow_30,station_01,rfid_30,2026-09-01T06:16:00.000Z,2026-09-01T06:21:20.000Z,COMPLETED,17.27,2.51,3.58,38.4,5.44,6.64,151,1.6,33,MODERATE
ses_1651,SES-001651,cow_1,station_01,rfid_1,2026-09-01T18:24:00.000Z,2026-09-01T18:28:13.000Z,COMPLETED,12.75,2.55,3.64,38.6,5.56,6.68,92,-0.4,11,LOW
ses_1652,SES-001652,cow_2,station_01,rfid_2,2026-09-01T18:27:00.000Z,2026-09-01T18:31:51.000Z,COMPLETED,12.76,2.75,3.93,38.8,5.72,6.69,94,-3.3,13,LOW
ses_1653,SES-001653,cow_3,station_01,rfid_3,2026-09-01T17:45:00.000Z,2026-09-01T17:49:22.000Z,COMPLETED,13.58,2.51,3.59,38.6,5.47,6.62,107,-0.1,10,LOW
ses_1654,SES-001654,cow_4,station_01,rfid_4,2026-09-01T17:37:00.000Z,2026-09-01T17:42:16.000Z,COMPLETED,14.6,2.60,3.71,38.7,5.62,6.67,110,5,8,LOW
ses_1655,SES-001655,cow_5,station_01,rfid_5,2026-09-01T17:56:00.000Z,2026-09-01T18:00:26.000Z,COMPLETED,13.92,2.87,4.1,38.6,5.49,6.71,131,-2.7,9,LOW
ses_1656,SES-001656,cow_6,station_01,rfid_6,2026-09-01T17:29:00.000Z,2026-09-01T17:34:25.000Z,COMPLETED,15.21,2.48,3.55,38.5,5.58,6.64,121,4.2,14,LOW
ses_1657,SES-001657,cow_7,station_01,rfid_7,2026-09-01T17:29:00.000Z,2026-09-01T17:34:25.000Z,COMPLETED,15.12,2.74,3.92,38.6,5.67,6.64,136,1.5,11,LOW
ses_1658,SES-001658,cow_8,station_01,rfid_8,2026-09-01T17:52:00.000Z,2026-09-01T17:57:42.000Z,COMPLETED,14.79,2.40,3.43,38.6,5.52,6.59,154,-3.3,13,LOW
ses_1659,SES-001659,cow_9,station_01,rfid_9,2026-09-01T17:57:00.000Z,2026-09-01T18:01:18.000Z,COMPLETED,15.41,2.63,3.76,38.5,5.59,6.66,144,-1.8,14,LOW
ses_1660,SES-001660,cow_10,station_01,rfid_10,2026-09-01T17:15:00.000Z,2026-09-01T17:19:46.000Z,COMPLETED,16.04,2.79,3.99,38.5,5.46,6.69,81,0.2,13,LOW
ses_1661,SES-001661,cow_11,station_01,rfid_11,2026-09-01T17:41:00.000Z,2026-09-01T17:45:25.000Z,COMPLETED,16.72,2.47,3.53,38.7,5.6,6.65,94,2,17,LOW
ses_1662,SES-001662,cow_12,station_01,rfid_12,2026-09-01T17:08:00.000Z,2026-09-01T17:12:08.000Z,COMPLETED,17.05,2.67,3.81,38.6,5.64,6.67,110,2.1,10,LOW
ses_1663,SES-001663,cow_13,station_01,rfid_13,2026-09-01T17:49:00.000Z,2026-09-01T17:54:10.000Z,COMPLETED,17.43,2.88,4.11,38.7,5.56,6.66,103,1.9,12,LOW
ses_1664,SES-001664,cow_14,station_01,rfid_14,2026-09-01T17:50:00.000Z,2026-09-01T17:54:35.000Z,COMPLETED,17.84,2.53,3.61,38.6,5.64,6.64,122,2.5,10,LOW
ses_1665,SES-001665,cow_15,station_01,rfid_15,2026-09-01T18:18:00.000Z,2026-09-01T18:23:32.000Z,COMPLETED,17.47,2.75,3.93,38.5,5.42,6.67,117,-1.9,7,LOW
ses_1666,SES-001666,cow_16,station_01,rfid_16,2026-09-01T18:12:00.000Z,2026-09-01T18:17:44.000Z,COMPLETED,18.35,2.44,3.48,38.5,5.6,6.59,121,1.4,9,LOW
ses_1667,SES-001667,cow_17,station_01,rfid_17,2026-09-01T17:54:00.000Z,2026-09-01T17:59:35.000Z,COMPLETED,17.84,2.62,3.74,38.8,5.64,6.66,129,-3,9,LOW
ses_1668,SES-001668,cow_18,station_01,rfid_18,2026-09-01T17:14:00.000Z,2026-09-01T17:19:38.000Z,COMPLETED,12.08,2.86,4.09,38.6,5.56,6.66,156,-5.6,9,LOW
ses_1669,SES-001669,cow_19,station_01,rfid_19,2026-09-01T17:07:00.000Z,2026-09-01T17:11:59.000Z,COMPLETED,13.41,2.51,3.58,38.6,5.68,6.63,150,2.4,9,LOW
ses_1670,SES-001670,cow_20,station_01,rfid_20,2026-09-01T17:26:00.000Z,2026-09-01T17:30:36.000Z,COMPLETED,12.98,2.64,3.77,38.6,5.41,6.63,85,-3.9,16,LOW
ses_1671,SES-001671,cow_21,station_01,rfid_21,2026-09-01T18:21:00.000Z,2026-09-01T18:26:56.000Z,COMPLETED,13.67,2.94,4.2,38.6,5.55,6.7,109,-0.9,9,LOW
ses_1672,SES-001672,cow_22,station_01,rfid_22,2026-09-01T18:10:00.000Z,2026-09-01T18:14:44.000Z,COMPLETED,14.1,2.59,3.7,38.6,5.64,6.66,114,-0.7,12,LOW
ses_1673,SES-001673,cow_23,station_01,rfid_23,2026-09-01T17:27:00.000Z,2026-09-01T17:32:03.000Z,COMPLETED,13.91,2.67,3.82,38.7,5.49,6.65,122,-4.1,13,LOW
ses_1674,SES-001674,cow_24,station_01,rfid_24,2026-09-01T17:03:00.000Z,2026-09-01T17:08:30.000Z,COMPLETED,14.35,2.37,3.38,38.5,5.64,6.62,114,-3.7,9,LOW
ses_1675,SES-001675,cow_25,station_01,rfid_25,2026-09-01T17:20:00.000Z,2026-09-01T17:24:10.000Z,COMPLETED,14.92,2.65,3.78,38.6,5.51,6.65,125,-2.5,16,LOW
ses_1676,SES-001676,cow_26,station_01,rfid_26,2026-09-01T18:20:00.000Z,2026-09-01T18:24:03.000Z,COMPLETED,15.6,2.79,3.99,38.7,5.52,6.69,191,0,33,MODERATE
ses_1677,SES-001677,cow_27,station_01,rfid_27,2026-09-01T17:48:00.000Z,2026-09-01T17:52:10.000Z,COMPLETED,15.39,2.42,3.45,38.5,5.68,6.62,195,-3.2,33,MODERATE
ses_1678,SES-001678,cow_28,station_01,rfid_28,2026-09-01T17:23:00.000Z,2026-09-01T17:28:50.000Z,COMPLETED,17.07,2.68,3.83,38.5,5.56,6.63,206,4.7,33,MODERATE
ses_1679,SES-001679,cow_29,station_01,rfid_29,2026-09-01T17:30:00.000Z,2026-09-01T17:34:38.000Z,COMPLETED,15.94,2.87,4.1,38.6,5.66,6.68,208,-4,33,MODERATE
ses_1680,SES-001680,cow_30,station_01,rfid_30,2026-09-01T18:06:00.000Z,2026-09-01T18:10:32.000Z,COMPLETED,16.22,2.56,3.66,38.4,5.4,6.61,143,-4.6,33,MODERATE
ses_1681,SES-001681,cow_1,station_01,rfid_1,2026-09-02T06:49:00.000Z,2026-09-02T06:54:49.000Z,COMPLETED,12.5,2.60,3.72,38.6,5.62,6.63,100,-2.3,8,LOW
ses_1682,SES-001682,cow_2,station_01,rfid_2,2026-09-02T06:39:00.000Z,2026-09-02T06:44:01.000Z,COMPLETED,13.71,2.80,4,38.7,5.68,6.67,96,3.9,15,LOW
ses_1683,SES-001683,cow_3,station_01,rfid_3,2026-09-02T06:02:00.000Z,2026-09-02T06:07:51.000Z,COMPLETED,13.1,2.38,3.4,38.5,5.47,6.65,115,-3.7,14,LOW
ses_1684,SES-001684,cow_4,station_01,rfid_4,2026-09-02T07:01:00.000Z,2026-09-02T07:05:45.000Z,COMPLETED,14.47,2.65,3.79,38.6,5.65,6.69,116,4.1,12,LOW
ses_1685,SES-001685,cow_5,station_01,rfid_5,2026-09-02T06:03:00.000Z,2026-09-02T06:08:53.000Z,COMPLETED,14.39,2.91,4.15,38.8,5.47,6.7,113,0.6,14,LOW
ses_1686,SES-001686,cow_6,station_01,rfid_6,2026-09-02T07:14:00.000Z,2026-09-02T07:19:47.000Z,COMPLETED,14.9,2.51,3.58,38.4,5.53,6.62,143,2.1,10,LOW
ses_1687,SES-001687,cow_7,station_01,rfid_7,2026-09-02T06:59:00.000Z,2026-09-02T07:03:38.000Z,COMPLETED,15.25,2.67,3.82,38.6,5.72,6.67,140,2.3,10,LOW
ses_1688,SES-001688,cow_8,station_01,rfid_8,2026-09-02T06:09:00.000Z,2026-09-02T06:14:26.000Z,COMPLETED,14.7,2.43,3.47,38.6,5.49,6.64,144,-3.9,14,LOW
ses_1689,SES-001689,cow_9,station_01,rfid_9,2026-09-02T06:25:00.000Z,2026-09-02T06:30:40.000Z,COMPLETED,16.4,2.63,3.75,38.4,5.67,6.65,146,4.5,10,LOW
ses_1690,SES-001690,cow_10,station_01,rfid_10,2026-09-02T06:58:00.000Z,2026-09-02T07:02:46.000Z,COMPLETED,16.62,2.78,3.97,38.5,5.48,6.65,93,3.9,15,LOW
ses_1691,SES-001691,cow_11,station_01,rfid_11,2026-09-02T06:38:00.000Z,2026-09-02T06:42:56.000Z,COMPLETED,16.4,2.51,3.59,38.6,5.53,6.64,96,0,10,LOW
ses_1692,SES-001692,cow_12,station_01,rfid_12,2026-09-02T06:24:00.000Z,2026-09-02T06:29:54.000Z,COMPLETED,16.63,2.70,3.86,38.4,5.67,6.67,95,-0.4,16,LOW
ses_1693,SES-001693,cow_13,station_01,rfid_13,2026-09-02T06:22:00.000Z,2026-09-02T06:27:39.000Z,COMPLETED,17.74,2.85,4.07,38.5,5.48,6.71,104,3.7,15,LOW
ses_1694,SES-001694,cow_14,station_01,rfid_14,2026-09-02T06:08:00.000Z,2026-09-02T06:12:04.000Z,COMPLETED,17.54,2.55,3.64,38.8,5.62,6.65,111,0.8,10,LOW
ses_1695,SES-001695,cow_15,station_01,rfid_15,2026-09-02T06:49:00.000Z,2026-09-02T06:54:51.000Z,COMPLETED,17.65,2.67,3.81,38.4,5.48,6.67,115,-0.8,10,LOW
ses_1696,SES-001696,cow_16,station_01,rfid_16,2026-09-02T07:24:00.000Z,2026-09-02T07:29:10.000Z,COMPLETED,17.72,2.37,3.38,38.6,5.62,6.64,128,-2.1,17,LOW
ses_1697,SES-001697,cow_17,station_01,rfid_17,2026-09-02T06:33:00.000Z,2026-09-02T06:37:06.000Z,COMPLETED,19.07,2.53,3.62,38.7,5.67,6.66,134,3.6,8,LOW
ses_1698,SES-001698,cow_18,station_01,rfid_18,2026-09-02T07:08:00.000Z,2026-09-02T07:12:09.000Z,COMPLETED,12.75,2.85,4.07,38.4,5.55,6.68,154,-0.4,11,LOW
ses_1699,SES-001699,cow_19,station_01,rfid_19,2026-09-02T07:13:00.000Z,2026-09-02T07:18:13.000Z,COMPLETED,12.58,2.44,3.48,38.5,5.61,6.61,165,-4,15,LOW
ses_1700,SES-001700,cow_20,station_01,rfid_20,2026-09-02T06:27:00.000Z,2026-09-02T06:31:38.000Z,COMPLETED,12.85,2.67,3.82,38.7,5.43,6.64,85,-4.8,12,LOW
ses_1701,SES-001701,cow_21,station_01,rfid_21,2026-09-02T06:24:00.000Z,2026-09-02T06:29:44.000Z,COMPLETED,13.68,2.82,4.03,38.5,5.59,6.69,103,-0.9,8,LOW
ses_1702,SES-001702,cow_22,station_01,rfid_22,2026-09-02T06:28:00.000Z,2026-09-02T06:32:34.000Z,COMPLETED,14.69,2.51,3.58,38.5,5.7,6.66,111,3.5,16,LOW
ses_1703,SES-001703,cow_23,station_01,rfid_23,2026-09-02T07:28:00.000Z,2026-09-02T07:33:00.000Z,COMPLETED,14.26,2.66,3.8,38.7,5.52,6.69,101,-1.7,15,LOW
ses_1704,SES-001704,cow_24,station_01,rfid_24,2026-09-02T06:20:00.000Z,2026-09-02T06:25:25.000Z,COMPLETED,15.48,2.43,3.47,38.6,5.65,6.63,107,3.9,14,LOW
ses_1705,SES-001705,cow_25,station_01,rfid_25,2026-09-02T06:26:00.000Z,2026-09-02T06:30:42.000Z,COMPLETED,15.39,2.58,3.68,38.7,5.47,6.67,132,0.6,8,LOW
ses_1706,SES-001706,cow_26,station_01,rfid_26,2026-09-02T06:49:00.000Z,2026-09-02T06:53:42.000Z,COMPLETED,14.91,2.74,3.92,38.7,5.54,6.68,200,-4.4,34,MODERATE
ses_1707,SES-001707,cow_27,station_01,rfid_27,2026-09-02T06:04:00.000Z,2026-09-02T06:09:42.000Z,COMPLETED,15.94,2.48,3.55,38.5,5.67,6.61,209,0.3,34,MODERATE
ses_1708,SES-001708,cow_28,station_01,rfid_28,2026-09-02T06:54:00.000Z,2026-09-02T06:58:08.000Z,COMPLETED,16.47,2.63,3.75,38.5,5.56,6.67,212,1,34,MODERATE
ses_1709,SES-001709,cow_29,station_01,rfid_29,2026-09-02T07:24:00.000Z,2026-09-02T07:29:21.000Z,COMPLETED,16.87,2.81,4.01,38.7,5.67,6.66,224,1.6,34,MODERATE
ses_1710,SES-001710,cow_30,station_01,rfid_30,2026-09-02T07:18:00.000Z,2026-09-02T07:23:23.000Z,COMPLETED,17.28,2.48,3.54,38.6,5.4,6.65,152,1.6,34,MODERATE
ses_1711,SES-001711,cow_1,station_01,rfid_1,2026-09-02T18:29:00.000Z,2026-09-02T18:34:49.000Z,COMPLETED,13.59,2.63,3.75,38.7,5.52,6.63,90,6.2,12,LOW
ses_1712,SES-001712,cow_2,station_01,rfid_2,2026-09-02T17:57:00.000Z,2026-09-02T18:03:00.000Z,COMPLETED,13.49,2.74,3.91,38.7,5.64,6.7,108,2.2,15,LOW
ses_1713,SES-001713,cow_3,station_01,rfid_3,2026-09-02T17:22:00.000Z,2026-09-02T17:26:30.000Z,COMPLETED,13.11,2.48,3.54,38.6,5.56,6.62,103,-3.6,14,LOW
ses_1714,SES-001714,cow_4,station_01,rfid_4,2026-09-02T17:57:00.000Z,2026-09-02T18:02:08.000Z,COMPLETED,14.08,2.59,3.7,38.5,5.57,6.68,115,1.3,10,LOW
ses_1715,SES-001715,cow_5,station_01,rfid_5,2026-09-02T18:24:00.000Z,2026-09-02T18:29:58.000Z,COMPLETED,14.22,2.91,4.15,38.8,5.45,6.67,122,-0.6,10,LOW
ses_1716,SES-001716,cow_6,station_01,rfid_6,2026-09-02T17:34:00.000Z,2026-09-02T17:38:26.000Z,COMPLETED,14.53,2.55,3.65,38.4,5.57,6.65,141,-0.5,10,LOW
ses_1717,SES-001717,cow_7,station_01,rfid_7,2026-09-02T17:31:00.000Z,2026-09-02T17:35:14.000Z,COMPLETED,15.49,2.70,3.86,38.6,5.64,6.64,132,4,16,LOW
ses_1718,SES-001718,cow_8,station_01,rfid_8,2026-09-02T17:16:00.000Z,2026-09-02T17:21:06.000Z,COMPLETED,16.06,2.33,3.33,38.7,5.53,6.61,140,5,11,LOW
ses_1719,SES-001719,cow_9,station_01,rfid_9,2026-09-02T17:53:00.000Z,2026-09-02T17:58:21.000Z,COMPLETED,16.24,2.63,3.75,38.5,5.64,6.66,158,3.4,13,LOW
ses_1720,SES-001720,cow_10,station_01,rfid_10,2026-09-02T17:08:00.000Z,2026-09-02T17:13:09.000Z,COMPLETED,16.72,2.83,4.04,38.6,5.44,6.69,93,4.5,17,LOW
ses_1721,SES-001721,cow_11,station_01,rfid_11,2026-09-02T18:12:00.000Z,2026-09-02T18:17:13.000Z,COMPLETED,16.02,2.49,3.56,38.7,5.53,6.62,101,-2.3,7,LOW
ses_1722,SES-001722,cow_12,station_01,rfid_12,2026-09-02T18:07:00.000Z,2026-09-02T18:11:14.000Z,COMPLETED,17.35,2.60,3.72,38.5,5.73,6.65,107,3.9,17,LOW
ses_1723,SES-001723,cow_13,station_01,rfid_13,2026-09-02T17:40:00.000Z,2026-09-02T17:45:52.000Z,COMPLETED,16.82,2.91,4.16,38.6,5.5,6.69,118,-1.6,15,LOW
ses_1724,SES-001724,cow_14,station_01,rfid_14,2026-09-02T17:55:00.000Z,2026-09-02T18:00:50.000Z,COMPLETED,17.15,2.51,3.59,38.7,5.66,6.63,118,-1.4,11,LOW
ses_1725,SES-001725,cow_15,station_01,rfid_15,2026-09-02T17:32:00.000Z,2026-09-02T17:36:43.000Z,COMPLETED,18.09,2.69,3.84,38.5,5.49,6.69,114,1.6,14,LOW
ses_1726,SES-001726,cow_16,station_01,rfid_16,2026-09-02T18:28:00.000Z,2026-09-02T18:33:13.000Z,COMPLETED,18.71,2.35,3.36,38.6,5.59,6.62,142,3.4,16,LOW
ses_1727,SES-001727,cow_17,station_01,rfid_17,2026-09-02T17:46:00.000Z,2026-09-02T17:51:38.000Z,COMPLETED,19.14,2.65,3.78,38.6,5.65,6.64,148,4,8,LOW
ses_1728,SES-001728,cow_18,station_01,rfid_18,2026-09-02T17:14:00.000Z,2026-09-02T17:18:27.000Z,COMPLETED,13.33,2.74,3.92,38.5,5.51,6.69,155,4.1,11,LOW
ses_1729,SES-001729,cow_19,station_01,rfid_19,2026-09-02T17:09:00.000Z,2026-09-02T17:14:06.000Z,COMPLETED,13.77,2.40,3.43,38.6,5.62,6.62,158,5.1,17,LOW
ses_1730,SES-001730,cow_20,station_01,rfid_20,2026-09-02T17:00:00.000Z,2026-09-02T17:05:12.000Z,COMPLETED,13.12,2.71,3.87,38.6,5.44,6.66,84,-2.8,11,LOW
ses_1731,SES-001731,cow_21,station_01,rfid_21,2026-09-02T17:31:00.000Z,2026-09-02T17:36:36.000Z,COMPLETED,13.87,2.91,4.15,38.5,5.6,6.69,93,0.5,11,LOW
ses_1732,SES-001732,cow_22,station_01,rfid_22,2026-09-02T17:37:00.000Z,2026-09-02T17:42:08.000Z,COMPLETED,13.95,2.49,3.56,38.6,5.65,6.64,103,-1.8,15,LOW
ses_1733,SES-001733,cow_23,station_01,rfid_23,2026-09-02T18:18:00.000Z,2026-09-02T18:23:04.000Z,COMPLETED,14.79,2.72,3.88,38.7,5.46,6.68,114,2,15,LOW
ses_1734,SES-001734,cow_24,station_01,rfid_24,2026-09-02T17:58:00.000Z,2026-09-02T18:02:20.000Z,COMPLETED,15.05,2.42,3.46,38.5,5.62,6.61,111,1,9,LOW
ses_1735,SES-001735,cow_25,station_01,rfid_25,2026-09-02T17:59:00.000Z,2026-09-02T18:03:40.000Z,COMPLETED,15.44,2.58,3.69,38.7,5.42,6.63,124,0.9,15,LOW
ses_1736,SES-001736,cow_26,station_01,rfid_26,2026-09-02T18:11:00.000Z,2026-09-02T18:16:10.000Z,COMPLETED,14.85,2.74,3.91,38.6,5.57,6.66,199,-4.8,34,MODERATE
ses_1737,SES-001737,cow_27,station_01,rfid_27,2026-09-02T18:23:00.000Z,2026-09-02T18:27:46.000Z,COMPLETED,15.19,2.50,3.57,38.5,5.75,6.66,203,-4.5,34,MODERATE
ses_1738,SES-001738,cow_28,station_01,rfid_28,2026-09-02T18:29:00.000Z,2026-09-02T18:34:34.000Z,COMPLETED,16.01,2.67,3.81,38.6,5.47,6.64,206,-1.8,34,MODERATE
ses_1739,SES-001739,cow_29,station_01,rfid_29,2026-09-02T17:37:00.000Z,2026-09-02T17:42:51.000Z,COMPLETED,16.25,2.90,4.14,38.7,5.68,6.72,216,-2.1,34,MODERATE
ses_1740,SES-001740,cow_30,station_01,rfid_30,2026-09-02T17:51:00.000Z,2026-09-02T17:56:25.000Z,COMPLETED,16.23,2.56,3.66,38.5,5.46,6.62,167,-4.5,34,MODERATE
ses_1741,SES-001741,cow_1,station_01,rfid_1,2026-09-03T06:26:00.000Z,2026-09-03T06:30:42.000Z,COMPLETED,12.18,2.52,3.6,38.7,5.55,6.68,109,-4.8,8,LOW
ses_1742,SES-001742,cow_2,station_01,rfid_2,2026-09-03T07:30:00.000Z,2026-09-03T07:35:38.000Z,COMPLETED,13.82,2.80,4,38.7,5.66,6.68,114,4.7,16,LOW
ses_1743,SES-001743,cow_3,station_01,rfid_3,2026-09-03T07:16:00.000Z,2026-09-03T07:20:16.000Z,COMPLETED,14.03,2.51,3.58,38.4,5.54,6.62,116,3.2,14,LOW
ses_1744,SES-001744,cow_4,station_01,rfid_4,2026-09-03T06:46:00.000Z,2026-09-03T06:50:00.000Z,COMPLETED,13.25,2.60,3.72,38.5,5.63,6.65,118,-4.7,14,LOW
ses_1745,SES-001745,cow_5,station_01,rfid_5,2026-09-03T06:11:00.000Z,2026-09-03T06:16:31.000Z,COMPLETED,14.96,2.93,4.19,38.7,5.49,6.72,129,4.6,13,LOW
ses_1746,SES-001746,cow_6,station_01,rfid_6,2026-09-03T07:17:00.000Z,2026-09-03T07:22:06.000Z,COMPLETED,14.59,2.53,3.62,38.5,5.59,6.64,121,-0.1,9,LOW
ses_1747,SES-001747,cow_7,station_01,rfid_7,2026-09-03T06:44:00.000Z,2026-09-03T06:49:09.000Z,COMPLETED,15.34,2.75,3.93,38.6,5.64,6.65,147,3,12,LOW
ses_1748,SES-001748,cow_8,station_01,rfid_8,2026-09-03T06:56:00.000Z,2026-09-03T07:01:24.000Z,COMPLETED,14.89,2.41,3.44,38.8,5.45,6.59,151,-2.7,13,LOW
ses_1749,SES-001749,cow_9,station_01,rfid_9,2026-09-03T07:26:00.000Z,2026-09-03T07:30:18.000Z,COMPLETED,15.51,2.53,3.61,38.6,5.6,6.63,142,-1.2,17,LOW
ses_1750,SES-001750,cow_10,station_01,rfid_10,2026-09-03T06:11:00.000Z,2026-09-03T06:15:07.000Z,COMPLETED,15.28,2.79,3.99,38.6,5.43,6.71,102,-4.5,8,LOW
ses_1751,SES-001751,cow_11,station_01,rfid_11,2026-09-03T06:27:00.000Z,2026-09-03T06:31:57.000Z,COMPLETED,17.14,2.52,3.6,38.7,5.54,6.61,105,4.5,11,LOW
ses_1752,SES-001752,cow_12,station_01,rfid_12,2026-09-03T06:03:00.000Z,2026-09-03T06:08:38.000Z,COMPLETED,16.42,2.62,3.74,38.5,5.75,6.67,113,-1.7,15,LOW
ses_1753,SES-001753,cow_13,station_01,rfid_13,2026-09-03T06:09:00.000Z,2026-09-03T06:13:31.000Z,COMPLETED,17.23,2.93,4.19,38.7,5.49,6.7,99,0.8,7,LOW
ses_1754,SES-001754,cow_14,station_01,rfid_14,2026-09-03T06:04:00.000Z,2026-09-03T06:08:43.000Z,COMPLETED,17.26,2.48,3.54,38.8,5.59,6.62,113,-0.8,9,LOW
ses_1755,SES-001755,cow_15,station_01,rfid_15,2026-09-03T06:22:00.000Z,2026-09-03T06:27:48.000Z,COMPLETED,18.24,2.68,3.83,38.5,5.44,6.64,136,2.5,7,LOW
ses_1756,SES-001756,cow_16,station_01,rfid_16,2026-09-03T06:43:00.000Z,2026-09-03T06:48:57.000Z,COMPLETED,18.57,2.39,3.42,38.6,5.55,6.6,127,2.6,13,LOW
ses_1757,SES-001757,cow_17,station_01,rfid_17,2026-09-03T06:34:00.000Z,2026-09-03T06:38:38.000Z,COMPLETED,18.98,2.63,3.76,38.6,5.73,6.66,150,3.2,10,LOW
ses_1758,SES-001758,cow_18,station_01,rfid_18,2026-09-03T07:14:00.000Z,2026-09-03T07:18:45.000Z,COMPLETED,12.27,2.77,3.95,38.5,5.53,6.67,152,-4.1,16,LOW
ses_1759,SES-001759,cow_19,station_01,rfid_19,2026-09-03T06:59:00.000Z,2026-09-03T07:04:00.000Z,COMPLETED,13.25,2.44,3.48,38.6,5.65,6.61,146,1.1,14,LOW
ses_1760,SES-001760,cow_20,station_01,rfid_20,2026-09-03T07:25:00.000Z,2026-09-03T07:30:22.000Z,COMPLETED,13.35,2.62,3.74,38.7,5.45,6.64,85,-1.1,8,LOW
ses_1761,SES-001761,cow_21,station_01,rfid_21,2026-09-03T06:58:00.000Z,2026-09-03T07:03:47.000Z,COMPLETED,13.45,2.82,4.03,38.5,5.62,6.68,92,-2.5,11,LOW
ses_1762,SES-001762,cow_22,station_01,rfid_22,2026-09-03T06:37:00.000Z,2026-09-03T06:41:24.000Z,COMPLETED,14.01,2.47,3.53,38.5,5.73,6.66,93,-1.3,10,LOW
ses_1763,SES-001763,cow_23,station_01,rfid_23,2026-09-03T07:02:00.000Z,2026-09-03T07:06:10.000Z,COMPLETED,13.77,2.68,3.83,38.8,5.55,6.69,117,-5,15,LOW
ses_1764,SES-001764,cow_24,station_01,rfid_24,2026-09-03T06:17:00.000Z,2026-09-03T06:21:05.000Z,COMPLETED,14.69,2.38,3.4,38.5,5.67,6.59,129,-1.4,7,LOW
ses_1765,SES-001765,cow_25,station_01,rfid_25,2026-09-03T06:03:00.000Z,2026-09-03T06:07:43.000Z,COMPLETED,14.76,2.65,3.78,38.6,5.5,6.64,125,-3.5,12,LOW
ses_1766,SES-001766,cow_26,station_01,rfid_26,2026-09-03T06:58:00.000Z,2026-09-03T07:02:10.000Z,COMPLETED,15.63,2.84,4.06,38.7,5.53,6.68,204,0.2,35,MODERATE
ses_1767,SES-001767,cow_27,station_01,rfid_27,2026-09-03T07:20:00.000Z,2026-09-03T07:25:03.000Z,COMPLETED,15.57,2.44,3.48,38.5,5.65,6.65,219,-2.1,35,MODERATE
ses_1768,SES-001768,cow_28,station_01,rfid_28,2026-09-03T06:05:00.000Z,2026-09-03T06:10:11.000Z,COMPLETED,15.97,2.62,3.74,38.6,5.54,6.66,224,-2,35,MODERATE
ses_1769,SES-001769,cow_29,station_01,rfid_29,2026-09-03T06:47:00.000Z,2026-09-03T06:52:13.000Z,COMPLETED,16.25,2.91,4.15,38.6,5.63,6.72,222,-2.1,35,MODERATE
ses_1770,SES-001770,cow_30,station_01,rfid_30,2026-09-03T06:00:00.000Z,2026-09-03T06:05:06.000Z,COMPLETED,16.67,2.51,3.59,38.6,5.49,6.61,171,-1.9,35,MODERATE
ses_1771,SES-001771,cow_1,station_01,rfid_1,2026-09-03T17:18:00.000Z,2026-09-03T17:22:59.000Z,COMPLETED,12.06,2.53,3.62,38.5,5.55,6.67,105,-5.8,10,LOW
ses_1772,SES-001772,cow_2,station_01,rfid_2,2026-09-03T17:59:00.000Z,2026-09-03T18:04:16.000Z,COMPLETED,13.47,2.73,3.9,38.7,5.72,6.7,99,2,16,LOW
ses_1773,SES-001773,cow_3,station_01,rfid_3,2026-09-03T17:11:00.000Z,2026-09-03T17:16:46.000Z,COMPLETED,13.75,2.48,3.54,38.5,5.47,6.63,110,1.1,12,LOW
ses_1774,SES-001774,cow_4,station_01,rfid_4,2026-09-03T17:51:00.000Z,2026-09-03T17:55:24.000Z,COMPLETED,14.66,2.67,3.81,38.5,5.63,6.68,127,5.5,13,LOW
ses_1775,SES-001775,cow_5,station_01,rfid_5,2026-09-03T17:19:00.000Z,2026-09-03T17:24:12.000Z,COMPLETED,14.41,2.88,4.12,38.7,5.49,6.7,132,0.8,16,LOW
ses_1776,SES-001776,cow_6,station_01,rfid_6,2026-09-03T17:08:00.000Z,2026-09-03T17:13:55.000Z,COMPLETED,14.62,2.51,3.59,38.6,5.62,6.64,124,0.1,8,LOW
ses_1777,SES-001777,cow_7,station_01,rfid_7,2026-09-03T18:26:00.000Z,2026-09-03T18:31:16.000Z,COMPLETED,14.98,2.72,3.88,38.7,5.71,6.69,128,0.5,11,LOW
ses_1778,SES-001778,cow_8,station_01,rfid_8,2026-09-03T18:07:00.000Z,2026-09-03T18:12:17.000Z,COMPLETED,16.08,2.32,3.32,38.7,5.51,6.59,148,5.1,8,LOW
ses_1779,SES-001779,cow_9,station_01,rfid_9,2026-09-03T18:11:00.000Z,2026-09-03T18:15:20.000Z,COMPLETED,15.21,2.54,3.63,38.6,5.67,6.63,153,-3.1,16,LOW
ses_1780,SES-001780,cow_10,station_01,rfid_10,2026-09-03T17:49:00.000Z,2026-09-03T17:54:49.000Z,COMPLETED,15.41,2.83,4.04,38.7,5.41,6.66,95,-3.7,10,LOW
ses_1781,SES-001781,cow_11,station_01,rfid_11,2026-09-03T18:12:00.000Z,2026-09-03T18:16:04.000Z,COMPLETED,16.49,2.38,3.4,38.7,5.59,6.62,98,0.5,14,LOW
ses_1782,SES-001782,cow_12,station_01,rfid_12,2026-09-03T17:10:00.000Z,2026-09-03T17:14:50.000Z,COMPLETED,16.45,2.69,3.85,38.6,5.68,6.67,102,-1.5,9,LOW
ses_1783,SES-001783,cow_13,station_01,rfid_13,2026-09-03T17:55:00.000Z,2026-09-03T18:00:33.000Z,COMPLETED,17.24,2.93,4.19,38.6,5.55,6.67,116,0.8,9,LOW
ses_1784,SES-001784,cow_14,station_01,rfid_14,2026-09-03T17:46:00.000Z,2026-09-03T17:51:11.000Z,COMPLETED,17.67,2.51,3.58,38.7,5.63,6.62,129,1.6,11,LOW
ses_1785,SES-001785,cow_15,station_01,rfid_15,2026-09-03T18:03:00.000Z,2026-09-03T18:07:23.000Z,COMPLETED,18.55,2.67,3.81,38.5,5.48,6.68,113,4.2,12,LOW
ses_1786,SES-001786,cow_16,station_01,rfid_16,2026-09-03T18:17:00.000Z,2026-09-03T18:21:46.000Z,COMPLETED,18.42,2.37,3.39,38.5,5.6,6.64,136,1.8,8,LOW
ses_1787,SES-001787,cow_17,station_01,rfid_17,2026-09-03T17:43:00.000Z,2026-09-03T17:47:10.000Z,COMPLETED,17.69,2.60,3.71,38.6,5.7,6.64,135,-3.9,10,LOW
ses_1788,SES-001788,cow_18,station_01,rfid_18,2026-09-03T18:12:00.000Z,2026-09-03T18:17:19.000Z,COMPLETED,13.45,2.83,4.04,38.5,5.49,6.66,156,5.1,13,LOW
ses_1789,SES-001789,cow_19,station_01,rfid_19,2026-09-03T18:08:00.000Z,2026-09-03T18:13:46.000Z,COMPLETED,13.46,2.48,3.54,38.6,5.6,6.65,148,2.7,17,LOW
ses_1790,SES-001790,cow_20,station_01,rfid_20,2026-09-03T17:45:00.000Z,2026-09-03T17:49:57.000Z,COMPLETED,13.15,2.69,3.84,38.7,5.45,6.65,92,-2.6,13,LOW
ses_1791,SES-001791,cow_21,station_01,rfid_21,2026-09-03T17:08:00.000Z,2026-09-03T17:12:28.000Z,COMPLETED,14.18,2.90,4.14,38.5,5.63,6.67,104,2.8,16,LOW
ses_1792,SES-001792,cow_22,station_01,rfid_22,2026-09-03T18:05:00.000Z,2026-09-03T18:10:16.000Z,COMPLETED,13.45,2.48,3.55,38.7,5.64,6.62,96,-5.3,10,LOW
ses_1793,SES-001793,cow_23,station_01,rfid_23,2026-09-03T18:02:00.000Z,2026-09-03T18:07:15.000Z,COMPLETED,15.08,2.70,3.86,38.6,5.5,6.68,118,4,7,LOW
ses_1794,SES-001794,cow_24,station_01,rfid_24,2026-09-03T18:00:00.000Z,2026-09-03T18:05:46.000Z,COMPLETED,15.36,2.40,3.43,38.5,5.64,6.61,123,3.1,8,LOW
ses_1795,SES-001795,cow_25,station_01,rfid_25,2026-09-03T17:02:00.000Z,2026-09-03T17:07:36.000Z,COMPLETED,15.59,2.56,3.66,38.6,5.43,6.63,133,1.9,7,LOW
ses_1796,SES-001796,cow_26,station_01,rfid_26,2026-09-03T17:03:00.000Z,2026-09-03T17:08:44.000Z,COMPLETED,15.41,2.76,3.94,38.8,5.53,6.68,222,-1.2,35,MODERATE
ses_1797,SES-001797,cow_27,station_01,rfid_27,2026-09-03T17:45:00.000Z,2026-09-03T17:49:27.000Z,COMPLETED,15.49,2.42,3.45,38.5,5.69,6.61,213,-2.6,35,MODERATE
ses_1798,SES-001798,cow_28,station_01,rfid_28,2026-09-03T17:46:00.000Z,2026-09-03T17:51:21.000Z,COMPLETED,16.05,2.64,3.77,38.7,5.55,6.63,219,-1.5,35,MODERATE
ses_1799,SES-001799,cow_29,station_01,rfid_29,2026-09-03T17:19:00.000Z,2026-09-03T17:24:08.000Z,COMPLETED,15.94,2.91,4.16,38.7,5.62,6.7,222,-4,35,MODERATE
ses_1800,SES-001800,cow_30,station_01,rfid_30,2026-09-03T18:29:00.000Z,2026-09-03T18:33:44.000Z,COMPLETED,16.58,2.54,3.63,38.4,5.44,6.64,159,-2.5,35,MODERATE
ses_1801,SES-001801,cow_1,station_01,rfid_1,2026-09-04T07:24:00.000Z,2026-09-04T07:28:35.000Z,COMPLETED,13.33,2.56,3.66,38.5,5.62,6.65,95,4.1,11,LOW
ses_1802,SES-001802,cow_2,station_01,rfid_2,2026-09-04T06:00:00.000Z,2026-09-04T06:05:30.000Z,COMPLETED,12.83,2.81,4.01,38.7,5.65,6.66,98,-2.8,16,LOW
ses_1803,SES-001803,cow_3,station_01,rfid_3,2026-09-04T07:22:00.000Z,2026-09-04T07:26:46.000Z,COMPLETED,13.4,2.48,3.54,38.6,5.55,6.6,103,-1.5,14,LOW
ses_1804,SES-001804,cow_4,station_01,rfid_4,2026-09-04T06:51:00.000Z,2026-09-04T06:56:19.000Z,COMPLETED,13.52,2.69,3.85,38.5,5.67,6.67,121,-2.7,12,LOW
ses_1805,SES-001805,cow_5,station_01,rfid_5,2026-09-04T06:48:00.000Z,2026-09-04T06:52:55.000Z,COMPLETED,14.33,2.92,4.17,38.6,5.44,6.71,125,0.2,9,LOW
ses_1806,SES-001806,cow_6,station_01,rfid_6,2026-09-04T07:02:00.000Z,2026-09-04T07:07:57.000Z,COMPLETED,14.64,2.53,3.61,38.5,5.54,6.64,126,0.3,8,LOW
ses_1807,SES-001807,cow_7,station_01,rfid_7,2026-09-04T07:03:00.000Z,2026-09-04T07:08:56.000Z,COMPLETED,15.69,2.70,3.86,38.6,5.68,6.66,145,5.3,10,LOW
ses_1808,SES-001808,cow_8,station_01,rfid_8,2026-09-04T06:19:00.000Z,2026-09-04T06:24:01.000Z,COMPLETED,15.16,2.32,3.31,38.8,5.57,6.61,149,-0.9,7,LOW
ses_1809,SES-001809,cow_9,station_01,rfid_9,2026-09-04T06:08:00.000Z,2026-09-04T06:12:15.000Z,COMPLETED,15.31,2.60,3.71,38.5,5.57,6.64,158,-2.5,14,LOW
ses_1810,SES-001810,cow_10,station_01,rfid_10,2026-09-04T06:35:00.000Z,2026-09-04T06:39:41.000Z,COMPLETED,16.78,2.81,4.01,38.6,5.4,6.69,97,4.9,13,LOW
ses_1811,SES-001811,cow_11,station_01,rfid_11,2026-09-04T06:36:00.000Z,2026-09-04T06:41:14.000Z,COMPLETED,17.1,2.40,3.43,38.7,5.59,6.65,92,4.3,16,LOW
ses_1812,SES-001812,cow_12,station_01,rfid_12,2026-09-04T07:27:00.000Z,2026-09-04T07:31:52.000Z,COMPLETED,16.59,2.62,3.74,38.5,5.68,6.65,111,-0.7,15,LOW
ses_1813,SES-001813,cow_13,station_01,rfid_13,2026-09-04T06:29:00.000Z,2026-09-04T06:34:58.000Z,COMPLETED,17.39,2.92,4.17,38.7,5.56,6.67,100,1.7,13,LOW
ses_1814,SES-001814,cow_14,station_01,rfid_14,2026-09-04T06:35:00.000Z,2026-09-04T06:40:22.000Z,COMPLETED,16.99,2.57,3.67,38.8,5.58,6.64,124,-2.4,13,LOW
ses_1815,SES-001815,cow_15,station_01,rfid_15,2026-09-04T06:20:00.000Z,2026-09-04T06:24:28.000Z,COMPLETED,17.04,2.72,3.89,38.5,5.5,6.68,117,-4.3,16,LOW
ses_1816,SES-001816,cow_16,station_01,rfid_16,2026-09-04T07:29:00.000Z,2026-09-04T07:33:54.000Z,COMPLETED,18.5,2.34,3.34,38.6,5.53,6.65,131,2.2,17,LOW
ses_1817,SES-001817,cow_17,station_01,rfid_17,2026-09-04T06:53:00.000Z,2026-09-04T06:57:12.000Z,COMPLETED,18.36,2.53,3.61,38.8,5.74,6.63,147,-0.2,15,LOW
ses_1818,SES-001818,cow_18,station_01,rfid_18,2026-09-04T07:20:00.000Z,2026-09-04T07:24:21.000Z,COMPLETED,12.38,2.86,4.08,38.5,5.5,6.7,140,-3.3,12,LOW
ses_1819,SES-001819,cow_19,station_01,rfid_19,2026-09-04T07:03:00.000Z,2026-09-04T07:08:28.000Z,COMPLETED,13.62,2.44,3.48,38.7,5.57,6.62,141,4,13,LOW
ses_1820,SES-001820,cow_20,station_01,rfid_20,2026-09-04T06:11:00.000Z,2026-09-04T06:16:46.000Z,COMPLETED,13.68,2.64,3.77,38.8,5.5,6.66,82,1.3,13,LOW
ses_1821,SES-001821,cow_21,station_01,rfid_21,2026-09-04T07:13:00.000Z,2026-09-04T07:18:57.000Z,COMPLETED,13.68,2.86,4.09,38.6,5.61,6.71,103,-0.9,31,MODERATE
ses_1822,SES-001822,cow_22,station_01,rfid_22,2026-09-04T07:28:00.000Z,2026-09-04T07:33:13.000Z,COMPLETED,14.33,2.58,3.69,38.7,5.71,6.65,115,0.9,32,MODERATE
ses_1823,SES-001823,cow_23,station_01,rfid_23,2026-09-04T06:38:00.000Z,2026-09-04T06:42:11.000Z,COMPLETED,14.98,2.79,3.99,38.7,5.57,6.66,108,3.3,30,MODERATE
ses_1824,SES-001824,cow_24,station_01,rfid_24,2026-09-04T07:06:00.000Z,2026-09-04T07:10:07.000Z,COMPLETED,14.73,2.33,3.33,38.4,5.66,6.6,118,-1.1,29,LOW
ses_1825,SES-001825,cow_25,station_01,rfid_25,2026-09-04T06:21:00.000Z,2026-09-04T06:26:28.000Z,COMPLETED,15.53,2.53,3.62,38.7,5.49,6.66,131,1.5,30,MODERATE
ses_1826,SES-001826,cow_26,station_01,rfid_26,2026-09-04T06:16:00.000Z,2026-09-04T06:20:51.000Z,COMPLETED,16.1,2.75,3.93,38.7,5.61,6.67,230,3.2,36,MODERATE
ses_1827,SES-001827,cow_27,station_01,rfid_27,2026-09-04T06:14:00.000Z,2026-09-04T06:18:24.000Z,COMPLETED,16.01,2.44,3.49,38.5,5.67,6.62,218,0.7,36,MODERATE
ses_1828,SES-001828,cow_28,station_01,rfid_28,2026-09-04T06:42:00.000Z,2026-09-04T06:46:58.000Z,COMPLETED,16.31,2.64,3.77,38.6,5.48,6.65,231,0.1,36,MODERATE
ses_1829,SES-001829,cow_29,station_01,rfid_29,2026-09-04T07:06:00.000Z,2026-09-04T07:11:04.000Z,COMPLETED,15.85,2.88,4.11,38.8,5.67,6.7,229,-4.5,36,MODERATE
ses_1830,SES-001830,cow_30,station_01,rfid_30,2026-09-04T06:02:00.000Z,2026-09-04T06:06:02.000Z,COMPLETED,17.67,2.47,3.53,38.5,5.47,6.65,172,3.9,36,MODERATE
ses_1831,SES-001831,cow_1,station_01,rfid_1,2026-09-04T18:05:00.000Z,2026-09-04T18:09:47.000Z,COMPLETED,13.1,2.58,3.69,38.5,5.51,6.67,97,2.3,10,LOW
ses_1832,SES-001832,cow_2,station_01,rfid_2,2026-09-04T18:08:00.000Z,2026-09-04T18:13:51.000Z,COMPLETED,13.17,2.86,4.09,38.7,5.69,6.69,105,-0.2,14,LOW
ses_1833,SES-001833,cow_3,station_01,rfid_3,2026-09-04T18:02:00.000Z,2026-09-04T18:06:30.000Z,COMPLETED,13.34,2.46,3.51,38.6,5.48,6.62,118,-1.9,7,LOW
ses_1834,SES-001834,cow_4,station_01,rfid_4,2026-09-04T18:04:00.000Z,2026-09-04T18:08:27.000Z,COMPLETED,14.36,2.65,3.79,38.6,5.66,6.69,107,3.3,14,LOW
ses_1835,SES-001835,cow_5,station_01,rfid_5,2026-09-04T17:21:00.000Z,2026-09-04T17:26:24.000Z,COMPLETED,13.55,2.82,4.03,38.7,5.44,6.68,134,-5.2,14,LOW
ses_1836,SES-001836,cow_6,station_01,rfid_6,2026-09-04T17:49:00.000Z,2026-09-04T17:54:08.000Z,COMPLETED,14.84,2.57,3.67,38.5,5.6,6.65,130,1.6,11,LOW
ses_1837,SES-001837,cow_7,station_01,rfid_7,2026-09-04T17:13:00.000Z,2026-09-04T17:17:52.000Z,COMPLETED,15.29,2.78,3.97,38.7,5.7,6.65,144,2.6,15,LOW
ses_1838,SES-001838,cow_8,station_01,rfid_8,2026-09-04T17:02:00.000Z,2026-09-04T17:06:54.000Z,COMPLETED,15.18,2.34,3.35,38.8,5.46,6.6,143,-0.8,14,LOW
ses_1839,SES-001839,cow_9,station_01,rfid_9,2026-09-04T18:21:00.000Z,2026-09-04T18:26:28.000Z,COMPLETED,15.95,2.65,3.78,38.5,5.63,6.64,142,1.6,11,LOW
ses_1840,SES-001840,cow_10,station_01,rfid_10,2026-09-04T18:21:00.000Z,2026-09-04T18:25:06.000Z,COMPLETED,16.09,2.79,3.99,38.5,5.42,6.67,90,0.6,15,LOW
ses_1841,SES-001841,cow_11,station_01,rfid_11,2026-09-04T17:32:00.000Z,2026-09-04T17:37:32.000Z,COMPLETED,15.96,2.42,3.45,38.6,5.51,6.66,101,-2.7,13,LOW
ses_1842,SES-001842,cow_12,station_01,rfid_12,2026-09-04T17:06:00.000Z,2026-09-04T17:11:22.000Z,COMPLETED,17.02,2.72,3.89,38.4,5.68,6.64,102,1.9,14,LOW
ses_1843,SES-001843,cow_13,station_01,rfid_13,2026-09-04T17:27:00.000Z,2026-09-04T17:31:35.000Z,COMPLETED,17.04,2.84,4.06,38.7,5.49,6.7,106,-0.4,15,LOW
ses_1844,SES-001844,cow_14,station_01,rfid_14,2026-09-04T17:32:00.000Z,2026-09-04T17:37:37.000Z,COMPLETED,17.92,2.47,3.53,38.6,5.61,6.66,121,3,7,LOW
ses_1845,SES-001845,cow_15,station_01,rfid_15,2026-09-04T17:46:00.000Z,2026-09-04T17:50:01.000Z,COMPLETED,18.58,2.69,3.85,38.5,5.45,6.66,115,4.4,9,LOW
ses_1846,SES-001846,cow_16,station_01,rfid_16,2026-09-04T17:28:00.000Z,2026-09-04T17:32:03.000Z,COMPLETED,17.43,2.42,3.45,38.5,5.51,6.62,122,-3.7,10,LOW
ses_1847,SES-001847,cow_17,station_01,rfid_17,2026-09-04T17:51:00.000Z,2026-09-04T17:56:50.000Z,COMPLETED,17.79,2.60,3.72,38.7,5.71,6.65,141,-3.3,11,LOW
ses_1848,SES-001848,cow_18,station_01,rfid_18,2026-09-04T17:32:00.000Z,2026-09-04T17:37:14.000Z,COMPLETED,12.52,2.79,3.98,38.5,5.53,6.65,151,-2.2,14,LOW
ses_1849,SES-001849,cow_19,station_01,rfid_19,2026-09-04T17:55:00.000Z,2026-09-04T17:59:32.000Z,COMPLETED,13.19,2.39,3.42,38.6,5.68,6.61,153,0.7,16,LOW
ses_1850,SES-001850,cow_20,station_01,rfid_20,2026-09-04T17:35:00.000Z,2026-09-04T17:40:24.000Z,COMPLETED,13.43,2.61,3.73,38.7,5.43,6.68,96,-0.5,12,LOW
ses_1851,SES-001851,cow_21,station_01,rfid_21,2026-09-04T17:20:00.000Z,2026-09-04T17:25:38.000Z,COMPLETED,14.04,2.86,4.08,38.6,5.59,6.67,95,1.7,35,MODERATE
ses_1852,SES-001852,cow_22,station_01,rfid_22,2026-09-04T17:20:00.000Z,2026-09-04T17:24:18.000Z,COMPLETED,14.84,2.58,3.68,38.5,5.77,6.62,109,4.5,32,MODERATE
ses_1853,SES-001853,cow_23,station_01,rfid_23,2026-09-04T17:27:00.000Z,2026-09-04T17:31:16.000Z,COMPLETED,14.1,2.68,3.83,38.8,5.56,6.64,118,-2.8,31,MODERATE
ses_1854,SES-001854,cow_24,station_01,rfid_24,2026-09-04T17:37:00.000Z,2026-09-04T17:42:37.000Z,COMPLETED,14.34,2.44,3.48,38.5,5.6,6.62,115,-3.8,32,MODERATE
ses_1855,SES-001855,cow_25,station_01,rfid_25,2026-09-04T17:42:00.000Z,2026-09-04T17:46:54.000Z,COMPLETED,15.34,2.56,3.66,38.6,5.49,6.63,118,0.3,36,MODERATE
ses_1856,SES-001856,cow_26,station_01,rfid_26,2026-09-04T18:12:00.000Z,2026-09-04T18:16:31.000Z,COMPLETED,16.08,2.83,4.05,38.7,5.54,6.66,221,3.1,36,MODERATE
ses_1857,SES-001857,cow_27,station_01,rfid_27,2026-09-04T18:14:00.000Z,2026-09-04T18:19:22.000Z,COMPLETED,15.18,2.44,3.48,38.4,5.7,6.63,230,-4.5,36,MODERATE
ses_1858,SES-001858,cow_28,station_01,rfid_28,2026-09-04T18:14:00.000Z,2026-09-04T18:18:08.000Z,COMPLETED,15.51,2.64,3.77,38.7,5.53,6.65,233,-4.8,36,MODERATE
ses_1859,SES-001859,cow_29,station_01,rfid_29,2026-09-04T17:02:00.000Z,2026-09-04T17:06:59.000Z,COMPLETED,16.06,2.82,4.03,38.6,5.67,6.69,247,-3.3,36,MODERATE
ses_1860,SES-001860,cow_30,station_01,rfid_30,2026-09-04T18:28:00.000Z,2026-09-04T18:33:24.000Z,COMPLETED,17.47,2.51,3.59,38.5,5.49,6.62,167,2.8,36,MODERATE
ses_1861,SES-001861,cow_1,station_01,rfid_1,2026-09-05T07:26:00.000Z,2026-09-05T07:31:07.000Z,COMPLETED,12.49,2.60,3.72,38.6,5.57,6.68,106,-2.4,8,LOW
ses_1862,SES-001862,cow_2,station_01,rfid_2,2026-09-05T07:18:00.000Z,2026-09-05T07:23:50.000Z,COMPLETED,13.62,2.79,3.99,38.7,5.64,6.71,110,3.2,8,LOW
ses_1863,SES-001863,cow_3,station_01,rfid_3,2026-09-05T07:02:00.000Z,2026-09-05T07:06:20.000Z,COMPLETED,13.87,2.39,3.42,38.5,5.57,6.64,102,2,9,LOW
ses_1864,SES-001864,cow_4,station_01,rfid_4,2026-09-05T06:04:00.000Z,2026-09-05T06:09:02.000Z,COMPLETED,13.55,2.65,3.78,38.5,5.66,6.67,116,-2.5,16,LOW
ses_1865,SES-001865,cow_5,station_01,rfid_5,2026-09-05T07:12:00.000Z,2026-09-05T07:16:15.000Z,COMPLETED,14.3,2.81,4.02,38.8,5.42,6.67,131,0,14,LOW
ses_1866,SES-001866,cow_6,station_01,rfid_6,2026-09-05T06:54:00.000Z,2026-09-05T06:58:37.000Z,COMPLETED,14.79,2.59,3.7,38.5,5.61,6.62,132,1.3,11,LOW
ses_1867,SES-001867,cow_7,station_01,rfid_7,2026-09-05T06:20:00.000Z,2026-09-05T06:24:52.000Z,COMPLETED,14.76,2.74,3.92,38.5,5.69,6.69,144,-0.9,12,LOW
ses_1868,SES-001868,cow_8,station_01,rfid_8,2026-09-05T07:05:00.000Z,2026-09-05T07:09:59.000Z,COMPLETED,16.04,2.35,3.36,38.7,5.47,6.63,142,4.8,15,LOW
ses_1869,SES-001869,cow_9,station_01,rfid_9,2026-09-05T06:07:00.000Z,2026-09-05T06:11:23.000Z,COMPLETED,15.55,2.60,3.71,38.5,5.61,6.66,146,-1,7,LOW
ses_1870,SES-001870,cow_10,station_01,rfid_10,2026-09-05T06:04:00.000Z,2026-09-05T06:08:49.000Z,COMPLETED,16.37,2.84,4.06,38.5,5.4,6.67,90,2.3,8,LOW
ses_1871,SES-001871,cow_11,station_01,rfid_11,2026-09-05T06:05:00.000Z,2026-09-05T06:09:41.000Z,COMPLETED,16.12,2.49,3.56,38.7,5.53,6.61,101,-1.7,15,LOW
ses_1872,SES-001872,cow_12,station_01,rfid_12,2026-09-05T07:07:00.000Z,2026-09-05T07:12:44.000Z,COMPLETED,17.25,2.72,3.89,38.4,5.64,6.66,99,3.3,8,LOW
ses_1873,SES-001873,cow_13,station_01,rfid_13,2026-09-05T06:13:00.000Z,2026-09-05T06:17:49.000Z,COMPLETED,17.09,2.80,4,38.6,5.49,6.72,113,-0.1,14,LOW
ses_1874,SES-001874,cow_14,station_01,rfid_14,2026-09-05T06:18:00.000Z,2026-09-05T06:23:25.000Z,COMPLETED,17.06,2.49,3.56,38.6,5.58,6.65,122,-2,8,LOW
ses_1875,SES-001875,cow_15,station_01,rfid_15,2026-09-05T07:19:00.000Z,2026-09-05T07:23:58.000Z,COMPLETED,17.21,2.77,3.95,38.6,5.41,6.7,121,-3.3,16,LOW
ses_1876,SES-001876,cow_16,station_01,rfid_16,2026-09-05T06:07:00.000Z,2026-09-05T06:12:52.000Z,COMPLETED,17.45,2.39,3.42,38.5,5.52,6.63,122,-3.6,11,LOW
ses_1877,SES-001877,cow_17,station_01,rfid_17,2026-09-05T07:13:00.000Z,2026-09-05T07:17:15.000Z,COMPLETED,18.42,2.55,3.65,38.6,5.73,6.65,141,0.1,12,LOW
ses_1878,SES-001878,cow_18,station_01,rfid_18,2026-09-05T06:27:00.000Z,2026-09-05T06:31:16.000Z,COMPLETED,13.39,2.86,4.09,38.6,5.55,6.7,146,4.6,11,LOW
ses_1879,SES-001879,cow_19,station_01,rfid_19,2026-09-05T06:35:00.000Z,2026-09-05T06:40:24.000Z,COMPLETED,13.41,2.49,3.56,38.6,5.6,6.63,145,2.4,12,LOW
ses_1880,SES-001880,cow_20,station_01,rfid_20,2026-09-05T06:26:00.000Z,2026-09-05T06:31:27.000Z,COMPLETED,13.54,2.70,3.86,38.7,5.43,6.69,81,0.3,17,LOW
ses_1881,SES-001881,cow_21,station_01,rfid_21,2026-09-05T06:49:00.000Z,2026-09-05T06:54:03.000Z,COMPLETED,13.39,2.86,4.08,38.4,5.6,6.67,105,-3,34,MODERATE
ses_1882,SES-001882,cow_22,station_01,rfid_22,2026-09-05T06:03:00.000Z,2026-09-05T06:08:57.000Z,COMPLETED,13.56,2.57,3.67,38.6,5.74,6.67,105,-4.5,35,MODERATE
ses_1883,SES-001883,cow_23,station_01,rfid_23,2026-09-05T06:00:00.000Z,2026-09-05T06:04:18.000Z,COMPLETED,13.92,2.69,3.85,38.8,5.54,6.71,116,-4,33,MODERATE
ses_1884,SES-001884,cow_24,station_01,rfid_24,2026-09-05T06:59:00.000Z,2026-09-05T07:04:10.000Z,COMPLETED,14.35,2.41,3.44,38.4,5.62,6.64,125,-3.7,35,MODERATE
ses_1885,SES-001885,cow_25,station_01,rfid_25,2026-09-05T06:22:00.000Z,2026-09-05T06:26:45.000Z,COMPLETED,14.67,2.53,3.61,38.5,5.55,6.63,135,-4.1,31,MODERATE
ses_1886,SES-001886,cow_26,station_01,rfid_26,2026-09-05T06:03:00.000Z,2026-09-05T06:08:14.000Z,COMPLETED,15.45,2.86,4.08,38.6,5.59,6.69,234,-1,37,MODERATE
ses_1887,SES-001887,cow_27,station_01,rfid_27,2026-09-05T06:30:00.000Z,2026-09-05T06:35:52.000Z,COMPLETED,15.59,2.44,3.48,38.4,5.63,6.61,244,-1.9,37,MODERATE
ses_1888,SES-001888,cow_28,station_01,rfid_28,2026-09-05T07:04:00.000Z,2026-09-05T07:09:47.000Z,COMPLETED,16.23,2.71,3.87,38.5,5.45,6.68,232,-0.4,37,MODERATE
ses_1889,SES-001889,cow_29,station_01,rfid_29,2026-09-05T06:30:00.000Z,2026-09-05T06:34:08.000Z,COMPLETED,16.55,2.85,4.07,38.6,5.63,6.71,259,-0.3,37,MODERATE
ses_1890,SES-001890,cow_30,station_01,rfid_30,2026-09-05T07:13:00.000Z,2026-09-05T07:18:04.000Z,COMPLETED,16.21,2.51,3.59,38.5,5.47,6.64,182,-4.6,37,MODERATE
ses_1891,SES-001891,cow_1,station_01,rfid_1,2026-09-05T17:52:00.000Z,2026-09-05T17:57:39.000Z,COMPLETED,12.9,2.58,3.69,38.7,5.52,6.66,106,0.8,11,LOW
ses_1892,SES-001892,cow_2,station_01,rfid_2,2026-09-05T17:16:00.000Z,2026-09-05T17:20:31.000Z,COMPLETED,12.51,2.73,3.9,38.7,5.67,6.67,104,-5.2,13,LOW
ses_1893,SES-001893,cow_3,station_01,rfid_3,2026-09-05T17:35:00.000Z,2026-09-05T17:39:12.000Z,COMPLETED,13.76,2.52,3.6,38.5,5.55,6.65,110,1.2,16,LOW
ses_1894,SES-001894,cow_4,station_01,rfid_4,2026-09-05T17:41:00.000Z,2026-09-05T17:46:10.000Z,COMPLETED,13.39,2.60,3.72,38.7,5.59,6.68,128,-3.7,12,LOW
ses_1895,SES-001895,cow_5,station_01,rfid_5,2026-09-05T18:27:00.000Z,2026-09-05T18:31:51.000Z,COMPLETED,13.71,2.93,4.19,38.6,5.43,6.68,115,-4.1,16,LOW
ses_1896,SES-001896,cow_6,station_01,rfid_6,2026-09-05T18:07:00.000Z,2026-09-05T18:11:26.000Z,COMPLETED,14.81,2.56,3.66,38.5,5.56,6.62,138,1.4,10,LOW
ses_1897,SES-001897,cow_7,station_01,rfid_7,2026-09-05T18:04:00.000Z,2026-09-05T18:08:06.000Z,COMPLETED,14.11,2.75,3.93,38.7,5.73,6.69,128,-5.3,16,LOW
ses_1898,SES-001898,cow_8,station_01,rfid_8,2026-09-05T17:56:00.000Z,2026-09-05T18:01:25.000Z,COMPLETED,15.37,2.44,3.48,38.7,5.55,6.63,145,0.5,9,LOW
ses_1899,SES-001899,cow_9,station_01,rfid_9,2026-09-05T17:14:00.000Z,2026-09-05T17:19:32.000Z,COMPLETED,16.25,2.63,3.76,38.5,5.63,6.67,146,3.5,13,LOW
ses_1900,SES-001900,cow_10,station_01,rfid_10,2026-09-05T18:29:00.000Z,2026-09-05T18:34:24.000Z,COMPLETED,15.85,2.83,4.04,38.5,5.43,6.69,79,-0.9,14,LOW
ses_1901,SES-001901,cow_11,station_01,rfid_11,2026-09-05T18:11:00.000Z,2026-09-05T18:15:44.000Z,COMPLETED,15.79,2.45,3.5,38.7,5.57,6.6,105,-3.7,11,LOW
ses_1902,SES-001902,cow_12,station_01,rfid_12,2026-09-05T17:25:00.000Z,2026-09-05T17:30:10.000Z,COMPLETED,16.58,2.65,3.79,38.5,5.71,6.64,94,-0.7,16,LOW
ses_1903,SES-001903,cow_13,station_01,rfid_13,2026-09-05T18:24:00.000Z,2026-09-05T18:28:43.000Z,COMPLETED,16.48,2.93,4.19,38.6,5.47,6.69,101,-3.6,14,LOW
ses_1904,SES-001904,cow_14,station_01,rfid_14,2026-09-05T17:14:00.000Z,2026-09-05T17:19:46.000Z,COMPLETED,17.07,2.53,3.61,38.6,5.59,6.66,114,-1.9,16,LOW
ses_1905,SES-001905,cow_15,station_01,rfid_15,2026-09-05T17:45:00.000Z,2026-09-05T17:49:05.000Z,COMPLETED,17.67,2.72,3.89,38.5,5.46,6.65,130,-0.7,13,LOW
ses_1906,SES-001906,cow_16,station_01,rfid_16,2026-09-05T17:24:00.000Z,2026-09-05T17:29:23.000Z,COMPLETED,17.57,2.34,3.35,38.5,5.62,6.64,132,-2.9,15,LOW
ses_1907,SES-001907,cow_17,station_01,rfid_17,2026-09-05T18:14:00.000Z,2026-09-05T18:19:37.000Z,COMPLETED,18.85,2.53,3.61,38.6,5.73,6.66,150,2.4,14,LOW
ses_1908,SES-001908,cow_18,station_01,rfid_18,2026-09-05T17:59:00.000Z,2026-09-05T18:03:10.000Z,COMPLETED,12.04,2.77,3.95,38.5,5.56,6.69,138,-5.9,16,LOW
ses_1909,SES-001909,cow_19,station_01,rfid_19,2026-09-05T17:53:00.000Z,2026-09-05T17:57:18.000Z,COMPLETED,12.77,2.50,3.57,38.6,5.61,6.64,141,-2.5,9,LOW
ses_1910,SES-001910,cow_20,station_01,rfid_20,2026-09-05T17:33:00.000Z,2026-09-05T17:38:16.000Z,COMPLETED,13.24,2.67,3.81,38.6,5.4,6.65,87,-1.9,15,LOW
ses_1911,SES-001911,cow_21,station_01,rfid_21,2026-09-05T18:13:00.000Z,2026-09-05T18:17:38.000Z,COMPLETED,13.73,2.93,4.18,38.6,5.61,6.68,96,-0.5,31,MODERATE
ses_1912,SES-001912,cow_22,station_01,rfid_22,2026-09-05T18:24:00.000Z,2026-09-05T18:28:57.000Z,COMPLETED,13.74,2.50,3.57,38.5,5.68,6.63,121,-3.2,37,MODERATE
ses_1913,SES-001913,cow_23,station_01,rfid_23,2026-09-05T17:40:00.000Z,2026-09-05T17:45:13.000Z,COMPLETED,15.06,2.77,3.95,38.7,5.54,6.66,122,3.9,35,MODERATE
ses_1914,SES-001914,cow_24,station_01,rfid_24,2026-09-05T18:13:00.000Z,2026-09-05T18:18:03.000Z,COMPLETED,14.4,2.44,3.49,38.5,5.62,6.61,126,-3.4,30,MODERATE
ses_1915,SES-001915,cow_25,station_01,rfid_25,2026-09-05T17:51:00.000Z,2026-09-05T17:55:23.000Z,COMPLETED,15.61,2.58,3.68,38.7,5.53,6.65,141,2,35,MODERATE
ses_1916,SES-001916,cow_26,station_01,rfid_26,2026-09-05T17:38:00.000Z,2026-09-05T17:43:00.000Z,COMPLETED,15.04,2.79,3.99,38.7,5.58,6.7,221,-3.6,37,MODERATE
ses_1917,SES-001917,cow_27,station_01,rfid_27,2026-09-05T17:40:00.000Z,2026-09-05T17:45:55.000Z,COMPLETED,15.84,2.40,3.43,38.4,5.67,6.62,243,-0.4,37,MODERATE
ses_1918,SES-001918,cow_28,station_01,rfid_28,2026-09-05T17:17:00.000Z,2026-09-05T17:22:10.000Z,COMPLETED,16.49,2.60,3.72,38.7,5.52,6.66,244,1.2,37,MODERATE
ses_1919,SES-001919,cow_29,station_01,rfid_29,2026-09-05T18:00:00.000Z,2026-09-05T18:05:01.000Z,COMPLETED,17.28,2.92,4.17,38.7,5.64,6.67,241,4.1,37,MODERATE
ses_1920,SES-001920,cow_30,station_01,rfid_30,2026-09-05T18:01:00.000Z,2026-09-05T18:06:38.000Z,COMPLETED,16.25,2.48,3.55,38.5,5.47,6.67,179,-4.4,37,MODERATE
ses_1921,SES-001921,cow_1,station_01,rfid_1,2026-09-06T06:19:00.000Z,2026-09-06T06:23:23.000Z,COMPLETED,12.41,2.58,3.68,38.6,5.6,6.64,89,-3,11,LOW
ses_1922,SES-001922,cow_2,station_01,rfid_2,2026-09-06T06:21:00.000Z,2026-09-06T06:26:01.000Z,COMPLETED,13.87,2.79,3.99,38.7,5.67,6.66,111,5.1,12,LOW
ses_1923,SES-001923,cow_3,station_01,rfid_3,2026-09-06T06:16:00.000Z,2026-09-06T06:21:34.000Z,COMPLETED,14.15,2.49,3.56,38.5,5.53,6.61,107,4,11,LOW
ses_1924,SES-001924,cow_4,station_01,rfid_4,2026-09-06T07:29:00.000Z,2026-09-06T07:33:22.000Z,COMPLETED,13.62,2.66,3.8,38.6,5.69,6.64,115,-2,15,LOW
ses_1925,SES-001925,cow_5,station_01,rfid_5,2026-09-06T06:10:00.000Z,2026-09-06T06:15:10.000Z,COMPLETED,14.59,2.88,4.11,38.7,5.5,6.68,133,2,14,LOW
ses_1926,SES-001926,cow_6,station_01,rfid_6,2026-09-06T06:41:00.000Z,2026-09-06T06:46:08.000Z,COMPLETED,14.33,2.53,3.61,38.4,5.61,6.66,138,-1.8,15,LOW
ses_1927,SES-001927,cow_7,station_01,rfid_7,2026-09-06T07:14:00.000Z,2026-09-06T07:19:25.000Z,COMPLETED,14.63,2.67,3.81,38.7,5.66,6.7,151,-1.8,13,LOW
ses_1928,SES-001928,cow_8,station_01,rfid_8,2026-09-06T06:11:00.000Z,2026-09-06T06:15:03.000Z,COMPLETED,15.66,2.38,3.4,38.8,5.51,6.65,137,2.4,11,LOW
ses_1929,SES-001929,cow_9,station_01,rfid_9,2026-09-06T07:07:00.000Z,2026-09-06T07:11:42.000Z,COMPLETED,16.39,2.54,3.63,38.6,5.67,6.64,152,4.4,11,LOW
ses_1930,SES-001930,cow_10,station_01,rfid_10,2026-09-06T07:16:00.000Z,2026-09-06T07:20:03.000Z,COMPLETED,15.67,2.82,4.03,38.6,5.5,6.66,99,-2.1,13,LOW
ses_1931,SES-001931,cow_11,station_01,rfid_11,2026-09-06T06:39:00.000Z,2026-09-06T06:44:46.000Z,COMPLETED,16.67,2.42,3.45,38.8,5.55,6.66,107,1.6,8,LOW
ses_1932,SES-001932,cow_12,station_01,rfid_12,2026-09-06T07:15:00.000Z,2026-09-06T07:20:47.000Z,COMPLETED,16.9,2.64,3.77,38.5,5.64,6.66,105,1.2,9,LOW
ses_1933,SES-001933,cow_13,station_01,rfid_13,2026-09-06T07:04:00.000Z,2026-09-06T07:08:55.000Z,COMPLETED,16.41,2.83,4.05,38.7,5.47,6.67,123,-4,11,LOW
ses_1934,SES-001934,cow_14,station_01,rfid_14,2026-09-06T06:45:00.000Z,2026-09-06T06:49:42.000Z,COMPLETED,17.88,2.59,3.7,38.8,5.59,6.62,126,2.8,14,LOW
ses_1935,SES-001935,cow_15,station_01,rfid_15,2026-09-06T06:08:00.000Z,2026-09-06T06:12:59.000Z,COMPLETED,17.86,2.68,3.83,38.6,5.45,6.66,121,0.3,17,LOW
ses_1936,SES-001936,cow_16,station_01,rfid_16,2026-09-06T06:49:00.000Z,2026-09-06T06:54:24.000Z,COMPLETED,17.36,2.39,3.41,38.5,5.62,6.62,141,-4.1,10,LOW
ses_1937,SES-001937,cow_17,station_01,rfid_17,2026-09-06T07:26:00.000Z,2026-09-06T07:30:32.000Z,COMPLETED,18.19,2.59,3.7,38.8,5.69,6.63,137,-1.1,14,LOW
ses_1938,SES-001938,cow_18,station_01,rfid_18,2026-09-06T06:16:00.000Z,2026-09-06T06:20:50.000Z,COMPLETED,12.14,2.83,4.04,38.5,5.57,6.71,138,-5.2,10,LOW
ses_1939,SES-001939,cow_19,station_01,rfid_19,2026-09-06T06:00:00.000Z,2026-09-06T06:05:18.000Z,COMPLETED,12.37,2.39,3.42,38.5,5.65,6.66,155,-5.6,10,LOW
ses_1940,SES-001940,cow_20,station_01,rfid_20,2026-09-06T06:34:00.000Z,2026-09-06T06:39:32.000Z,COMPLETED,14.13,2.72,3.88,38.7,5.5,6.67,86,4.7,7,LOW
ses_1941,SES-001941,cow_21,station_01,rfid_21,2026-09-06T07:15:00.000Z,2026-09-06T07:19:23.000Z,COMPLETED,14.02,2.83,4.04,38.6,5.6,6.68,109,1.6,32,MODERATE
ses_1942,SES-001942,cow_22,station_01,rfid_22,2026-09-06T06:19:00.000Z,2026-09-06T06:24:32.000Z,COMPLETED,14.75,2.48,3.54,38.6,5.75,6.63,112,3.9,32,MODERATE
ses_1943,SES-001943,cow_23,station_01,rfid_23,2026-09-06T06:44:00.000Z,2026-09-06T06:48:10.000Z,COMPLETED,13.79,2.72,3.89,38.8,5.57,6.67,129,-4.9,33,MODERATE
ses_1944,SES-001944,cow_24,station_01,rfid_24,2026-09-06T06:37:00.000Z,2026-09-06T06:42:27.000Z,COMPLETED,15.08,2.42,3.45,38.6,5.65,6.61,125,1.2,36,MODERATE
ses_1945,SES-001945,cow_25,station_01,rfid_25,2026-09-06T06:35:00.000Z,2026-09-06T06:39:35.000Z,COMPLETED,15.05,2.63,3.75,38.7,5.47,6.65,145,-1.6,32,MODERATE
ses_1946,SES-001946,cow_26,station_01,rfid_26,2026-09-06T07:03:00.000Z,2026-09-06T07:07:59.000Z,COMPLETED,16.13,2.86,4.09,38.6,5.61,6.71,245,3.4,38,MODERATE
ses_1947,SES-001947,cow_27,station_01,rfid_27,2026-09-06T06:46:00.000Z,2026-09-06T06:51:08.000Z,COMPLETED,15.6,2.42,3.46,38.5,5.67,6.63,244,-1.9,38,MODERATE
ses_1948,SES-001948,cow_28,station_01,rfid_28,2026-09-06T07:06:00.000Z,2026-09-06T07:10:53.000Z,COMPLETED,16.01,2.60,3.71,38.6,5.53,6.68,247,-1.8,38,MODERATE
ses_1949,SES-001949,cow_29,station_01,rfid_29,2026-09-06T07:12:00.000Z,2026-09-06T07:17:12.000Z,COMPLETED,16.93,2.86,4.09,38.8,5.63,6.68,268,2,38,MODERATE
ses_1950,SES-001950,cow_30,station_01,rfid_30,2026-09-06T06:19:00.000Z,2026-09-06T06:23:55.000Z,COMPLETED,17.05,2.55,3.65,38.6,5.49,6.63,191,0.3,38,MODERATE
ses_1951,SES-001951,cow_1,station_01,rfid_1,2026-09-06T17:16:00.000Z,2026-09-06T17:21:23.000Z,COMPLETED,13.52,2.62,3.74,38.5,5.63,6.63,96,5.6,9,LOW
ses_1952,SES-001952,cow_2,station_01,rfid_2,2026-09-06T18:12:00.000Z,2026-09-06T18:17:50.000Z,COMPLETED,13.03,2.77,3.95,38.8,5.7,6.7,98,-1.3,17,LOW
ses_1953,SES-001953,cow_3,station_01,rfid_3,2026-09-06T18:12:00.000Z,2026-09-06T18:17:53.000Z,COMPLETED,13.93,2.39,3.42,38.4,5.5,6.65,121,2.4,13,LOW
ses_1954,SES-001954,cow_4,station_01,rfid_4,2026-09-06T18:14:00.000Z,2026-09-06T18:19:36.000Z,COMPLETED,14.19,2.72,3.89,38.6,5.59,6.65,122,2.1,15,LOW
ses_1955,SES-001955,cow_5,station_01,rfid_5,2026-09-06T18:05:00.000Z,2026-09-06T18:09:46.000Z,COMPLETED,15.05,2.88,4.12,38.8,5.51,6.67,137,5.2,13,LOW
ses_1956,SES-001956,cow_6,station_01,rfid_6,2026-09-06T18:25:00.000Z,2026-09-06T18:30:58.000Z,COMPLETED,14.75,2.48,3.54,38.5,5.59,6.64,129,1,15,LOW
ses_1957,SES-001957,cow_7,station_01,rfid_7,2026-09-06T17:43:00.000Z,2026-09-06T17:48:20.000Z,COMPLETED,15.09,2.67,3.82,38.6,5.71,6.64,151,1.3,10,LOW
ses_1958,SES-001958,cow_8,station_01,rfid_8,2026-09-06T17:38:00.000Z,2026-09-06T17:43:27.000Z,COMPLETED,15.32,2.45,3.5,38.7,5.56,6.65,135,0.1,17,LOW
ses_1959,SES-001959,cow_9,station_01,rfid_9,2026-09-06T18:07:00.000Z,2026-09-06T18:11:56.000Z,COMPLETED,15.17,2.58,3.69,38.6,5.58,6.66,158,-3.4,9,LOW
ses_1960,SES-001960,cow_10,station_01,rfid_10,2026-09-06T18:20:00.000Z,2026-09-06T18:24:53.000Z,COMPLETED,16.63,2.86,4.08,38.7,5.44,6.67,81,3.9,9,LOW
ses_1961,SES-001961,cow_11,station_01,rfid_11,2026-09-06T17:38:00.000Z,2026-09-06T17:43:10.000Z,COMPLETED,17.12,2.44,3.48,38.6,5.53,6.62,86,4.4,16,LOW
ses_1962,SES-001962,cow_12,station_01,rfid_12,2026-09-06T17:46:00.000Z,2026-09-06T17:51:15.000Z,COMPLETED,16.88,2.64,3.77,38.4,5.7,6.65,98,1.1,12,LOW
ses_1963,SES-001963,cow_13,station_01,rfid_13,2026-09-06T17:39:00.000Z,2026-09-06T17:44:11.000Z,COMPLETED,17.26,2.90,4.14,38.5,5.5,6.68,101,0.9,8,LOW
ses_1964,SES-001964,cow_14,station_01,rfid_14,2026-09-06T18:08:00.000Z,2026-09-06T18:12:22.000Z,COMPLETED,17.52,2.46,3.51,38.7,5.61,6.66,123,0.7,16,LOW
ses_1965,SES-001965,cow_15,station_01,rfid_15,2026-09-06T17:10:00.000Z,2026-09-06T17:14:32.000Z,COMPLETED,17.12,2.72,3.89,38.5,5.5,6.65,120,-3.8,7,LOW
ses_1966,SES-001966,cow_16,station_01,rfid_16,2026-09-06T18:15:00.000Z,2026-09-06T18:20:32.000Z,COMPLETED,18.22,2.42,3.45,38.5,5.55,6.63,141,0.7,8,LOW
ses_1967,SES-001967,cow_17,station_01,rfid_17,2026-09-06T17:49:00.000Z,2026-09-06T17:54:18.000Z,COMPLETED,18.06,2.53,3.62,38.8,5.7,6.62,141,-1.8,14,LOW
ses_1968,SES-001968,cow_18,station_01,rfid_18,2026-09-06T17:01:00.000Z,2026-09-06T17:06:58.000Z,COMPLETED,12.11,2.74,3.92,38.4,5.47,6.66,157,-5.4,13,LOW
ses_1969,SES-001969,cow_19,station_01,rfid_19,2026-09-06T17:00:00.000Z,2026-09-06T17:04:16.000Z,COMPLETED,13.6,2.41,3.44,38.6,5.64,6.6,150,3.8,15,LOW
ses_1970,SES-001970,cow_20,station_01,rfid_20,2026-09-06T17:42:00.000Z,2026-09-06T17:47:07.000Z,COMPLETED,13.65,2.65,3.78,38.6,5.51,6.68,85,1.1,12,LOW
ses_1971,SES-001971,cow_21,station_01,rfid_21,2026-09-06T17:23:00.000Z,2026-09-06T17:28:29.000Z,COMPLETED,14.34,2.81,4.01,38.5,5.69,6.67,111,3.9,37,MODERATE
ses_1972,SES-001972,cow_22,station_01,rfid_22,2026-09-06T17:05:00.000Z,2026-09-06T17:09:41.000Z,COMPLETED,13.83,2.50,3.57,38.6,5.75,6.64,102,-2.6,36,MODERATE
ses_1973,SES-001973,cow_23,station_01,rfid_23,2026-09-06T17:40:00.000Z,2026-09-06T17:45:14.000Z,COMPLETED,13.9,2.79,3.99,38.7,5.59,6.7,120,-4.1,36,MODERATE
ses_1974,SES-001974,cow_24,station_01,rfid_24,2026-09-06T17:00:00.000Z,2026-09-06T17:05:13.000Z,COMPLETED,14.46,2.42,3.45,38.6,5.71,6.63,126,-3,38,MODERATE
ses_1975,SES-001975,cow_25,station_01,rfid_25,2026-09-06T17:36:00.000Z,2026-09-06T17:41:19.000Z,COMPLETED,15.17,2.65,3.79,38.6,5.57,6.66,143,-0.8,34,MODERATE
ses_1976,SES-001976,cow_26,station_01,rfid_26,2026-09-06T17:25:00.000Z,2026-09-06T17:30:20.000Z,COMPLETED,16.25,2.86,4.09,38.7,5.52,6.69,226,4.2,38,MODERATE
ses_1977,SES-001977,cow_27,station_01,rfid_27,2026-09-06T17:17:00.000Z,2026-09-06T17:21:41.000Z,COMPLETED,15.78,2.46,3.51,38.5,5.65,6.64,254,-0.8,38,MODERATE
ses_1978,SES-001978,cow_28,station_01,rfid_28,2026-09-06T18:12:00.000Z,2026-09-06T18:17:15.000Z,COMPLETED,16.87,2.68,3.83,38.6,5.55,6.65,260,3.5,38,MODERATE
ses_1979,SES-001979,cow_29,station_01,rfid_29,2026-09-06T17:22:00.000Z,2026-09-06T17:27:11.000Z,COMPLETED,16.15,2.81,4.02,38.6,5.6,6.71,246,-2.7,38,MODERATE
ses_1980,SES-001980,cow_30,station_01,rfid_30,2026-09-06T18:24:00.000Z,2026-09-06T18:29:59.000Z,COMPLETED,16.28,2.58,3.68,38.4,5.42,6.66,187,-4.2,38,MODERATE
ses_1981,SES-001981,cow_1,station_01,rfid_1,2026-09-07T06:57:00.000Z,2026-09-07T07:02:16.000Z,COMPLETED,13.21,2.60,3.72,38.6,5.58,6.67,94,3.2,10,LOW
ses_1982,SES-001982,cow_2,station_01,rfid_2,2026-09-07T06:49:00.000Z,2026-09-07T06:54:34.000Z,COMPLETED,12.64,2.84,4.06,38.7,5.64,6.66,102,-4.2,15,LOW
ses_1983,SES-001983,cow_3,station_01,rfid_3,2026-09-07T06:34:00.000Z,2026-09-07T06:39:29.000Z,COMPLETED,13.95,2.46,3.51,38.5,5.57,6.61,104,2.6,10,LOW
ses_1984,SES-001984,cow_4,station_01,rfid_4,2026-09-07T06:42:00.000Z,2026-09-07T06:46:26.000Z,COMPLETED,13.5,2.66,3.8,38.6,5.64,6.68,129,-2.9,10,LOW
ses_1985,SES-001985,cow_5,station_01,rfid_5,2026-09-07T06:28:00.000Z,2026-09-07T06:32:56.000Z,COMPLETED,14.93,2.93,4.18,38.8,5.4,6.69,123,4.4,9,LOW
ses_1986,SES-001986,cow_6,station_01,rfid_6,2026-09-07T07:05:00.000Z,2026-09-07T07:10:35.000Z,COMPLETED,13.82,2.50,3.57,38.6,5.58,6.66,130,-5.3,15,LOW
ses_1987,SES-001987,cow_7,station_01,rfid_7,2026-09-07T06:52:00.000Z,2026-09-07T06:56:08.000Z,COMPLETED,15.06,2.73,3.9,38.6,5.71,6.69,138,1.1,16,LOW
ses_1988,SES-001988,cow_8,station_01,rfid_8,2026-09-07T07:01:00.000Z,2026-09-07T07:06:02.000Z,COMPLETED,15.93,2.33,3.33,38.8,5.53,6.63,136,4.1,10,LOW
ses_1989,SES-001989,cow_9,station_01,rfid_9,2026-09-07T07:21:00.000Z,2026-09-07T07:26:53.000Z,COMPLETED,15.58,2.63,3.76,38.5,5.57,6.63,158,-0.8,7,LOW
ses_1990,SES-001990,cow_10,station_01,rfid_10,2026-09-07T06:52:00.000Z,2026-09-07T06:56:47.000Z,COMPLETED,16.15,2.77,3.95,38.7,5.42,6.69,99,0.9,14,LOW
ses_1991,SES-001991,cow_11,station_01,rfid_11,2026-09-07T07:25:00.000Z,2026-09-07T07:29:44.000Z,COMPLETED,15.94,2.45,3.5,38.7,5.54,6.6,109,-2.8,11,LOW
ses_1992,SES-001992,cow_12,station_01,rfid_12,2026-09-07T07:25:00.000Z,2026-09-07T07:30:41.000Z,COMPLETED,16.32,2.65,3.79,38.5,5.72,6.65,105,-2.3,14,LOW
ses_1993,SES-001993,cow_13,station_01,rfid_13,2026-09-07T06:16:00.000Z,2026-09-07T06:20:05.000Z,COMPLETED,17.03,2.85,4.07,38.6,5.55,6.7,102,-0.4,10,LOW
ses_1994,SES-001994,cow_14,station_01,rfid_14,2026-09-07T06:03:00.000Z,2026-09-07T06:08:01.000Z,COMPLETED,18.1,2.48,3.54,38.7,5.68,6.64,123,4,12,LOW
ses_1995,SES-001995,cow_15,station_01,rfid_15,2026-09-07T06:59:00.000Z,2026-09-07T07:03:34.000Z,COMPLETED,17.76,2.69,3.85,38.6,5.4,6.67,118,-0.2,17,LOW
ses_1996,SES-001996,cow_16,station_01,rfid_16,2026-09-07T06:13:00.000Z,2026-09-07T06:17:42.000Z,COMPLETED,17.33,2.43,3.47,38.7,5.61,6.63,137,-4.3,13,LOW
ses_1997,SES-001997,cow_17,station_01,rfid_17,2026-09-07T06:12:00.000Z,2026-09-07T06:16:23.000Z,COMPLETED,18.06,2.60,3.72,38.8,5.73,6.65,130,-1.8,9,LOW
ses_1998,SES-001998,cow_18,station_01,rfid_18,2026-09-07T07:05:00.000Z,2026-09-07T07:09:34.000Z,COMPLETED,12.19,2.85,4.07,38.6,5.47,6.7,135,-4.8,12,LOW
ses_1999,SES-001999,cow_19,station_01,rfid_19,2026-09-07T07:11:00.000Z,2026-09-07T07:16:17.000Z,COMPLETED,12.84,2.46,3.51,38.6,5.61,6.61,155,-2,13,LOW
ses_2000,SES-002000,cow_20,station_01,rfid_20,2026-09-07T07:26:00.000Z,2026-09-07T07:31:37.000Z,COMPLETED,14.21,2.68,3.83,38.7,5.5,6.63,97,5.3,7,LOW
ses_2001,SES-002001,cow_21,station_01,rfid_21,2026-09-07T07:11:00.000Z,2026-09-07T07:15:14.000Z,COMPLETED,13.92,2.88,4.12,38.5,5.63,6.72,112,0.9,32,MODERATE
ses_2002,SES-002002,cow_22,station_01,rfid_22,2026-09-07T07:28:00.000Z,2026-09-07T07:33:03.000Z,COMPLETED,13.84,2.48,3.54,38.6,5.73,6.66,114,-2.5,32,MODERATE
ses_2003,SES-002003,cow_23,station_01,rfid_23,2026-09-07T06:28:00.000Z,2026-09-07T06:33:45.000Z,COMPLETED,13.96,2.69,3.85,38.8,5.57,6.66,116,-3.7,33,MODERATE
ses_2004,SES-002004,cow_24,station_01,rfid_24,2026-09-07T06:53:00.000Z,2026-09-07T06:58:01.000Z,COMPLETED,14.67,2.44,3.49,38.6,5.76,6.61,123,-1.5,37,MODERATE
ses_2005,SES-002005,cow_25,station_01,rfid_25,2026-09-07T06:50:00.000Z,2026-09-07T06:55:21.000Z,COMPLETED,15.36,2.53,3.61,38.6,5.49,6.67,142,0.4,38,MODERATE
ses_2006,SES-002006,cow_26,station_01,rfid_26,2026-09-07T06:10:00.000Z,2026-09-07T06:15:10.000Z,COMPLETED,16.21,2.82,4.03,38.8,5.54,6.7,238,3.9,39,MODERATE
ses_2007,SES-002007,cow_27,station_01,rfid_27,2026-09-07T06:03:00.000Z,2026-09-07T06:07:30.000Z,COMPLETED,16.68,2.40,3.43,38.4,5.74,6.65,251,4.9,39,MODERATE
ses_2008,SES-002008,cow_28,station_01,rfid_28,2026-09-07T06:39:00.000Z,2026-09-07T06:44:13.000Z,COMPLETED,15.97,2.73,3.9,38.7,5.5,6.68,260,-2,39,MODERATE
ses_2009,SES-002009,cow_29,station_01,rfid_29,2026-09-07T07:30:00.000Z,2026-09-07T07:34:34.000Z,COMPLETED,17.32,2.93,4.19,38.8,5.69,6.71,256,4.3,39,MODERATE
ses_2010,SES-002010,cow_30,station_01,rfid_30,2026-09-07T06:06:00.000Z,2026-09-07T06:10:39.000Z,COMPLETED,17.66,2.46,3.51,38.4,5.48,6.62,192,3.9,39,MODERATE
ses_2011,SES-002011,cow_1,station_01,rfid_1,2026-09-07T18:26:00.000Z,2026-09-07T18:31:15.000Z,COMPLETED,13.15,2.57,3.67,38.7,5.57,6.62,87,2.7,12,LOW
ses_2012,SES-002012,cow_2,station_01,rfid_2,2026-09-07T17:53:00.000Z,2026-09-07T17:57:35.000Z,COMPLETED,12.74,2.73,3.9,38.6,5.71,6.71,98,-3.5,13,LOW
ses_2013,SES-002013,cow_3,station_01,rfid_3,2026-09-07T17:32:00.000Z,2026-09-07T17:36:16.000Z,COMPLETED,13.4,2.52,3.6,38.6,5.51,6.61,120,-1.5,13,LOW
ses_2014,SES-002014,cow_4,station_01,rfid_4,2026-09-07T17:37:00.000Z,2026-09-07T17:41:44.000Z,COMPLETED,13.4,2.72,3.89,38.7,5.67,6.69,120,-3.6,9,LOW
ses_2015,SES-002015,cow_5,station_01,rfid_5,2026-09-07T17:09:00.000Z,2026-09-07T17:13:10.000Z,COMPLETED,14.52,2.85,4.07,38.8,5.47,6.67,120,1.5,12,LOW
ses_2016,SES-002016,cow_6,station_01,rfid_6,2026-09-07T18:10:00.000Z,2026-09-07T18:14:43.000Z,COMPLETED,15.11,2.57,3.67,38.5,5.57,6.66,138,3.5,16,LOW
ses_2017,SES-002017,cow_7,station_01,rfid_7,2026-09-07T18:09:00.000Z,2026-09-07T18:13:51.000Z,COMPLETED,14.37,2.69,3.85,38.6,5.74,6.68,148,-3.6,7,LOW
ses_2018,SES-002018,cow_8,station_01,rfid_8,2026-09-07T17:05:00.000Z,2026-09-07T17:10:19.000Z,COMPLETED,15.5,2.32,3.32,38.7,5.49,6.62,151,1.3,12,LOW
ses_2019,SES-002019,cow_9,station_01,rfid_9,2026-09-07T17:43:00.000Z,2026-09-07T17:47:13.000Z,COMPLETED,15.69,2.60,3.71,38.4,5.62,6.68,159,-0.1,15,LOW
ses_2020,SES-002020,cow_10,station_01,rfid_10,2026-09-07T18:20:00.000Z,2026-09-07T18:24:28.000Z,COMPLETED,15.91,2.80,4,38.5,5.46,6.65,95,-0.6,14,LOW
ses_2021,SES-002021,cow_11,station_01,rfid_11,2026-09-07T17:18:00.000Z,2026-09-07T17:22:52.000Z,COMPLETED,17.07,2.40,3.43,38.8,5.57,6.62,109,4.1,10,LOW
ses_2022,SES-002022,cow_12,station_01,rfid_12,2026-09-07T17:40:00.000Z,2026-09-07T17:45:30.000Z,COMPLETED,16.14,2.62,3.74,38.5,5.67,6.65,108,-3.4,9,LOW
ses_2023,SES-002023,cow_13,station_01,rfid_13,2026-09-07T17:18:00.000Z,2026-09-07T17:23:27.000Z,COMPLETED,17.84,2.81,4.02,38.6,5.5,6.69,108,4.3,8,LOW
ses_2024,SES-002024,cow_14,station_01,rfid_14,2026-09-07T17:43:00.000Z,2026-09-07T17:47:50.000Z,COMPLETED,17.32,2.48,3.54,38.8,5.66,6.62,119,-0.5,8,LOW
ses_2025,SES-002025,cow_15,station_01,rfid_15,2026-09-07T18:25:00.000Z,2026-09-07T18:30:11.000Z,COMPLETED,17.24,2.74,3.92,38.6,5.46,6.66,123,-3.1,13,LOW
ses_2026,SES-002026,cow_16,station_01,rfid_16,2026-09-07T18:14:00.000Z,2026-09-07T18:19:58.000Z,COMPLETED,18.5,2.43,3.47,38.6,5.57,6.64,135,2.2,15,LOW
ses_2027,SES-002027,cow_17,station_01,rfid_17,2026-09-07T17:31:00.000Z,2026-09-07T17:35:12.000Z,COMPLETED,18.29,2.63,3.76,38.7,5.7,6.62,128,-0.6,15,LOW
ses_2028,SES-002028,cow_18,station_01,rfid_18,2026-09-07T18:01:00.000Z,2026-09-07T18:06:40.000Z,COMPLETED,12.2,2.77,3.96,38.5,5.53,6.69,138,-4.7,7,LOW
ses_2029,SES-002029,cow_19,station_01,rfid_19,2026-09-07T17:55:00.000Z,2026-09-07T18:00:48.000Z,COMPLETED,12.65,2.45,3.5,38.6,5.62,6.6,155,-3.4,11,LOW
ses_2030,SES-002030,cow_20,station_01,rfid_20,2026-09-07T17:31:00.000Z,2026-09-07T17:36:50.000Z,COMPLETED,13.85,2.60,3.71,38.6,5.44,6.64,102,2.6,12,LOW
ses_2031,SES-002031,cow_21,station_01,rfid_21,2026-09-07T17:40:00.000Z,2026-09-07T17:45:44.000Z,COMPLETED,13.74,2.91,4.16,38.6,5.63,6.71,97,-0.4,35,MODERATE
ses_2032,SES-002032,cow_22,station_01,rfid_22,2026-09-07T18:14:00.000Z,2026-09-07T18:18:24.000Z,COMPLETED,13.83,2.47,3.53,38.6,5.76,6.67,107,-2.6,37,MODERATE
ses_2033,SES-002033,cow_23,station_01,rfid_23,2026-09-07T17:08:00.000Z,2026-09-07T17:12:41.000Z,COMPLETED,14.41,2.71,3.87,38.7,5.59,6.68,115,-0.6,38,MODERATE
ses_2034,SES-002034,cow_24,station_01,rfid_24,2026-09-07T18:04:00.000Z,2026-09-07T18:09:30.000Z,COMPLETED,14.94,2.33,3.33,38.5,5.67,6.66,127,0.3,31,MODERATE
ses_2035,SES-002035,cow_25,station_01,rfid_25,2026-09-07T17:19:00.000Z,2026-09-07T17:24:08.000Z,COMPLETED,15.81,2.60,3.72,38.6,5.52,6.67,144,3.3,32,MODERATE
ses_2036,SES-002036,cow_26,station_01,rfid_26,2026-09-07T18:29:00.000Z,2026-09-07T18:34:25.000Z,COMPLETED,15.78,2.77,3.95,38.7,5.6,6.71,252,1.2,39,MODERATE
ses_2037,SES-002037,cow_27,station_01,rfid_27,2026-09-07T17:57:00.000Z,2026-09-07T18:02:05.000Z,COMPLETED,15.61,2.42,3.46,38.5,5.75,6.65,247,-1.8,39,MODERATE
ses_2038,SES-002038,cow_28,station_01,rfid_28,2026-09-07T18:27:00.000Z,2026-09-07T18:32:15.000Z,COMPLETED,16.2,2.67,3.81,38.6,5.57,6.64,256,-0.6,39,MODERATE
ses_2039,SES-002039,cow_29,station_01,rfid_29,2026-09-07T18:26:00.000Z,2026-09-07T18:31:05.000Z,COMPLETED,16.53,2.93,4.19,38.8,5.62,6.67,259,-0.4,39,MODERATE
ses_2040,SES-002040,cow_30,station_01,rfid_30,2026-09-07T18:05:00.000Z,2026-09-07T18:10:38.000Z,COMPLETED,17.68,2.46,3.51,38.4,5.41,6.66,203,4,39,MODERATE
ses_2041,SES-002041,cow_1,station_01,rfid_1,2026-09-08T06:47:00.000Z,2026-09-08T06:52:25.000Z,COMPLETED,12.22,2.63,3.75,38.6,5.51,6.63,104,-4.5,13,LOW
ses_2042,SES-002042,cow_2,station_01,rfid_2,2026-09-08T06:51:00.000Z,2026-09-08T06:55:48.000Z,COMPLETED,13.87,2.74,3.92,38.7,5.68,6.66,101,5.1,11,LOW
ses_2043,SES-002043,cow_3,station_01,rfid_3,2026-09-08T07:18:00.000Z,2026-09-08T07:23:01.000Z,COMPLETED,13.25,2.48,3.55,38.5,5.55,6.66,108,-2.6,14,LOW
ses_2044,SES-002044,cow_4,station_01,rfid_4,2026-09-08T06:10:00.000Z,2026-09-08T06:15:24.000Z,COMPLETED,13.46,2.69,3.84,38.7,5.6,6.66,108,-3.2,14,LOW
ses_2045,SES-002045,cow_5,station_01,rfid_5,2026-09-08T06:28:00.000Z,2026-09-08T06:33:16.000Z,COMPLETED,14.93,2.90,4.14,38.8,5.47,6.68,119,4.4,9,LOW
ses_2046,SES-002046,cow_6,station_01,rfid_6,2026-09-08T06:51:00.000Z,2026-09-08T06:55:57.000Z,COMPLETED,14.78,2.48,3.54,38.4,5.58,6.63,127,1.2,15,LOW
ses_2047,SES-002047,cow_7,station_01,rfid_7,2026-09-08T06:16:00.000Z,2026-09-08T06:20:52.000Z,COMPLETED,15.28,2.73,3.9,38.5,5.73,6.68,129,2.6,15,LOW
ses_2048,SES-002048,cow_8,station_01,rfid_8,2026-09-08T07:03:00.000Z,2026-09-08T07:08:24.000Z,COMPLETED,15.51,2.40,3.43,38.8,5.47,6.61,150,1.4,10,LOW
ses_2049,SES-002049,cow_9,station_01,rfid_9,2026-09-08T06:44:00.000Z,2026-09-08T06:49:51.000Z,COMPLETED,15.43,2.55,3.65,38.5,5.64,6.65,150,-1.7,11,LOW
ses_2050,SES-002050,cow_10,station_01,rfid_10,2026-09-08T06:14:00.000Z,2026-09-08T06:18:33.000Z,COMPLETED,16.56,2.86,4.09,38.6,5.41,6.68,88,3.5,14,LOW
ses_2051,SES-002051,cow_11,station_01,rfid_11,2026-09-08T06:53:00.000Z,2026-09-08T06:57:04.000Z,COMPLETED,15.96,2.48,3.54,38.6,5.52,6.6,102,-2.7,17,LOW
ses_2052,SES-002052,cow_12,station_01,rfid_12,2026-09-08T06:31:00.000Z,2026-09-08T06:36:55.000Z,COMPLETED,16.81,2.64,3.77,38.6,5.7,6.65,96,0.7,15,LOW
ses_2053,SES-002053,cow_13,station_01,rfid_13,2026-09-08T06:36:00.000Z,2026-09-08T06:41:08.000Z,COMPLETED,17.37,2.81,4.01,38.7,5.51,6.71,106,1.6,8,LOW
ses_2054,SES-002054,cow_14,station_01,rfid_14,2026-09-08T07:14:00.000Z,2026-09-08T07:19:11.000Z,COMPLETED,16.98,2.56,3.66,38.8,5.65,6.63,125,-2.4,9,LOW
ses_2055,SES-002055,cow_15,station_01,rfid_15,2026-09-08T06:18:00.000Z,2026-09-08T06:22:17.000Z,COMPLETED,18.42,2.67,3.82,38.4,5.5,6.64,123,3.5,11,LOW
ses_2056,SES-002056,cow_16,station_01,rfid_16,2026-09-08T06:03:00.000Z,2026-09-08T06:08:21.000Z,COMPLETED,17.83,2.38,3.4,38.7,5.61,6.61,132,-1.5,14,LOW
ses_2057,SES-002057,cow_17,station_01,rfid_17,2026-09-08T06:06:00.000Z,2026-09-08T06:10:29.000Z,COMPLETED,18.99,2.53,3.61,38.7,5.68,6.65,146,3.2,8,LOW
ses_2058,SES-002058,cow_18,station_01,rfid_18,2026-09-08T07:14:00.000Z,2026-09-08T07:19:38.000Z,COMPLETED,13.41,2.87,4.1,38.6,5.47,6.69,150,4.8,14,LOW
ses_2059,SES-002059,cow_19,station_01,rfid_19,2026-09-08T07:20:00.000Z,2026-09-08T07:24:18.000Z,COMPLETED,12.77,2.47,3.53,38.6,5.63,6.65,163,-2.5,13,LOW
ses_2060,SES-002060,cow_20,station_01,rfid_20,2026-09-08T06:54:00.000Z,2026-09-08T06:58:49.000Z,COMPLETED,13.56,2.68,3.83,38.7,5.48,6.65,93,0.4,16,LOW
ses_2061,SES-002061,cow_21,station_01,rfid_21,2026-09-08T06:07:00.000Z,2026-09-08T06:12:40.000Z,COMPLETED,14.19,2.87,4.1,38.5,5.7,6.71,121,2.8,33,MODERATE
ses_2062,SES-002062,cow_22,station_01,rfid_22,2026-09-08T06:56:00.000Z,2026-09-08T07:00:04.000Z,COMPLETED,14.49,2.47,3.53,38.6,5.82,6.64,117,2,32,MODERATE
ses_2063,SES-002063,cow_23,station_01,rfid_23,2026-09-08T06:42:00.000Z,2026-09-08T06:46:51.000Z,COMPLETED,14.8,2.78,3.97,38.7,5.63,6.69,121,2.1,37,MODERATE
ses_2064,SES-002064,cow_24,station_01,rfid_24,2026-09-08T06:34:00.000Z,2026-09-08T06:38:18.000Z,COMPLETED,14.32,2.32,3.32,38.6,5.7,6.63,145,-3.9,33,MODERATE
ses_2065,SES-002065,cow_25,station_01,rfid_25,2026-09-08T07:01:00.000Z,2026-09-08T07:06:18.000Z,COMPLETED,14.5,2.61,3.73,38.7,5.56,6.67,138,-5.2,36,MODERATE
ses_2066,SES-002066,cow_26,station_01,rfid_26,2026-09-08T06:17:00.000Z,2026-09-08T06:22:52.000Z,COMPLETED,15.69,2.74,3.91,38.6,5.53,6.67,249,0.6,40,MODERATE
ses_2067,SES-002067,cow_27,station_01,rfid_27,2026-09-08T07:16:00.000Z,2026-09-08T07:20:16.000Z,COMPLETED,16.56,2.47,3.53,38.5,5.71,6.61,248,4.2,40,MODERATE
ses_2068,SES-002068,cow_28,station_01,rfid_28,2026-09-08T06:04:00.000Z,2026-09-08T06:09:18.000Z,COMPLETED,16.8,2.61,3.73,38.7,5.5,6.67,264,3.1,40,MODERATE
ses_2069,SES-002069,cow_29,station_01,rfid_29,2026-09-08T06:06:00.000Z,2026-09-08T06:11:02.000Z,COMPLETED,16.96,2.90,4.14,38.7,5.65,6.69,276,2.2,40,MODERATE
ses_2070,SES-002070,cow_30,station_01,rfid_30,2026-09-08T06:32:00.000Z,2026-09-08T06:37:13.000Z,COMPLETED,17.39,2.48,3.55,38.6,5.41,6.62,219,2.3,40,MODERATE
ses_2071,SES-002071,cow_1,station_01,rfid_1,2026-09-08T18:20:00.000Z,2026-09-08T18:25:53.000Z,COMPLETED,13.5,2.58,3.68,38.6,5.52,6.64,106,5.5,11,LOW
ses_2072,SES-002072,cow_2,station_01,rfid_2,2026-09-08T17:22:00.000Z,2026-09-08T17:27:29.000Z,COMPLETED,12.83,2.77,3.95,38.8,5.65,6.65,94,-2.8,11,LOW
ses_2073,SES-002073,cow_3,station_01,rfid_3,2026-09-08T18:13:00.000Z,2026-09-08T18:18:23.000Z,COMPLETED,13.4,2.51,3.59,38.5,5.56,6.66,106,-1.5,10,LOW
ses_2074,SES-002074,cow_4,station_01,rfid_4,2026-09-08T18:16:00.000Z,2026-09-08T18:20:54.000Z,COMPLETED,13.12,2.61,3.73,38.6,5.59,6.64,125,-5.6,15,LOW
ses_2075,SES-002075,cow_5,station_01,rfid_5,2026-09-08T17:22:00.000Z,2026-09-08T17:26:31.000Z,COMPLETED,14.64,2.93,4.18,38.6,5.39,6.71,125,2.4,16,LOW
ses_2076,SES-002076,cow_6,station_01,rfid_6,2026-09-08T17:40:00.000Z,2026-09-08T17:45:03.000Z,COMPLETED,14.51,2.50,3.57,38.5,5.61,6.62,127,-0.6,12,LOW
ses_2077,SES-002077,cow_7,station_01,rfid_7,2026-09-08T17:10:00.000Z,2026-09-08T17:14:22.000Z,COMPLETED,14.54,2.74,3.91,38.7,5.66,6.64,146,-2.4,15,LOW
ses_2078,SES-002078,cow_8,station_01,rfid_8,2026-09-08T18:00:00.000Z,2026-09-08T18:05:42.000Z,COMPLETED,15.69,2.34,3.35,38.8,5.5,6.63,137,2.5,14,LOW
ses_2079,SES-002079,cow_9,station_01,rfid_9,2026-09-08T18:22:00.000Z,2026-09-08T18:26:31.000Z,COMPLETED,15.92,2.54,3.63,38.5,5.61,6.66,155,1.4,9,LOW
ses_2080,SES-002080,cow_10,station_01,rfid_10,2026-09-08T18:24:00.000Z,2026-09-08T18:28:57.000Z,COMPLETED,16.05,2.74,3.91,38.6,5.44,6.65,93,0.3,12,LOW
ses_2081,SES-002081,cow_11,station_01,rfid_11,2026-09-08T18:06:00.000Z,2026-09-08T18:11:08.000Z,COMPLETED,17.11,2.40,3.43,38.7,5.57,6.62,86,4.3,13,LOW
ses_2082,SES-002082,cow_12,station_01,rfid_12,2026-09-08T17:29:00.000Z,2026-09-08T17:34:16.000Z,COMPLETED,16.56,2.69,3.84,38.4,5.69,6.66,108,-0.8,9,LOW
ses_2083,SES-002083,cow_13,station_01,rfid_13,2026-09-08T17:47:00.000Z,2026-09-08T17:52:23.000Z,COMPLETED,17.74,2.87,4.1,38.7,5.52,6.67,99,3.7,13,LOW
ses_2084,SES-002084,cow_14,station_01,rfid_14,2026-09-08T17:21:00.000Z,2026-09-08T17:25:36.000Z,COMPLETED,16.95,2.55,3.64,38.7,5.64,6.62,124,-2.6,11,LOW
ses_2085,SES-002085,cow_15,station_01,rfid_15,2026-09-08T18:20:00.000Z,2026-09-08T18:24:12.000Z,COMPLETED,18.38,2.67,3.81,38.5,5.46,6.66,120,3.3,7,LOW
ses_2086,SES-002086,cow_16,station_01,rfid_16,2026-09-08T17:51:00.000Z,2026-09-08T17:56:37.000Z,COMPLETED,18.66,2.37,3.39,38.5,5.54,6.62,127,3.1,11,LOW
ses_2087,SES-002087,cow_17,station_01,rfid_17,2026-09-08T18:22:00.000Z,2026-09-08T18:27:56.000Z,COMPLETED,18.72,2.55,3.65,38.6,5.64,6.68,145,1.7,13,LOW
ses_2088,SES-002088,cow_18,station_01,rfid_18,2026-09-08T17:21:00.000Z,2026-09-08T17:25:49.000Z,COMPLETED,13.5,2.75,3.93,38.5,5.54,6.66,135,5.5,7,LOW
ses_2089,SES-002089,cow_19,station_01,rfid_19,2026-09-08T17:23:00.000Z,2026-09-08T17:27:04.000Z,COMPLETED,13.58,2.45,3.5,38.6,5.68,6.64,165,3.7,8,LOW
ses_2090,SES-002090,cow_20,station_01,rfid_20,2026-09-08T18:18:00.000Z,2026-09-08T18:23:55.000Z,COMPLETED,14.16,2.65,3.79,38.7,5.48,6.65,90,4.9,16,LOW
ses_2091,SES-002091,cow_21,station_01,rfid_21,2026-09-08T18:14:00.000Z,2026-09-08T18:19:48.000Z,COMPLETED,13.51,2.87,4.1,38.6,5.73,6.7,117,-2.1,35,MODERATE
ses_2092,SES-002092,cow_22,station_01,rfid_22,2026-09-08T17:58:00.000Z,2026-09-08T18:02:37.000Z,COMPLETED,14.18,2.50,3.57,38.6,5.75,6.68,110,-0.1,39,MODERATE
ses_2093,SES-002093,cow_23,station_01,rfid_23,2026-09-08T17:17:00.000Z,2026-09-08T17:21:57.000Z,COMPLETED,14.19,2.73,3.9,38.7,5.64,6.71,132,-2.1,38,MODERATE
ses_2094,SES-002094,cow_24,station_01,rfid_24,2026-09-08T17:01:00.000Z,2026-09-08T17:05:24.000Z,COMPLETED,15.15,2.44,3.49,38.5,5.69,6.62,143,1.7,38,MODERATE
ses_2095,SES-002095,cow_25,station_01,rfid_25,2026-09-08T18:07:00.000Z,2026-09-08T18:12:34.000Z,COMPLETED,15.06,2.58,3.69,38.6,5.59,6.67,141,-1.6,39,MODERATE
ses_2096,SES-002096,cow_26,station_01,rfid_26,2026-09-08T17:51:00.000Z,2026-09-08T17:55:57.000Z,COMPLETED,15.16,2.80,4,38.7,5.6,6.7,259,-2.8,40,MODERATE
ses_2097,SES-002097,cow_27,station_01,rfid_27,2026-09-08T18:26:00.000Z,2026-09-08T18:31:13.000Z,COMPLETED,15.88,2.46,3.52,38.5,5.64,6.65,252,-0.1,40,MODERATE
ses_2098,SES-002098,cow_28,station_01,rfid_28,2026-09-08T18:20:00.000Z,2026-09-08T18:25:23.000Z,COMPLETED,16.01,2.72,3.88,38.7,5.54,6.63,255,-1.8,40,MODERATE
ses_2099,SES-002099,cow_29,station_01,rfid_29,2026-09-08T18:06:00.000Z,2026-09-08T18:10:45.000Z,COMPLETED,16.86,2.91,4.15,38.6,5.57,6.7,275,1.6,40,MODERATE
ses_2100,SES-002100,cow_30,station_01,rfid_30,2026-09-08T17:52:00.000Z,2026-09-08T17:56:56.000Z,COMPLETED,17.13,2.47,3.53,38.5,5.5,6.66,212,0.8,40,MODERATE
ses_2101,SES-002101,cow_1,station_01,rfid_1,2026-09-09T06:45:00.000Z,2026-09-09T06:49:20.000Z,COMPLETED,13.16,2.60,3.72,38.6,5.57,6.66,102,2.8,11,LOW
ses_2102,SES-002102,cow_2,station_01,rfid_2,2026-09-09T06:28:00.000Z,2026-09-09T06:32:20.000Z,COMPLETED,12.94,2.82,4.03,38.7,5.7,6.66,112,-2,9,LOW
ses_2103,SES-002103,cow_3,station_01,rfid_3,2026-09-09T07:16:00.000Z,2026-09-09T07:20:42.000Z,COMPLETED,13.65,2.47,3.53,38.6,5.52,6.61,120,0.4,10,LOW
ses_2104,SES-002104,cow_4,station_01,rfid_4,2026-09-09T07:03:00.000Z,2026-09-09T07:07:59.000Z,COMPLETED,14.17,2.67,3.82,38.6,5.69,6.66,112,1.9,17,LOW
ses_2105,SES-002105,cow_5,station_01,rfid_5,2026-09-09T06:05:00.000Z,2026-09-09T06:09:22.000Z,COMPLETED,14.61,2.91,4.15,38.7,5.48,6.7,115,2.2,14,LOW
ses_2106,SES-002106,cow_6,station_01,rfid_6,2026-09-09T06:25:00.000Z,2026-09-09T06:29:08.000Z,COMPLETED,14.94,2.59,3.7,38.5,5.56,6.65,135,2.3,13,LOW
ses_2107,SES-002107,cow_7,station_01,rfid_7,2026-09-09T06:28:00.000Z,2026-09-09T06:33:35.000Z,COMPLETED,14.81,2.72,3.88,38.6,5.7,6.67,142,-0.6,16,LOW
ses_2108,SES-002108,cow_8,station_01,rfid_8,2026-09-09T07:23:00.000Z,2026-09-09T07:28:31.000Z,COMPLETED,15.83,2.40,3.43,38.7,5.49,6.63,144,3.5,13,LOW
ses_2109,SES-002109,cow_9,station_01,rfid_9,2026-09-09T06:40:00.000Z,2026-09-09T06:45:41.000Z,COMPLETED,16.37,2.61,3.73,38.6,5.64,6.64,141,4.3,14,LOW
ses_2110,SES-002110,cow_10,station_01,rfid_10,2026-09-09T06:25:00.000Z,2026-09-09T06:29:01.000Z,COMPLETED,15.36,2.78,3.97,38.6,5.43,6.66,80,-4,10,LOW
ses_2111,SES-002111,cow_11,station_01,rfid_11,2026-09-09T06:32:00.000Z,2026-09-09T06:37:29.000Z,COMPLETED,17.11,2.48,3.55,38.8,5.55,6.62,104,4.3,9,LOW
ses_2112,SES-002112,cow_12,station_01,rfid_12,2026-09-09T07:30:00.000Z,2026-09-09T07:34:28.000Z,COMPLETED,16.03,2.63,3.75,38.6,5.66,6.64,98,-4,12,LOW
ses_2113,SES-002113,cow_13,station_01,rfid_13,2026-09-09T06:10:00.000Z,2026-09-09T06:15:04.000Z,COMPLETED,16.9,2.93,4.19,38.6,5.54,6.66,118,-1.2,13,LOW
ses_2114,SES-002114,cow_14,station_01,rfid_14,2026-09-09T06:30:00.000Z,2026-09-09T06:34:43.000Z,COMPLETED,17.37,2.52,3.6,38.6,5.66,6.63,129,-0.2,17,LOW
ses_2115,SES-002115,cow_15,station_01,rfid_15,2026-09-09T07:00:00.000Z,2026-09-09T07:05:01.000Z,COMPLETED,18.19,2.72,3.89,38.5,5.51,6.65,114,2.2,12,LOW
ses_2116,SES-002116,cow_16,station_01,rfid_16,2026-09-09T07:12:00.000Z,2026-09-09T07:17:10.000Z,COMPLETED,18.32,2.39,3.41,38.5,5.56,6.63,137,1.2,15,LOW
ses_2117,SES-002117,cow_17,station_01,rfid_17,2026-09-09T07:21:00.000Z,2026-09-09T07:25:42.000Z,COMPLETED,18.83,2.54,3.63,38.8,5.72,6.68,144,2.3,11,LOW
ses_2118,SES-002118,cow_18,station_01,rfid_18,2026-09-09T07:04:00.000Z,2026-09-09T07:08:37.000Z,COMPLETED,12.92,2.76,3.94,38.4,5.55,6.69,135,0.9,14,LOW
ses_2119,SES-002119,cow_19,station_01,rfid_19,2026-09-09T06:54:00.000Z,2026-09-09T06:58:56.000Z,COMPLETED,13.16,2.43,3.47,38.7,5.58,6.6,158,0.5,9,LOW
ses_2120,SES-002120,cow_20,station_01,rfid_20,2026-09-09T07:09:00.000Z,2026-09-09T07:14:47.000Z,COMPLETED,14.26,2.67,3.81,38.8,5.4,6.64,99,5.6,16,LOW
ses_2121,SES-002121,cow_21,station_01,rfid_21,2026-09-09T06:31:00.000Z,2026-09-09T06:35:43.000Z,COMPLETED,13.44,2.93,4.18,38.6,5.73,6.71,106,-2.6,40,MODERATE
ses_2122,SES-002122,cow_22,station_01,rfid_22,2026-09-09T06:42:00.000Z,2026-09-09T06:47:04.000Z,COMPLETED,14.27,2.55,3.65,38.7,5.86,6.67,128,0.5,36,MODERATE
ses_2123,SES-002123,cow_23,station_01,rfid_23,2026-09-09T06:29:00.000Z,2026-09-09T06:35:00.000Z,COMPLETED,14.83,2.71,3.87,38.7,5.68,6.69,142,2.3,37,MODERATE
ses_2124,SES-002124,cow_24,station_01,rfid_24,2026-09-09T07:07:00.000Z,2026-09-09T07:11:42.000Z,COMPLETED,14.03,2.32,3.31,38.5,5.81,6.65,132,-5.8,38,MODERATE
ses_2125,SES-002125,cow_25,station_01,rfid_25,2026-09-09T06:39:00.000Z,2026-09-09T06:44:12.000Z,COMPLETED,14.27,2.65,3.79,38.7,5.59,6.66,153,-6.7,34,MODERATE
ses_2126,SES-002126,cow_26,station_01,rfid_26,2026-09-09T06:45:00.000Z,2026-09-09T06:50:17.000Z,COMPLETED,15.56,2.80,4,38.7,5.67,6.71,262,-0.3,42,MODERATE
ses_2127,SES-002127,cow_27,station_01,rfid_27,2026-09-09T06:46:00.000Z,2026-09-09T06:51:14.000Z,COMPLETED,15.57,2.41,3.44,38.6,5.7,6.63,289,-2.1,42,MODERATE
ses_2128,SES-002128,cow_28,station_01,rfid_28,2026-09-09T06:08:00.000Z,2026-09-09T06:12:10.000Z,COMPLETED,17.01,2.61,3.73,38.6,5.56,6.64,291,4.4,42,MODERATE
ses_2129,SES-002129,cow_29,station_01,rfid_29,2026-09-09T06:54:00.000Z,2026-09-09T06:58:13.000Z,COMPLETED,16.54,2.86,4.08,38.7,5.71,6.71,299,-0.4,42,MODERATE
ses_2130,SES-002130,cow_30,station_01,rfid_30,2026-09-09T06:14:00.000Z,2026-09-09T06:18:48.000Z,COMPLETED,16.49,2.48,3.55,38.5,5.48,6.63,239,-3,42,MODERATE
ses_2131,SES-002131,cow_1,station_01,rfid_1,2026-09-09T17:12:00.000Z,2026-09-09T17:17:00.000Z,COMPLETED,13.44,2.58,3.68,38.5,5.56,6.67,91,5,15,LOW
ses_2132,SES-002132,cow_2,station_01,rfid_2,2026-09-09T17:52:00.000Z,2026-09-09T17:56:33.000Z,COMPLETED,12.48,2.84,4.06,38.6,5.64,6.69,108,-5.5,11,LOW
ses_2133,SES-002133,cow_3,station_01,rfid_3,2026-09-09T17:49:00.000Z,2026-09-09T17:54:38.000Z,COMPLETED,13.88,2.39,3.41,38.5,5.55,6.64,120,2.1,15,LOW
ses_2134,SES-002134,cow_4,station_01,rfid_4,2026-09-09T17:07:00.000Z,2026-09-09T17:11:34.000Z,COMPLETED,14.2,2.63,3.75,38.5,5.66,6.67,111,2.2,10,LOW
ses_2135,SES-002135,cow_5,station_01,rfid_5,2026-09-09T17:17:00.000Z,2026-09-09T17:22:07.000Z,COMPLETED,13.85,2.90,4.14,38.8,5.42,6.71,126,-3.1,11,LOW
ses_2136,SES-002136,cow_6,station_01,rfid_6,2026-09-09T17:52:00.000Z,2026-09-09T17:56:44.000Z,COMPLETED,13.89,2.58,3.68,38.6,5.58,6.64,121,-4.9,17,LOW
ses_2137,SES-002137,cow_7,station_01,rfid_7,2026-09-09T17:14:00.000Z,2026-09-09T17:18:49.000Z,COMPLETED,15.57,2.72,3.89,38.6,5.69,6.67,128,4.5,10,LOW
ses_2138,SES-002138,cow_8,station_01,rfid_8,2026-09-09T18:20:00.000Z,2026-09-09T18:25:41.000Z,COMPLETED,15.02,2.34,3.34,38.7,5.49,6.64,151,-1.8,13,LOW
ses_2139,SES-002139,cow_9,station_01,rfid_9,2026-09-09T18:14:00.000Z,2026-09-09T18:18:10.000Z,COMPLETED,15.37,2.53,3.61,38.6,5.68,6.65,155,-2.1,15,LOW
ses_2140,SES-002140,cow_10,station_01,rfid_10,2026-09-09T17:14:00.000Z,2026-09-09T17:19:32.000Z,COMPLETED,16.29,2.86,4.09,38.6,5.5,6.67,87,1.8,10,LOW
ses_2141,SES-002141,cow_11,station_01,rfid_11,2026-09-09T17:09:00.000Z,2026-09-09T17:14:23.000Z,COMPLETED,16.46,2.39,3.42,38.6,5.55,6.65,97,0.4,9,LOW
ses_2142,SES-002142,cow_12,station_01,rfid_12,2026-09-09T17:29:00.000Z,2026-09-09T17:33:36.000Z,COMPLETED,17.38,2.68,3.83,38.5,5.7,6.68,94,4.1,12,LOW
ses_2143,SES-002143,cow_13,station_01,rfid_13,2026-09-09T17:07:00.000Z,2026-09-09T17:11:57.000Z,COMPLETED,17.74,2.82,4.03,38.6,5.55,6.71,119,3.7,15,LOW
ses_2144,SES-002144,cow_14,station_01,rfid_14,2026-09-09T17:44:00.000Z,2026-09-09T17:48:09.000Z,COMPLETED,17.17,2.48,3.54,38.7,5.66,6.62,125,-1.3,15,LOW
ses_2145,SES-002145,cow_15,station_01,rfid_15,2026-09-09T17:55:00.000Z,2026-09-09T18:00:11.000Z,COMPLETED,18.52,2.67,3.81,38.6,5.45,6.68,130,4,7,LOW
ses_2146,SES-002146,cow_16,station_01,rfid_16,2026-09-09T17:15:00.000Z,2026-09-09T17:20:24.000Z,COMPLETED,18.86,2.37,3.38,38.7,5.55,6.59,129,4.2,9,LOW
ses_2147,SES-002147,cow_17,station_01,rfid_17,2026-09-09T17:57:00.000Z,2026-09-09T18:02:27.000Z,COMPLETED,18.57,2.53,3.61,38.7,5.73,6.63,137,0.9,9,LOW
ses_2148,SES-002148,cow_18,station_01,rfid_18,2026-09-09T17:21:00.000Z,2026-09-09T17:26:41.000Z,COMPLETED,12.59,2.80,4,38.5,5.47,6.67,144,-1.6,8,LOW
ses_2149,SES-002149,cow_19,station_01,rfid_19,2026-09-09T18:14:00.000Z,2026-09-09T18:18:05.000Z,COMPLETED,12.57,2.42,3.45,38.5,5.58,6.66,149,-4,13,LOW
ses_2150,SES-002150,cow_20,station_01,rfid_20,2026-09-09T17:45:00.000Z,2026-09-09T17:49:36.000Z,COMPLETED,13.28,2.65,3.79,38.7,5.4,6.63,100,-1.6,13,LOW
ses_2151,SES-002151,cow_21,station_01,rfid_21,2026-09-09T17:05:00.000Z,2026-09-09T17:10:45.000Z,COMPLETED,14.05,2.88,4.12,38.5,5.75,6.69,104,1.8,37,MODERATE
ses_2152,SES-002152,cow_22,station_01,rfid_22,2026-09-09T17:46:00.000Z,2026-09-09T17:50:20.000Z,COMPLETED,13.7,2.53,3.61,38.7,5.8,6.66,115,-3.5,36,MODERATE
ses_2153,SES-002153,cow_23,station_01,rfid_23,2026-09-09T18:11:00.000Z,2026-09-09T18:15:15.000Z,COMPLETED,14.1,2.75,3.93,38.8,5.64,6.67,126,-2.8,33,MODERATE
ses_2154,SES-002154,cow_24,station_01,rfid_24,2026-09-09T17:34:00.000Z,2026-09-09T17:38:48.000Z,COMPLETED,14.39,2.39,3.41,38.6,5.8,6.63,150,-3.4,35,MODERATE
ses_2155,SES-002155,cow_25,station_01,rfid_25,2026-09-09T17:53:00.000Z,2026-09-09T17:57:36.000Z,COMPLETED,15.28,2.56,3.66,38.6,5.55,6.69,153,-0.1,37,MODERATE
ses_2156,SES-002156,cow_26,station_01,rfid_26,2026-09-09T18:10:00.000Z,2026-09-09T18:14:44.000Z,COMPLETED,15.49,2.83,4.05,38.6,5.6,6.71,272,-0.7,42,MODERATE
ses_2157,SES-002157,cow_27,station_01,rfid_27,2026-09-09T18:12:00.000Z,2026-09-09T18:16:50.000Z,COMPLETED,15.45,2.40,3.43,38.6,5.8,6.62,282,-2.8,42,MODERATE
ses_2158,SES-002158,cow_28,station_01,rfid_28,2026-09-09T17:35:00.000Z,2026-09-09T17:40:30.000Z,COMPLETED,16.36,2.62,3.74,38.6,5.55,6.66,275,0.4,42,MODERATE
ses_2159,SES-002159,cow_29,station_01,rfid_29,2026-09-09T17:07:00.000Z,2026-09-09T17:11:19.000Z,COMPLETED,16.08,2.88,4.11,38.7,5.72,6.69,289,-3.1,42,MODERATE
ses_2160,SES-002160,cow_30,station_01,rfid_30,2026-09-09T17:18:00.000Z,2026-09-09T17:23:32.000Z,COMPLETED,17.43,2.53,3.61,38.4,5.55,6.62,229,2.5,42,MODERATE
ses_2161,SES-002161,cow_1,station_01,rfid_1,2026-09-10T06:41:00.000Z,2026-09-10T06:45:35.000Z,COMPLETED,13.13,2.66,3.8,38.6,5.59,6.65,91,2.6,12,LOW
ses_2162,SES-002162,cow_2,station_01,rfid_2,2026-09-10T06:15:00.000Z,2026-09-10T06:20:35.000Z,COMPLETED,13.14,2.84,4.06,38.6,5.64,6.69,113,-0.5,11,LOW
ses_2163,SES-002163,cow_3,station_01,rfid_3,2026-09-10T06:00:00.000Z,2026-09-10T06:05:00.000Z,COMPLETED,13.62,2.51,3.58,38.5,5.48,6.64,106,0.1,16,LOW
ses_2164,SES-002164,cow_4,station_01,rfid_4,2026-09-10T06:39:00.000Z,2026-09-10T06:44:58.000Z,COMPLETED,13.91,2.71,3.87,38.5,5.6,6.69,127,0.1,14,LOW
ses_2165,SES-002165,cow_5,station_01,rfid_5,2026-09-10T06:53:00.000Z,2026-09-10T06:58:44.000Z,COMPLETED,14.2,2.86,4.09,38.6,5.46,6.7,121,-0.7,13,LOW
ses_2166,SES-002166,cow_6,station_01,rfid_6,2026-09-10T06:57:00.000Z,2026-09-10T07:01:15.000Z,COMPLETED,15.05,2.55,3.64,38.5,5.55,6.66,139,3.1,12,LOW
ses_2167,SES-002167,cow_7,station_01,rfid_7,2026-09-10T06:28:00.000Z,2026-09-10T06:32:36.000Z,COMPLETED,14.22,2.79,3.98,38.6,5.67,6.64,138,-4.6,11,LOW
ses_2168,SES-002168,cow_8,station_01,rfid_8,2026-09-10T06:06:00.000Z,2026-09-10T06:11:04.000Z,COMPLETED,15.75,2.33,3.33,38.8,5.45,6.64,151,2.9,13,LOW
ses_2169,SES-002169,cow_9,station_01,rfid_9,2026-09-10T06:59:00.000Z,2026-09-10T07:03:34.000Z,COMPLETED,15.42,2.57,3.67,38.4,5.6,6.67,162,-1.8,15,LOW
ses_2170,SES-002170,cow_10,station_01,rfid_10,2026-09-10T06:20:00.000Z,2026-09-10T06:24:53.000Z,COMPLETED,15.76,2.81,4.01,38.6,5.49,6.7,85,-1.5,10,LOW
ses_2171,SES-002171,cow_11,station_01,rfid_11,2026-09-10T06:19:00.000Z,2026-09-10T06:23:58.000Z,COMPLETED,16.9,2.44,3.48,38.8,5.54,6.61,99,3,13,LOW
ses_2172,SES-002172,cow_12,station_01,rfid_12,2026-09-10T07:06:00.000Z,2026-09-10T07:11:55.000Z,COMPLETED,16.85,2.71,3.87,38.5,5.66,6.67,94,0.9,9,LOW
ses_2173,SES-002173,cow_13,station_01,rfid_13,2026-09-10T06:50:00.000Z,2026-09-10T06:54:36.000Z,COMPLETED,17.43,2.92,4.17,38.6,5.54,6.7,108,1.9,15,LOW
ses_2174,SES-002174,cow_14,station_01,rfid_14,2026-09-10T07:28:00.000Z,2026-09-10T07:33:45.000Z,COMPLETED,17.79,2.57,3.67,38.7,5.6,6.62,113,2.2,8,LOW
ses_2175,SES-002175,cow_15,station_01,rfid_15,2026-09-10T06:47:00.000Z,2026-09-10T06:52:52.000Z,COMPLETED,18.4,2.68,3.83,38.5,5.49,6.68,115,3.4,12,LOW
ses_2176,SES-002176,cow_16,station_01,rfid_16,2026-09-10T06:48:00.000Z,2026-09-10T06:52:26.000Z,COMPLETED,17.37,2.44,3.48,38.5,5.51,6.65,131,-4,8,LOW
ses_2177,SES-002177,cow_17,station_01,rfid_17,2026-09-10T06:47:00.000Z,2026-09-10T06:51:22.000Z,COMPLETED,19.11,2.59,3.7,38.7,5.68,6.65,141,3.9,13,LOW
ses_2178,SES-002178,cow_18,station_01,rfid_18,2026-09-10T06:51:00.000Z,2026-09-10T06:55:48.000Z,COMPLETED,12.93,2.79,3.98,38.5,5.47,6.68,139,1,12,LOW
ses_2179,SES-002179,cow_19,station_01,rfid_19,2026-09-10T07:15:00.000Z,2026-09-10T07:20:00.000Z,COMPLETED,13.07,2.45,3.5,38.6,5.62,6.63,146,-0.2,13,LOW
ses_2180,SES-002180,cow_20,station_01,rfid_20,2026-09-10T06:18:00.000Z,2026-09-10T06:23:13.000Z,COMPLETED,13.03,2.73,3.9,38.7,5.41,6.69,98,-3.5,17,LOW
ses_2181,SES-002181,cow_21,station_01,rfid_21,2026-09-10T06:21:00.000Z,2026-09-10T06:25:41.000Z,COMPLETED,13.31,2.92,4.17,38.5,5.69,6.73,125,-3.6,38,MODERATE
ses_2182,SES-002182,cow_22,station_01,rfid_22,2026-09-10T07:02:00.000Z,2026-09-10T07:07:32.000Z,COMPLETED,14.01,2.54,3.63,38.6,5.9,6.67,131,-1.3,36,MODERATE
ses_2183,SES-002183,cow_23,station_01,rfid_23,2026-09-10T06:38:00.000Z,2026-09-10T06:42:53.000Z,COMPLETED,14.14,2.72,3.89,38.7,5.64,6.68,129,-2.5,41,MODERATE
ses_2184,SES-002184,cow_24,station_01,rfid_24,2026-09-10T06:37:00.000Z,2026-09-10T06:42:29.000Z,COMPLETED,15.11,2.35,3.36,38.6,5.77,6.62,152,1.4,39,MODERATE
ses_2185,SES-002185,cow_25,station_01,rfid_25,2026-09-10T06:39:00.000Z,2026-09-10T06:44:32.000Z,COMPLETED,14.51,2.53,3.62,38.6,5.57,6.68,144,-5.2,39,MODERATE
ses_2186,SES-002186,cow_26,station_01,rfid_26,2026-09-10T07:06:00.000Z,2026-09-10T07:10:54.000Z,COMPLETED,15.57,2.77,3.96,38.6,5.69,6.66,286,-0.2,44,MODERATE
ses_2187,SES-002187,cow_27,station_01,rfid_27,2026-09-10T07:19:00.000Z,2026-09-10T07:23:47.000Z,COMPLETED,15.83,2.42,3.45,38.5,5.79,6.65,300,-0.4,44,MODERATE
ses_2188,SES-002188,cow_28,station_01,rfid_28,2026-09-10T06:36:00.000Z,2026-09-10T06:40:00.000Z,COMPLETED,15.68,2.69,3.84,38.6,5.61,6.69,308,-3.8,44,MODERATE
ses_2189,SES-002189,cow_29,station_01,rfid_29,2026-09-10T06:56:00.000Z,2026-09-10T07:01:34.000Z,COMPLETED,16.83,2.91,4.15,38.8,5.74,6.68,310,1.4,44,MODERATE
ses_2190,SES-002190,cow_30,station_01,rfid_30,2026-09-10T07:06:00.000Z,2026-09-10T07:11:25.000Z,COMPLETED,16.96,2.47,3.53,38.5,5.54,6.64,245,-0.2,44,MODERATE
ses_2191,SES-002191,cow_1,station_01,rfid_1,2026-09-10T17:01:00.000Z,2026-09-10T17:06:11.000Z,COMPLETED,13.49,2.61,3.73,38.6,5.52,6.65,98,5.4,10,LOW
ses_2192,SES-002192,cow_2,station_01,rfid_2,2026-09-10T18:11:00.000Z,2026-09-10T18:15:05.000Z,COMPLETED,13.26,2.80,4,38.7,5.68,6.69,100,0.5,12,LOW
ses_2193,SES-002193,cow_3,station_01,rfid_3,2026-09-10T17:04:00.000Z,2026-09-10T17:09:49.000Z,COMPLETED,14.19,2.41,3.44,38.5,5.55,6.64,110,4.3,14,LOW
ses_2194,SES-002194,cow_4,station_01,rfid_4,2026-09-10T18:00:00.000Z,2026-09-10T18:04:36.000Z,COMPLETED,13.65,2.72,3.88,38.5,5.67,6.69,122,-1.8,17,LOW
ses_2195,SES-002195,cow_5,station_01,rfid_5,2026-09-10T18:27:00.000Z,2026-09-10T18:31:10.000Z,COMPLETED,14.98,2.83,4.04,38.7,5.51,6.67,129,4.8,15,LOW
ses_2196,SES-002196,cow_6,station_01,rfid_6,2026-09-10T18:13:00.000Z,2026-09-10T18:17:06.000Z,COMPLETED,14.46,2.48,3.55,38.5,5.55,6.65,125,-1,12,LOW
ses_2197,SES-002197,cow_7,station_01,rfid_7,2026-09-10T17:02:00.000Z,2026-09-10T17:07:28.000Z,COMPLETED,15.16,2.73,3.9,38.6,5.75,6.7,139,1.7,8,LOW
ses_2198,SES-002198,cow_8,station_01,rfid_8,2026-09-10T18:03:00.000Z,2026-09-10T18:07:16.000Z,COMPLETED,14.59,2.45,3.5,38.6,5.49,6.62,141,-4.6,10,LOW
ses_2199,SES-002199,cow_9,station_01,rfid_9,2026-09-10T17:46:00.000Z,2026-09-10T17:51:21.000Z,COMPLETED,15.17,2.60,3.71,38.5,5.58,6.66,164,-3.4,13,LOW
ses_2200,SES-002200,cow_10,station_01,rfid_10,2026-09-10T17:41:00.000Z,2026-09-10T17:46:33.000Z,COMPLETED,16.49,2.82,4.03,38.6,5.44,6.66,99,3.1,12,LOW
ses_2201,SES-002201,cow_11,station_01,rfid_11,2026-09-10T17:04:00.000Z,2026-09-10T17:08:31.000Z,COMPLETED,15.91,2.48,3.55,38.8,5.54,6.64,108,-3,14,LOW
ses_2202,SES-002202,cow_12,station_01,rfid_12,2026-09-10T17:13:00.000Z,2026-09-10T17:17:50.000Z,COMPLETED,16.43,2.67,3.81,38.5,5.7,6.67,112,-1.6,11,LOW
ses_2203,SES-002203,cow_13,station_01,rfid_13,2026-09-10T17:58:00.000Z,2026-09-10T18:03:01.000Z,COMPLETED,16.33,2.88,4.11,38.6,5.51,6.71,118,-4.5,15,LOW
ses_2204,SES-002204,cow_14,station_01,rfid_14,2026-09-10T18:08:00.000Z,2026-09-10T18:12:31.000Z,COMPLETED,17.88,2.58,3.69,38.8,5.68,6.61,125,2.8,13,LOW
ses_2205,SES-002205,cow_15,station_01,rfid_15,2026-09-10T17:56:00.000Z,2026-09-10T18:00:30.000Z,COMPLETED,17.79,2.77,3.96,38.6,5.45,6.7,118,-0.1,10,LOW
ses_2206,SES-002206,cow_16,station_01,rfid_16,2026-09-10T17:04:00.000Z,2026-09-10T17:08:37.000Z,COMPLETED,17.46,2.44,3.48,38.6,5.53,6.62,123,-3.5,16,LOW
ses_2207,SES-002207,cow_17,station_01,rfid_17,2026-09-10T17:54:00.000Z,2026-09-10T17:59:21.000Z,COMPLETED,18.25,2.65,3.78,38.6,5.7,6.64,128,-0.8,16,LOW
ses_2208,SES-002208,cow_18,station_01,rfid_18,2026-09-10T17:01:00.000Z,2026-09-10T17:05:02.000Z,COMPLETED,13.29,2.74,3.92,38.4,5.51,6.68,153,3.8,16,LOW
ses_2209,SES-002209,cow_19,station_01,rfid_19,2026-09-10T18:03:00.000Z,2026-09-10T18:08:10.000Z,COMPLETED,12.94,2.48,3.55,38.6,5.58,6.66,156,-1.2,15,LOW
ses_2210,SES-002210,cow_20,station_01,rfid_20,2026-09-10T18:12:00.000Z,2026-09-10T18:16:40.000Z,COMPLETED,13.85,2.64,3.77,38.7,5.51,6.64,95,2.6,7,LOW
ses_2211,SES-002211,cow_21,station_01,rfid_21,2026-09-10T18:05:00.000Z,2026-09-10T18:09:55.000Z,COMPLETED,13.96,2.89,4.13,38.6,5.77,6.7,117,1.2,33,MODERATE
ses_2212,SES-002212,cow_22,station_01,rfid_22,2026-09-10T18:02:00.000Z,2026-09-10T18:06:12.000Z,COMPLETED,13.21,2.53,3.61,38.7,5.85,6.65,130,-7,40,MODERATE
ses_2213,SES-002213,cow_23,station_01,rfid_23,2026-09-10T17:01:00.000Z,2026-09-10T17:05:48.000Z,COMPLETED,13.98,2.67,3.81,38.7,5.66,6.69,144,-3.6,40,MODERATE
ses_2214,SES-002214,cow_24,station_01,rfid_24,2026-09-10T17:24:00.000Z,2026-09-10T17:29:58.000Z,COMPLETED,14.37,2.44,3.48,38.5,5.75,6.63,148,-3.6,38,MODERATE
ses_2215,SES-002215,cow_25,station_01,rfid_25,2026-09-10T18:16:00.000Z,2026-09-10T18:21:21.000Z,COMPLETED,15.26,2.62,3.74,38.7,5.64,6.71,153,-0.3,34,MODERATE
ses_2216,SES-002216,cow_26,station_01,rfid_26,2026-09-10T17:45:00.000Z,2026-09-10T17:50:32.000Z,COMPLETED,15.96,2.83,4.04,38.6,5.65,6.66,299,2.3,44,MODERATE
ses_2217,SES-002217,cow_27,station_01,rfid_27,2026-09-10T18:26:00.000Z,2026-09-10T18:31:40.000Z,COMPLETED,15.47,2.50,3.57,38.5,5.79,6.66,303,-2.7,44,MODERATE
ses_2218,SES-002218,cow_28,station_01,rfid_28,2026-09-10T17:41:00.000Z,2026-09-10T17:46:12.000Z,COMPLETED,16.52,2.65,3.79,38.6,5.66,6.67,306,1.3,44,MODERATE
ses_2219,SES-002219,cow_29,station_01,rfid_29,2026-09-10T17:15:00.000Z,2026-09-10T17:20:02.000Z,COMPLETED,15.84,2.83,4.04,38.6,5.72,6.68,314,-4.6,44,MODERATE
ses_2220,SES-002220,cow_30,station_01,rfid_30,2026-09-10T18:16:00.000Z,2026-09-10T18:21:34.000Z,COMPLETED,17.47,2.51,3.59,38.5,5.52,6.66,261,2.8,44,MODERATE
ses_2221,SES-002221,cow_1,station_01,rfid_1,2026-09-11T06:16:00.000Z,2026-09-11T06:20:03.000Z,COMPLETED,13.27,2.65,3.78,38.7,5.57,6.63,87,3.7,10,LOW
ses_2222,SES-002222,cow_2,station_01,rfid_2,2026-09-11T07:18:00.000Z,2026-09-11T07:22:37.000Z,COMPLETED,13.62,2.76,3.94,38.8,5.69,6.68,110,3.2,17,LOW
ses_2223,SES-002223,cow_3,station_01,rfid_3,2026-09-11T06:35:00.000Z,2026-09-11T06:39:06.000Z,COMPLETED,14.09,2.51,3.59,38.4,5.47,6.61,116,3.6,12,LOW
ses_2224,SES-002224,cow_4,station_01,rfid_4,2026-09-11T06:29:00.000Z,2026-09-11T06:34:30.000Z,COMPLETED,13.25,2.63,3.75,38.7,5.58,6.65,118,-4.7,16,LOW
ses_2225,SES-002225,cow_5,station_01,rfid_5,2026-09-11T06:21:00.000Z,2026-09-11T06:26:25.000Z,COMPLETED,14.58,2.83,4.04,38.7,5.49,6.71,134,2,14,LOW
ses_2226,SES-002226,cow_6,station_01,rfid_6,2026-09-11T06:07:00.000Z,2026-09-11T06:12:50.000Z,COMPLETED,14.05,2.52,3.6,38.5,5.55,6.63,124,-3.8,14,LOW
ses_2227,SES-002227,cow_7,station_01,rfid_7,2026-09-11T06:19:00.000Z,2026-09-11T06:23:33.000Z,COMPLETED,14.44,2.75,3.93,38.6,5.71,6.65,139,-3.1,17,LOW
ses_2228,SES-002228,cow_8,station_01,rfid_8,2026-09-11T06:21:00.000Z,2026-09-11T06:25:29.000Z,COMPLETED,15.78,2.44,3.48,38.7,5.46,6.59,144,3.1,11,LOW
ses_2229,SES-002229,cow_9,station_01,rfid_9,2026-09-11T07:16:00.000Z,2026-09-11T07:20:49.000Z,COMPLETED,16.08,2.63,3.76,38.6,5.66,6.67,157,2.4,10,LOW
ses_2230,SES-002230,cow_10,station_01,rfid_10,2026-09-11T07:29:00.000Z,2026-09-11T07:33:04.000Z,COMPLETED,15.36,2.86,4.09,38.5,5.44,6.7,90,-4,7,LOW
ses_2231,SES-002231,cow_11,station_01,rfid_11,2026-09-11T06:21:00.000Z,2026-09-11T06:25:32.000Z,COMPLETED,16.23,2.43,3.47,38.7,5.58,6.64,106,-1,9,LOW
ses_2232,SES-002232,cow_12,station_01,rfid_12,2026-09-11T06:29:00.000Z,2026-09-11T06:33:28.000Z,COMPLETED,16.6,2.63,3.75,38.5,5.64,6.68,110,-0.6,14,LOW
ses_2233,SES-002233,cow_13,station_01,rfid_13,2026-09-11T07:25:00.000Z,2026-09-11T07:29:52.000Z,COMPLETED,16.4,2.93,4.18,38.7,5.57,6.68,101,-4.1,8,LOW
ses_2234,SES-002234,cow_14,station_01,rfid_14,2026-09-11T07:24:00.000Z,2026-09-11T07:28:34.000Z,COMPLETED,16.65,2.57,3.67,38.8,5.61,6.63,107,-4.3,10,LOW
ses_2235,SES-002235,cow_15,station_01,rfid_15,2026-09-11T06:58:00.000Z,2026-09-11T07:03:08.000Z,COMPLETED,18.31,2.76,3.94,38.5,5.39,6.66,125,2.9,16,LOW
ses_2236,SES-002236,cow_16,station_01,rfid_16,2026-09-11T06:36:00.000Z,2026-09-11T06:40:08.000Z,COMPLETED,18.13,2.32,3.31,38.6,5.53,6.64,123,0.2,8,LOW
ses_2237,SES-002237,cow_17,station_01,rfid_17,2026-09-11T06:54:00.000Z,2026-09-11T06:59:34.000Z,COMPLETED,18.9,2.59,3.7,38.8,5.69,6.63,133,2.7,15,LOW
ses_2238,SES-002238,cow_18,station_01,rfid_18,2026-09-11T06:35:00.000Z,2026-09-11T06:39:20.000Z,COMPLETED,12.46,2.76,3.94,38.5,5.57,6.66,151,-2.7,16,LOW
ses_2239,SES-002239,cow_19,station_01,rfid_19,2026-09-11T06:01:00.000Z,2026-09-11T06:05:17.000Z,COMPLETED,13.88,2.48,3.55,38.6,5.69,6.63,158,6,11,LOW
ses_2240,SES-002240,cow_20,station_01,rfid_20,2026-09-11T07:21:00.000Z,2026-09-11T07:26:44.000Z,COMPLETED,14.07,2.69,3.85,38.8,5.41,6.69,81,4.2,10,LOW
ses_2241,SES-002241,cow_21,station_01,rfid_21,2026-09-11T06:54:00.000Z,2026-09-11T06:59:05.000Z,COMPLETED,13.34,2.84,4.06,38.6,5.81,6.75,119,-3.3,42,MODERATE
ses_2242,SES-002242,cow_22,station_01,rfid_22,2026-09-11T07:29:00.000Z,2026-09-11T07:34:20.000Z,COMPLETED,13.3,2.48,3.55,38.6,5.91,6.65,139,-6.3,34,MODERATE
ses_2243,SES-002243,cow_23,station_01,rfid_23,2026-09-11T06:43:00.000Z,2026-09-11T06:47:14.000Z,COMPLETED,14.38,2.68,3.83,38.8,5.74,6.7,129,-0.8,38,MODERATE
ses_2244,SES-002244,cow_24,station_01,rfid_24,2026-09-11T07:28:00.000Z,2026-09-11T07:32:06.000Z,COMPLETED,14.21,2.42,3.46,38.6,5.77,6.64,149,-4.6,40,MODERATE
ses_2245,SES-002245,cow_25,station_01,rfid_25,2026-09-11T07:18:00.000Z,2026-09-11T07:23:48.000Z,COMPLETED,14.61,2.54,3.63,38.7,5.66,6.68,165,-4.5,38,MODERATE
ses_2246,SES-002246,cow_26,station_01,rfid_26,2026-09-11T06:42:00.000Z,2026-09-11T06:47:48.000Z,COMPLETED,15.52,2.81,4.02,38.8,5.73,6.69,320,-0.5,46,MODERATE
ses_2247,SES-002247,cow_27,station_01,rfid_27,2026-09-11T06:50:00.000Z,2026-09-11T06:55:42.000Z,COMPLETED,15.62,2.52,3.6,38.5,5.89,6.65,311,-1.8,46,MODERATE
ses_2248,SES-002248,cow_28,station_01,rfid_28,2026-09-11T07:26:00.000Z,2026-09-11T07:30:00.000Z,COMPLETED,16.91,2.62,3.74,38.6,5.69,6.64,333,3.7,46,MODERATE
ses_2249,SES-002249,cow_29,station_01,rfid_29,2026-09-11T07:12:00.000Z,2026-09-11T07:17:28.000Z,COMPLETED,16.35,2.86,4.08,38.7,5.78,6.67,343,-1.5,46,MODERATE
ses_2250,SES-002250,cow_30,station_01,rfid_30,2026-09-11T07:22:00.000Z,2026-09-11T07:27:46.000Z,COMPLETED,17.52,2.56,3.66,38.6,5.65,6.62,266,3.1,46,MODERATE
ses_2251,SES-002251,cow_1,station_01,rfid_1,2026-09-11T18:24:00.000Z,2026-09-11T18:28:23.000Z,COMPLETED,13.37,2.64,3.77,38.6,5.54,6.67,93,4.5,15,LOW
ses_2252,SES-002252,cow_2,station_01,rfid_2,2026-09-11T17:48:00.000Z,2026-09-11T17:53:59.000Z,COMPLETED,12.96,2.81,4.01,38.7,5.7,6.7,104,-1.8,17,LOW
ses_2253,SES-002253,cow_3,station_01,rfid_3,2026-09-11T18:23:00.000Z,2026-09-11T18:27:54.000Z,COMPLETED,13.43,2.51,3.58,38.5,5.5,6.61,120,-1.2,10,LOW
ses_2254,SES-002254,cow_4,station_01,rfid_4,2026-09-11T18:27:00.000Z,2026-09-11T18:32:30.000Z,COMPLETED,13.47,2.65,3.79,38.6,5.67,6.68,113,-3.1,14,LOW
ses_2255,SES-002255,cow_5,station_01,rfid_5,2026-09-11T17:23:00.000Z,2026-09-11T17:27:34.000Z,COMPLETED,14.96,2.93,4.18,38.6,5.44,6.67,124,4.6,10,LOW
ses_2256,SES-002256,cow_6,station_01,rfid_6,2026-09-11T17:45:00.000Z,2026-09-11T17:50:11.000Z,COMPLETED,15.14,2.58,3.68,38.4,5.6,6.63,140,3.7,13,LOW
ses_2257,SES-002257,cow_7,station_01,rfid_7,2026-09-11T17:46:00.000Z,2026-09-11T17:51:27.000Z,COMPLETED,14.75,2.70,3.86,38.5,5.66,6.66,150,-1,15,LOW
ses_2258,SES-002258,cow_8,station_01,rfid_8,2026-09-11T17:51:00.000Z,2026-09-11T17:55:58.000Z,COMPLETED,15.85,2.33,3.33,38.7,5.54,6.63,135,3.6,10,LOW
ses_2259,SES-002259,cow_9,station_01,rfid_9,2026-09-11T17:57:00.000Z,2026-09-11T18:01:30.000Z,COMPLETED,16.17,2.59,3.7,38.6,5.61,6.67,158,3,12,LOW
ses_2260,SES-002260,cow_10,station_01,rfid_10,2026-09-11T17:57:00.000Z,2026-09-11T18:01:53.000Z,COMPLETED,16.03,2.82,4.03,38.7,5.4,6.69,96,0.2,15,LOW
ses_2261,SES-002261,cow_11,station_01,rfid_11,2026-09-11T17:33:00.000Z,2026-09-11T17:38:55.000Z,COMPLETED,16.63,2.40,3.43,38.6,5.56,6.63,93,1.4,15,LOW
ses_2262,SES-002262,cow_12,station_01,rfid_12,2026-09-11T17:32:00.000Z,2026-09-11T17:37:21.000Z,COMPLETED,16.77,2.73,3.9,38.5,5.69,6.68,111,0.4,8,LOW
ses_2263,SES-002263,cow_13,station_01,rfid_13,2026-09-11T17:34:00.000Z,2026-09-11T17:38:26.000Z,COMPLETED,17.3,2.93,4.19,38.7,5.5,6.67,114,1.2,16,LOW
ses_2264,SES-002264,cow_14,station_01,rfid_14,2026-09-11T18:11:00.000Z,2026-09-11T18:15:01.000Z,COMPLETED,17.92,2.49,3.56,38.7,5.61,6.63,119,3,10,LOW
ses_2265,SES-002265,cow_15,station_01,rfid_15,2026-09-11T18:14:00.000Z,2026-09-11T18:18:38.000Z,COMPLETED,17.55,2.79,3.99,38.4,5.45,6.65,126,-1.4,17,LOW
ses_2266,SES-002266,cow_16,station_01,rfid_16,2026-09-11T17:28:00.000Z,2026-09-11T17:33:04.000Z,COMPLETED,18.88,2.34,3.34,38.7,5.63,6.62,120,4.3,11,LOW
ses_2267,SES-002267,cow_17,station_01,rfid_17,2026-09-11T17:11:00.000Z,2026-09-11T17:16:02.000Z,COMPLETED,17.69,2.58,3.69,38.8,5.67,6.63,138,-3.9,8,LOW
ses_2268,SES-002268,cow_18,station_01,rfid_18,2026-09-11T17:38:00.000Z,2026-09-11T17:42:53.000Z,COMPLETED,13.11,2.74,3.91,38.6,5.56,6.65,138,2.4,15,LOW
ses_2269,SES-002269,cow_19,station_01,rfid_19,2026-09-11T17:17:00.000Z,2026-09-11T17:22:07.000Z,COMPLETED,13.86,2.45,3.5,38.6,5.59,6.65,150,5.8,8,LOW
ses_2270,SES-002270,cow_20,station_01,rfid_20,2026-09-11T17:56:00.000Z,2026-09-11T18:01:07.000Z,COMPLETED,14.12,2.68,3.83,38.7,5.45,6.65,86,4.6,16,LOW
ses_2271,SES-002271,cow_21,station_01,rfid_21,2026-09-11T17:42:00.000Z,2026-09-11T17:46:20.000Z,COMPLETED,13.92,2.91,4.15,38.6,5.72,6.72,130,0.9,38,MODERATE
ses_2272,SES-002272,cow_22,station_01,rfid_22,2026-09-11T17:55:00.000Z,2026-09-11T18:00:32.000Z,COMPLETED,13.68,2.50,3.57,38.7,5.82,6.67,119,-3.7,36,MODERATE
ses_2273,SES-002273,cow_23,station_01,rfid_23,2026-09-11T17:48:00.000Z,2026-09-11T17:53:23.000Z,COMPLETED,14.77,2.73,3.9,38.7,5.71,6.73,137,1.9,39,MODERATE
ses_2274,SES-002274,cow_24,station_01,rfid_24,2026-09-11T17:14:00.000Z,2026-09-11T17:19:08.000Z,COMPLETED,14.98,2.34,3.34,38.6,5.86,6.66,152,0.5,36,MODERATE
ses_2275,SES-002275,cow_25,station_01,rfid_25,2026-09-11T17:28:00.000Z,2026-09-11T17:32:41.000Z,COMPLETED,14.86,2.58,3.68,38.7,5.61,6.68,143,-2.9,34,MODERATE
ses_2276,SES-002276,cow_26,station_01,rfid_26,2026-09-11T17:28:00.000Z,2026-09-11T17:32:52.000Z,COMPLETED,15.41,2.78,3.97,38.7,5.8,6.67,319,-1.2,46,MODERATE
ses_2277,SES-002277,cow_27,station_01,rfid_27,2026-09-11T17:35:00.000Z,2026-09-11T17:39:59.000Z,COMPLETED,15.48,2.41,3.44,38.6,5.82,6.64,321,-2.6,46,MODERATE
ses_2278,SES-002278,cow_28,station_01,rfid_28,2026-09-11T17:27:00.000Z,2026-09-11T17:32:43.000Z,COMPLETED,17.07,2.69,3.85,38.7,5.69,6.68,338,4.7,46,MODERATE
ses_2279,SES-002279,cow_29,station_01,rfid_29,2026-09-11T17:48:00.000Z,2026-09-11T17:53:13.000Z,COMPLETED,17.26,2.80,4,38.6,5.76,6.67,335,4,46,MODERATE
ses_2280,SES-002280,cow_30,station_01,rfid_30,2026-09-11T17:29:00.000Z,2026-09-11T17:34:02.000Z,COMPLETED,17.23,2.58,3.69,38.5,5.65,6.64,274,1.4,46,MODERATE
ses_2281,SES-002281,cow_1,station_01,rfid_1,2026-09-12T07:05:00.000Z,2026-09-12T07:09:53.000Z,COMPLETED,12.31,2.55,3.64,38.6,5.55,6.67,87,-3.8,9,LOW
ses_2282,SES-002282,cow_2,station_01,rfid_2,2026-09-12T07:27:00.000Z,2026-09-12T07:31:33.000Z,COMPLETED,13.76,2.76,3.94,38.6,5.66,6.7,103,4.2,12,LOW
ses_2283,SES-002283,cow_3,station_01,rfid_3,2026-09-12T07:27:00.000Z,2026-09-12T07:31:14.000Z,COMPLETED,13.6,2.39,3.42,38.5,5.47,6.61,116,0,13,LOW
ses_2284,SES-002284,cow_4,station_01,rfid_4,2026-09-12T06:40:00.000Z,2026-09-12T06:44:05.000Z,COMPLETED,13.82,2.69,3.84,38.7,5.63,6.63,129,-0.6,14,LOW
ses_2285,SES-002285,cow_5,station_01,rfid_5,2026-09-12T06:04:00.000Z,2026-09-12T06:08:11.000Z,COMPLETED,14.96,2.82,4.03,38.6,5.48,6.7,128,4.6,16,LOW
ses_2286,SES-002286,cow_6,station_01,rfid_6,2026-09-12T07:10:00.000Z,2026-09-12T07:15:41.000Z,COMPLETED,14.12,2.48,3.55,38.5,5.63,6.66,140,-3.3,11,LOW
ses_2287,SES-002287,cow_7,station_01,rfid_7,2026-09-12T06:08:00.000Z,2026-09-12T06:13:17.000Z,COMPLETED,14.22,2.74,3.91,38.5,5.69,6.7,128,-4.6,9,LOW
ses_2288,SES-002288,cow_8,station_01,rfid_8,2026-09-12T06:52:00.000Z,2026-09-12T06:57:19.000Z,COMPLETED,15.41,2.34,3.35,38.8,5.47,6.62,140,0.7,14,LOW
ses_2289,SES-002289,cow_9,station_01,rfid_9,2026-09-12T07:04:00.000Z,2026-09-12T07:08:48.000Z,COMPLETED,15.73,2.55,3.65,38.5,5.63,6.67,160,0.2,9,LOW
ses_2290,SES-002290,cow_10,station_01,rfid_10,2026-09-12T07:08:00.000Z,2026-09-12T07:13:51.000Z,COMPLETED,15.85,2.83,4.05,38.7,5.49,6.71,80,-0.9,13,LOW
ses_2291,SES-002291,cow_11,station_01,rfid_11,2026-09-12T07:21:00.000Z,2026-09-12T07:25:24.000Z,COMPLETED,16.95,2.39,3.42,38.6,5.52,6.62,88,3.4,14,LOW
ses_2292,SES-002292,cow_12,station_01,rfid_12,2026-09-12T06:21:00.000Z,2026-09-12T06:25:02.000Z,COMPLETED,16.85,2.65,3.78,38.5,5.72,6.68,107,0.9,10,LOW
ses_2293,SES-002293,cow_13,station_01,rfid_13,2026-09-12T07:16:00.000Z,2026-09-12T07:20:48.000Z,COMPLETED,16.65,2.82,4.03,38.5,5.49,6.68,101,-2.6,11,LOW
ses_2294,SES-002294,cow_14,station_01,rfid_14,2026-09-12T06:06:00.000Z,2026-09-12T06:10:21.000Z,COMPLETED,18,2.53,3.61,38.7,5.59,6.64,117,3.4,11,LOW
ses_2295,SES-002295,cow_15,station_01,rfid_15,2026-09-12T06:58:00.000Z,2026-09-12T07:03:45.000Z,COMPLETED,17.84,2.71,3.87,38.5,5.47,6.64,128,0.2,12,LOW
ses_2296,SES-002296,cow_16,station_01,rfid_16,2026-09-12T06:03:00.000Z,2026-09-12T06:08:41.000Z,COMPLETED,18.51,2.41,3.44,38.6,5.55,6.59,142,2.3,10,LOW
ses_2297,SES-002297,cow_17,station_01,rfid_17,2026-09-12T07:24:00.000Z,2026-09-12T07:28:15.000Z,COMPLETED,19.19,2.59,3.7,38.8,5.67,6.62,131,4.3,10,LOW
ses_2298,SES-002298,cow_18,station_01,rfid_18,2026-09-12T07:20:00.000Z,2026-09-12T07:25:44.000Z,COMPLETED,13.44,2.80,4,38.6,5.56,6.66,151,5,8,LOW
ses_2299,SES-002299,cow_19,station_01,rfid_19,2026-09-12T07:08:00.000Z,2026-09-12T07:12:13.000Z,COMPLETED,12.79,2.38,3.4,38.6,5.68,6.66,162,-2.4,16,LOW
ses_2300,SES-002300,cow_20,station_01,rfid_20,2026-09-12T06:21:00.000Z,2026-09-12T06:26:12.000Z,COMPLETED,13.34,2.72,3.88,38.7,5.46,6.65,86,-1.2,11,LOW
ses_2301,SES-002301,cow_21,station_01,rfid_21,2026-09-12T07:22:00.000Z,2026-09-12T07:26:26.000Z,COMPLETED,12.82,2.81,4.01,38.5,5.73,6.7,113,-7.1,39,MODERATE
ses_2302,SES-002302,cow_22,station_01,rfid_22,2026-09-12T07:00:00.000Z,2026-09-12T07:05:09.000Z,COMPLETED,13.46,2.58,3.68,38.6,5.94,6.7,122,-5.2,37,MODERATE
ses_2303,SES-002303,cow_23,station_01,rfid_23,2026-09-12T06:46:00.000Z,2026-09-12T06:50:49.000Z,COMPLETED,14.22,2.73,3.9,38.8,5.68,6.7,141,-1.9,38,MODERATE
ses_2304,SES-002304,cow_24,station_01,rfid_24,2026-09-12T06:37:00.000Z,2026-09-12T06:41:56.000Z,COMPLETED,14.27,2.35,3.36,38.5,5.84,6.66,140,-4.2,35,MODERATE
ses_2305,SES-002305,cow_25,station_01,rfid_25,2026-09-12T06:58:00.000Z,2026-09-12T07:03:11.000Z,COMPLETED,14.93,2.65,3.78,38.7,5.65,6.7,164,-2.4,42,MODERATE
ses_2306,SES-002306,cow_26,station_01,rfid_26,2026-09-12T07:02:00.000Z,2026-09-12T07:06:24.000Z,COMPLETED,15.3,2.84,4.06,38.8,5.86,6.71,320,-1.9,48,MODERATE
ses_2307,SES-002307,cow_27,station_01,rfid_27,2026-09-12T06:12:00.000Z,2026-09-12T06:16:21.000Z,COMPLETED,15.77,2.51,3.59,38.6,5.88,6.63,345,-0.8,48,MODERATE
ses_2308,SES-002308,cow_28,station_01,rfid_28,2026-09-12T06:47:00.000Z,2026-09-12T06:51:16.000Z,COMPLETED,16.56,2.63,3.75,38.6,5.77,6.67,343,1.6,48,MODERATE
ses_2309,SES-002309,cow_29,station_01,rfid_29,2026-09-12T07:18:00.000Z,2026-09-12T07:23:17.000Z,COMPLETED,16.43,2.81,4.02,38.7,5.93,6.7,344,-1,48,MODERATE
ses_2310,SES-002310,cow_30,station_01,rfid_30,2026-09-12T06:52:00.000Z,2026-09-12T06:56:54.000Z,COMPLETED,16.85,2.48,3.54,38.6,5.68,6.64,283,-0.9,48,MODERATE
ses_2311,SES-002311,cow_1,station_01,rfid_1,2026-09-12T17:20:00.000Z,2026-09-12T17:25:55.000Z,COMPLETED,13.55,2.56,3.66,38.7,5.51,6.67,104,5.9,7,LOW
ses_2312,SES-002312,cow_2,station_01,rfid_2,2026-09-12T17:03:00.000Z,2026-09-12T17:07:07.000Z,COMPLETED,12.49,2.77,3.96,38.7,5.7,6.69,100,-5.4,10,LOW
ses_2313,SES-002313,cow_3,station_01,rfid_3,2026-09-12T17:12:00.000Z,2026-09-12T17:17:56.000Z,COMPLETED,14.35,2.47,3.53,38.5,5.55,6.62,106,5.5,15,LOW
ses_2314,SES-002314,cow_4,station_01,rfid_4,2026-09-12T18:25:00.000Z,2026-09-12T18:29:56.000Z,COMPLETED,14.46,2.59,3.7,38.7,5.62,6.63,114,4,9,LOW
ses_2315,SES-002315,cow_5,station_01,rfid_5,2026-09-12T18:15:00.000Z,2026-09-12T18:19:25.000Z,COMPLETED,14.25,2.82,4.03,38.8,5.47,6.71,136,-0.3,11,LOW
ses_2316,SES-002316,cow_6,station_01,rfid_6,2026-09-12T17:26:00.000Z,2026-09-12T17:30:53.000Z,COMPLETED,15.21,2.58,3.68,38.5,5.61,6.64,129,4.2,14,LOW
ses_2317,SES-002317,cow_7,station_01,rfid_7,2026-09-12T17:59:00.000Z,2026-09-12T18:04:13.000Z,COMPLETED,15.53,2.77,3.96,38.7,5.7,6.65,146,4.2,17,LOW
ses_2318,SES-002318,cow_8,station_01,rfid_8,2026-09-12T17:07:00.000Z,2026-09-12T17:11:12.000Z,COMPLETED,14.66,2.33,3.33,38.7,5.53,6.61,143,-4.2,10,LOW
ses_2319,SES-002319,cow_9,station_01,rfid_9,2026-09-12T17:59:00.000Z,2026-09-12T18:03:01.000Z,COMPLETED,16.48,2.61,3.73,38.5,5.58,6.67,147,5,10,LOW
ses_2320,SES-002320,cow_10,station_01,rfid_10,2026-09-12T18:12:00.000Z,2026-09-12T18:16:20.000Z,COMPLETED,16.68,2.79,3.99,38.6,5.5,6.66,81,4.2,14,LOW
ses_2321,SES-002321,cow_11,station_01,rfid_11,2026-09-12T17:29:00.000Z,2026-09-12T17:33:24.000Z,COMPLETED,16.61,2.45,3.5,38.7,5.54,6.64,107,1.3,7,LOW
ses_2322,SES-002322,cow_12,station_01,rfid_12,2026-09-12T17:36:00.000Z,2026-09-12T17:41:52.000Z,COMPLETED,16.85,2.73,3.9,38.6,5.68,6.69,98,0.9,16,LOW
ses_2323,SES-002323,cow_13,station_01,rfid_13,2026-09-12T18:03:00.000Z,2026-09-12T18:08:22.000Z,COMPLETED,17.2,2.86,4.09,38.6,5.54,6.67,119,0.6,7,LOW
ses_2324,SES-002324,cow_14,station_01,rfid_14,2026-09-12T17:37:00.000Z,2026-09-12T17:41:44.000Z,COMPLETED,17.67,2.57,3.67,38.7,5.58,6.64,121,1.6,8,LOW
ses_2325,SES-002325,cow_15,station_01,rfid_15,2026-09-12T18:11:00.000Z,2026-09-12T18:16:34.000Z,COMPLETED,17.83,2.69,3.84,38.4,5.41,6.69,114,0.2,16,LOW
ses_2326,SES-002326,cow_16,station_01,rfid_16,2026-09-12T18:02:00.000Z,2026-09-12T18:07:44.000Z,COMPLETED,18.57,2.37,3.38,38.6,5.57,6.61,136,2.6,16,LOW
ses_2327,SES-002327,cow_17,station_01,rfid_17,2026-09-12T18:04:00.000Z,2026-09-12T18:08:33.000Z,COMPLETED,17.63,2.64,3.77,38.8,5.73,6.63,133,-4.2,12,LOW
ses_2328,SES-002328,cow_18,station_01,rfid_18,2026-09-12T17:39:00.000Z,2026-09-12T17:44:32.000Z,COMPLETED,12.16,2.75,3.93,38.6,5.5,6.71,145,-5,16,LOW
ses_2329,SES-002329,cow_19,station_01,rfid_19,2026-09-12T17:11:00.000Z,2026-09-12T17:16:16.000Z,COMPLETED,13.6,2.50,3.57,38.7,5.59,6.61,155,3.8,12,LOW
ses_2330,SES-002330,cow_20,station_01,rfid_20,2026-09-12T18:30:00.000Z,2026-09-12T18:34:05.000Z,COMPLETED,13.72,2.64,3.77,38.7,5.45,6.68,93,1.6,11,LOW
ses_2331,SES-002331,cow_21,station_01,rfid_21,2026-09-12T17:50:00.000Z,2026-09-12T17:54:52.000Z,COMPLETED,13.69,2.80,4,38.6,5.81,6.7,133,-0.8,39,MODERATE
ses_2332,SES-002332,cow_22,station_01,rfid_22,2026-09-12T17:19:00.000Z,2026-09-12T17:23:59.000Z,COMPLETED,13.93,2.52,3.6,38.8,5.84,6.66,142,-1.9,37,MODERATE
ses_2333,SES-002333,cow_23,station_01,rfid_23,2026-09-12T17:14:00.000Z,2026-09-12T17:20:00.000Z,COMPLETED,13.25,2.71,3.87,38.8,5.77,6.68,131,-8.6,40,MODERATE
ses_2334,SES-002334,cow_24,station_01,rfid_24,2026-09-12T17:33:00.000Z,2026-09-12T17:38:15.000Z,COMPLETED,14.4,2.43,3.47,38.7,5.81,6.64,161,-3.4,40,MODERATE
ses_2335,SES-002335,cow_25,station_01,rfid_25,2026-09-12T18:29:00.000Z,2026-09-12T18:33:43.000Z,COMPLETED,15.37,2.53,3.61,38.7,5.66,6.67,168,0.5,39,MODERATE
ses_2336,SES-002336,cow_26,station_01,rfid_26,2026-09-12T17:32:00.000Z,2026-09-12T17:37:53.000Z,COMPLETED,15.29,2.81,4.02,38.8,5.83,6.68,324,-2,48,MODERATE
ses_2337,SES-002337,cow_27,station_01,rfid_27,2026-09-12T17:40:00.000Z,2026-09-12T17:45:25.000Z,COMPLETED,15.21,2.46,3.51,38.5,5.9,6.61,335,-4.3,48,MODERATE
ses_2338,SES-002338,cow_28,station_01,rfid_28,2026-09-12T18:10:00.000Z,2026-09-12T18:14:16.000Z,COMPLETED,16.86,2.67,3.82,38.5,5.72,6.64,354,3.4,48,MODERATE
ses_2339,SES-002339,cow_29,station_01,rfid_29,2026-09-12T17:58:00.000Z,2026-09-12T18:02:25.000Z,COMPLETED,16.09,2.88,4.12,38.6,5.86,6.71,341,-3.1,48,MODERATE
ses_2340,SES-002340,cow_30,station_01,rfid_30,2026-09-12T17:42:00.000Z,2026-09-12T17:47:17.000Z,COMPLETED,16.74,2.48,3.54,38.6,5.69,6.65,284,-1.5,48,MODERATE
ses_2341,SES-002341,cow_1,station_01,rfid_1,2026-09-13T07:14:00.000Z,2026-09-13T07:18:36.000Z,COMPLETED,12.66,2.60,3.72,38.5,5.56,6.63,100,-1.1,15,LOW
ses_2342,SES-002342,cow_2,station_01,rfid_2,2026-09-13T07:00:00.000Z,2026-09-13T07:04:25.000Z,COMPLETED,13.41,2.83,4.04,38.7,5.71,6.66,96,1.6,15,LOW
ses_2343,SES-002343,cow_3,station_01,rfid_3,2026-09-13T06:16:00.000Z,2026-09-13T06:21:48.000Z,COMPLETED,14.03,2.46,3.51,38.6,5.55,6.64,112,3.2,11,LOW
ses_2344,SES-002344,cow_4,station_01,rfid_4,2026-09-13T06:20:00.000Z,2026-09-13T06:24:54.000Z,COMPLETED,14.5,2.60,3.72,38.6,5.63,6.63,112,4.3,15,LOW
ses_2345,SES-002345,cow_5,station_01,rfid_5,2026-09-13T06:18:00.000Z,2026-09-13T06:22:59.000Z,COMPLETED,14.11,2.82,4.03,38.7,5.5,6.7,120,-1.3,9,LOW
ses_2346,SES-002346,cow_6,station_01,rfid_6,2026-09-13T06:08:00.000Z,2026-09-13T06:13:22.000Z,COMPLETED,14.74,2.48,3.55,38.5,5.58,6.64,144,1,16,LOW
ses_2347,SES-002347,cow_7,station_01,rfid_7,2026-09-13T06:06:00.000Z,2026-09-13T06:10:22.000Z,COMPLETED,14.2,2.72,3.89,38.6,5.64,6.66,141,-4.7,16,LOW
ses_2348,SES-002348,cow_8,station_01,rfid_8,2026-09-13T07:02:00.000Z,2026-09-13T07:06:55.000Z,COMPLETED,15.03,2.45,3.5,38.8,5.45,6.59,140,-1.8,13,LOW
ses_2349,SES-002349,cow_9,station_01,rfid_9,2026-09-13T06:59:00.000Z,2026-09-13T07:03:09.000Z,COMPLETED,15.73,2.55,3.65,38.6,5.69,6.63,164,0.2,10,LOW
ses_2350,SES-002350,cow_10,station_01,rfid_10,2026-09-13T07:16:00.000Z,2026-09-13T07:21:34.000Z,COMPLETED,16.16,2.79,3.99,38.6,5.42,6.69,83,1,13,LOW
ses_2351,SES-002351,cow_11,station_01,rfid_11,2026-09-13T07:25:00.000Z,2026-09-13T07:29:56.000Z,COMPLETED,16.81,2.40,3.43,38.8,5.54,6.64,108,2.5,7,LOW
ses_2352,SES-002352,cow_12,station_01,rfid_12,2026-09-13T06:32:00.000Z,2026-09-13T06:37:37.000Z,COMPLETED,16.28,2.66,3.8,38.6,5.73,6.69,113,-2.5,14,LOW
ses_2353,SES-002353,cow_13,station_01,rfid_13,2026-09-13T06:32:00.000Z,2026-09-13T06:37:13.000Z,COMPLETED,17.88,2.80,4,38.6,5.54,6.7,102,4.6,16,LOW
ses_2354,SES-002354,cow_14,station_01,rfid_14,2026-09-13T07:15:00.000Z,2026-09-13T07:20:32.000Z,COMPLETED,18.2,2.54,3.63,38.8,5.64,6.65,111,4.6,12,LOW
ses_2355,SES-002355,cow_15,station_01,rfid_15,2026-09-13T07:11:00.000Z,2026-09-13T07:15:32.000Z,COMPLETED,17.06,2.73,3.9,38.5,5.45,6.66,119,-4.2,15,LOW
ses_2356,SES-002356,cow_16,station_01,rfid_16,2026-09-13T06:49:00.000Z,2026-09-13T06:53:40.000Z,COMPLETED,18.39,2.34,3.34,38.6,5.59,6.63,135,1.6,10,LOW
ses_2357,SES-002357,cow_17,station_01,rfid_17,2026-09-13T06:48:00.000Z,2026-09-13T06:53:11.000Z,COMPLETED,18.13,2.61,3.73,38.6,5.75,6.68,142,-1.5,15,LOW
ses_2358,SES-002358,cow_18,station_01,rfid_18,2026-09-13T07:29:00.000Z,2026-09-13T07:34:51.000Z,COMPLETED,13.04,2.83,4.05,38.4,5.54,6.67,151,1.9,11,LOW
ses_2359,SES-002359,cow_19,station_01,rfid_19,2026-09-13T07:16:00.000Z,2026-09-13T07:21:58.000Z,COMPLETED,13.45,2.46,3.52,38.6,5.66,6.65,153,2.7,16,LOW
ses_2360,SES-002360,cow_20,station_01,rfid_20,2026-09-13T06:24:00.000Z,2026-09-13T06:29:32.000Z,COMPLETED,14.16,2.63,3.75,38.8,5.41,6.67,80,4.9,9,LOW
ses_2361,SES-002361,cow_21,station_01,rfid_21,2026-09-13T06:08:00.000Z,2026-09-13T06:13:32.000Z,COMPLETED,13.23,2.85,4.07,38.5,5.84,6.76,125,-4.1,38,MODERATE
ses_2362,SES-002362,cow_22,station_01,rfid_22,2026-09-13T06:18:00.000Z,2026-09-13T06:22:46.000Z,COMPLETED,13.73,2.58,3.69,38.7,5.9,6.67,131,-3.3,42,MODERATE
ses_2363,SES-002363,cow_23,station_01,rfid_23,2026-09-13T06:54:00.000Z,2026-09-13T06:59:43.000Z,COMPLETED,13.85,2.69,3.85,38.7,5.79,6.74,137,-4.5,40,MODERATE
ses_2364,SES-002364,cow_24,station_01,rfid_24,2026-09-13T06:21:00.000Z,2026-09-13T06:25:57.000Z,COMPLETED,13.52,2.43,3.47,38.5,5.81,6.64,142,-9.3,40,MODERATE
ses_2365,SES-002365,cow_25,station_01,rfid_25,2026-09-13T06:10:00.000Z,2026-09-13T06:14:41.000Z,COMPLETED,14.61,2.61,3.73,38.6,5.71,6.66,159,-4.5,43,MODERATE
ses_2366,SES-002366,cow_26,station_01,rfid_26,2026-09-13T06:48:00.000Z,2026-09-13T06:53:50.000Z,COMPLETED,15.74,2.82,4.03,38.7,5.81,6.68,355,0.9,50,MODERATE
ses_2367,SES-002367,cow_27,station_01,rfid_27,2026-09-13T07:29:00.000Z,2026-09-13T07:33:25.000Z,COMPLETED,16.64,2.39,3.41,38.4,6.01,6.6,361,4.7,50,MODERATE
ses_2368,SES-002368,cow_28,station_01,rfid_28,2026-09-13T06:15:00.000Z,2026-09-13T06:20:29.000Z,COMPLETED,17,2.61,3.73,38.6,5.86,6.68,368,4.3,50,MODERATE
ses_2369,SES-002369,cow_29,station_01,rfid_29,2026-09-13T06:35:00.000Z,2026-09-13T06:40:30.000Z,COMPLETED,16.32,2.90,4.14,38.7,5.92,6.67,362,-1.7,50,MODERATE
ses_2370,SES-002370,cow_30,station_01,rfid_30,2026-09-13T07:17:00.000Z,2026-09-13T07:22:59.000Z,COMPLETED,16.41,2.48,3.54,38.5,5.75,6.63,306,-3.5,50,MODERATE
ses_2371,SES-002371,cow_1,station_01,rfid_1,2026-09-13T17:41:00.000Z,2026-09-13T17:45:13.000Z,COMPLETED,12.44,2.66,3.8,38.7,5.61,6.66,98,-2.8,9,LOW
ses_2372,SES-002372,cow_2,station_01,rfid_2,2026-09-13T17:39:00.000Z,2026-09-13T17:44:19.000Z,COMPLETED,13.02,2.81,4.01,38.6,5.69,6.69,107,-1.4,10,LOW
ses_2373,SES-002373,cow_3,station_01,rfid_3,2026-09-13T17:13:00.000Z,2026-09-13T17:18:28.000Z,COMPLETED,13.37,2.49,3.56,38.6,5.5,6.64,114,-1.7,17,LOW
ses_2374,SES-002374,cow_4,station_01,rfid_4,2026-09-13T17:34:00.000Z,2026-09-13T17:38:47.000Z,COMPLETED,13.21,2.72,3.89,38.6,5.67,6.67,112,-5,13,LOW
ses_2375,SES-002375,cow_5,station_01,rfid_5,2026-09-13T17:50:00.000Z,2026-09-13T17:55:34.000Z,COMPLETED,14.62,2.94,4.2,38.7,5.48,6.68,116,2.2,8,LOW
ses_2376,SES-002376,cow_6,station_01,rfid_6,2026-09-13T17:19:00.000Z,2026-09-13T17:24:18.000Z,COMPLETED,14.01,2.47,3.53,38.6,5.53,6.62,132,-4,9,LOW
ses_2377,SES-002377,cow_7,station_01,rfid_7,2026-09-13T17:18:00.000Z,2026-09-13T17:23:28.000Z,COMPLETED,15.31,2.77,3.95,38.5,5.66,6.65,149,2.8,8,LOW
ses_2378,SES-002378,cow_8,station_01,rfid_8,2026-09-13T18:21:00.000Z,2026-09-13T18:25:56.000Z,COMPLETED,15.49,2.35,3.36,38.7,5.53,6.64,158,1.2,13,LOW
ses_2379,SES-002379,cow_9,station_01,rfid_9,2026-09-13T17:31:00.000Z,2026-09-13T17:36:14.000Z,COMPLETED,14.98,2.64,3.77,38.6,5.61,6.65,161,-4.6,15,LOW
ses_2380,SES-002380,cow_10,station_01,rfid_10,2026-09-13T18:24:00.000Z,2026-09-13T18:29:35.000Z,COMPLETED,15.6,2.86,4.09,38.6,5.44,6.68,91,-2.5,14,LOW
ses_2381,SES-002381,cow_11,station_01,rfid_11,2026-09-13T17:38:00.000Z,2026-09-13T17:42:49.000Z,COMPLETED,15.89,2.48,3.54,38.7,5.52,6.66,105,-3.1,8,LOW
ses_2382,SES-002382,cow_12,station_01,rfid_12,2026-09-13T17:11:00.000Z,2026-09-13T17:15:46.000Z,COMPLETED,16.86,2.64,3.77,38.4,5.71,6.67,92,1,13,LOW
ses_2383,SES-002383,cow_13,station_01,rfid_13,2026-09-13T17:07:00.000Z,2026-09-13T17:11:16.000Z,COMPLETED,16.82,2.88,4.12,38.5,5.49,6.7,117,-1.6,12,LOW
ses_2384,SES-002384,cow_14,station_01,rfid_14,2026-09-13T18:28:00.000Z,2026-09-13T18:33:52.000Z,COMPLETED,18.13,2.49,3.56,38.8,5.65,6.62,108,4.2,14,LOW
ses_2385,SES-002385,cow_15,station_01,rfid_15,2026-09-13T18:18:00.000Z,2026-09-13T18:22:31.000Z,COMPLETED,17.01,2.73,3.9,38.5,5.44,6.65,131,-4.4,8,LOW
ses_2386,SES-002386,cow_16,station_01,rfid_16,2026-09-13T17:13:00.000Z,2026-09-13T17:17:03.000Z,COMPLETED,17.73,2.44,3.49,38.6,5.62,6.61,141,-2,8,LOW
ses_2387,SES-002387,cow_17,station_01,rfid_17,2026-09-13T17:10:00.000Z,2026-09-13T17:14:08.000Z,COMPLETED,18.43,2.53,3.62,38.8,5.72,6.66,130,0.2,14,LOW
ses_2388,SES-002388,cow_18,station_01,rfid_18,2026-09-13T18:29:00.000Z,2026-09-13T18:34:25.000Z,COMPLETED,12.36,2.86,4.08,38.4,5.47,6.65,143,-3.4,16,LOW
ses_2389,SES-002389,cow_19,station_01,rfid_19,2026-09-13T17:28:00.000Z,2026-09-13T17:32:42.000Z,COMPLETED,12.46,2.44,3.48,38.7,5.58,6.62,141,-4.9,16,LOW
ses_2390,SES-002390,cow_20,station_01,rfid_20,2026-09-13T17:34:00.000Z,2026-09-13T17:38:02.000Z,COMPLETED,13.36,2.65,3.78,38.6,5.43,6.64,82,-1,9,LOW
ses_2391,SES-002391,cow_21,station_01,rfid_21,2026-09-13T17:58:00.000Z,2026-09-13T18:03:48.000Z,COMPLETED,13.62,2.90,4.14,38.6,5.76,6.71,117,-1.3,43,MODERATE
ses_2392,SES-002392,cow_22,station_01,rfid_22,2026-09-13T17:14:00.000Z,2026-09-13T17:19:59.000Z,COMPLETED,13.77,2.56,3.66,38.7,5.98,6.68,130,-3,40,MODERATE
ses_2393,SES-002393,cow_23,station_01,rfid_23,2026-09-13T17:56:00.000Z,2026-09-13T18:00:15.000Z,COMPLETED,13.96,2.77,3.95,38.8,5.71,6.7,142,-3.7,42,MODERATE
ses_2394,SES-002394,cow_24,station_01,rfid_24,2026-09-13T18:03:00.000Z,2026-09-13T18:07:24.000Z,COMPLETED,14.99,2.34,3.35,38.7,5.83,6.65,148,0.6,42,MODERATE
ses_2395,SES-002395,cow_25,station_01,rfid_25,2026-09-13T17:24:00.000Z,2026-09-13T17:29:14.000Z,COMPLETED,14.54,2.60,3.71,38.7,5.71,6.7,164,-5,40,MODERATE
ses_2396,SES-002396,cow_26,station_01,rfid_26,2026-09-13T17:49:00.000Z,2026-09-13T17:54:45.000Z,COMPLETED,14.99,2.83,4.04,38.8,5.88,6.67,343,-3.9,50,MODERATE
ses_2397,SES-002397,cow_27,station_01,rfid_27,2026-09-13T17:22:00.000Z,2026-09-13T17:27:02.000Z,COMPLETED,16,2.51,3.58,38.5,6.04,6.62,348,0.6,50,MODERATE
ses_2398,SES-002398,cow_28,station_01,rfid_28,2026-09-13T17:30:00.000Z,2026-09-13T17:35:31.000Z,COMPLETED,15.96,2.73,3.9,38.6,5.8,6.65,355,-2.1,50,MODERATE
ses_2399,SES-002399,cow_29,station_01,rfid_29,2026-09-13T17:59:00.000Z,2026-09-13T18:04:30.000Z,COMPLETED,16.4,2.86,4.08,38.7,5.88,6.72,378,-1.2,50,MODERATE
ses_2400,SES-002400,cow_30,station_01,rfid_30,2026-09-13T18:11:00.000Z,2026-09-13T18:16:25.000Z,COMPLETED,17.51,2.59,3.7,38.6,5.77,6.65,307,3,50,MODERATE
ses_2401,SES-002401,cow_1,station_01,rfid_1,2026-09-14T06:54:00.000Z,2026-09-14T06:59:03.000Z,COMPLETED,13.13,2.61,3.73,38.5,5.62,6.66,98,2.6,11,LOW
ses_2402,SES-002402,cow_2,station_01,rfid_2,2026-09-14T07:23:00.000Z,2026-09-14T07:28:34.000Z,COMPLETED,13.16,2.75,3.93,38.7,5.67,6.68,104,-0.3,15,LOW
ses_2403,SES-002403,cow_3,station_01,rfid_3,2026-09-14T07:19:00.000Z,2026-09-14T07:23:40.000Z,COMPLETED,13.52,2.46,3.52,38.5,5.57,6.63,99,-0.6,12,LOW
ses_2404,SES-002404,cow_4,station_01,rfid_4,2026-09-14T07:02:00.000Z,2026-09-14T07:07:18.000Z,COMPLETED,13.63,2.70,3.86,38.6,5.63,6.68,106,-1.9,13,LOW
ses_2405,SES-002405,cow_5,station_01,rfid_5,2026-09-14T06:09:00.000Z,2026-09-14T06:14:11.000Z,COMPLETED,14.57,2.83,4.04,38.8,5.44,6.7,135,1.9,15,LOW
ses_2406,SES-002406,cow_6,station_01,rfid_6,2026-09-14T07:30:00.000Z,2026-09-14T07:35:17.000Z,COMPLETED,13.89,2.46,3.52,38.6,5.62,6.61,120,-4.9,11,LOW
ses_2407,SES-002407,cow_7,station_01,rfid_7,2026-09-14T06:24:00.000Z,2026-09-14T06:28:46.000Z,COMPLETED,14.35,2.67,3.81,38.5,5.64,6.67,151,-3.7,12,LOW
ses_2408,SES-002408,cow_8,station_01,rfid_8,2026-09-14T07:07:00.000Z,2026-09-14T07:11:25.000Z,COMPLETED,14.7,2.34,3.34,38.7,5.46,6.63,147,-3.9,16,LOW
ses_2409,SES-002409,cow_9,station_01,rfid_9,2026-09-14T06:01:00.000Z,2026-09-14T06:06:53.000Z,COMPLETED,15.29,2.58,3.69,38.6,5.62,6.64,160,-2.6,16,LOW
ses_2410,SES-002410,cow_10,station_01,rfid_10,2026-09-14T06:46:00.000Z,2026-09-14T06:51:26.000Z,COMPLETED,15.62,2.77,3.96,38.6,5.41,6.69,86,-2.4,14,LOW
ses_2411,SES-002411,cow_11,station_01,rfid_11,2026-09-14T06:35:00.000Z,2026-09-14T06:40:37.000Z,COMPLETED,17.09,2.48,3.55,38.7,5.63,6.64,99,4.2,14,LOW
ses_2412,SES-002412,cow_12,station_01,rfid_12,2026-09-14T07:15:00.000Z,2026-09-14T07:19:17.000Z,COMPLETED,16.77,2.60,3.72,38.5,5.69,6.68,108,0.4,12,LOW
ses_2413,SES-002413,cow_13,station_01,rfid_13,2026-09-14T06:30:00.000Z,2026-09-14T06:35:13.000Z,COMPLETED,16.53,2.88,4.12,38.6,5.47,6.68,116,-3.3,11,LOW
ses_2414,SES-002414,cow_14,station_01,rfid_14,2026-09-14T07:10:00.000Z,2026-09-14T07:15:45.000Z,COMPLETED,18.07,2.48,3.55,38.7,5.63,6.65,129,3.9,14,LOW
ses_2415,SES-002415,cow_15,station_01,rfid_15,2026-09-14T07:21:00.000Z,2026-09-14T07:26:37.000Z,COMPLETED,18.51,2.77,3.96,38.5,5.42,6.66,126,4,11,LOW
ses_2416,SES-002416,cow_16,station_01,rfid_16,2026-09-14T07:07:00.000Z,2026-09-14T07:12:25.000Z,COMPLETED,17.92,2.40,3.43,38.5,5.63,6.59,130,-1,16,LOW
ses_2417,SES-002417,cow_17,station_01,rfid_17,2026-09-14T06:51:00.000Z,2026-09-14T06:56:59.000Z,COMPLETED,17.94,2.54,3.63,38.6,5.66,6.62,151,-2.5,9,LOW
ses_2418,SES-002418,cow_18,station_01,rfid_18,2026-09-14T06:07:00.000Z,2026-09-14T06:12:41.000Z,COMPLETED,13.39,2.77,3.95,38.6,5.53,6.69,151,4.6,12,LOW
ses_2419,SES-002419,cow_19,station_01,rfid_19,2026-09-14T07:10:00.000Z,2026-09-14T07:15:45.000Z,COMPLETED,13.33,2.39,3.42,38.5,5.62,6.65,147,1.8,7,LOW
ses_2420,SES-002420,cow_20,station_01,rfid_20,2026-09-14T06:10:00.000Z,2026-09-14T06:15:35.000Z,COMPLETED,12.83,2.65,3.78,38.6,5.45,6.66,94,-5,9,LOW
ses_2421,SES-002421,cow_21,station_01,rfid_21,2026-09-14T07:01:00.000Z,2026-09-14T07:06:12.000Z,COMPLETED,12.45,2.89,4.13,38.6,5.83,6.72,139,-9.8,40,MODERATE
ses_2422,SES-002422,cow_22,station_01,rfid_22,2026-09-14T06:05:00.000Z,2026-09-14T06:10:38.000Z,COMPLETED,14.17,2.55,3.64,38.6,5.9,6.66,138,-0.2,43,MODERATE
ses_2423,SES-002423,cow_23,station_01,rfid_23,2026-09-14T07:01:00.000Z,2026-09-14T07:06:08.000Z,COMPLETED,13.93,2.77,3.96,38.7,5.78,6.7,151,-3.9,42,MODERATE
ses_2424,SES-002424,cow_24,station_01,rfid_24,2026-09-14T06:15:00.000Z,2026-09-14T06:19:13.000Z,COMPLETED,13.5,2.45,3.5,38.6,5.88,6.67,151,-9.4,38,MODERATE
ses_2425,SES-002425,cow_25,station_01,rfid_25,2026-09-14T06:19:00.000Z,2026-09-14T06:24:34.000Z,COMPLETED,14.93,2.58,3.69,38.7,5.76,6.69,158,-2.4,42,MODERATE
ses_2426,SES-002426,cow_26,station_01,rfid_26,2026-09-14T06:05:00.000Z,2026-09-14T06:09:33.000Z,COMPLETED,16.17,2.77,3.96,38.7,5.98,6.7,373,3.7,52,MODERATE
ses_2427,SES-002427,cow_27,station_01,rfid_27,2026-09-14T06:05:00.000Z,2026-09-14T06:10:03.000Z,COMPLETED,16.43,2.46,3.52,38.5,6,6.65,387,3.3,52,MODERATE
ses_2428,SES-002428,cow_28,station_01,rfid_28,2026-09-14T06:01:00.000Z,2026-09-14T06:06:13.000Z,COMPLETED,16.53,2.62,3.74,38.7,5.82,6.64,379,1.4,52,MODERATE
ses_2429,SES-002429,cow_29,station_01,rfid_29,2026-09-14T06:44:00.000Z,2026-09-14T06:48:12.000Z,COMPLETED,15.98,2.88,4.11,38.7,5.96,6.68,393,-3.7,52,MODERATE
ses_2430,SES-002430,cow_30,station_01,rfid_30,2026-09-14T07:16:00.000Z,2026-09-14T07:20:41.000Z,COMPLETED,17.43,2.55,3.65,38.5,5.76,6.65,341,2.5,52,MODERATE
ses_2431,SES-002431,cow_1,station_01,rfid_1,2026-09-14T18:11:00.000Z,2026-09-14T18:15:42.000Z,COMPLETED,12.79,2.61,3.73,38.7,5.51,6.63,105,-0.1,8,LOW
ses_2432,SES-002432,cow_2,station_01,rfid_2,2026-09-14T18:02:00.000Z,2026-09-14T18:06:39.000Z,COMPLETED,13.01,2.78,3.97,38.6,5.7,6.71,101,-1.4,8,LOW
ses_2433,SES-002433,cow_3,station_01,rfid_3,2026-09-14T17:04:00.000Z,2026-09-14T17:08:21.000Z,COMPLETED,14.14,2.45,3.5,38.6,5.5,6.65,105,4,9,LOW
ses_2434,SES-002434,cow_4,station_01,rfid_4,2026-09-14T17:42:00.000Z,2026-09-14T17:46:29.000Z,COMPLETED,13.1,2.63,3.75,38.7,5.61,6.66,124,-5.8,14,LOW
ses_2435,SES-002435,cow_5,station_01,rfid_5,2026-09-14T17:33:00.000Z,2026-09-14T17:38:22.000Z,COMPLETED,15.03,2.94,4.2,38.7,5.43,6.67,129,5.1,7,LOW
ses_2436,SES-002436,cow_6,station_01,rfid_6,2026-09-14T18:28:00.000Z,2026-09-14T18:32:20.000Z,COMPLETED,15.17,2.55,3.65,38.5,5.58,6.64,124,3.9,15,LOW
ses_2437,SES-002437,cow_7,station_01,rfid_7,2026-09-14T17:53:00.000Z,2026-09-14T17:57:31.000Z,COMPLETED,15.64,2.72,3.88,38.5,5.67,6.67,128,5,17,LOW
ses_2438,SES-002438,cow_8,station_01,rfid_8,2026-09-14T18:05:00.000Z,2026-09-14T18:09:49.000Z,COMPLETED,14.99,2.36,3.37,38.7,5.5,6.62,141,-2,11,LOW
ses_2439,SES-002439,cow_9,station_01,rfid_9,2026-09-14T18:18:00.000Z,2026-09-14T18:23:19.000Z,COMPLETED,15.95,2.54,3.63,38.4,5.61,6.66,165,1.6,14,LOW
ses_2440,SES-002440,cow_10,station_01,rfid_10,2026-09-14T17:05:00.000Z,2026-09-14T17:10:08.000Z,COMPLETED,16.11,2.85,4.07,38.6,5.47,6.7,102,0.7,16,LOW
ses_2441,SES-002441,cow_11,station_01,rfid_11,2026-09-14T18:16:00.000Z,2026-09-14T18:21:50.000Z,COMPLETED,16.07,2.40,3.43,38.8,5.57,6.63,91,-2,10,LOW
ses_2442,SES-002442,cow_12,station_01,rfid_12,2026-09-14T18:14:00.000Z,2026-09-14T18:18:40.000Z,COMPLETED,16.8,2.66,3.8,38.5,5.74,6.65,101,0.6,14,LOW
ses_2443,SES-002443,cow_13,station_01,rfid_13,2026-09-14T17:29:00.000Z,2026-09-14T17:34:15.000Z,COMPLETED,16.43,2.80,4,38.7,5.55,6.67,102,-3.9,15,LOW
ses_2444,SES-002444,cow_14,station_01,rfid_14,2026-09-14T17:01:00.000Z,2026-09-14T17:05:48.000Z,COMPLETED,17.91,2.53,3.61,38.6,5.58,6.66,120,2.9,16,LOW
ses_2445,SES-002445,cow_15,station_01,rfid_15,2026-09-14T17:11:00.000Z,2026-09-14T17:15:38.000Z,COMPLETED,17.29,2.67,3.81,38.5,5.44,6.68,122,-2.9,9,LOW
ses_2446,SES-002446,cow_16,station_01,rfid_16,2026-09-14T17:02:00.000Z,2026-09-14T17:06:01.000Z,COMPLETED,18.52,2.39,3.42,38.7,5.54,6.62,141,2.3,8,LOW
ses_2447,SES-002447,cow_17,station_01,rfid_17,2026-09-14T18:16:00.000Z,2026-09-14T18:20:18.000Z,COMPLETED,17.91,2.59,3.7,38.8,5.71,6.68,148,-2.7,9,LOW
ses_2448,SES-002448,cow_18,station_01,rfid_18,2026-09-14T17:35:00.000Z,2026-09-14T17:40:50.000Z,COMPLETED,12.79,2.83,4.05,38.6,5.48,6.67,140,-0.1,13,LOW
ses_2449,SES-002449,cow_19,station_01,rfid_19,2026-09-14T17:11:00.000Z,2026-09-14T17:16:36.000Z,COMPLETED,13.49,2.46,3.52,38.6,5.62,6.6,156,3,16,LOW
ses_2450,SES-002450,cow_20,station_01,rfid_20,2026-09-14T17:54:00.000Z,2026-09-14T17:59:39.000Z,COMPLETED,13.77,2.64,3.77,38.6,5.44,6.65,84,2,16,LOW
ses_2451,SES-002451,cow_21,station_01,rfid_21,2026-09-14T17:07:00.000Z,2026-09-14T17:12:25.000Z,COMPLETED,13.69,2.81,4.02,38.5,5.81,6.71,124,-0.8,41,MODERATE
ses_2452,SES-002452,cow_22,station_01,rfid_22,2026-09-14T18:24:00.000Z,2026-09-14T18:28:54.000Z,COMPLETED,14.3,2.51,3.59,38.6,5.92,6.69,142,0.7,43,MODERATE
ses_2453,SES-002453,cow_23,station_01,rfid_23,2026-09-14T17:11:00.000Z,2026-09-14T17:16:05.000Z,COMPLETED,14.39,2.67,3.81,38.8,5.75,6.69,145,-0.8,39,MODERATE
ses_2454,SES-002454,cow_24,station_01,rfid_24,2026-09-14T18:22:00.000Z,2026-09-14T18:27:28.000Z,COMPLETED,13.54,2.44,3.49,38.7,5.86,6.67,158,-9.1,41,MODERATE
ses_2455,SES-002455,cow_25,station_01,rfid_25,2026-09-14T18:09:00.000Z,2026-09-14T18:14:55.000Z,COMPLETED,13.99,2.58,3.69,38.7,5.66,6.71,163,-8.6,43,MODERATE
ses_2456,SES-002456,cow_26,station_01,rfid_26,2026-09-14T18:08:00.000Z,2026-09-14T18:12:30.000Z,COMPLETED,15.51,2.73,3.9,38.7,5.97,6.7,364,-0.6,52,MODERATE
ses_2457,SES-002457,cow_27,station_01,rfid_27,2026-09-14T18:05:00.000Z,2026-09-14T18:10:21.000Z,COMPLETED,15.66,2.49,3.56,38.5,6.06,6.61,376,-1.5,52,MODERATE
ses_2458,SES-002458,cow_28,station_01,rfid_28,2026-09-14T17:42:00.000Z,2026-09-14T17:46:37.000Z,COMPLETED,15.93,2.60,3.71,38.7,5.85,6.65,395,-2.3,52,MODERATE
ses_2459,SES-002459,cow_29,station_01,rfid_29,2026-09-14T17:19:00.000Z,2026-09-14T17:24:43.000Z,COMPLETED,16.23,2.93,4.19,38.7,5.95,6.68,398,-2.2,52,MODERATE
ses_2460,SES-002460,cow_30,station_01,rfid_30,2026-09-14T17:13:00.000Z,2026-09-14T17:18:55.000Z,COMPLETED,16.36,2.54,3.63,38.4,5.81,6.61,324,-3.8,52,MODERATE
ses_2461,SES-002461,cow_1,station_01,rfid_1,2026-09-15T06:53:00.000Z,2026-09-15T06:57:18.000Z,COMPLETED,13.58,2.64,3.77,38.7,5.58,6.66,94,6.1,16,LOW
ses_2462,SES-002462,cow_2,station_01,rfid_2,2026-09-15T07:25:00.000Z,2026-09-15T07:29:51.000Z,COMPLETED,13.15,2.86,4.09,38.7,5.72,6.67,97,-0.4,13,LOW
ses_2463,SES-002463,cow_3,station_01,rfid_3,2026-09-15T07:19:00.000Z,2026-09-15T07:24:34.000Z,COMPLETED,13.57,2.49,3.56,38.5,5.45,6.62,105,-0.2,13,LOW
ses_2464,SES-002464,cow_4,station_01,rfid_4,2026-09-15T07:12:00.000Z,2026-09-15T07:16:28.000Z,COMPLETED,14.43,2.65,3.78,38.6,5.65,6.69,126,3.8,12,LOW
ses_2465,SES-002465,cow_5,station_01,rfid_5,2026-09-15T07:25:00.000Z,2026-09-15T07:29:26.000Z,COMPLETED,13.96,2.88,4.11,38.7,5.48,6.7,133,-2.4,13,LOW
ses_2466,SES-002466,cow_6,station_01,rfid_6,2026-09-15T06:44:00.000Z,2026-09-15T06:48:50.000Z,COMPLETED,14.08,2.49,3.56,38.5,5.52,6.66,131,-3.6,10,LOW
ses_2467,SES-002467,cow_7,station_01,rfid_7,2026-09-15T07:18:00.000Z,2026-09-15T07:23:47.000Z,COMPLETED,15.62,2.67,3.81,38.6,5.68,6.66,147,4.8,11,LOW
ses_2468,SES-002468,cow_8,station_01,rfid_8,2026-09-15T06:19:00.000Z,2026-09-15T06:23:18.000Z,COMPLETED,15.93,2.37,3.38,38.8,5.46,6.61,157,4.1,15,LOW
ses_2469,SES-002469,cow_9,station_01,rfid_9,2026-09-15T07:03:00.000Z,2026-09-15T07:08:57.000Z,COMPLETED,16.05,2.64,3.77,38.6,5.63,6.63,144,2.2,7,LOW
ses_2470,SES-002470,cow_10,station_01,rfid_10,2026-09-15T06:01:00.000Z,2026-09-15T06:05:43.000Z,COMPLETED,16.79,2.79,3.98,38.7,5.42,6.69,98,4.9,8,LOW
ses_2471,SES-002471,cow_11,station_01,rfid_11,2026-09-15T06:03:00.000Z,2026-09-15T06:08:45.000Z,COMPLETED,16.65,2.48,3.55,38.8,5.53,6.6,97,1.5,14,LOW
ses_2472,SES-002472,cow_12,station_01,rfid_12,2026-09-15T06:09:00.000Z,2026-09-15T06:14:04.000Z,COMPLETED,17.06,2.62,3.74,38.6,5.74,6.66,100,2.2,9,LOW
ses_2473,SES-002473,cow_13,station_01,rfid_13,2026-09-15T07:25:00.000Z,2026-09-15T07:30:46.000Z,COMPLETED,17.58,2.93,4.18,38.5,5.53,6.7,121,2.8,16,LOW
ses_2474,SES-002474,cow_14,station_01,rfid_14,2026-09-15T06:27:00.000Z,2026-09-15T06:32:31.000Z,COMPLETED,18.18,2.54,3.63,38.7,5.63,6.67,108,4.5,13,LOW
ses_2475,SES-002475,cow_15,station_01,rfid_15,2026-09-15T07:20:00.000Z,2026-09-15T07:24:03.000Z,COMPLETED,18.04,2.68,3.83,38.4,5.47,6.64,129,1.3,8,LOW
ses_2476,SES-002476,cow_16,station_01,rfid_16,2026-09-15T06:53:00.000Z,2026-09-15T06:58:48.000Z,COMPLETED,18.33,2.42,3.45,38.5,5.63,6.63,141,1.3,11,LOW
ses_2477,SES-002477,cow_17,station_01,rfid_17,2026-09-15T07:12:00.000Z,2026-09-15T07:16:08.000Z,COMPLETED,18.51,2.61,3.73,38.7,5.67,6.64,131,0.6,17,LOW
ses_2478,SES-002478,cow_18,station_01,rfid_18,2026-09-15T07:13:00.000Z,2026-09-15T07:18:11.000Z,COMPLETED,13.36,2.79,3.98,38.6,5.56,6.68,149,4.4,16,LOW
ses_2479,SES-002479,cow_19,station_01,rfid_19,2026-09-15T07:10:00.000Z,2026-09-15T07:15:15.000Z,COMPLETED,13.49,2.48,3.54,38.6,5.59,6.65,157,3,12,LOW
ses_2480,SES-002480,cow_20,station_01,rfid_20,2026-09-15T07:03:00.000Z,2026-09-15T07:08:29.000Z,COMPLETED,14.23,2.69,3.84,38.7,5.42,6.63,80,5.4,17,LOW
ses_2481,SES-002481,cow_21,station_01,rfid_21,2026-09-15T06:12:00.000Z,2026-09-15T06:17:07.000Z,COMPLETED,12.66,2.81,4.01,38.6,5.88,6.76,140,-8.3,44,MODERATE
ses_2482,SES-002482,cow_22,station_01,rfid_22,2026-09-15T06:30:00.000Z,2026-09-15T06:34:42.000Z,COMPLETED,13.87,2.51,3.59,38.7,5.97,6.69,149,-2.3,42,MODERATE
ses_2483,SES-002483,cow_23,station_01,rfid_23,2026-09-15T07:25:00.000Z,2026-09-15T07:29:49.000Z,COMPLETED,13.95,2.76,3.94,38.8,5.73,6.71,157,-3.8,43,MODERATE
ses_2484,SES-002484,cow_24,station_01,rfid_24,2026-09-15T06:14:00.000Z,2026-09-15T06:18:53.000Z,COMPLETED,14.56,2.44,3.48,38.5,5.94,6.66,166,-2.3,37,MODERATE
ses_2485,SES-002485,cow_25,station_01,rfid_25,2026-09-15T06:34:00.000Z,2026-09-15T06:39:28.000Z,COMPLETED,13.89,2.53,3.61,38.8,5.72,6.71,167,-9.2,40,MODERATE
ses_2486,SES-002486,cow_26,station_01,rfid_26,2026-09-15T06:40:00.000Z,2026-09-15T06:45:56.000Z,COMPLETED,16.34,2.78,3.97,38.7,5.93,6.66,397,4.7,54,MODERATE
ses_2487,SES-002487,cow_27,station_01,rfid_27,2026-09-15T06:28:00.000Z,2026-09-15T06:34:00.000Z,COMPLETED,15.58,2.44,3.49,38.5,6.17,6.66,398,-2,54,MODERATE
ses_2488,SES-002488,cow_28,station_01,rfid_28,2026-09-15T07:17:00.000Z,2026-09-15T07:22:41.000Z,COMPLETED,15.6,2.63,3.76,38.6,5.96,6.67,406,-4.3,54,MODERATE
ses_2489,SES-002489,cow_29,station_01,rfid_29,2026-09-15T06:40:00.000Z,2026-09-15T06:44:15.000Z,COMPLETED,16.55,2.94,4.2,38.7,6.06,6.68,409,-0.3,54,MODERATE
ses_2490,SES-002490,cow_30,station_01,rfid_30,2026-09-15T06:25:00.000Z,2026-09-15T06:29:17.000Z,COMPLETED,17.05,2.54,3.63,38.6,5.84,6.64,349,0.3,54,MODERATE
ses_2491,SES-002491,cow_1,station_01,rfid_1,2026-09-15T18:21:00.000Z,2026-09-15T18:25:16.000Z,COMPLETED,13.46,2.58,3.68,38.6,5.56,6.65,105,5.2,13,LOW
ses_2492,SES-002492,cow_2,station_01,rfid_2,2026-09-15T17:49:00.000Z,2026-09-15T17:53:56.000Z,COMPLETED,13.78,2.82,4.03,38.6,5.73,6.71,106,4.4,13,LOW
ses_2493,SES-002493,cow_3,station_01,rfid_3,2026-09-15T17:45:00.000Z,2026-09-15T17:50:26.000Z,COMPLETED,13.28,2.45,3.5,38.5,5.46,6.62,103,-2.4,8,LOW
ses_2494,SES-002494,cow_4,station_01,rfid_4,2026-09-15T18:23:00.000Z,2026-09-15T18:28:32.000Z,COMPLETED,13.4,2.62,3.74,38.5,5.59,6.65,116,-3.6,8,LOW
ses_2495,SES-002495,cow_5,station_01,rfid_5,2026-09-15T17:38:00.000Z,2026-09-15T17:42:39.000Z,COMPLETED,14.33,2.83,4.05,38.7,5.42,6.69,117,0.2,12,LOW
ses_2496,SES-002496,cow_6,station_01,rfid_6,2026-09-15T18:26:00.000Z,2026-09-15T18:30:00.000Z,COMPLETED,14.78,2.48,3.55,38.4,5.57,6.62,130,1.2,9,LOW
ses_2497,SES-002497,cow_7,station_01,rfid_7,2026-09-15T18:04:00.000Z,2026-09-15T18:08:01.000Z,COMPLETED,14.84,2.79,3.99,38.5,5.66,6.64,128,-0.4,8,LOW
ses_2498,SES-002498,cow_8,station_01,rfid_8,2026-09-15T17:52:00.000Z,2026-09-15T17:57:59.000Z,COMPLETED,15.19,2.37,3.39,38.8,5.46,6.6,155,-0.7,17,LOW
ses_2499,SES-002499,cow_9,station_01,rfid_9,2026-09-15T18:25:00.000Z,2026-09-15T18:29:17.000Z,COMPLETED,16.46,2.65,3.78,38.4,5.67,6.67,158,4.8,13,LOW
ses_2500,SES-002500,cow_10,station_01,rfid_10,2026-09-15T18:12:00.000Z,2026-09-15T18:17:21.000Z,COMPLETED,15.55,2.85,4.07,38.6,5.44,6.7,98,-2.8,8,LOW
ses_2501,SES-002501,cow_11,station_01,rfid_11,2026-09-15T18:23:00.000Z,2026-09-15T18:28:25.000Z,COMPLETED,15.98,2.40,3.43,38.8,5.62,6.6,94,-2.6,12,LOW
ses_2502,SES-002502,cow_12,station_01,rfid_12,2026-09-15T17:40:00.000Z,2026-09-15T17:44:49.000Z,COMPLETED,16.73,2.65,3.79,38.6,5.67,6.68,105,0.2,12,LOW
ses_2503,SES-002503,cow_13,station_01,rfid_13,2026-09-15T17:43:00.000Z,2026-09-15T17:48:53.000Z,COMPLETED,17.47,2.88,4.11,38.6,5.46,6.71,109,2.2,16,LOW
ses_2504,SES-002504,cow_14,station_01,rfid_14,2026-09-15T17:29:00.000Z,2026-09-15T17:33:51.000Z,COMPLETED,16.84,2.47,3.53,38.8,5.69,6.64,107,-3.2,7,LOW
ses_2505,SES-002505,cow_15,station_01,rfid_15,2026-09-15T17:03:00.000Z,2026-09-15T17:08:44.000Z,COMPLETED,18.03,2.80,4,38.6,5.39,6.68,125,1.3,12,LOW
ses_2506,SES-002506,cow_16,station_01,rfid_16,2026-09-15T17:58:00.000Z,2026-09-15T18:02:40.000Z,COMPLETED,17.72,2.45,3.5,38.5,5.62,6.64,123,-2.1,13,LOW
ses_2507,SES-002507,cow_17,station_01,rfid_17,2026-09-15T17:53:00.000Z,2026-09-15T17:58:54.000Z,COMPLETED,18.62,2.53,3.61,38.7,5.66,6.65,129,1.2,9,LOW
ses_2508,SES-002508,cow_18,station_01,rfid_18,2026-09-15T17:17:00.000Z,2026-09-15T17:21:57.000Z,COMPLETED,13.39,2.86,4.08,38.5,5.51,6.66,155,4.6,9,LOW
ses_2509,SES-002509,cow_19,station_01,rfid_19,2026-09-15T18:29:00.000Z,2026-09-15T18:33:49.000Z,COMPLETED,13.38,2.46,3.52,38.5,5.62,6.64,146,2.1,11,LOW
ses_2510,SES-002510,cow_20,station_01,rfid_20,2026-09-15T17:19:00.000Z,2026-09-15T17:23:53.000Z,COMPLETED,12.9,2.61,3.73,38.6,5.49,6.66,89,-4.4,16,LOW
ses_2511,SES-002511,cow_21,station_01,rfid_21,2026-09-15T18:22:00.000Z,2026-09-15T18:26:17.000Z,COMPLETED,13.2,2.93,4.19,38.7,5.8,6.75,141,-4.3,41,MODERATE
ses_2512,SES-002512,cow_22,station_01,rfid_22,2026-09-15T18:01:00.000Z,2026-09-15T18:06:39.000Z,COMPLETED,13.45,2.49,3.56,38.8,5.94,6.7,135,-5.3,42,MODERATE
ses_2513,SES-002513,cow_23,station_01,rfid_23,2026-09-15T17:48:00.000Z,2026-09-15T17:53:39.000Z,COMPLETED,13.71,2.72,3.88,38.8,5.82,6.73,148,-5.4,38,MODERATE
ses_2514,SES-002514,cow_24,station_01,rfid_24,2026-09-15T17:09:00.000Z,2026-09-15T17:13:50.000Z,COMPLETED,13.85,2.33,3.33,38.6,5.85,6.69,155,-7,38,MODERATE
ses_2515,SES-002515,cow_25,station_01,rfid_25,2026-09-15T18:25:00.000Z,2026-09-15T18:30:34.000Z,COMPLETED,15.28,2.57,3.67,38.8,5.73,6.72,164,-0.1,39,MODERATE
ses_2516,SES-002516,cow_26,station_01,rfid_26,2026-09-15T18:05:00.000Z,2026-09-15T18:10:33.000Z,COMPLETED,14.83,2.74,3.91,38.7,6,6.69,391,-4.9,54,MODERATE
ses_2517,SES-002517,cow_27,station_01,rfid_27,2026-09-15T17:00:00.000Z,2026-09-15T17:04:06.000Z,COMPLETED,16.37,2.43,3.47,38.4,6.16,6.61,393,3,54,MODERATE
ses_2518,SES-002518,cow_28,station_01,rfid_28,2026-09-15T17:26:00.000Z,2026-09-15T17:31:47.000Z,COMPLETED,17.07,2.73,3.9,38.6,5.92,6.67,405,4.7,54,MODERATE
ses_2519,SES-002519,cow_29,station_01,rfid_29,2026-09-15T17:14:00.000Z,2026-09-15T17:18:51.000Z,COMPLETED,16.61,2.92,4.17,38.6,6.09,6.7,416,0.1,54,MODERATE
ses_2520,SES-002520,cow_30,station_01,rfid_30,2026-09-15T17:41:00.000Z,2026-09-15T17:46:57.000Z,COMPLETED,17.26,2.54,3.63,38.6,5.92,6.63,343,1.5,54,MODERATE
ses_2521,SES-002521,cow_1,station_01,rfid_1,2026-09-16T06:20:00.000Z,2026-09-16T06:24:30.000Z,COMPLETED,13.07,2.62,3.74,38.5,5.58,6.64,92,2.1,17,LOW
ses_2522,SES-002522,cow_2,station_01,rfid_2,2026-09-16T06:24:00.000Z,2026-09-16T06:28:59.000Z,COMPLETED,13.87,2.81,4.02,38.7,5.64,6.66,93,5.1,8,LOW
ses_2523,SES-002523,cow_3,station_01,rfid_3,2026-09-16T06:13:00.000Z,2026-09-16T06:18:41.000Z,COMPLETED,14.29,2.41,3.44,38.5,5.55,6.63,111,5.1,16,LOW
ses_2524,SES-002524,cow_4,station_01,rfid_4,2026-09-16T07:23:00.000Z,2026-09-16T07:28:04.000Z,COMPLETED,13.34,2.65,3.79,38.5,5.64,6.63,128,-4,14,LOW
ses_2525,SES-002525,cow_5,station_01,rfid_5,2026-09-16T07:02:00.000Z,2026-09-16T07:06:52.000Z,COMPLETED,13.74,2.89,4.13,38.7,5.45,6.66,120,-3.9,7,LOW
ses_2526,SES-002526,cow_6,station_01,rfid_6,2026-09-16T06:56:00.000Z,2026-09-16T07:00:09.000Z,COMPLETED,15.07,2.54,3.63,38.4,5.59,6.61,127,3.2,16,LOW
ses_2527,SES-002527,cow_7,station_01,rfid_7,2026-09-16T06:30:00.000Z,2026-09-16T06:35:49.000Z,COMPLETED,15.05,2.70,3.86,38.7,5.7,6.65,130,1,9,LOW
ses_2528,SES-002528,cow_8,station_01,rfid_8,2026-09-16T06:05:00.000Z,2026-09-16T06:10:22.000Z,COMPLETED,15.97,2.42,3.46,38.7,5.48,6.64,144,4.4,8,LOW
ses_2529,SES-002529,cow_9,station_01,rfid_9,2026-09-16T06:53:00.000Z,2026-09-16T06:57:57.000Z,COMPLETED,15.01,2.63,3.75,38.6,5.68,6.65,147,-4.4,16,LOW
ses_2530,SES-002530,cow_10,station_01,rfid_10,2026-09-16T07:18:00.000Z,2026-09-16T07:22:29.000Z,COMPLETED,15.72,2.78,3.97,38.6,5.41,6.71,89,-1.7,11,LOW
ses_2531,SES-002531,cow_11,station_01,rfid_11,2026-09-16T06:11:00.000Z,2026-09-16T06:15:23.000Z,COMPLETED,17.19,2.38,3.4,38.7,5.52,6.62,108,4.8,9,LOW
ses_2532,SES-002532,cow_12,station_01,rfid_12,2026-09-16T06:42:00.000Z,2026-09-16T06:48:00.000Z,COMPLETED,16.33,2.65,3.78,38.4,5.66,6.67,112,-2.2,9,LOW
ses_2533,SES-002533,cow_13,station_01,rfid_13,2026-09-16T07:04:00.000Z,2026-09-16T07:08:25.000Z,COMPLETED,16.95,2.88,4.11,38.5,5.5,6.68,107,-0.9,11,LOW
ses_2534,SES-002534,cow_14,station_01,rfid_14,2026-09-16T06:57:00.000Z,2026-09-16T07:02:53.000Z,COMPLETED,17.78,2.54,3.63,38.7,5.6,6.66,115,2.2,9,LOW
ses_2535,SES-002535,cow_15,station_01,rfid_15,2026-09-16T06:27:00.000Z,2026-09-16T06:32:41.000Z,COMPLETED,17.24,2.74,3.91,38.6,5.49,6.67,136,-3.1,13,LOW
ses_2536,SES-002536,cow_16,station_01,rfid_16,2026-09-16T06:18:00.000Z,2026-09-16T06:22:57.000Z,COMPLETED,17.98,2.34,3.34,38.5,5.53,6.6,132,-0.7,9,LOW
ses_2537,SES-002537,cow_17,station_01,rfid_17,2026-09-16T06:23:00.000Z,2026-09-16T06:28:53.000Z,COMPLETED,18.47,2.63,3.76,38.6,5.73,6.67,145,0.4,16,LOW
ses_2538,SES-002538,cow_18,station_01,rfid_18,2026-09-16T06:51:00.000Z,2026-09-16T06:55:34.000Z,COMPLETED,13.25,2.83,4.04,38.4,5.5,6.67,150,3.5,17,LOW
ses_2539,SES-002539,cow_19,station_01,rfid_19,2026-09-16T06:26:00.000Z,2026-09-16T06:30:34.000Z,COMPLETED,12.31,2.40,3.43,38.7,5.61,6.65,146,-6,15,LOW
ses_2540,SES-002540,cow_20,station_01,rfid_20,2026-09-16T06:14:00.000Z,2026-09-16T06:18:33.000Z,COMPLETED,13.74,2.71,3.87,38.7,5.45,6.65,95,1.8,9,LOW
ses_2541,SES-002541,cow_21,station_01,rfid_21,2026-09-16T07:00:00.000Z,2026-09-16T07:04:25.000Z,COMPLETED,12.45,2.83,4.04,38.6,5.87,6.76,145,-9.8,38,MODERATE
ses_2542,SES-002542,cow_22,station_01,rfid_22,2026-09-16T06:49:00.000Z,2026-09-16T06:53:23.000Z,COMPLETED,14.21,2.49,3.56,38.7,5.94,6.72,149,0.1,44,MODERATE
ses_2543,SES-002543,cow_23,station_01,rfid_23,2026-09-16T07:04:00.000Z,2026-09-16T07:09:30.000Z,COMPLETED,13.27,2.80,4,38.7,5.86,6.73,154,-8.5,38,MODERATE
ses_2544,SES-002544,cow_24,station_01,rfid_24,2026-09-16T07:16:00.000Z,2026-09-16T07:21:06.000Z,COMPLETED,13.4,2.32,3.32,38.7,5.98,6.69,153,-10.1,41,MODERATE
ses_2545,SES-002545,cow_25,station_01,rfid_25,2026-09-16T06:01:00.000Z,2026-09-16T06:05:22.000Z,COMPLETED,14.36,2.63,3.76,38.8,5.71,6.72,162,-6.1,38,MODERATE
ses_2546,SES-002546,cow_26,station_01,rfid_26,2026-09-16T06:12:00.000Z,2026-09-16T06:16:56.000Z,COMPLETED,15.02,2.86,4.09,38.7,6.04,6.65,412,-3.7,56,MODERATE
ses_2547,SES-002547,cow_27,station_01,rfid_27,2026-09-16T06:50:00.000Z,2026-09-16T06:54:13.000Z,COMPLETED,16.24,2.42,3.45,38.5,6.13,6.6,421,2.1,56,MODERATE
ses_2548,SES-002548,cow_28,station_01,rfid_28,2026-09-16T07:21:00.000Z,2026-09-16T07:25:11.000Z,COMPLETED,16.44,2.72,3.89,38.6,6.05,6.66,427,0.9,56,MODERATE
ses_2549,SES-002549,cow_29,station_01,rfid_29,2026-09-16T06:46:00.000Z,2026-09-16T06:50:52.000Z,COMPLETED,16.02,2.88,4.11,38.7,6.13,6.69,441,-3.5,56,MODERATE
ses_2550,SES-002550,cow_30,station_01,rfid_30,2026-09-16T06:08:00.000Z,2026-09-16T06:12:31.000Z,COMPLETED,16.72,2.51,3.59,38.5,5.88,6.62,374,-1.6,56,MODERATE
ses_2551,SES-002551,cow_1,station_01,rfid_1,2026-09-16T17:28:00.000Z,2026-09-16T17:33:13.000Z,COMPLETED,13.2,2.64,3.77,38.7,5.61,6.62,92,3.1,14,LOW
ses_2552,SES-002552,cow_2,station_01,rfid_2,2026-09-16T17:42:00.000Z,2026-09-16T17:47:05.000Z,COMPLETED,13.19,2.84,4.06,38.7,5.69,6.71,110,-0.1,11,LOW
ses_2553,SES-002553,cow_3,station_01,rfid_3,2026-09-16T18:14:00.000Z,2026-09-16T18:18:26.000Z,COMPLETED,13.24,2.38,3.4,38.5,5.55,6.66,105,-2.6,16,LOW
ses_2554,SES-002554,cow_4,station_01,rfid_4,2026-09-16T17:43:00.000Z,2026-09-16T17:48:39.000Z,COMPLETED,14.25,2.63,3.75,38.7,5.68,6.68,129,2.5,13,LOW
ses_2555,SES-002555,cow_5,station_01,rfid_5,2026-09-16T17:59:00.000Z,2026-09-16T18:04:07.000Z,COMPLETED,15.07,2.92,4.17,38.7,5.42,6.72,117,5.4,14,LOW
ses_2556,SES-002556,cow_6,station_01,rfid_6,2026-09-16T17:02:00.000Z,2026-09-16T17:07:40.000Z,COMPLETED,14.96,2.45,3.5,38.4,5.56,6.66,123,2.5,8,LOW
ses_2557,SES-002557,cow_7,station_01,rfid_7,2026-09-16T17:07:00.000Z,2026-09-16T17:12:43.000Z,COMPLETED,14.84,2.69,3.85,38.7,5.63,6.69,131,-0.4,9,LOW
ses_2558,SES-002558,cow_8,station_01,rfid_8,2026-09-16T17:55:00.000Z,2026-09-16T18:00:24.000Z,COMPLETED,14.71,2.42,3.46,38.6,5.52,6.6,137,-3.9,14,LOW
ses_2559,SES-002559,cow_9,station_01,rfid_9,2026-09-16T18:26:00.000Z,2026-09-16T18:30:08.000Z,COMPLETED,15.44,2.55,3.64,38.5,5.6,6.63,164,-1.7,10,LOW
ses_2560,SES-002560,cow_10,station_01,rfid_10,2026-09-16T17:04:00.000Z,2026-09-16T17:09:07.000Z,COMPLETED,15.96,2.83,4.04,38.7,5.5,6.71,99,-0.2,15,LOW
ses_2561,SES-002561,cow_11,station_01,rfid_11,2026-09-16T18:16:00.000Z,2026-09-16T18:20:53.000Z,COMPLETED,16.27,2.40,3.43,38.8,5.6,6.6,90,-0.8,12,LOW
ses_2562,SES-002562,cow_12,station_01,rfid_12,2026-09-16T17:59:00.000Z,2026-09-16T18:04:43.000Z,COMPLETED,15.94,2.72,3.88,38.5,5.74,6.64,104,-4.6,7,LOW
ses_2563,SES-002563,cow_13,station_01,rfid_13,2026-09-16T18:14:00.000Z,2026-09-16T18:18:11.000Z,COMPLETED,16.86,2.86,4.08,38.5,5.52,6.67,116,-1.4,11,LOW
ses_2564,SES-002564,cow_14,station_01,rfid_14,2026-09-16T18:06:00.000Z,2026-09-16T18:11:52.000Z,COMPLETED,16.93,2.58,3.69,38.8,5.66,6.65,110,-2.7,7,LOW
ses_2565,SES-002565,cow_15,station_01,rfid_15,2026-09-16T18:26:00.000Z,2026-09-16T18:31:26.000Z,COMPLETED,17.69,2.78,3.97,38.5,5.47,6.64,130,-0.6,16,LOW
ses_2566,SES-002566,cow_16,station_01,rfid_16,2026-09-16T17:17:00.000Z,2026-09-16T17:22:14.000Z,COMPLETED,18.28,2.37,3.39,38.5,5.57,6.65,125,1,8,LOW
ses_2567,SES-002567,cow_17,station_01,rfid_17,2026-09-16T17:26:00.000Z,2026-09-16T17:31:31.000Z,COMPLETED,18.84,2.60,3.72,38.7,5.72,6.65,150,2.4,9,LOW
ses_2568,SES-002568,cow_18,station_01,rfid_18,2026-09-16T17:31:00.000Z,2026-09-16T17:35:31.000Z,COMPLETED,13,2.77,3.95,38.6,5.49,6.68,140,1.6,13,LOW
ses_2569,SES-002569,cow_19,station_01,rfid_19,2026-09-16T17:31:00.000Z,2026-09-16T17:35:26.000Z,COMPLETED,12.52,2.42,3.45,38.5,5.62,6.65,157,-4.4,13,LOW
ses_2570,SES-002570,cow_20,station_01,rfid_20,2026-09-16T17:19:00.000Z,2026-09-16T17:23:18.000Z,COMPLETED,14.29,2.63,3.75,38.8,5.44,6.64,84,5.9,12,LOW
ses_2571,SES-002571,cow_21,station_01,rfid_21,2026-09-16T17:06:00.000Z,2026-09-16T17:10:40.000Z,COMPLETED,13.08,2.86,4.09,38.6,5.89,6.72,138,-5.2,40,MODERATE
ses_2572,SES-002572,cow_22,station_01,rfid_22,2026-09-16T17:33:00.000Z,2026-09-16T17:38:18.000Z,COMPLETED,13.35,2.58,3.69,38.8,6.04,6.67,156,-6,42,MODERATE
ses_2573,SES-002573,cow_23,station_01,rfid_23,2026-09-16T17:52:00.000Z,2026-09-16T17:57:34.000Z,COMPLETED,13.7,2.75,3.93,38.7,5.86,6.7,165,-5.5,45,MODERATE
ses_2574,SES-002574,cow_24,station_01,rfid_24,2026-09-16T18:29:00.000Z,2026-09-16T18:33:34.000Z,COMPLETED,13.46,2.39,3.42,38.7,5.94,6.66,170,-9.7,42,MODERATE
ses_2575,SES-002575,cow_25,station_01,rfid_25,2026-09-16T17:05:00.000Z,2026-09-16T17:09:43.000Z,COMPLETED,14.38,2.63,3.76,38.8,5.77,6.69,164,-6,45,MODERATE
ses_2576,SES-002576,cow_26,station_01,rfid_26,2026-09-16T17:07:00.000Z,2026-09-16T17:11:10.000Z,COMPLETED,15.15,2.85,4.07,38.7,6.09,6.68,404,-2.9,56,MODERATE
ses_2577,SES-002577,cow_27,station_01,rfid_27,2026-09-16T18:22:00.000Z,2026-09-16T18:27:02.000Z,COMPLETED,16.31,2.44,3.49,38.5,6.2,6.62,409,2.6,56,MODERATE
ses_2578,SES-002578,cow_28,station_01,rfid_28,2026-09-16T18:21:00.000Z,2026-09-16T18:25:00.000Z,COMPLETED,16.26,2.66,3.8,38.6,5.95,6.65,428,-0.2,56,MODERATE
ses_2579,SES-002579,cow_29,station_01,rfid_29,2026-09-16T17:26:00.000Z,2026-09-16T17:30:01.000Z,COMPLETED,17.1,2.87,4.1,38.6,6.14,6.67,442,3,56,MODERATE
ses_2580,SES-002580,cow_30,station_01,rfid_30,2026-09-16T17:10:00.000Z,2026-09-16T17:15:12.000Z,COMPLETED,17.67,2.53,3.61,38.6,5.92,6.62,369,3.9,56,MODERATE
ses_2581,SES-002581,cow_1,station_01,rfid_1,2026-09-17T07:21:00.000Z,2026-09-17T07:26:18.000Z,COMPLETED,12.15,2.61,3.73,38.5,5.54,6.67,96,-5.1,10,LOW
ses_2582,SES-002582,cow_2,station_01,rfid_2,2026-09-17T07:02:00.000Z,2026-09-17T07:07:20.000Z,COMPLETED,12.74,2.76,3.94,38.7,5.67,6.7,109,-3.5,14,LOW
ses_2583,SES-002583,cow_3,station_01,rfid_3,2026-09-17T07:01:00.000Z,2026-09-17T07:05:30.000Z,COMPLETED,12.98,2.51,3.59,38.5,5.53,6.63,103,-4.6,10,LOW
ses_2584,SES-002584,cow_4,station_01,rfid_4,2026-09-17T06:52:00.000Z,2026-09-17T06:56:52.000Z,COMPLETED,13.68,2.62,3.74,38.6,5.67,6.66,124,-1.6,13,LOW
ses_2585,SES-002585,cow_5,station_01,rfid_5,2026-09-17T07:17:00.000Z,2026-09-17T07:22:07.000Z,COMPLETED,14.39,2.85,4.07,38.7,5.43,6.69,116,0.6,16,LOW
ses_2586,SES-002586,cow_6,station_01,rfid_6,2026-09-17T07:19:00.000Z,2026-09-17T07:23:18.000Z,COMPLETED,14.58,2.48,3.55,38.6,5.62,6.61,122,-0.1,8,LOW
ses_2587,SES-002587,cow_7,station_01,rfid_7,2026-09-17T06:23:00.000Z,2026-09-17T06:28:32.000Z,COMPLETED,14.33,2.67,3.82,38.6,5.65,6.67,149,-3.8,14,LOW
ses_2588,SES-002588,cow_8,station_01,rfid_8,2026-09-17T06:06:00.000Z,2026-09-17T06:10:01.000Z,COMPLETED,14.61,2.31,3.3,38.6,5.5,6.63,135,-4.5,15,LOW
ses_2589,SES-002589,cow_9,station_01,rfid_9,2026-09-17T06:06:00.000Z,2026-09-17T06:12:00.000Z,COMPLETED,15.84,2.58,3.68,38.4,5.62,6.62,162,0.9,9,LOW
ses_2590,SES-002590,cow_10,station_01,rfid_10,2026-09-17T07:16:00.000Z,2026-09-17T07:21:08.000Z,COMPLETED,16.13,2.80,4,38.6,5.46,6.69,84,0.8,15,LOW
ses_2591,SES-002591,cow_11,station_01,rfid_11,2026-09-17T07:06:00.000Z,2026-09-17T07:11:09.000Z,COMPLETED,16.82,2.39,3.42,38.7,5.61,6.65,100,2.6,16,LOW
ses_2592,SES-002592,cow_12,station_01,rfid_12,2026-09-17T06:52:00.000Z,2026-09-17T06:57:54.000Z,COMPLETED,16.56,2.66,3.8,38.6,5.66,6.68,112,-0.8,14,LOW
ses_2593,SES-002593,cow_13,station_01,rfid_13,2026-09-17T06:42:00.000Z,2026-09-17T06:47:51.000Z,COMPLETED,17.86,2.90,4.14,38.6,5.54,6.69,120,4.4,10,LOW
ses_2594,SES-002594,cow_14,station_01,rfid_14,2026-09-17T07:13:00.000Z,2026-09-17T07:17:44.000Z,COMPLETED,17.11,2.54,3.63,38.6,5.63,6.64,106,-1.7,8,LOW
ses_2595,SES-002595,cow_15,station_01,rfid_15,2026-09-17T06:01:00.000Z,2026-09-17T06:06:48.000Z,COMPLETED,17.18,2.72,3.89,38.4,5.43,6.69,137,-3.5,12,LOW
ses_2596,SES-002596,cow_16,station_01,rfid_16,2026-09-17T06:09:00.000Z,2026-09-17T06:14:18.000Z,COMPLETED,18.2,2.34,3.34,38.6,5.53,6.6,128,0.6,8,LOW
ses_2597,SES-002597,cow_17,station_01,rfid_17,2026-09-17T06:55:00.000Z,2026-09-17T07:00:36.000Z,COMPLETED,18.3,2.60,3.71,38.7,5.74,6.62,144,-0.5,10,LOW
ses_2598,SES-002598,cow_18,station_01,rfid_18,2026-09-17T07:14:00.000Z,2026-09-17T07:19:58.000Z,COMPLETED,12.6,2.82,4.03,38.5,5.57,6.68,157,-1.6,9,LOW
ses_2599,SES-002599,cow_19,station_01,rfid_19,2026-09-17T07:02:00.000Z,2026-09-17T07:06:20.000Z,COMPLETED,13.23,2.44,3.49,38.6,5.62,6.62,157,1,12,LOW
ses_2600,SES-002600,cow_20,station_01,rfid_20,2026-09-17T06:12:00.000Z,2026-09-17T06:17:57.000Z,COMPLETED,13.28,2.63,3.75,38.7,5.51,6.63,92,-1.6,11,LOW
ses_2601,SES-002601,cow_21,station_01,rfid_21,2026-09-17T06:25:00.000Z,2026-09-17T06:29:35.000Z,COMPLETED,13.03,2.90,4.14,38.6,5.88,6.72,129,-5.6,43,MODERATE
ses_2602,SES-002602,cow_22,station_01,rfid_22,2026-09-17T06:17:00.000Z,2026-09-17T06:22:20.000Z,COMPLETED,13.2,2.48,3.54,38.7,5.99,6.7,141,-7,45,MODERATE
ses_2603,SES-002603,cow_23,station_01,rfid_23,2026-09-17T07:27:00.000Z,2026-09-17T07:31:53.000Z,COMPLETED,14.24,2.78,3.97,38.8,5.84,6.73,168,-1.8,39,MODERATE
ses_2604,SES-002604,cow_24,station_01,rfid_24,2026-09-17T07:16:00.000Z,2026-09-17T07:20:42.000Z,COMPLETED,14.07,2.43,3.47,38.6,5.95,6.69,161,-5.6,44,MODERATE
ses_2605,SES-002605,cow_25,station_01,rfid_25,2026-09-17T06:02:00.000Z,2026-09-17T06:06:45.000Z,COMPLETED,15.1,2.63,3.75,38.6,5.8,6.72,176,-1.3,44,MODERATE
ses_2606,SES-002606,cow_26,station_01,rfid_26,2026-09-17T06:21:00.000Z,2026-09-17T06:26:38.000Z,COMPLETED,15.95,2.77,3.96,38.8,6.11,6.66,431,2.2,58,MODERATE
ses_2607,SES-002607,cow_27,station_01,rfid_27,2026-09-17T06:15:00.000Z,2026-09-17T06:20:40.000Z,COMPLETED,16.2,2.42,3.45,38.5,6.19,6.63,440,1.9,58,MODERATE
ses_2608,SES-002608,cow_28,station_01,rfid_28,2026-09-17T06:39:00.000Z,2026-09-17T06:43:42.000Z,COMPLETED,16.18,2.65,3.79,38.6,6.03,6.66,445,-0.7,58,MODERATE
ses_2609,SES-002609,cow_29,station_01,rfid_29,2026-09-17T06:29:00.000Z,2026-09-17T06:33:37.000Z,COMPLETED,17.18,2.85,4.07,38.7,6.19,6.71,449,3.5,58,MODERATE
ses_2610,SES-002610,cow_30,station_01,rfid_30,2026-09-17T07:16:00.000Z,2026-09-17T07:21:30.000Z,COMPLETED,16.21,2.47,3.53,38.4,5.99,6.65,379,-4.6,58,MODERATE
ses_2611,SES-002611,cow_1,station_01,rfid_1,2026-09-17T18:18:00.000Z,2026-09-17T18:23:15.000Z,COMPLETED,12.57,2.55,3.65,38.7,5.63,6.65,97,-1.8,16,LOW
ses_2612,SES-002612,cow_2,station_01,rfid_2,2026-09-17T17:25:00.000Z,2026-09-17T17:30:24.000Z,COMPLETED,13.29,2.75,3.93,38.7,5.64,6.7,115,0.7,10,LOW
ses_2613,SES-002613,cow_3,station_01,rfid_3,2026-09-17T18:09:00.000Z,2026-09-17T18:14:14.000Z,COMPLETED,13.7,2.40,3.43,38.5,5.48,6.63,106,0.7,10,LOW
ses_2614,SES-002614,cow_4,station_01,rfid_4,2026-09-17T18:08:00.000Z,2026-09-17T18:13:55.000Z,COMPLETED,13.44,2.69,3.84,38.6,5.66,6.68,118,-3.3,12,LOW
ses_2615,SES-002615,cow_5,station_01,rfid_5,2026-09-17T18:26:00.000Z,2026-09-17T18:30:24.000Z,COMPLETED,14.65,2.93,4.19,38.8,5.41,6.68,118,2.4,7,LOW
ses_2616,SES-002616,cow_6,station_01,rfid_6,2026-09-17T18:16:00.000Z,2026-09-17T18:20:59.000Z,COMPLETED,15.05,2.50,3.57,38.5,5.51,6.65,130,3.1,13,LOW
ses_2617,SES-002617,cow_7,station_01,rfid_7,2026-09-17T18:25:00.000Z,2026-09-17T18:30:30.000Z,COMPLETED,14.24,2.70,3.86,38.6,5.71,6.65,141,-4.4,13,LOW
ses_2618,SES-002618,cow_8,station_01,rfid_8,2026-09-17T17:50:00.000Z,2026-09-17T17:54:25.000Z,COMPLETED,16.09,2.39,3.41,38.6,5.53,6.59,155,5.2,8,LOW
ses_2619,SES-002619,cow_9,station_01,rfid_9,2026-09-17T17:01:00.000Z,2026-09-17T17:05:21.000Z,COMPLETED,15.77,2.64,3.77,38.5,5.65,6.67,152,0.4,9,LOW
ses_2620,SES-002620,cow_10,station_01,rfid_10,2026-09-17T17:28:00.000Z,2026-09-17T17:32:41.000Z,COMPLETED,15.87,2.74,3.92,38.6,5.48,6.69,100,-0.8,10,LOW
ses_2621,SES-002621,cow_11,station_01,rfid_11,2026-09-17T18:06:00.000Z,2026-09-17T18:10:08.000Z,COMPLETED,16.53,2.42,3.46,38.7,5.62,6.63,100,0.8,17,LOW
ses_2622,SES-002622,cow_12,station_01,rfid_12,2026-09-17T17:36:00.000Z,2026-09-17T17:40:20.000Z,COMPLETED,16.7,2.60,3.72,38.6,5.7,6.68,92,0,15,LOW
ses_2623,SES-002623,cow_13,station_01,rfid_13,2026-09-17T17:31:00.000Z,2026-09-17T17:35:52.000Z,COMPLETED,16.62,2.83,4.04,38.7,5.5,6.72,113,-2.8,10,LOW
ses_2624,SES-002624,cow_14,station_01,rfid_14,2026-09-17T17:24:00.000Z,2026-09-17T17:29:09.000Z,COMPLETED,18.03,2.53,3.62,38.7,5.58,6.62,124,3.6,16,LOW
ses_2625,SES-002625,cow_15,station_01,rfid_15,2026-09-17T18:18:00.000Z,2026-09-17T18:22:10.000Z,COMPLETED,18.02,2.67,3.82,38.6,5.44,6.68,128,1.2,9,LOW
ses_2626,SES-002626,cow_16,station_01,rfid_16,2026-09-17T17:44:00.000Z,2026-09-17T17:50:00.000Z,COMPLETED,18.79,2.37,3.38,38.6,5.52,6.65,137,3.8,12,LOW
ses_2627,SES-002627,cow_17,station_01,rfid_17,2026-09-17T18:10:00.000Z,2026-09-17T18:15:25.000Z,COMPLETED,18.63,2.60,3.72,38.7,5.66,6.67,137,1.3,16,LOW
ses_2628,SES-002628,cow_18,station_01,rfid_18,2026-09-17T18:26:00.000Z,2026-09-17T18:30:00.000Z,COMPLETED,12.76,2.84,4.06,38.4,5.52,6.7,149,-0.3,10,LOW
ses_2629,SES-002629,cow_19,station_01,rfid_19,2026-09-17T18:01:00.000Z,2026-09-17T18:06:36.000Z,COMPLETED,13.45,2.50,3.57,38.6,5.61,6.61,154,2.7,8,LOW
ses_2630,SES-002630,cow_20,station_01,rfid_20,2026-09-17T17:16:00.000Z,2026-09-17T17:20:16.000Z,COMPLETED,13.37,2.64,3.77,38.8,5.45,6.65,101,-1,10,LOW
ses_2631,SES-002631,cow_21,station_01,rfid_21,2026-09-17T17:05:00.000Z,2026-09-17T17:09:10.000Z,COMPLETED,12.25,2.94,4.2,38.6,5.93,6.73,132,-11.2,39,MODERATE
ses_2632,SES-002632,cow_22,station_01,rfid_22,2026-09-17T17:32:00.000Z,2026-09-17T17:36:01.000Z,COMPLETED,13.42,2.51,3.59,38.7,6.01,6.7,145,-5.5,42,MODERATE
ses_2633,SES-002633,cow_23,station_01,rfid_23,2026-09-17T18:30:00.000Z,2026-09-17T18:35:21.000Z,COMPLETED,13.62,2.80,4,38.8,5.85,6.73,148,-6.1,44,MODERATE
ses_2634,SES-002634,cow_24,station_01,rfid_24,2026-09-17T17:12:00.000Z,2026-09-17T17:16:11.000Z,COMPLETED,14.56,2.43,3.47,38.7,5.95,6.65,174,-2.3,41,MODERATE
ses_2635,SES-002635,cow_25,station_01,rfid_25,2026-09-17T18:14:00.000Z,2026-09-17T18:18:30.000Z,COMPLETED,14.85,2.57,3.67,38.8,5.79,6.72,174,-2.9,43,MODERATE
ses_2636,SES-002636,cow_26,station_01,rfid_26,2026-09-17T18:07:00.000Z,2026-09-17T18:11:13.000Z,COMPLETED,16.02,2.73,3.9,38.8,6.17,6.66,429,2.7,58,MODERATE
ses_2637,SES-002637,cow_27,station_01,rfid_27,2026-09-17T18:23:00.000Z,2026-09-17T18:28:45.000Z,COMPLETED,15.21,2.39,3.42,38.4,6.28,6.61,430,-4.3,58,MODERATE
ses_2638,SES-002638,cow_28,station_01,rfid_28,2026-09-17T18:09:00.000Z,2026-09-17T18:14:56.000Z,COMPLETED,15.55,2.60,3.71,38.7,6.06,6.63,441,-4.6,58,MODERATE
ses_2639,SES-002639,cow_29,station_01,rfid_29,2026-09-17T17:57:00.000Z,2026-09-17T18:02:39.000Z,COMPLETED,16.55,2.83,4.05,38.7,6.22,6.69,457,-0.3,58,MODERATE
ses_2640,SES-002640,cow_30,station_01,rfid_30,2026-09-17T17:24:00.000Z,2026-09-17T17:28:02.000Z,COMPLETED,17.02,2.53,3.62,38.5,5.96,6.61,397,0.1,58,MODERATE
ses_2641,SES-002641,cow_1,station_01,rfid_1,2026-09-18T06:17:00.000Z,2026-09-18T06:22:00.000Z,COMPLETED,13.46,2.53,3.61,38.5,5.57,6.64,96,5.2,13,LOW
ses_2642,SES-002642,cow_2,station_01,rfid_2,2026-09-18T06:00:00.000Z,2026-09-18T06:06:00.000Z,COMPLETED,13.32,2.74,3.91,38.8,5.67,6.68,102,0.9,7,LOW
ses_2643,SES-002643,cow_3,station_01,rfid_3,2026-09-18T07:02:00.000Z,2026-09-18T07:06:34.000Z,COMPLETED,13.09,2.44,3.48,38.6,5.48,6.61,105,-3.7,11,LOW
ses_2644,SES-002644,cow_4,station_01,rfid_4,2026-09-18T06:10:00.000Z,2026-09-18T06:14:10.000Z,COMPLETED,14.37,2.63,3.76,38.6,5.69,6.69,126,3.4,12,LOW
ses_2645,SES-002645,cow_5,station_01,rfid_5,2026-09-18T07:26:00.000Z,2026-09-18T07:31:12.000Z,COMPLETED,14.51,2.90,4.14,38.6,5.48,6.72,124,1.5,13,LOW
ses_2646,SES-002646,cow_6,station_01,rfid_6,2026-09-18T06:18:00.000Z,2026-09-18T06:22:12.000Z,COMPLETED,15.24,2.51,3.58,38.5,5.62,6.62,132,4.4,15,LOW
ses_2647,SES-002647,cow_7,station_01,rfid_7,2026-09-18T06:24:00.000Z,2026-09-18T06:29:25.000Z,COMPLETED,14.66,2.77,3.95,38.5,5.65,6.7,133,-1.6,8,LOW
ses_2648,SES-002648,cow_8,station_01,rfid_8,2026-09-18T06:55:00.000Z,2026-09-18T06:59:44.000Z,COMPLETED,14.54,2.43,3.47,38.7,5.5,6.62,147,-5,16,LOW
ses_2649,SES-002649,cow_9,station_01,rfid_9,2026-09-18T07:08:00.000Z,2026-09-18T07:13:33.000Z,COMPLETED,16.48,2.65,3.79,38.6,5.65,6.66,154,5,12,LOW
ses_2650,SES-002650,cow_10,station_01,rfid_10,2026-09-18T06:37:00.000Z,2026-09-18T06:42:07.000Z,COMPLETED,15.97,2.76,3.94,38.6,5.39,6.69,79,-0.2,9,LOW
ses_2651,SES-002651,cow_11,station_01,rfid_11,2026-09-18T07:29:00.000Z,2026-09-18T07:34:26.000Z,COMPLETED,15.81,2.46,3.52,38.8,5.55,6.64,90,-3.6,14,LOW
ses_2652,SES-002652,cow_12,station_01,rfid_12,2026-09-18T07:20:00.000Z,2026-09-18T07:25:20.000Z,COMPLETED,17.25,2.67,3.82,38.5,5.63,6.67,98,3.3,10,LOW
ses_2653,SES-002653,cow_13,station_01,rfid_13,2026-09-18T06:26:00.000Z,2026-09-18T06:30:55.000Z,COMPLETED,16.91,2.94,4.2,38.5,5.45,6.7,104,-1.1,13,LOW
ses_2654,SES-002654,cow_14,station_01,rfid_14,2026-09-18T07:09:00.000Z,2026-09-18T07:13:22.000Z,COMPLETED,17.24,2.57,3.67,38.7,5.58,6.64,120,-0.9,9,LOW
ses_2655,SES-002655,cow_15,station_01,rfid_15,2026-09-18T07:01:00.000Z,2026-09-18T07:05:46.000Z,COMPLETED,17.92,2.79,3.99,38.5,5.47,6.64,116,0.7,11,LOW
ses_2656,SES-002656,cow_16,station_01,rfid_16,2026-09-18T06:49:00.000Z,2026-09-18T06:54:46.000Z,COMPLETED,17.81,2.41,3.44,38.5,5.62,6.63,122,-1.6,8,LOW
ses_2657,SES-002657,cow_17,station_01,rfid_17,2026-09-18T06:02:00.000Z,2026-09-18T06:07:55.000Z,COMPLETED,18.61,2.59,3.7,38.7,5.63,6.62,136,1.1,8,LOW
ses_2658,SES-002658,cow_18,station_01,rfid_18,2026-09-18T06:41:00.000Z,2026-09-18T06:45:06.000Z,COMPLETED,12.31,2.81,4.02,38.6,5.51,6.69,146,-3.8,7,LOW
ses_2659,SES-002659,cow_19,station_01,rfid_19,2026-09-18T06:41:00.000Z,2026-09-18T06:45:49.000Z,COMPLETED,13.33,2.44,3.49,38.6,5.6,6.66,144,1.8,8,LOW
ses_2660,SES-002660,cow_20,station_01,rfid_20,2026-09-18T07:12:00.000Z,2026-09-18T07:17:19.000Z,COMPLETED,13.5,2.63,3.75,38.8,5.43,6.63,90,0,13,LOW
ses_2661,SES-002661,cow_21,station_01,rfid_21,2026-09-18T07:24:00.000Z,2026-09-18T07:28:28.000Z,COMPLETED,12.28,2.84,4.06,38.6,5.96,6.74,148,-11,46,MODERATE
ses_2662,SES-002662,cow_22,station_01,rfid_22,2026-09-18T06:16:00.000Z,2026-09-18T06:20:52.000Z,COMPLETED,12.9,2.58,3.69,38.7,6.08,6.69,142,-9.2,40,MODERATE
ses_2663,SES-002663,cow_23,station_01,rfid_23,2026-09-18T06:27:00.000Z,2026-09-18T06:32:44.000Z,COMPLETED,13.98,2.77,3.96,38.8,5.86,6.71,171,-3.6,44,MODERATE
ses_2664,SES-002664,cow_24,station_01,rfid_24,2026-09-18T06:21:00.000Z,2026-09-18T06:25:34.000Z,COMPLETED,14.61,2.34,3.34,38.7,5.94,6.67,166,-1.9,41,MODERATE
ses_2665,SES-002665,cow_25,station_01,rfid_25,2026-09-18T07:24:00.000Z,2026-09-18T07:28:26.000Z,COMPLETED,14.62,2.55,3.65,38.7,5.75,6.71,178,-4.4,42,MODERATE
ses_2666,SES-002666,cow_26,station_01,rfid_26,2026-09-18T06:52:00.000Z,2026-09-18T06:56:07.000Z,COMPLETED,14.93,2.74,3.92,38.7,6.13,6.68,446,-4.3,60,HIGH
ses_2667,SES-002667,cow_27,station_01,rfid_27,2026-09-18T07:28:00.000Z,2026-09-18T07:32:32.000Z,COMPLETED,15.59,2.40,3.43,38.6,6.33,6.61,454,-1.9,60,HIGH
ses_2668,SES-002668,cow_28,station_01,rfid_28,2026-09-18T06:38:00.000Z,2026-09-18T06:42:38.000Z,COMPLETED,16.11,2.62,3.74,38.7,6.15,6.65,463,-1.2,60,HIGH
ses_2669,SES-002669,cow_29,station_01,rfid_29,2026-09-18T06:06:00.000Z,2026-09-18T06:11:56.000Z,COMPLETED,16.13,2.93,4.19,38.7,6.21,6.69,469,-2.8,60,HIGH
ses_2670,SES-002670,cow_30,station_01,rfid_30,2026-09-18T07:30:00.000Z,2026-09-18T07:34:01.000Z,COMPLETED,17.04,2.58,3.68,38.5,6.03,6.64,413,0.2,60,HIGH
ses_2671,SES-002671,cow_1,station_01,rfid_1,2026-09-18T18:02:00.000Z,2026-09-18T18:07:37.000Z,COMPLETED,12.23,2.65,3.79,38.6,5.55,6.65,106,-4.5,11,LOW
ses_2672,SES-002672,cow_2,station_01,rfid_2,2026-09-18T17:06:00.000Z,2026-09-18T17:11:39.000Z,COMPLETED,13.43,2.77,3.95,38.6,5.65,6.71,102,1.7,12,LOW
ses_2673,SES-002673,cow_3,station_01,rfid_3,2026-09-18T18:23:00.000Z,2026-09-18T18:27:33.000Z,COMPLETED,14.34,2.50,3.57,38.4,5.55,6.62,107,5.4,16,LOW
ses_2674,SES-002674,cow_4,station_01,rfid_4,2026-09-18T17:35:00.000Z,2026-09-18T17:40:04.000Z,COMPLETED,13.27,2.65,3.78,38.6,5.68,6.64,129,-4.5,16,LOW
ses_2675,SES-002675,cow_5,station_01,rfid_5,2026-09-18T17:19:00.000Z,2026-09-18T17:24:02.000Z,COMPLETED,13.56,2.93,4.19,38.8,5.46,6.67,117,-5.2,16,LOW
ses_2676,SES-002676,cow_6,station_01,rfid_6,2026-09-18T17:36:00.000Z,2026-09-18T17:41:55.000Z,COMPLETED,15.4,2.55,3.65,38.5,5.58,6.66,131,5.5,11,LOW
ses_2677,SES-002677,cow_7,station_01,rfid_7,2026-09-18T17:01:00.000Z,2026-09-18T17:05:23.000Z,COMPLETED,14.75,2.79,3.98,38.7,5.72,6.69,144,-1,9,LOW
ses_2678,SES-002678,cow_8,station_01,rfid_8,2026-09-18T17:40:00.000Z,2026-09-18T17:44:28.000Z,COMPLETED,14.96,2.45,3.5,38.7,5.48,6.59,134,-2.2,16,LOW
ses_2679,SES-002679,cow_9,station_01,rfid_9,2026-09-18T18:28:00.000Z,2026-09-18T18:33:54.000Z,COMPLETED,15.18,2.54,3.63,38.5,5.67,6.67,148,-3.3,9,LOW
ses_2680,SES-002680,cow_10,station_01,rfid_10,2026-09-18T17:55:00.000Z,2026-09-18T18:00:40.000Z,COMPLETED,16.1,2.80,4,38.7,5.42,6.65,80,0.6,12,LOW
ses_2681,SES-002681,cow_11,station_01,rfid_11,2026-09-18T18:17:00.000Z,2026-09-18T18:22:45.000Z,COMPLETED,16.44,2.45,3.5,38.6,5.51,6.62,95,0.2,17,LOW
ses_2682,SES-002682,cow_12,station_01,rfid_12,2026-09-18T17:49:00.000Z,2026-09-18T17:54:34.000Z,COMPLETED,16.72,2.62,3.74,38.4,5.71,6.67,94,0.1,8,LOW
ses_2683,SES-002683,cow_13,station_01,rfid_13,2026-09-18T17:06:00.000Z,2026-09-18T17:10:15.000Z,COMPLETED,16.52,2.84,4.06,38.5,5.46,6.7,109,-3.4,10,LOW
ses_2684,SES-002684,cow_14,station_01,rfid_14,2026-09-18T18:07:00.000Z,2026-09-18T18:12:43.000Z,COMPLETED,17.66,2.48,3.54,38.6,5.57,6.67,125,1.5,13,LOW
ses_2685,SES-002685,cow_15,station_01,rfid_15,2026-09-18T18:16:00.000Z,2026-09-18T18:20:41.000Z,COMPLETED,17.64,2.66,3.8,38.4,5.47,6.69,129,-0.9,9,LOW
ses_2686,SES-002686,cow_16,station_01,rfid_16,2026-09-18T17:40:00.000Z,2026-09-18T17:44:23.000Z,COMPLETED,18.23,2.34,3.35,38.6,5.53,6.64,122,0.7,12,LOW
ses_2687,SES-002687,cow_17,station_01,rfid_17,2026-09-18T17:13:00.000Z,2026-09-18T17:17:25.000Z,COMPLETED,18.91,2.54,3.63,38.7,5.67,6.65,137,2.8,11,LOW
ses_2688,SES-002688,cow_18,station_01,rfid_18,2026-09-18T18:16:00.000Z,2026-09-18T18:20:37.000Z,COMPLETED,12.79,2.79,3.98,38.4,5.55,6.71,150,-0.1,13,LOW
ses_2689,SES-002689,cow_19,station_01,rfid_19,2026-09-18T18:21:00.000Z,2026-09-18T18:26:34.000Z,COMPLETED,13.03,2.42,3.46,38.6,5.6,6.61,160,-0.5,16,LOW
ses_2690,SES-002690,cow_20,station_01,rfid_20,2026-09-18T17:36:00.000Z,2026-09-18T17:42:00.000Z,COMPLETED,14.07,2.61,3.73,38.6,5.5,6.63,100,4.2,8,LOW
ses_2691,SES-002691,cow_21,station_01,rfid_21,2026-09-18T18:01:00.000Z,2026-09-18T18:05:46.000Z,COMPLETED,13.67,2.86,4.09,38.5,5.93,6.74,142,-0.9,46,MODERATE
ses_2692,SES-002692,cow_22,station_01,rfid_22,2026-09-18T18:22:00.000Z,2026-09-18T18:26:47.000Z,COMPLETED,13.52,2.57,3.67,38.7,6.08,6.72,150,-4.8,44,MODERATE
ses_2693,SES-002693,cow_23,station_01,rfid_23,2026-09-18T17:34:00.000Z,2026-09-18T17:38:40.000Z,COMPLETED,13.11,2.67,3.82,38.9,5.9,6.76,169,-9.6,39,MODERATE
ses_2694,SES-002694,cow_24,station_01,rfid_24,2026-09-18T17:20:00.000Z,2026-09-18T17:25:52.000Z,COMPLETED,13.25,2.38,3.4,38.6,5.98,6.65,168,-11.1,41,MODERATE
ses_2695,SES-002695,cow_25,station_01,rfid_25,2026-09-18T17:34:00.000Z,2026-09-18T17:38:59.000Z,COMPLETED,14.17,2.65,3.78,38.7,5.83,6.72,178,-7.4,44,MODERATE
ses_2696,SES-002696,cow_26,station_01,rfid_26,2026-09-18T17:39:00.000Z,2026-09-18T17:44:29.000Z,COMPLETED,16.13,2.79,3.99,38.8,6.16,6.65,446,3.4,60,HIGH
ses_2697,SES-002697,cow_27,station_01,rfid_27,2026-09-18T18:24:00.000Z,2026-09-18T18:28:05.000Z,COMPLETED,16.45,2.39,3.42,38.5,6.3,6.65,459,3.5,60,HIGH
ses_2698,SES-002698,cow_28,station_01,rfid_28,2026-09-18T18:18:00.000Z,2026-09-18T18:22:31.000Z,COMPLETED,16.9,2.66,3.8,38.7,6.07,6.65,471,3.7,60,HIGH
ses_2699,SES-002699,cow_29,station_01,rfid_29,2026-09-18T18:01:00.000Z,2026-09-18T18:05:03.000Z,COMPLETED,17.34,2.93,4.18,38.7,6.24,6.66,479,4.5,60,HIGH
ses_2700,SES-002700,cow_30,station_01,rfid_30,2026-09-18T18:10:00.000Z,2026-09-18T18:14:09.000Z,COMPLETED,16.53,2.51,3.59,38.5,5.99,6.64,401,-2.8,60,HIGH
ses_2701,SES-002701,cow_1,station_01,rfid_1,2026-09-19T07:24:00.000Z,2026-09-19T07:28:46.000Z,COMPLETED,12.97,2.56,3.66,38.7,5.56,6.65,105,1.3,16,LOW
ses_2702,SES-002702,cow_2,station_01,rfid_2,2026-09-19T07:16:00.000Z,2026-09-19T07:21:22.000Z,COMPLETED,13.22,2.86,4.09,38.7,5.74,6.67,114,0.2,15,LOW
ses_2703,SES-002703,cow_3,station_01,rfid_3,2026-09-19T06:26:00.000Z,2026-09-19T06:31:22.000Z,COMPLETED,14.09,2.51,3.58,38.6,5.47,6.63,113,3.6,12,LOW
ses_2704,SES-002704,cow_4,station_01,rfid_4,2026-09-19T06:58:00.000Z,2026-09-19T07:02:19.000Z,COMPLETED,14.15,2.62,3.74,38.6,5.65,6.65,122,1.8,12,LOW
ses_2705,SES-002705,cow_5,station_01,rfid_5,2026-09-19T06:34:00.000Z,2026-09-19T06:38:46.000Z,COMPLETED,14.89,2.93,4.19,38.6,5.48,6.72,136,4.1,13,LOW
ses_2706,SES-002706,cow_6,station_01,rfid_6,2026-09-19T06:16:00.000Z,2026-09-19T06:21:09.000Z,COMPLETED,14.54,2.46,3.52,38.5,5.58,6.62,135,-0.4,8,LOW
ses_2707,SES-002707,cow_7,station_01,rfid_7,2026-09-19T06:44:00.000Z,2026-09-19T06:48:00.000Z,COMPLETED,14.69,2.77,3.95,38.7,5.73,6.67,146,-1.4,11,LOW
ses_2708,SES-002708,cow_8,station_01,rfid_8,2026-09-19T06:54:00.000Z,2026-09-19T06:58:00.000Z,COMPLETED,16.1,2.33,3.33,38.6,5.47,6.63,141,5.2,7,LOW
ses_2709,SES-002709,cow_9,station_01,rfid_9,2026-09-19T06:05:00.000Z,2026-09-19T06:10:31.000Z,COMPLETED,16.48,2.63,3.75,38.5,5.67,6.67,148,5,9,LOW
ses_2710,SES-002710,cow_10,station_01,rfid_10,2026-09-19T06:39:00.000Z,2026-09-19T06:43:15.000Z,COMPLETED,15.59,2.79,3.99,38.5,5.42,6.69,97,-2.6,9,LOW
ses_2711,SES-002711,cow_11,station_01,rfid_11,2026-09-19T06:05:00.000Z,2026-09-19T06:09:34.000Z,COMPLETED,15.61,2.39,3.42,38.6,5.61,6.64,88,-4.8,10,LOW
ses_2712,SES-002712,cow_12,station_01,rfid_12,2026-09-19T07:21:00.000Z,2026-09-19T07:26:26.000Z,COMPLETED,16.88,2.60,3.71,38.4,5.64,6.66,113,1.1,9,LOW
ses_2713,SES-002713,cow_13,station_01,rfid_13,2026-09-19T06:55:00.000Z,2026-09-19T07:01:00.000Z,COMPLETED,16.31,2.93,4.18,38.6,5.56,6.7,101,-4.6,16,LOW
ses_2714,SES-002714,cow_14,station_01,rfid_14,2026-09-19T07:18:00.000Z,2026-09-19T07:23:57.000Z,COMPLETED,17.51,2.46,3.51,38.6,5.6,6.65,111,0.6,8,LOW
ses_2715,SES-002715,cow_15,station_01,rfid_15,2026-09-19T06:55:00.000Z,2026-09-19T07:00:15.000Z,COMPLETED,18.28,2.72,3.88,38.5,5.42,6.65,129,2.7,10,LOW
ses_2716,SES-002716,cow_16,station_01,rfid_16,2026-09-19T06:37:00.000Z,2026-09-19T06:41:37.000Z,COMPLETED,18.45,2.37,3.38,38.5,5.57,6.61,130,1.9,15,LOW
ses_2717,SES-002717,cow_17,station_01,rfid_17,2026-09-19T06:18:00.000Z,2026-09-19T06:23:10.000Z,COMPLETED,19.06,2.56,3.66,38.7,5.64,6.63,139,3.6,13,LOW
ses_2718,SES-002718,cow_18,station_01,rfid_18,2026-09-19T07:09:00.000Z,2026-09-19T07:14:39.000Z,COMPLETED,12.94,2.77,3.96,38.4,5.55,6.66,145,1.1,14,LOW
ses_2719,SES-002719,cow_19,station_01,rfid_19,2026-09-19T06:09:00.000Z,2026-09-19T06:13:13.000Z,COMPLETED,13.66,2.39,3.41,38.5,5.58,6.64,149,4.3,14,LOW
ses_2720,SES-002720,cow_20,station_01,rfid_20,2026-09-19T07:00:00.000Z,2026-09-19T07:04:29.000Z,COMPLETED,14.15,2.70,3.86,38.7,5.49,6.67,98,4.8,9,LOW
ses_2721,SES-002721,cow_21,station_01,rfid_21,2026-09-19T06:42:00.000Z,2026-09-19T06:46:19.000Z,COMPLETED,13.35,2.91,4.16,38.7,5.99,6.78,135,-3.3,41,MODERATE
ses_2722,SES-002722,cow_22,station_01,rfid_22,2026-09-19T06:09:00.000Z,2026-09-19T06:13:07.000Z,COMPLETED,13.48,2.58,3.69,38.7,6.11,6.72,160,-5.1,42,MODERATE
ses_2723,SES-002723,cow_23,station_01,rfid_23,2026-09-19T07:07:00.000Z,2026-09-19T07:12:21.000Z,COMPLETED,13.61,2.72,3.88,38.8,5.84,6.74,174,-6.1,48,MODERATE
ses_2724,SES-002724,cow_24,station_01,rfid_24,2026-09-19T06:17:00.000Z,2026-09-19T06:21:22.000Z,COMPLETED,13.67,2.42,3.45,38.6,5.99,6.66,171,-8.3,41,MODERATE
ses_2725,SES-002725,cow_25,station_01,rfid_25,2026-09-19T07:02:00.000Z,2026-09-19T07:07:30.000Z,COMPLETED,14.91,2.63,3.76,38.6,5.79,6.73,196,-2.5,48,MODERATE
ses_2726,SES-002726,cow_26,station_01,rfid_26,2026-09-19T07:25:00.000Z,2026-09-19T07:29:02.000Z,COMPLETED,14.16,2.75,3.93,39.1,6.29,6.87,513,-9.2,64,HIGH
ses_2727,SES-002727,cow_27,station_01,rfid_27,2026-09-19T06:19:00.000Z,2026-09-19T06:24:38.000Z,COMPLETED,14.66,2.46,3.51,38.9,6.49,6.84,530,-7.8,64,HIGH
ses_2728,SES-002728,cow_28,station_01,rfid_28,2026-09-19T06:48:00.000Z,2026-09-19T06:52:05.000Z,COMPLETED,15.1,2.69,3.85,38.9,6.31,6.85,525,-7.4,64,HIGH
ses_2729,SES-002729,cow_29,station_01,rfid_29,2026-09-19T06:52:00.000Z,2026-09-19T06:57:12.000Z,COMPLETED,16.39,2.93,4.19,39.1,6.33,6.88,532,-1.3,64,HIGH
ses_2730,SES-002730,cow_30,station_01,rfid_30,2026-09-19T06:19:00.000Z,2026-09-19T06:23:25.000Z,COMPLETED,16.27,2.52,3.6,38.9,6.21,6.87,463,-4.3,64,HIGH
ses_2731,SES-002731,cow_1,station_01,rfid_1,2026-09-19T17:42:00.000Z,2026-09-19T17:46:17.000Z,COMPLETED,12.95,2.59,3.7,38.7,5.52,6.62,97,1.2,13,LOW
ses_2732,SES-002732,cow_2,station_01,rfid_2,2026-09-19T18:25:00.000Z,2026-09-19T18:30:38.000Z,COMPLETED,13.57,2.83,4.04,38.7,5.73,6.7,113,2.8,13,LOW
ses_2733,SES-002733,cow_3,station_01,rfid_3,2026-09-19T17:31:00.000Z,2026-09-19T17:36:40.000Z,COMPLETED,14.03,2.48,3.54,38.6,5.54,6.6,103,3.2,14,LOW
ses_2734,SES-002734,cow_4,station_01,rfid_4,2026-09-19T18:18:00.000Z,2026-09-19T18:23:10.000Z,COMPLETED,14.37,2.60,3.72,38.6,5.63,6.63,120,3.4,9,LOW
ses_2735,SES-002735,cow_5,station_01,rfid_5,2026-09-19T18:03:00.000Z,2026-09-19T18:07:15.000Z,COMPLETED,13.85,2.81,4.01,38.7,5.43,6.68,124,-3.1,11,LOW
ses_2736,SES-002736,cow_6,station_01,rfid_6,2026-09-19T17:51:00.000Z,2026-09-19T17:55:43.000Z,COMPLETED,14.15,2.48,3.54,38.5,5.58,6.63,136,-3.1,15,LOW
ses_2737,SES-002737,cow_7,station_01,rfid_7,2026-09-19T17:05:00.000Z,2026-09-19T17:09:53.000Z,COMPLETED,14.42,2.70,3.86,38.6,5.7,6.68,131,-3.2,14,LOW
ses_2738,SES-002738,cow_8,station_01,rfid_8,2026-09-19T18:25:00.000Z,2026-09-19T18:29:50.000Z,COMPLETED,14.67,2.32,3.31,38.6,5.52,6.63,150,-4.1,13,LOW
ses_2739,SES-002739,cow_9,station_01,rfid_9,2026-09-19T18:29:00.000Z,2026-09-19T18:33:16.000Z,COMPLETED,15.8,2.56,3.66,38.4,5.63,6.66,143,0.6,8,LOW
ses_2740,SES-002740,cow_10,station_01,rfid_10,2026-09-19T18:26:00.000Z,2026-09-19T18:31:39.000Z,COMPLETED,16.66,2.81,4.02,38.6,5.4,6.67,91,4.1,8,LOW
ses_2741,SES-002741,cow_11,station_01,rfid_11,2026-09-19T18:22:00.000Z,2026-09-19T18:26:35.000Z,COMPLETED,16.73,2.39,3.42,38.8,5.6,6.64,86,2,8,LOW
ses_2742,SES-002742,cow_12,station_01,rfid_12,2026-09-19T17:35:00.000Z,2026-09-19T17:39:28.000Z,COMPLETED,16.85,2.69,3.85,38.4,5.71,6.64,103,0.9,12,LOW
ses_2743,SES-002743,cow_13,station_01,rfid_13,2026-09-19T18:25:00.000Z,2026-09-19T18:29:31.000Z,COMPLETED,16.77,2.94,4.2,38.7,5.51,6.69,106,-1.9,9,LOW
ses_2744,SES-002744,cow_14,station_01,rfid_14,2026-09-19T18:07:00.000Z,2026-09-19T18:11:14.000Z,COMPLETED,17.03,2.48,3.55,38.6,5.6,6.66,111,-2.1,9,LOW
ses_2745,SES-002745,cow_15,station_01,rfid_15,2026-09-19T17:54:00.000Z,2026-09-19T17:58:58.000Z,COMPLETED,17.72,2.68,3.83,38.5,5.45,6.68,117,-0.4,8,LOW
ses_2746,SES-002746,cow_16,station_01,rfid_16,2026-09-19T17:21:00.000Z,2026-09-19T17:26:28.000Z,COMPLETED,18.56,2.31,3.3,38.7,5.62,6.59,142,2.5,16,LOW
ses_2747,SES-002747,cow_17,station_01,rfid_17,2026-09-19T18:14:00.000Z,2026-09-19T18:19:14.000Z,COMPLETED,18.55,2.56,3.66,38.8,5.71,6.63,141,0.8,14,LOW
ses_2748,SES-002748,cow_18,station_01,rfid_18,2026-09-19T17:33:00.000Z,2026-09-19T17:37:52.000Z,COMPLETED,12.88,2.82,4.03,38.5,5.47,6.66,139,0.6,14,LOW
ses_2749,SES-002749,cow_19,station_01,rfid_19,2026-09-19T17:41:00.000Z,2026-09-19T17:45:49.000Z,COMPLETED,12.79,2.45,3.5,38.5,5.68,6.61,160,-2.4,8,LOW
ses_2750,SES-002750,cow_20,station_01,rfid_20,2026-09-19T18:16:00.000Z,2026-09-19T18:20:06.000Z,COMPLETED,13.71,2.69,3.84,38.6,5.5,6.68,80,1.6,13,LOW
ses_2751,SES-002751,cow_21,station_01,rfid_21,2026-09-19T18:13:00.000Z,2026-09-19T18:18:25.000Z,COMPLETED,12.53,2.83,4.04,38.6,5.97,6.77,149,-9.2,43,MODERATE
ses_2752,SES-002752,cow_22,station_01,rfid_22,2026-09-19T17:59:00.000Z,2026-09-19T18:03:22.000Z,COMPLETED,13.87,2.55,3.64,38.8,6.05,6.7,148,-2.3,47,MODERATE
ses_2753,SES-002753,cow_23,station_01,rfid_23,2026-09-19T17:01:00.000Z,2026-09-19T17:05:48.000Z,COMPLETED,13.69,2.67,3.82,38.8,5.86,6.75,171,-5.6,45,MODERATE
ses_2754,SES-002754,cow_24,station_01,rfid_24,2026-09-19T18:10:00.000Z,2026-09-19T18:14:43.000Z,COMPLETED,14.55,2.42,3.46,38.6,5.95,6.68,173,-2.3,41,MODERATE
ses_2755,SES-002755,cow_25,station_01,rfid_25,2026-09-19T17:57:00.000Z,2026-09-19T18:02:54.000Z,COMPLETED,14.08,2.65,3.79,38.7,5.87,6.72,174,-8,40,MODERATE
ses_2756,SES-002756,cow_26,station_01,rfid_26,2026-09-19T18:27:00.000Z,2026-09-19T18:32:00.000Z,COMPLETED,15.23,2.86,4.09,39,6.26,6.89,517,-2.4,64,HIGH
ses_2757,SES-002757,cow_27,station_01,rfid_27,2026-09-19T17:17:00.000Z,2026-09-19T17:22:13.000Z,COMPLETED,15.33,2.48,3.54,38.8,6.47,6.86,519,-3.6,64,HIGH
ses_2758,SES-002758,cow_28,station_01,rfid_28,2026-09-19T18:04:00.000Z,2026-09-19T18:09:46.000Z,COMPLETED,14.85,2.71,3.87,38.9,6.29,6.89,520,-8.9,64,HIGH
ses_2759,SES-002759,cow_29,station_01,rfid_29,2026-09-19T17:38:00.000Z,2026-09-19T17:43:25.000Z,COMPLETED,15.5,2.90,4.14,39,6.39,6.89,526,-6.6,64,HIGH
ses_2760,SES-002760,cow_30,station_01,rfid_30,2026-09-19T17:44:00.000Z,2026-09-19T17:49:14.000Z,COMPLETED,16.98,2.51,3.59,39,6.13,6.82,478,-0.1,64,HIGH
ses_2761,SES-002761,cow_1,station_01,rfid_1,2026-09-20T06:40:00.000Z,2026-09-20T06:45:08.000Z,COMPLETED,12.1,2.53,3.61,38.6,5.6,6.68,91,-5.5,8,LOW
ses_2762,SES-002762,cow_2,station_01,rfid_2,2026-09-20T06:36:00.000Z,2026-09-20T06:40:20.000Z,COMPLETED,12.83,2.74,3.91,38.7,5.75,6.68,110,-2.8,15,LOW
ses_2763,SES-002763,cow_3,station_01,rfid_3,2026-09-20T07:23:00.000Z,2026-09-20T07:28:33.000Z,COMPLETED,12.88,2.48,3.54,38.4,5.52,6.62,104,-5.3,13,LOW
ses_2764,SES-002764,cow_4,station_01,rfid_4,2026-09-20T06:40:00.000Z,2026-09-20T06:44:13.000Z,COMPLETED,14.04,2.63,3.75,38.6,5.62,6.65,109,1,14,LOW
ses_2765,SES-002765,cow_5,station_01,rfid_5,2026-09-20T06:17:00.000Z,2026-09-20T06:21:26.000Z,COMPLETED,15.06,2.81,4.02,38.7,5.44,6.71,123,5.3,12,LOW
ses_2766,SES-002766,cow_6,station_01,rfid_6,2026-09-20T06:00:00.000Z,2026-09-20T06:04:02.000Z,COMPLETED,14.73,2.53,3.61,38.5,5.57,6.62,144,0.9,15,LOW
ses_2767,SES-002767,cow_7,station_01,rfid_7,2026-09-20T06:34:00.000Z,2026-09-20T06:39:05.000Z,COMPLETED,15.3,2.77,3.96,38.6,5.72,6.69,150,2.7,14,LOW
ses_2768,SES-002768,cow_8,station_01,rfid_8,2026-09-20T06:12:00.000Z,2026-09-20T06:16:04.000Z,COMPLETED,15.64,2.35,3.36,38.8,5.47,6.61,157,2.2,9,LOW
ses_2769,SES-002769,cow_9,station_01,rfid_9,2026-09-20T07:27:00.000Z,2026-09-20T07:32:57.000Z,COMPLETED,16.45,2.63,3.75,38.4,5.62,6.64,156,4.8,16,LOW
ses_2770,SES-002770,cow_10,station_01,rfid_10,2026-09-20T06:11:00.000Z,2026-09-20T06:15:19.000Z,COMPLETED,16.61,2.85,4.07,38.6,5.41,6.65,97,3.8,17,LOW
ses_2771,SES-002771,cow_11,station_01,rfid_11,2026-09-20T07:04:00.000Z,2026-09-20T07:09:11.000Z,COMPLETED,15.81,2.41,3.44,38.7,5.54,6.6,106,-3.6,7,LOW
ses_2772,SES-002772,cow_12,station_01,rfid_12,2026-09-20T07:10:00.000Z,2026-09-20T07:14:42.000Z,COMPLETED,16.22,2.60,3.71,38.5,5.65,6.66,112,-2.9,11,LOW
ses_2773,SES-002773,cow_13,station_01,rfid_13,2026-09-20T07:10:00.000Z,2026-09-20T07:15:22.000Z,COMPLETED,16.78,2.92,4.17,38.5,5.55,6.66,102,-1.9,12,LOW
ses_2774,SES-002774,cow_14,station_01,rfid_14,2026-09-20T07:07:00.000Z,2026-09-20T07:11:08.000Z,COMPLETED,17.48,2.51,3.59,38.8,5.63,6.66,127,0.5,9,LOW
ses_2775,SES-002775,cow_15,station_01,rfid_15,2026-09-20T07:26:00.000Z,2026-09-20T07:31:51.000Z,COMPLETED,17.35,2.75,3.93,38.6,5.42,6.67,113,-2.5,10,LOW
ses_2776,SES-002776,cow_16,station_01,rfid_16,2026-09-20T06:16:00.000Z,2026-09-20T06:20:10.000Z,COMPLETED,18.84,2.35,3.36,38.6,5.58,6.61,123,4.1,8,LOW
ses_2777,SES-002777,cow_17,station_01,rfid_17,2026-09-20T06:00:00.000Z,2026-09-20T06:04:12.000Z,COMPLETED,19.01,2.57,3.67,38.7,5.65,6.66,145,3.3,15,LOW
ses_2778,SES-002778,cow_18,station_01,rfid_18,2026-09-20T06:46:00.000Z,2026-09-20T06:51:53.000Z,COMPLETED,12.47,2.82,4.03,38.5,5.5,6.65,145,-2.6,9,LOW
ses_2779,SES-002779,cow_19,station_01,rfid_19,2026-09-20T06:05:00.000Z,2026-09-20T06:09:21.000Z,COMPLETED,12.72,2.44,3.48,38.6,5.63,6.61,158,-2.9,10,LOW
ses_2780,SES-002780,cow_20,station_01,rfid_20,2026-09-20T06:48:00.000Z,2026-09-20T06:53:10.000Z,COMPLETED,13.89,2.70,3.86,38.8,5.44,6.68,88,2.9,12,LOW
ses_2781,SES-002781,cow_21,station_01,rfid_21,2026-09-20T07:27:00.000Z,2026-09-20T07:31:12.000Z,COMPLETED,12.87,2.85,4.07,38.5,5.93,6.76,136,-6.7,47,MODERATE
ses_2782,SES-002782,cow_22,station_01,rfid_22,2026-09-20T06:12:00.000Z,2026-09-20T06:17:45.000Z,COMPLETED,13.68,2.51,3.59,38.8,6.1,6.7,160,-3.7,48,MODERATE
ses_2783,SES-002783,cow_23,station_01,rfid_23,2026-09-20T06:11:00.000Z,2026-09-20T06:15:20.000Z,COMPLETED,14.01,2.71,3.87,38.9,5.93,6.73,179,-3.4,46,MODERATE
ses_2784,SES-002784,cow_24,station_01,rfid_24,2026-09-20T07:30:00.000Z,2026-09-20T07:34:32.000Z,COMPLETED,14.5,2.39,3.41,38.6,6.02,6.69,187,-2.7,48,MODERATE
ses_2785,SES-002785,cow_25,station_01,rfid_25,2026-09-20T07:12:00.000Z,2026-09-20T07:16:38.000Z,COMPLETED,15.06,2.54,3.63,38.7,5.82,6.7,188,-1.6,47,MODERATE
ses_2786,SES-002786,cow_26,station_01,rfid_26,2026-09-20T06:23:00.000Z,2026-09-20T06:28:12.000Z,COMPLETED,13.74,2.74,3.91,39.2,6.4,6.91,582,-11.9,67,HIGH
ses_2787,SES-002787,cow_27,station_01,rfid_27,2026-09-20T06:53:00.000Z,2026-09-20T06:59:00.000Z,COMPLETED,14.46,2.50,3.57,38.9,6.59,6.85,590,-9.1,67,HIGH
ses_2788,SES-002788,cow_28,station_01,rfid_28,2026-09-20T06:11:00.000Z,2026-09-20T06:15:31.000Z,COMPLETED,14.15,2.64,3.77,39,6.33,6.85,582,-13.2,67,HIGH
ses_2789,SES-002789,cow_29,station_01,rfid_29,2026-09-20T06:52:00.000Z,2026-09-20T06:58:00.000Z,COMPLETED,15.64,2.84,4.06,39.2,6.55,6.88,582,-5.8,67,HIGH
ses_2790,SES-002790,cow_30,station_01,rfid_30,2026-09-20T07:26:00.000Z,2026-09-20T07:30:07.000Z,COMPLETED,16.26,2.55,3.64,38.8,6.37,6.84,539,-4.4,67,HIGH
ses_2791,SES-002791,cow_1,station_01,rfid_1,2026-09-20T17:45:00.000Z,2026-09-20T17:50:19.000Z,COMPLETED,12.81,2.61,3.73,38.7,5.57,6.68,87,0.1,15,LOW
ses_2792,SES-002792,cow_2,station_01,rfid_2,2026-09-20T18:17:00.000Z,2026-09-20T18:22:58.000Z,COMPLETED,13.61,2.85,4.07,38.6,5.71,6.7,94,3.1,11,LOW
ses_2793,SES-002793,cow_3,station_01,rfid_3,2026-09-20T18:09:00.000Z,2026-09-20T18:14:29.000Z,COMPLETED,13.71,2.38,3.4,38.6,5.52,6.63,105,0.8,13,LOW
ses_2794,SES-002794,cow_4,station_01,rfid_4,2026-09-20T17:00:00.000Z,2026-09-20T17:04:23.000Z,COMPLETED,13.49,2.61,3.73,38.5,5.62,6.64,122,-2.9,10,LOW
ses_2795,SES-002795,cow_5,station_01,rfid_5,2026-09-20T18:28:00.000Z,2026-09-20T18:33:34.000Z,COMPLETED,14.29,2.88,4.11,38.8,5.5,6.7,117,-0.1,13,LOW
ses_2796,SES-002796,cow_6,station_01,rfid_6,2026-09-20T17:10:00.000Z,2026-09-20T17:15:02.000Z,COMPLETED,14.61,2.59,3.7,38.5,5.59,6.67,136,0.1,9,LOW
ses_2797,SES-002797,cow_7,station_01,rfid_7,2026-09-20T17:12:00.000Z,2026-09-20T17:17:21.000Z,COMPLETED,15.4,2.73,3.9,38.6,5.67,6.65,134,3.4,16,LOW
ses_2798,SES-002798,cow_8,station_01,rfid_8,2026-09-20T18:03:00.000Z,2026-09-20T18:07:37.000Z,COMPLETED,14.58,2.41,3.44,38.6,5.55,6.6,151,-4.7,10,LOW
ses_2799,SES-002799,cow_9,station_01,rfid_9,2026-09-20T17:13:00.000Z,2026-09-20T17:17:52.000Z,COMPLETED,15.48,2.66,3.8,38.6,5.61,6.63,161,-1.4,13,LOW
ses_2800,SES-002800,cow_10,station_01,rfid_10,2026-09-20T18:03:00.000Z,2026-09-20T18:08:03.000Z,COMPLETED,15.51,2.82,4.03,38.6,5.39,6.69,82,-3.1,10,LOW
ses_2801,SES-002801,cow_11,station_01,rfid_11,2026-09-20T17:30:00.000Z,2026-09-20T17:34:00.000Z,COMPLETED,16.55,2.51,3.58,38.7,5.62,6.66,92,0.9,12,LOW
ses_2802,SES-002802,cow_12,station_01,rfid_12,2026-09-20T17:10:00.000Z,2026-09-20T17:14:10.000Z,COMPLETED,16.27,2.64,3.77,38.5,5.66,6.64,102,-2.6,13,LOW
ses_2803,SES-002803,cow_13,station_01,rfid_13,2026-09-20T17:26:00.000Z,2026-09-20T17:30:24.000Z,COMPLETED,17.57,2.81,4.02,38.6,5.47,6.68,113,2.7,8,LOW
ses_2804,SES-002804,cow_14,station_01,rfid_14,2026-09-20T18:16:00.000Z,2026-09-20T18:20:01.000Z,COMPLETED,17.24,2.58,3.68,38.6,5.69,6.62,125,-0.9,9,LOW
ses_2805,SES-002805,cow_15,station_01,rfid_15,2026-09-20T17:31:00.000Z,2026-09-20T17:36:42.000Z,COMPLETED,17.23,2.78,3.97,38.4,5.41,6.68,116,-3.2,10,LOW
ses_2806,SES-002806,cow_16,station_01,rfid_16,2026-09-20T18:21:00.000Z,2026-09-20T18:26:21.000Z,COMPLETED,18.28,2.41,3.44,38.7,5.58,6.64,131,1,7,LOW
ses_2807,SES-002807,cow_17,station_01,rfid_17,2026-09-20T17:01:00.000Z,2026-09-20T17:05:32.000Z,COMPLETED,17.71,2.65,3.78,38.7,5.69,6.66,135,-3.7,16,LOW
ses_2808,SES-002808,cow_18,station_01,rfid_18,2026-09-20T17:39:00.000Z,2026-09-20T17:44:46.000Z,COMPLETED,13.48,2.77,3.95,38.4,5.46,6.7,143,5.3,8,LOW
ses_2809,SES-002809,cow_19,station_01,rfid_19,2026-09-20T18:02:00.000Z,2026-09-20T18:07:51.000Z,COMPLETED,12.38,2.47,3.53,38.6,5.69,6.63,145,-5.5,9,LOW
ses_2810,SES-002810,cow_20,station_01,rfid_20,2026-09-20T17:44:00.000Z,2026-09-20T17:49:28.000Z,COMPLETED,12.75,2.67,3.82,38.8,5.49,6.64,90,-5.6,10,LOW
ses_2811,SES-002811,cow_21,station_01,rfid_21,2026-09-20T18:04:00.000Z,2026-09-20T18:09:49.000Z,COMPLETED,13.62,2.87,4.1,38.7,5.92,6.78,153,-1.3,44,MODERATE
ses_2812,SES-002812,cow_22,station_01,rfid_22,2026-09-20T18:21:00.000Z,2026-09-20T18:26:41.000Z,COMPLETED,13.34,2.47,3.53,38.7,6.03,6.73,167,-6.1,47,MODERATE
ses_2813,SES-002813,cow_23,station_01,rfid_23,2026-09-20T17:18:00.000Z,2026-09-20T17:22:10.000Z,COMPLETED,13.06,2.69,3.85,38.8,5.86,6.75,156,-9.9,44,MODERATE
ses_2814,SES-002814,cow_24,station_01,rfid_24,2026-09-20T17:39:00.000Z,2026-09-20T17:44:45.000Z,COMPLETED,14.54,2.44,3.48,38.7,6.04,6.69,182,-2.4,43,MODERATE
ses_2815,SES-002815,cow_25,station_01,rfid_25,2026-09-20T17:21:00.000Z,2026-09-20T17:26:02.000Z,COMPLETED,14.07,2.61,3.73,38.7,5.82,6.73,190,-8,42,MODERATE
ses_2816,SES-002816,cow_26,station_01,rfid_26,2026-09-20T17:12:00.000Z,2026-09-20T17:17:08.000Z,COMPLETED,14.14,2.80,4,39,6.47,6.87,573,-9.4,67,HIGH
ses_2817,SES-002817,cow_27,station_01,rfid_27,2026-09-20T18:01:00.000Z,2026-09-20T18:05:30.000Z,COMPLETED,13.96,2.46,3.51,38.9,6.52,6.82,586,-12.2,67,HIGH
ses_2818,SES-002818,cow_28,station_01,rfid_28,2026-09-20T17:04:00.000Z,2026-09-20T17:09:58.000Z,COMPLETED,14.22,2.66,3.8,39,6.33,6.86,577,-12.8,67,HIGH
ses_2819,SES-002819,cow_29,station_01,rfid_29,2026-09-20T18:20:00.000Z,2026-09-20T18:24:32.000Z,COMPLETED,15.13,2.83,4.04,39.2,6.47,6.88,591,-8.9,67,HIGH
ses_2820,SES-002820,cow_30,station_01,rfid_30,2026-09-20T18:25:00.000Z,2026-09-20T18:29:23.000Z,COMPLETED,15.73,2.46,3.51,38.8,6.28,6.86,521,-7.5,67,HIGH
ses_2821,SES-002821,cow_1,station_01,rfid_1,2026-09-21T06:50:00.000Z,2026-09-21T06:54:01.000Z,COMPLETED,13.15,2.58,3.68,38.7,5.61,6.66,107,2.7,16,LOW
ses_2822,SES-002822,cow_2,station_01,rfid_2,2026-09-21T06:31:00.000Z,2026-09-21T06:36:07.000Z,COMPLETED,13.96,2.76,3.94,38.7,5.63,6.67,111,5.8,17,LOW
ses_2823,SES-002823,cow_3,station_01,rfid_3,2026-09-21T06:33:00.000Z,2026-09-21T06:38:46.000Z,COMPLETED,12.94,2.48,3.54,38.5,5.48,6.61,113,-4.9,13,LOW
ses_2824,SES-002824,cow_4,station_01,rfid_4,2026-09-21T07:12:00.000Z,2026-09-21T07:17:41.000Z,COMPLETED,13.84,2.72,3.89,38.6,5.66,6.64,116,-0.4,8,LOW
ses_2825,SES-002825,cow_5,station_01,rfid_5,2026-09-21T06:44:00.000Z,2026-09-21T06:49:02.000Z,COMPLETED,13.99,2.94,4.2,38.8,5.44,6.68,131,-2.2,13,LOW
ses_2826,SES-002826,cow_6,station_01,rfid_6,2026-09-21T07:30:00.000Z,2026-09-21T07:35:25.000Z,COMPLETED,15.39,2.51,3.58,38.5,5.57,6.62,140,5.4,8,LOW
ses_2827,SES-002827,cow_7,station_01,rfid_7,2026-09-21T06:00:00.000Z,2026-09-21T06:05:38.000Z,COMPLETED,14.96,2.70,3.86,38.7,5.66,6.68,128,0.4,12,LOW
ses_2828,SES-002828,cow_8,station_01,rfid_8,2026-09-21T06:22:00.000Z,2026-09-21T06:26:04.000Z,COMPLETED,15.54,2.38,3.4,38.7,5.46,6.6,151,1.6,10,LOW
ses_2829,SES-002829,cow_9,station_01,rfid_9,2026-09-21T06:22:00.000Z,2026-09-21T06:27:29.000Z,COMPLETED,15.67,2.53,3.62,38.6,5.68,6.65,148,-0.2,10,LOW
ses_2830,SES-002830,cow_10,station_01,rfid_10,2026-09-21T06:43:00.000Z,2026-09-21T06:48:30.000Z,COMPLETED,16.37,2.80,4,38.5,5.5,6.66,84,2.3,15,LOW
ses_2831,SES-002831,cow_11,station_01,rfid_11,2026-09-21T06:16:00.000Z,2026-09-21T06:20:31.000Z,COMPLETED,16.63,2.48,3.55,38.7,5.52,6.66,103,1.4,9,LOW
ses_2832,SES-002832,cow_12,station_01,rfid_12,2026-09-21T07:06:00.000Z,2026-09-21T07:11:52.000Z,COMPLETED,16.61,2.66,3.8,38.5,5.74,6.65,103,-0.5,9,LOW
ses_2833,SES-002833,cow_13,station_01,rfid_13,2026-09-21T07:30:00.000Z,2026-09-21T07:34:32.000Z,COMPLETED,17.8,2.86,4.09,38.5,5.49,6.7,120,4.1,14,LOW
ses_2834,SES-002834,cow_14,station_01,rfid_14,2026-09-21T06:55:00.000Z,2026-09-21T06:59:37.000Z,COMPLETED,17.36,2.47,3.53,38.6,5.57,6.65,111,-0.2,14,LOW
ses_2835,SES-002835,cow_15,station_01,rfid_15,2026-09-21T07:02:00.000Z,2026-09-21T07:06:27.000Z,COMPLETED,18,2.79,3.98,38.6,5.46,6.69,130,1.1,16,LOW
ses_2836,SES-002836,cow_16,station_01,rfid_16,2026-09-21T07:17:00.000Z,2026-09-21T07:22:12.000Z,COMPLETED,17.48,2.32,3.32,38.6,5.62,6.61,124,-3.4,10,LOW
ses_2837,SES-002837,cow_17,station_01,rfid_17,2026-09-21T06:50:00.000Z,2026-09-21T06:54:34.000Z,COMPLETED,19.05,2.57,3.67,38.7,5.68,6.66,130,3.5,9,LOW
ses_2838,SES-002838,cow_18,station_01,rfid_18,2026-09-21T06:49:00.000Z,2026-09-21T06:53:40.000Z,COMPLETED,13.11,2.74,3.91,38.5,5.56,6.66,152,2.4,17,LOW
ses_2839,SES-002839,cow_19,station_01,rfid_19,2026-09-21T06:03:00.000Z,2026-09-21T06:07:33.000Z,COMPLETED,13.22,2.50,3.57,38.5,5.64,6.61,158,0.9,13,LOW
ses_2840,SES-002840,cow_20,station_01,rfid_20,2026-09-21T06:45:00.000Z,2026-09-21T06:49:58.000Z,COMPLETED,13.57,2.64,3.77,38.7,5.46,6.64,85,0.5,10,LOW
ses_2841,SES-002841,cow_21,station_01,rfid_21,2026-09-21T06:18:00.000Z,2026-09-21T06:23:55.000Z,COMPLETED,12.85,2.88,4.12,38.7,6,6.75,155,-6.9,49,MODERATE
ses_2842,SES-002842,cow_22,station_01,rfid_22,2026-09-21T07:18:00.000Z,2026-09-21T07:23:43.000Z,COMPLETED,13.12,2.45,3.5,38.8,6.07,6.74,169,-7.6,44,MODERATE
ses_2843,SES-002843,cow_23,station_01,rfid_23,2026-09-21T06:11:00.000Z,2026-09-21T06:16:45.000Z,COMPLETED,12.9,2.78,3.97,38.8,5.94,6.73,164,-11,49,MODERATE
ses_2844,SES-002844,cow_24,station_01,rfid_24,2026-09-21T07:20:00.000Z,2026-09-21T07:24:47.000Z,COMPLETED,14.13,2.39,3.42,38.7,6.08,6.72,185,-5.2,45,MODERATE
ses_2845,SES-002845,cow_25,station_01,rfid_25,2026-09-21T06:58:00.000Z,2026-09-21T07:02:58.000Z,COMPLETED,14.42,2.55,3.64,38.8,5.84,6.73,196,-5.8,45,MODERATE
ses_2846,SES-002846,cow_26,station_01,rfid_26,2026-09-21T06:15:00.000Z,2026-09-21T06:19:49.000Z,COMPLETED,14.27,2.78,3.97,39.1,6.63,6.91,633,-8.5,71,HIGH
ses_2847,SES-002847,cow_27,station_01,rfid_27,2026-09-21T06:25:00.000Z,2026-09-21T06:30:42.000Z,COMPLETED,14.32,2.46,3.51,38.8,6.72,6.83,635,-9.9,71,HIGH
ses_2848,SES-002848,cow_28,station_01,rfid_28,2026-09-21T06:04:00.000Z,2026-09-21T06:09:46.000Z,COMPLETED,14.41,2.60,3.71,38.9,6.56,6.84,636,-11.6,71,HIGH
ses_2849,SES-002849,cow_29,station_01,rfid_29,2026-09-21T06:44:00.000Z,2026-09-21T06:49:38.000Z,COMPLETED,13.63,2.88,4.11,39.1,6.7,6.91,642,-17.9,71,HIGH
ses_2850,SES-002850,cow_30,station_01,rfid_30,2026-09-21T07:09:00.000Z,2026-09-21T07:13:18.000Z,COMPLETED,14.54,2.58,3.68,38.8,6.43,6.82,589,-14.5,71,HIGH
ses_2851,SES-002851,cow_1,station_01,rfid_1,2026-09-21T17:22:00.000Z,2026-09-21T17:26:12.000Z,COMPLETED,12.86,2.64,3.77,38.6,5.55,6.64,109,0.5,15,LOW
ses_2852,SES-002852,cow_2,station_01,rfid_2,2026-09-21T17:58:00.000Z,2026-09-21T18:02:06.000Z,COMPLETED,13.24,2.76,3.94,38.7,5.73,6.67,114,0.3,9,LOW
ses_2853,SES-002853,cow_3,station_01,rfid_3,2026-09-21T18:23:00.000Z,2026-09-21T18:27:44.000Z,COMPLETED,13.34,2.48,3.55,38.4,5.54,6.65,104,-1.9,8,LOW
ses_2854,SES-002854,cow_4,station_01,rfid_4,2026-09-21T17:15:00.000Z,2026-09-21T17:19:35.000Z,COMPLETED,14.43,2.72,3.89,38.6,5.6,6.66,124,3.8,15,LOW
ses_2855,SES-002855,cow_5,station_01,rfid_5,2026-09-21T17:30:00.000Z,2026-09-21T17:34:10.000Z,COMPLETED,14.62,2.88,4.12,38.6,5.41,6.7,116,2.2,14,LOW
ses_2856,SES-002856,cow_6,station_01,rfid_6,2026-09-21T17:16:00.000Z,2026-09-21T17:21:18.000Z,COMPLETED,14.74,2.49,3.56,38.6,5.58,6.63,127,1,12,LOW
ses_2857,SES-002857,cow_7,station_01,rfid_7,2026-09-21T17:00:00.000Z,2026-09-21T17:04:17.000Z,COMPLETED,15.16,2.79,3.98,38.6,5.74,6.64,148,1.7,14,LOW
ses_2858,SES-002858,cow_8,station_01,rfid_8,2026-09-21T17:30:00.000Z,2026-09-21T17:34:48.000Z,COMPLETED,14.99,2.37,3.38,38.6,5.5,6.61,146,-2,12,LOW
ses_2859,SES-002859,cow_9,station_01,rfid_9,2026-09-21T17:31:00.000Z,2026-09-21T17:36:09.000Z,COMPLETED,16.03,2.57,3.67,38.4,5.64,6.66,161,2.1,14,LOW
ses_2860,SES-002860,cow_10,station_01,rfid_10,2026-09-21T17:29:00.000Z,2026-09-21T17:33:49.000Z,COMPLETED,15.27,2.79,3.98,38.5,5.44,6.69,87,-4.6,12,LOW
ses_2861,SES-002861,cow_11,station_01,rfid_11,2026-09-21T17:59:00.000Z,2026-09-21T18:03:16.000Z,COMPLETED,16.76,2.48,3.55,38.6,5.57,6.6,105,2.2,16,LOW
ses_2862,SES-002862,cow_12,station_01,rfid_12,2026-09-21T18:19:00.000Z,2026-09-21T18:23:32.000Z,COMPLETED,16.48,2.63,3.76,38.4,5.72,6.68,94,-1.3,16,LOW
ses_2863,SES-002863,cow_13,station_01,rfid_13,2026-09-21T17:25:00.000Z,2026-09-21T17:29:46.000Z,COMPLETED,16.92,2.84,4.06,38.7,5.53,6.7,110,-1.1,7,LOW
ses_2864,SES-002864,cow_14,station_01,rfid_14,2026-09-21T17:41:00.000Z,2026-09-21T17:45:46.000Z,COMPLETED,17.61,2.46,3.51,38.6,5.6,6.66,112,1.2,11,LOW
ses_2865,SES-002865,cow_15,station_01,rfid_15,2026-09-21T17:25:00.000Z,2026-09-21T17:30:29.000Z,COMPLETED,17,2.74,3.92,38.5,5.43,6.68,117,-4.5,15,LOW
ses_2866,SES-002866,cow_16,station_01,rfid_16,2026-09-21T18:21:00.000Z,2026-09-21T18:26:12.000Z,COMPLETED,18.65,2.36,3.37,38.5,5.62,6.61,130,3,11,LOW
ses_2867,SES-002867,cow_17,station_01,rfid_17,2026-09-21T18:23:00.000Z,2026-09-21T18:27:59.000Z,COMPLETED,18.4,2.53,3.61,38.7,5.65,6.63,145,0,10,LOW
ses_2868,SES-002868,cow_18,station_01,rfid_18,2026-09-21T17:29:00.000Z,2026-09-21T17:34:51.000Z,COMPLETED,12.96,2.75,3.93,38.5,5.46,6.7,144,1.3,16,LOW
ses_2869,SES-002869,cow_19,station_01,rfid_19,2026-09-21T17:00:00.000Z,2026-09-21T17:05:56.000Z,COMPLETED,13.06,2.38,3.4,38.5,5.58,6.63,165,-0.3,10,LOW
ses_2870,SES-002870,cow_20,station_01,rfid_20,2026-09-21T18:27:00.000Z,2026-09-21T18:31:00.000Z,COMPLETED,14.03,2.67,3.82,38.7,5.46,6.66,101,3.9,12,LOW
ses_2871,SES-002871,cow_21,station_01,rfid_21,2026-09-21T17:22:00.000Z,2026-09-21T17:26:19.000Z,COMPLETED,12.89,2.93,4.18,38.7,5.96,6.73,138,-6.6,45,MODERATE
ses_2872,SES-002872,cow_22,station_01,rfid_22,2026-09-21T18:27:00.000Z,2026-09-21T18:32:27.000Z,COMPLETED,13.82,2.57,3.67,38.7,6.05,6.72,164,-2.7,49,MODERATE
ses_2873,SES-002873,cow_23,station_01,rfid_23,2026-09-21T18:21:00.000Z,2026-09-21T18:25:03.000Z,COMPLETED,13.98,2.74,3.92,38.9,5.91,6.74,164,-3.6,44,MODERATE
ses_2874,SES-002874,cow_24,station_01,rfid_24,2026-09-21T18:23:00.000Z,2026-09-21T18:27:30.000Z,COMPLETED,14.09,2.37,3.38,38.6,6.01,6.72,178,-5.4,41,MODERATE
ses_2875,SES-002875,cow_25,station_01,rfid_25,2026-09-21T17:53:00.000Z,2026-09-21T17:58:17.000Z,COMPLETED,13.53,2.63,3.75,38.8,5.92,6.71,181,-11.6,44,MODERATE
ses_2876,SES-002876,cow_26,station_01,rfid_26,2026-09-21T17:16:00.000Z,2026-09-21T17:21:16.000Z,COMPLETED,13.94,2.84,4.06,39.1,6.63,6.85,636,-10.6,71,HIGH
ses_2877,SES-002877,cow_27,station_01,rfid_27,2026-09-21T17:12:00.000Z,2026-09-21T17:17:01.000Z,COMPLETED,14.12,2.44,3.48,38.8,6.7,6.84,628,-11.2,71,HIGH
ses_2878,SES-002878,cow_28,station_01,rfid_28,2026-09-21T17:19:00.000Z,2026-09-21T17:24:27.000Z,COMPLETED,14.02,2.64,3.77,39,6.49,6.83,645,-14,71,HIGH
ses_2879,SES-002879,cow_29,station_01,rfid_29,2026-09-21T17:48:00.000Z,2026-09-21T17:52:57.000Z,COMPLETED,14.12,2.91,4.16,39,6.66,6.91,649,-14.9,71,HIGH
ses_2880,SES-002880,cow_30,station_01,rfid_30,2026-09-21T17:28:00.000Z,2026-09-21T17:33:39.000Z,COMPLETED,14.89,2.56,3.66,38.8,6.46,6.85,598,-12.4,71,HIGH
ses_2881,SES-002881,cow_1,station_01,rfid_1,2026-09-22T07:09:00.000Z,2026-09-22T07:13:20.000Z,COMPLETED,13.37,2.62,3.74,38.6,5.57,6.63,101,4.5,14,LOW
ses_2882,SES-002882,cow_2,station_01,rfid_2,2026-09-22T06:29:00.000Z,2026-09-22T06:33:33.000Z,COMPLETED,12.57,2.86,4.08,38.7,5.73,6.67,93,-4.8,14,LOW
ses_2883,SES-002883,cow_3,station_01,rfid_3,2026-09-22T07:14:00.000Z,2026-09-22T07:18:13.000Z,COMPLETED,13.75,2.41,3.44,38.6,5.51,6.64,123,1.1,10,LOW
ses_2884,SES-002884,cow_4,station_01,rfid_4,2026-09-22T07:16:00.000Z,2026-09-22T07:20:13.000Z,COMPLETED,13.51,2.60,3.71,38.7,5.66,6.65,107,-2.8,9,LOW
ses_2885,SES-002885,cow_5,station_01,rfid_5,2026-09-22T07:05:00.000Z,2026-09-22T07:10:02.000Z,COMPLETED,14.13,2.85,4.07,38.8,5.43,6.69,119,-1.2,9,LOW
ses_2886,SES-002886,cow_6,station_01,rfid_6,2026-09-22T07:04:00.000Z,2026-09-22T07:09:47.000Z,COMPLETED,13.85,2.52,3.6,38.5,5.54,6.62,140,-5.1,10,LOW
ses_2887,SES-002887,cow_7,station_01,rfid_7,2026-09-22T07:28:00.000Z,2026-09-22T07:33:38.000Z,COMPLETED,15.53,2.77,3.95,38.7,5.72,6.68,145,4.2,12,LOW
ses_2888,SES-002888,cow_8,station_01,rfid_8,2026-09-22T06:11:00.000Z,2026-09-22T06:15:38.000Z,COMPLETED,14.98,2.32,3.31,38.6,5.47,6.64,153,-2.1,8,LOW
ses_2889,SES-002889,cow_9,station_01,rfid_9,2026-09-22T07:29:00.000Z,2026-09-22T07:34:40.000Z,COMPLETED,16.43,2.60,3.71,38.5,5.6,6.64,149,4.6,15,LOW
ses_2890,SES-002890,cow_10,station_01,rfid_10,2026-09-22T06:08:00.000Z,2026-09-22T06:13:45.000Z,COMPLETED,16.73,2.74,3.92,38.7,5.41,6.7,88,4.6,13,LOW
ses_2891,SES-002891,cow_11,station_01,rfid_11,2026-09-22T07:21:00.000Z,2026-09-22T07:25:07.000Z,COMPLETED,16.8,2.44,3.48,38.8,5.56,6.66,100,2.4,11,LOW
ses_2892,SES-002892,cow_12,station_01,rfid_12,2026-09-22T07:07:00.000Z,2026-09-22T07:12:55.000Z,COMPLETED,15.91,2.68,3.83,38.5,5.7,6.66,114,-4.7,8,LOW
ses_2893,SES-002893,cow_13,station_01,rfid_13,2026-09-22T06:38:00.000Z,2026-09-22T06:42:10.000Z,COMPLETED,17.47,2.90,4.14,38.6,5.52,6.71,115,2.2,10,LOW
ses_2894,SES-002894,cow_14,station_01,rfid_14,2026-09-22T06:28:00.000Z,2026-09-22T06:32:41.000Z,COMPLETED,17.59,2.58,3.68,38.7,5.64,6.66,114,1.1,10,LOW
ses_2895,SES-002895,cow_15,station_01,rfid_15,2026-09-22T07:02:00.000Z,2026-09-22T07:07:48.000Z,COMPLETED,18.08,2.67,3.82,38.5,5.49,6.68,118,1.6,8,LOW
ses_2896,SES-002896,cow_16,station_01,rfid_16,2026-09-22T07:00:00.000Z,2026-09-22T07:04:01.000Z,COMPLETED,18.7,2.34,3.35,38.7,5.58,6.63,125,3.3,16,LOW
ses_2897,SES-002897,cow_17,station_01,rfid_17,2026-09-22T07:07:00.000Z,2026-09-22T07:11:20.000Z,COMPLETED,17.71,2.58,3.68,38.7,5.75,6.68,131,-3.7,10,LOW
ses_2898,SES-002898,cow_18,station_01,rfid_18,2026-09-22T06:33:00.000Z,2026-09-22T06:37:55.000Z,COMPLETED,12.59,2.81,4.02,38.6,5.47,6.66,147,-1.6,11,LOW
ses_2899,SES-002899,cow_19,station_01,rfid_19,2026-09-22T06:25:00.000Z,2026-09-22T06:30:39.000Z,COMPLETED,12.59,2.46,3.51,38.5,5.58,6.61,153,-3.9,7,LOW
ses_2900,SES-002900,cow_20,station_01,rfid_20,2026-09-22T06:44:00.000Z,2026-09-22T06:49:32.000Z,COMPLETED,14.25,2.72,3.89,38.7,5.44,6.68,97,5.6,11,LOW
ses_2901,SES-002901,cow_21,station_01,rfid_21,2026-09-22T06:42:00.000Z,2026-09-22T06:47:24.000Z,COMPLETED,12.74,2.94,4.2,38.7,6.03,6.74,142,-7.7,49,MODERATE
ses_2902,SES-002902,cow_22,station_01,rfid_22,2026-09-22T06:52:00.000Z,2026-09-22T06:57:39.000Z,COMPLETED,13.32,2.51,3.58,38.7,6.11,6.7,166,-6.2,48,MODERATE
ses_2903,SES-002903,cow_23,station_01,rfid_23,2026-09-22T06:50:00.000Z,2026-09-22T06:54:33.000Z,COMPLETED,12.84,2.78,3.97,38.8,5.91,6.73,167,-11.4,50,MODERATE
ses_2904,SES-002904,cow_24,station_01,rfid_24,2026-09-22T07:11:00.000Z,2026-09-22T07:15:06.000Z,COMPLETED,14.5,2.32,3.32,38.6,6.06,6.67,189,-2.7,44,MODERATE
ses_2905,SES-002905,cow_25,station_01,rfid_25,2026-09-22T06:08:00.000Z,2026-09-22T06:13:38.000Z,COMPLETED,13.89,2.63,3.76,38.7,5.87,6.71,188,-9.2,44,MODERATE
ses_2906,SES-002906,cow_26,station_01,rfid_26,2026-09-22T06:00:00.000Z,2026-09-22T06:05:40.000Z,COMPLETED,13.58,2.76,3.94,39,6.75,6.87,693,-12.9,74,HIGH
ses_2907,SES-002907,cow_27,station_01,rfid_27,2026-09-22T06:30:00.000Z,2026-09-22T06:35:57.000Z,COMPLETED,13.09,2.48,3.55,38.8,6.91,6.81,699,-17.7,74,HIGH
ses_2908,SES-002908,cow_28,station_01,rfid_28,2026-09-22T06:22:00.000Z,2026-09-22T06:26:55.000Z,COMPLETED,12.75,2.71,3.87,39,6.67,6.88,698,-21.8,74,HIGH
ses_2909,SES-002909,cow_29,station_01,rfid_29,2026-09-22T07:18:00.000Z,2026-09-22T07:22:48.000Z,COMPLETED,13.66,2.82,4.03,39.1,6.81,6.88,720,-17.7,74,HIGH
ses_2910,SES-002910,cow_30,station_01,rfid_30,2026-09-22T06:22:00.000Z,2026-09-22T06:26:34.000Z,COMPLETED,13.48,2.58,3.68,39,6.59,6.82,640,-20.7,74,HIGH
ses_2911,SES-002911,cow_1,station_01,rfid_1,2026-09-22T18:24:00.000Z,2026-09-22T18:28:43.000Z,COMPLETED,12.76,2.64,3.77,38.6,5.54,6.64,97,-0.3,9,LOW
ses_2912,SES-002912,cow_2,station_01,rfid_2,2026-09-22T18:20:00.000Z,2026-09-22T18:25:41.000Z,COMPLETED,13.1,2.81,4.01,38.7,5.7,6.7,92,-0.8,16,LOW
ses_2913,SES-002913,cow_3,station_01,rfid_3,2026-09-22T18:20:00.000Z,2026-09-22T18:24:54.000Z,COMPLETED,13.34,2.47,3.53,38.4,5.54,6.65,117,-1.9,9,LOW
ses_2914,SES-002914,cow_4,station_01,rfid_4,2026-09-22T18:17:00.000Z,2026-09-22T18:21:43.000Z,COMPLETED,14.21,2.62,3.74,38.5,5.65,6.68,115,2.2,9,LOW
ses_2915,SES-002915,cow_5,station_01,rfid_5,2026-09-22T18:11:00.000Z,2026-09-22T18:16:43.000Z,COMPLETED,13.93,2.87,4.1,38.7,5.51,6.68,123,-2.6,15,LOW
ses_2916,SES-002916,cow_6,station_01,rfid_6,2026-09-22T18:20:00.000Z,2026-09-22T18:24:06.000Z,COMPLETED,15.37,2.51,3.59,38.6,5.54,6.62,123,5.3,7,LOW
ses_2917,SES-002917,cow_7,station_01,rfid_7,2026-09-22T18:14:00.000Z,2026-09-22T18:18:03.000Z,COMPLETED,15.21,2.76,3.94,38.7,5.7,6.7,145,2.1,8,LOW
ses_2918,SES-002918,cow_8,station_01,rfid_8,2026-09-22T17:45:00.000Z,2026-09-22T17:50:18.000Z,COMPLETED,15.45,2.34,3.34,38.7,5.52,6.6,154,1,11,LOW
ses_2919,SES-002919,cow_9,station_01,rfid_9,2026-09-22T17:54:00.000Z,2026-09-22T17:58:45.000Z,COMPLETED,16.19,2.52,3.6,38.5,5.64,6.62,147,3.1,8,LOW
ses_2920,SES-002920,cow_10,station_01,rfid_10,2026-09-22T18:15:00.000Z,2026-09-22T18:19:08.000Z,COMPLETED,15.62,2.75,3.93,38.7,5.49,6.71,90,-2.4,13,LOW
ses_2921,SES-002921,cow_11,station_01,rfid_11,2026-09-22T17:45:00.000Z,2026-09-22T17:50:34.000Z,COMPLETED,15.9,2.44,3.48,38.8,5.53,6.63,102,-3,11,LOW
ses_2922,SES-002922,cow_12,station_01,rfid_12,2026-09-22T17:15:00.000Z,2026-09-22T17:19:18.000Z,COMPLETED,17.21,2.72,3.89,38.6,5.74,6.67,111,3.1,8,LOW
ses_2923,SES-002923,cow_13,station_01,rfid_13,2026-09-22T17:22:00.000Z,2026-09-22T17:27:51.000Z,COMPLETED,17.45,2.91,4.16,38.7,5.49,6.69,121,2,8,LOW
ses_2924,SES-002924,cow_14,station_01,rfid_14,2026-09-22T17:27:00.000Z,2026-09-22T17:32:42.000Z,COMPLETED,17.51,2.49,3.56,38.7,5.62,6.62,109,0.6,14,LOW
ses_2925,SES-002925,cow_15,station_01,rfid_15,2026-09-22T18:13:00.000Z,2026-09-22T18:17:50.000Z,COMPLETED,17.28,2.73,3.9,38.4,5.51,6.66,129,-2.9,9,LOW
ses_2926,SES-002926,cow_16,station_01,rfid_16,2026-09-22T18:16:00.000Z,2026-09-22T18:21:18.000Z,COMPLETED,18.03,2.37,3.39,38.6,5.57,6.62,139,-0.4,12,LOW
ses_2927,SES-002927,cow_17,station_01,rfid_17,2026-09-22T18:02:00.000Z,2026-09-22T18:07:48.000Z,COMPLETED,18.13,2.58,3.69,38.6,5.68,6.66,137,-1.5,14,LOW
ses_2928,SES-002928,cow_18,station_01,rfid_18,2026-09-22T18:16:00.000Z,2026-09-22T18:21:13.000Z,COMPLETED,12.72,2.81,4.01,38.4,5.53,6.66,150,-0.6,13,LOW
ses_2929,SES-002929,cow_19,station_01,rfid_19,2026-09-22T17:58:00.000Z,2026-09-22T18:03:17.000Z,COMPLETED,13.41,2.40,3.43,38.5,5.6,6.61,150,2.4,14,LOW
ses_2930,SES-002930,cow_20,station_01,rfid_20,2026-09-22T17:10:00.000Z,2026-09-22T17:15:24.000Z,COMPLETED,13.39,2.65,3.79,38.7,5.5,6.67,99,-0.8,17,LOW
ses_2931,SES-002931,cow_21,station_01,rfid_21,2026-09-22T17:17:00.000Z,2026-09-22T17:21:34.000Z,COMPLETED,13.02,2.86,4.08,38.6,6.07,6.79,150,-5.7,46,MODERATE
ses_2932,SES-002932,cow_22,station_01,rfid_22,2026-09-22T17:17:00.000Z,2026-09-22T17:21:07.000Z,COMPLETED,12.65,2.55,3.65,38.7,6.14,6.7,165,-10.9,43,MODERATE
ses_2933,SES-002933,cow_23,station_01,rfid_23,2026-09-22T17:24:00.000Z,2026-09-22T17:30:00.000Z,COMPLETED,13.79,2.67,3.81,38.9,5.9,6.76,165,-4.9,44,MODERATE
ses_2934,SES-002934,cow_24,station_01,rfid_24,2026-09-22T17:41:00.000Z,2026-09-22T17:46:04.000Z,COMPLETED,13.51,2.43,3.47,38.6,6.12,6.71,195,-9.3,47,MODERATE
ses_2935,SES-002935,cow_25,station_01,rfid_25,2026-09-22T18:04:00.000Z,2026-09-22T18:08:51.000Z,COMPLETED,14.57,2.59,3.7,38.8,5.93,6.71,204,-4.8,45,MODERATE
ses_2936,SES-002936,cow_26,station_01,rfid_26,2026-09-22T17:09:00.000Z,2026-09-22T17:14:15.000Z,COMPLETED,12.06,2.85,4.07,39,6.72,6.9,698,-22.7,74,HIGH
ses_2937,SES-002937,cow_27,station_01,rfid_27,2026-09-22T17:27:00.000Z,2026-09-22T17:31:26.000Z,COMPLETED,13.85,2.39,3.41,38.8,6.84,6.86,707,-12.9,74,HIGH
ses_2938,SES-002938,cow_28,station_01,rfid_28,2026-09-22T17:34:00.000Z,2026-09-22T17:38:52.000Z,COMPLETED,13,2.66,3.8,39,6.69,6.87,708,-20.2,74,HIGH
ses_2939,SES-002939,cow_29,station_01,rfid_29,2026-09-22T18:20:00.000Z,2026-09-22T18:24:46.000Z,COMPLETED,14.22,2.90,4.14,39.1,6.74,6.88,721,-14.3,74,HIGH
ses_2940,SES-002940,cow_30,station_01,rfid_30,2026-09-22T17:18:00.000Z,2026-09-22T17:23:40.000Z,COMPLETED,14.21,2.47,3.53,38.9,6.55,6.81,645,-16.4,74,HIGH
ses_2941,SES-002941,cow_1,station_01,rfid_1,2026-09-23T06:24:00.000Z,2026-09-23T06:29:29.000Z,COMPLETED,12.64,2.55,3.64,38.5,5.56,6.64,96,-1.3,8,LOW
ses_2942,SES-002942,cow_2,station_01,rfid_2,2026-09-23T07:03:00.000Z,2026-09-23T07:08:45.000Z,COMPLETED,13.36,2.79,3.98,38.8,5.67,6.69,111,1.2,15,LOW
ses_2943,SES-002943,cow_3,station_01,rfid_3,2026-09-23T06:41:00.000Z,2026-09-23T06:46:05.000Z,COMPLETED,13.8,2.50,3.57,38.5,5.48,6.64,104,1.5,17,LOW
ses_2944,SES-002944,cow_4,station_01,rfid_4,2026-09-23T07:11:00.000Z,2026-09-23T07:16:04.000Z,COMPLETED,14.59,2.72,3.89,38.7,5.69,6.65,110,5,12,LOW
ses_2945,SES-002945,cow_5,station_01,rfid_5,2026-09-23T07:08:00.000Z,2026-09-23T07:12:34.000Z,COMPLETED,14.61,2.81,4.01,38.8,5.39,6.67,121,2.2,16,LOW
ses_2946,SES-002946,cow_6,station_01,rfid_6,2026-09-23T07:28:00.000Z,2026-09-23T07:32:53.000Z,COMPLETED,14.99,2.53,3.62,38.5,5.63,6.62,129,2.7,16,LOW
ses_2947,SES-002947,cow_7,station_01,rfid_7,2026-09-23T06:35:00.000Z,2026-09-23T06:40:31.000Z,COMPLETED,14.33,2.67,3.82,38.6,5.66,6.64,136,-3.8,10,LOW
ses_2948,SES-002948,cow_8,station_01,rfid_8,2026-09-23T06:08:00.000Z,2026-09-23T06:13:23.000Z,COMPLETED,15.04,2.34,3.35,38.7,5.45,6.62,142,-1.7,8,LOW
ses_2949,SES-002949,cow_9,station_01,rfid_9,2026-09-23T06:15:00.000Z,2026-09-23T06:20:48.000Z,COMPLETED,15.3,2.61,3.73,38.5,5.59,6.66,157,-2.5,11,LOW
ses_2950,SES-002950,cow_10,station_01,rfid_10,2026-09-23T06:38:00.000Z,2026-09-23T06:42:37.000Z,COMPLETED,16.21,2.81,4.02,38.6,5.45,6.71,84,1.3,10,LOW
ses_2951,SES-002951,cow_11,station_01,rfid_11,2026-09-23T06:28:00.000Z,2026-09-23T06:32:06.000Z,COMPLETED,16.26,2.47,3.53,38.7,5.52,6.63,92,-0.9,11,LOW
ses_2952,SES-002952,cow_12,station_01,rfid_12,2026-09-23T06:56:00.000Z,2026-09-23T07:01:26.000Z,COMPLETED,15.94,2.67,3.81,38.5,5.67,6.65,110,-4.6,13,LOW
ses_2953,SES-002953,cow_13,station_01,rfid_13,2026-09-23T06:03:00.000Z,2026-09-23T06:07:49.000Z,COMPLETED,17.71,2.88,4.11,38.7,5.49,6.68,118,3.6,8,LOW
ses_2954,SES-002954,cow_14,station_01,rfid_14,2026-09-23T06:17:00.000Z,2026-09-23T06:22:37.000Z,COMPLETED,18.07,2.56,3.66,38.7,5.62,6.65,129,3.9,15,LOW
ses_2955,SES-002955,cow_15,station_01,rfid_15,2026-09-23T06:19:00.000Z,2026-09-23T06:24:09.000Z,COMPLETED,17.26,2.80,4,38.4,5.46,6.65,135,-3,16,LOW
ses_2956,SES-002956,cow_16,station_01,rfid_16,2026-09-23T06:20:00.000Z,2026-09-23T06:24:47.000Z,COMPLETED,18,2.41,3.44,38.6,5.54,6.62,133,-0.6,16,LOW
ses_2957,SES-002957,cow_17,station_01,rfid_17,2026-09-23T06:55:00.000Z,2026-09-23T06:59:48.000Z,COMPLETED,19.06,2.59,3.7,38.8,5.67,6.67,136,3.6,17,LOW
ses_2958,SES-002958,cow_18,station_01,rfid_18,2026-09-23T06:06:00.000Z,2026-09-23T06:10:06.000Z,COMPLETED,13.25,2.77,3.96,38.5,5.54,6.68,155,3.5,8,LOW
ses_2959,SES-002959,cow_19,station_01,rfid_19,2026-09-23T07:28:00.000Z,2026-09-23T07:33:57.000Z,COMPLETED,12.89,2.39,3.42,38.6,5.66,6.62,162,-1.6,9,LOW
ses_2960,SES-002960,cow_20,station_01,rfid_20,2026-09-23T07:02:00.000Z,2026-09-23T07:06:22.000Z,COMPLETED,12.91,2.61,3.73,38.7,5.41,6.65,99,-4.4,13,LOW
ses_2961,SES-002961,cow_21,station_01,rfid_21,2026-09-23T07:07:00.000Z,2026-09-23T07:12:54.000Z,COMPLETED,12.93,2.80,4,38.7,6.04,6.75,151,-6.3,43,MODERATE
ses_2962,SES-002962,cow_22,station_01,rfid_22,2026-09-23T07:30:00.000Z,2026-09-23T07:35:27.000Z,COMPLETED,13.24,2.54,3.63,38.9,6.16,6.73,173,-6.8,43,MODERATE
ses_2963,SES-002963,cow_23,station_01,rfid_23,2026-09-23T07:17:00.000Z,2026-09-23T07:21:08.000Z,COMPLETED,14.01,2.69,3.85,38.9,6,6.76,188,-3.4,45,MODERATE
ses_2964,SES-002964,cow_24,station_01,rfid_24,2026-09-23T07:01:00.000Z,2026-09-23T07:06:29.000Z,COMPLETED,14.01,2.43,3.47,38.8,6.11,6.68,186,-6,49,MODERATE
ses_2965,SES-002965,cow_25,station_01,rfid_25,2026-09-23T07:22:00.000Z,2026-09-23T07:26:02.000Z,COMPLETED,13.37,2.65,3.79,38.8,5.88,6.71,199,-12.6,50,MODERATE
ses_2966,SES-002966,cow_26,station_01,rfid_26,2026-09-23T07:23:00.000Z,2026-09-23T07:29:00.000Z,COMPLETED,12.14,2.74,3.92,39.1,6.91,6.89,745,-22.2,78,HIGH
ses_2967,SES-002967,cow_27,station_01,rfid_27,2026-09-23T06:37:00.000Z,2026-09-23T06:41:45.000Z,COMPLETED,12.07,2.46,3.51,39,7.04,6.84,761,-24.1,78,HIGH
ses_2968,SES-002968,cow_28,station_01,rfid_28,2026-09-23T06:24:00.000Z,2026-09-23T06:29:57.000Z,COMPLETED,12.3,2.63,3.75,39.1,6.86,6.85,775,-24.5,78,HIGH
ses_2969,SES-002969,cow_29,station_01,rfid_29,2026-09-23T07:01:00.000Z,2026-09-23T07:06:43.000Z,COMPLETED,12.54,2.90,4.14,39.1,6.93,6.92,768,-24.5,78,HIGH
ses_2970,SES-002970,cow_30,station_01,rfid_30,2026-09-23T07:25:00.000Z,2026-09-23T07:30:45.000Z,COMPLETED,14.06,2.48,3.55,38.8,6.7,6.84,711,-17.3,78,HIGH
ses_2971,SES-002971,cow_1,station_01,rfid_1,2026-09-23T18:04:00.000Z,2026-09-23T18:09:37.000Z,COMPLETED,12.33,2.65,3.79,38.7,5.55,6.65,103,-3.7,16,LOW
ses_2972,SES-002972,cow_2,station_01,rfid_2,2026-09-23T17:42:00.000Z,2026-09-23T17:46:00.000Z,COMPLETED,13.49,2.81,4.02,38.6,5.65,6.66,102,2.2,10,LOW
ses_2973,SES-002973,cow_3,station_01,rfid_3,2026-09-23T17:06:00.000Z,2026-09-23T17:11:40.000Z,COMPLETED,13.95,2.44,3.49,38.5,5.5,6.63,109,2.6,11,LOW
ses_2974,SES-002974,cow_4,station_01,rfid_4,2026-09-23T17:53:00.000Z,2026-09-23T17:58:35.000Z,COMPLETED,13.75,2.69,3.84,38.6,5.68,6.66,129,-1.1,15,LOW
ses_2975,SES-002975,cow_5,station_01,rfid_5,2026-09-23T17:50:00.000Z,2026-09-23T17:55:24.000Z,COMPLETED,13.64,2.93,4.18,38.8,5.49,6.71,131,-4.6,14,LOW
ses_2976,SES-002976,cow_6,station_01,rfid_6,2026-09-23T17:56:00.000Z,2026-09-23T18:00:25.000Z,COMPLETED,14.07,2.53,3.61,38.5,5.52,6.61,127,-3.6,16,LOW
ses_2977,SES-002977,cow_7,station_01,rfid_7,2026-09-23T18:22:00.000Z,2026-09-23T18:27:55.000Z,COMPLETED,15.32,2.67,3.82,38.6,5.63,6.64,149,2.8,10,LOW
ses_2978,SES-002978,cow_8,station_01,rfid_8,2026-09-23T18:18:00.000Z,2026-09-23T18:22:15.000Z,COMPLETED,14.95,2.38,3.4,38.8,5.55,6.62,146,-2.3,12,LOW
ses_2979,SES-002979,cow_9,station_01,rfid_9,2026-09-23T17:22:00.000Z,2026-09-23T17:26:41.000Z,COMPLETED,16.35,2.58,3.69,38.5,5.67,6.62,150,4.1,17,LOW
ses_2980,SES-002980,cow_10,station_01,rfid_10,2026-09-23T18:30:00.000Z,2026-09-23T18:35:12.000Z,COMPLETED,16.12,2.86,4.09,38.6,5.49,6.67,79,0.8,9,LOW
ses_2981,SES-002981,cow_11,station_01,rfid_11,2026-09-23T17:12:00.000Z,2026-09-23T17:17:58.000Z,COMPLETED,17.18,2.48,3.55,38.6,5.59,6.61,100,4.8,9,LOW
ses_2982,SES-002982,cow_12,station_01,rfid_12,2026-09-23T17:05:00.000Z,2026-09-23T17:09:26.000Z,COMPLETED,16.7,2.69,3.85,38.5,5.65,6.66,100,0,14,LOW
ses_2983,SES-002983,cow_13,station_01,rfid_13,2026-09-23T17:47:00.000Z,2026-09-23T17:52:28.000Z,COMPLETED,17.53,2.91,4.16,38.7,5.54,6.67,115,2.5,15,LOW
ses_2984,SES-002984,cow_14,station_01,rfid_14,2026-09-23T17:24:00.000Z,2026-09-23T17:28:49.000Z,COMPLETED,18.05,2.46,3.52,38.6,5.59,6.62,119,3.7,10,LOW
ses_2985,SES-002985,cow_15,station_01,rfid_15,2026-09-23T17:58:00.000Z,2026-09-23T18:02:48.000Z,COMPLETED,17.52,2.79,3.98,38.4,5.47,6.65,133,-1.6,13,LOW
ses_2986,SES-002986,cow_16,station_01,rfid_16,2026-09-23T18:11:00.000Z,2026-09-23T18:16:06.000Z,COMPLETED,17.32,2.45,3.5,38.7,5.6,6.6,124,-4.3,16,LOW
ses_2987,SES-002987,cow_17,station_01,rfid_17,2026-09-23T17:10:00.000Z,2026-09-23T17:14:29.000Z,COMPLETED,17.94,2.63,3.76,38.7,5.72,6.68,150,-2.5,13,LOW
ses_2988,SES-002988,cow_18,station_01,rfid_18,2026-09-23T18:28:00.000Z,2026-09-23T18:33:36.000Z,COMPLETED,13.18,2.85,4.07,38.5,5.48,6.68,153,3,15,LOW
ses_2989,SES-002989,cow_19,station_01,rfid_19,2026-09-23T17:17:00.000Z,2026-09-23T17:22:22.000Z,COMPLETED,12.41,2.46,3.51,38.6,5.58,6.61,145,-5.3,11,LOW
ses_2990,SES-002990,cow_20,station_01,rfid_20,2026-09-23T17:23:00.000Z,2026-09-23T17:27:23.000Z,COMPLETED,14.14,2.63,3.76,38.7,5.44,6.63,101,4.7,10,LOW
ses_2991,SES-002991,cow_21,station_01,rfid_21,2026-09-23T17:59:00.000Z,2026-09-23T18:03:51.000Z,COMPLETED,13.09,2.89,4.13,38.6,6.07,6.75,144,-5.1,44,MODERATE
ses_2992,SES-002992,cow_22,station_01,rfid_22,2026-09-23T17:59:00.000Z,2026-09-23T18:03:38.000Z,COMPLETED,12.71,2.52,3.6,38.8,6.11,6.73,164,-10.5,50,MODERATE
ses_2993,SES-002993,cow_23,station_01,rfid_23,2026-09-23T17:27:00.000Z,2026-09-23T17:32:53.000Z,COMPLETED,13.39,2.69,3.84,38.8,6.01,6.74,173,-7.7,46,MODERATE
ses_2994,SES-002994,cow_24,station_01,rfid_24,2026-09-23T17:32:00.000Z,2026-09-23T17:37:27.000Z,COMPLETED,13.9,2.44,3.48,38.8,6.1,6.67,186,-6.7,46,MODERATE
ses_2995,SES-002995,cow_25,station_01,rfid_25,2026-09-23T17:04:00.000Z,2026-09-23T17:09:33.000Z,COMPLETED,14.39,2.57,3.67,38.7,5.93,6.76,194,-5.9,46,MODERATE
ses_2996,SES-002996,cow_26,station_01,rfid_26,2026-09-23T18:07:00.000Z,2026-09-23T18:12:55.000Z,COMPLETED,12.27,2.80,4,39.2,6.89,6.91,753,-21.3,78,HIGH
ses_2997,SES-002997,cow_27,station_01,rfid_27,2026-09-23T17:10:00.000Z,2026-09-23T17:14:19.000Z,COMPLETED,11.86,2.40,3.43,39,7.01,6.84,754,-25.4,78,HIGH
ses_2998,SES-002998,cow_28,station_01,rfid_28,2026-09-23T17:45:00.000Z,2026-09-23T17:49:42.000Z,COMPLETED,12.24,2.60,3.72,39,6.81,6.89,768,-24.9,78,HIGH
ses_2999,SES-002999,cow_29,station_01,rfid_29,2026-09-23T17:57:00.000Z,2026-09-23T18:01:44.000Z,COMPLETED,13.31,2.81,4.02,39.1,6.95,6.9,772,-19.8,78,HIGH
ses_3000,SES-003000,cow_30,station_01,rfid_30,2026-09-23T17:47:00.000Z,2026-09-23T17:51:28.000Z,COMPLETED,13.97,2.53,3.61,38.9,6.76,6.82,704,-17.8,78,HIGH
ses_3001,SES-003001,cow_1,station_01,rfid_1,2026-09-24T06:55:00.000Z,2026-09-24T07:00:08.000Z,COMPLETED,12.54,2.62,3.74,38.6,5.58,6.67,96,-2,7,LOW
ses_3002,SES-003002,cow_2,station_01,rfid_2,2026-09-24T06:15:00.000Z,2026-09-24T06:20:18.000Z,COMPLETED,13.03,2.86,4.08,38.7,5.74,6.66,94,-1.3,11,LOW
ses_3003,SES-003003,cow_3,station_01,rfid_3,2026-09-24T07:11:00.000Z,2026-09-24T07:16:47.000Z,COMPLETED,13.12,2.44,3.49,38.4,5.47,6.64,114,-3.5,17,LOW
ses_3004,SES-003004,cow_4,station_01,rfid_4,2026-09-24T06:53:00.000Z,2026-09-24T06:57:15.000Z,COMPLETED,14.11,2.60,3.71,38.6,5.65,6.65,125,1.5,11,LOW
ses_3005,SES-003005,cow_5,station_01,rfid_5,2026-09-24T06:35:00.000Z,2026-09-24T06:39:50.000Z,COMPLETED,13.64,2.83,4.05,38.7,5.49,6.71,134,-4.6,15,LOW
ses_3006,SES-003006,cow_6,station_01,rfid_6,2026-09-24T06:26:00.000Z,2026-09-24T06:30:03.000Z,COMPLETED,15.19,2.48,3.54,38.5,5.62,6.63,138,4,7,LOW
ses_3007,SES-003007,cow_7,station_01,rfid_7,2026-09-24T06:37:00.000Z,2026-09-24T06:42:18.000Z,COMPLETED,14.38,2.71,3.87,38.6,5.71,6.67,136,-3.5,9,LOW
ses_3008,SES-003008,cow_8,station_01,rfid_8,2026-09-24T06:50:00.000Z,2026-09-24T06:55:50.000Z,COMPLETED,14.79,2.37,3.38,38.8,5.52,6.61,152,-3.3,16,LOW
ses_3009,SES-003009,cow_9,station_01,rfid_9,2026-09-24T06:48:00.000Z,2026-09-24T06:52:03.000Z,COMPLETED,15.78,2.56,3.66,38.5,5.6,6.67,151,0.5,14,LOW
ses_3010,SES-003010,cow_10,station_01,rfid_10,2026-09-24T06:07:00.000Z,2026-09-24T06:11:31.000Z,COMPLETED,15.29,2.79,3.99,38.5,5.43,6.66,78,-4.4,11,LOW
ses_3011,SES-003011,cow_11,station_01,rfid_11,2026-09-24T06:20:00.000Z,2026-09-24T06:25:37.000Z,COMPLETED,16.01,2.39,3.42,38.7,5.59,6.63,108,-2.4,11,LOW
ses_3012,SES-003012,cow_12,station_01,rfid_12,2026-09-24T06:54:00.000Z,2026-09-24T06:59:21.000Z,COMPLETED,16.9,2.61,3.73,38.5,5.68,6.68,115,1.2,7,LOW
ses_3013,SES-003013,cow_13,station_01,rfid_13,2026-09-24T06:32:00.000Z,2026-09-24T06:37:55.000Z,COMPLETED,17.02,2.83,4.04,38.7,5.5,6.7,107,-0.5,14,LOW
ses_3014,SES-003014,cow_14,station_01,rfid_14,2026-09-24T07:10:00.000Z,2026-09-24T07:14:31.000Z,COMPLETED,17.25,2.46,3.52,38.8,5.6,6.65,119,-0.9,14,LOW
ses_3015,SES-003015,cow_15,station_01,rfid_15,2026-09-24T06:28:00.000Z,2026-09-24T06:33:44.000Z,COMPLETED,17.47,2.73,3.9,38.4,5.5,6.65,125,-1.9,15,LOW
ses_3016,SES-003016,cow_16,station_01,rfid_16,2026-09-24T07:20:00.000Z,2026-09-24T07:25:43.000Z,COMPLETED,18.56,2.37,3.39,38.6,5.61,6.62,141,2.5,11,LOW
ses_3017,SES-003017,cow_17,station_01,rfid_17,2026-09-24T06:53:00.000Z,2026-09-24T06:57:52.000Z,COMPLETED,17.93,2.55,3.64,38.8,5.64,6.66,131,-2.6,7,LOW
ses_3018,SES-003018,cow_18,station_01,rfid_18,2026-09-24T06:31:00.000Z,2026-09-24T06:35:15.000Z,COMPLETED,12.95,2.75,3.93,38.6,5.47,6.7,147,1.2,13,LOW
ses_3019,SES-003019,cow_19,station_01,rfid_19,2026-09-24T06:26:00.000Z,2026-09-24T06:31:26.000Z,COMPLETED,12.77,2.51,3.59,38.7,5.68,6.64,164,-2.5,10,LOW
ses_3020,SES-003020,cow_20,station_01,rfid_20,2026-09-24T06:42:00.000Z,2026-09-24T06:47:35.000Z,COMPLETED,12.84,2.69,3.85,38.6,5.46,6.63,95,-4.9,15,LOW
ses_3021,SES-003021,cow_21,station_01,rfid_21,2026-09-24T06:25:00.000Z,2026-09-24T06:30:14.000Z,COMPLETED,12.99,2.88,4.12,38.7,6.11,6.77,163,-5.9,44,MODERATE
ses_3022,SES-003022,cow_22,station_01,rfid_22,2026-09-24T07:26:00.000Z,2026-09-24T07:30:41.000Z,COMPLETED,13.51,2.55,3.65,38.7,6.21,6.74,171,-4.9,51,MODERATE
ses_3023,SES-003023,cow_23,station_01,rfid_23,2026-09-24T07:28:00.000Z,2026-09-24T07:32:26.000Z,COMPLETED,13.79,2.79,3.98,38.8,5.94,6.74,169,-4.9,45,MODERATE
ses_3024,SES-003024,cow_24,station_01,rfid_24,2026-09-24T06:21:00.000Z,2026-09-24T06:25:07.000Z,COMPLETED,14.09,2.37,3.38,38.7,6.1,6.73,197,-5.4,46,MODERATE
ses_3025,SES-003025,cow_25,station_01,rfid_25,2026-09-24T06:01:00.000Z,2026-09-24T06:06:13.000Z,COMPLETED,14.38,2.65,3.78,38.8,5.93,6.72,212,-6,51,MODERATE
ses_3026,SES-003026,cow_26,station_01,rfid_26,2026-09-24T06:57:00.000Z,2026-09-24T07:01:52.000Z,COMPLETED,11.2,2.84,4.06,39.4,7.09,7.09,1013,-28.2,84,VERY_HIGH
ses_3027,SES-003027,cow_27,station_01,rfid_27,2026-09-24T06:05:00.000Z,2026-09-24T06:09:12.000Z,COMPLETED,11.85,2.47,3.53,39.5,7.33,7.06,930,-25.5,89,VERY_HIGH
ses_3028,SES-003028,cow_28,station_01,rfid_28,2026-09-24T07:02:00.000Z,2026-09-24T07:06:02.000Z,COMPLETED,11.74,2.70,3.86,39.6,7.02,7.06,916,-28,82,VERY_HIGH
ses_3029,SES-003029,cow_29,station_01,rfid_29,2026-09-24T06:44:00.000Z,2026-09-24T06:48:33.000Z,COMPLETED,11.32,2.88,4.11,39.5,7.24,7.12,936,-31.8,84,VERY_HIGH
ses_3030,SES-003030,cow_30,station_01,rfid_30,2026-09-24T07:27:00.000Z,2026-09-24T07:32:02.000Z,COMPLETED,11.35,2.56,3.66,39.2,6.98,7.06,976,-33.2,92,VERY_HIGH
ses_3031,SES-003031,cow_1,station_01,rfid_1,2026-09-24T17:45:00.000Z,2026-09-24T17:49:53.000Z,COMPLETED,12.71,2.65,3.79,38.7,5.53,6.65,109,-0.7,7,LOW
ses_3032,SES-003032,cow_2,station_01,rfid_2,2026-09-24T18:30:00.000Z,2026-09-24T18:35:32.000Z,COMPLETED,13.86,2.74,3.92,38.6,5.74,6.7,115,5,11,LOW
ses_3033,SES-003033,cow_3,station_01,rfid_3,2026-09-24T17:10:00.000Z,2026-09-24T17:14:19.000Z,COMPLETED,13.29,2.40,3.43,38.6,5.51,6.62,103,-2.3,13,LOW
ses_3034,SES-003034,cow_4,station_01,rfid_4,2026-09-24T17:20:00.000Z,2026-09-24T17:25:59.000Z,COMPLETED,14.13,2.60,3.72,38.6,5.6,6.66,123,1.7,12,LOW
ses_3035,SES-003035,cow_5,station_01,rfid_5,2026-09-24T17:20:00.000Z,2026-09-24T17:25:26.000Z,COMPLETED,14.29,2.87,4.1,38.8,5.47,6.71,117,-0.1,15,LOW
ses_3036,SES-003036,cow_6,station_01,rfid_6,2026-09-24T17:46:00.000Z,2026-09-24T17:51:32.000Z,COMPLETED,14.02,2.46,3.51,38.4,5.62,6.66,122,-4,9,LOW
ses_3037,SES-003037,cow_7,station_01,rfid_7,2026-09-24T17:27:00.000Z,2026-09-24T17:31:58.000Z,COMPLETED,15.31,2.74,3.92,38.5,5.69,6.67,148,2.8,9,LOW
ses_3038,SES-003038,cow_8,station_01,rfid_8,2026-09-24T17:38:00.000Z,2026-09-24T17:43:33.000Z,COMPLETED,15.93,2.42,3.46,38.7,5.5,6.63,136,4.1,9,LOW
ses_3039,SES-003039,cow_9,station_01,rfid_9,2026-09-24T18:19:00.000Z,2026-09-24T18:23:57.000Z,COMPLETED,15.77,2.58,3.69,38.4,5.6,6.66,164,0.4,16,LOW
ses_3040,SES-003040,cow_10,station_01,rfid_10,2026-09-24T17:15:00.000Z,2026-09-24T17:20:42.000Z,COMPLETED,16.38,2.78,3.97,38.6,5.51,6.67,100,2.4,13,LOW
ses_3041,SES-003041,cow_11,station_01,rfid_11,2026-09-24T17:24:00.000Z,2026-09-24T17:29:11.000Z,COMPLETED,15.63,2.48,3.54,38.7,5.59,6.62,93,-4.7,10,LOW
ses_3042,SES-003042,cow_12,station_01,rfid_12,2026-09-24T17:21:00.000Z,2026-09-24T17:26:22.000Z,COMPLETED,16.7,2.73,3.9,38.5,5.65,6.68,105,0,11,LOW
ses_3043,SES-003043,cow_13,station_01,rfid_13,2026-09-24T17:54:00.000Z,2026-09-24T17:59:56.000Z,COMPLETED,17.85,2.81,4.01,38.5,5.48,6.72,109,4.4,7,LOW
ses_3044,SES-003044,cow_14,station_01,rfid_14,2026-09-24T18:17:00.000Z,2026-09-24T18:22:21.000Z,COMPLETED,17.18,2.46,3.52,38.7,5.64,6.65,109,-1.3,15,LOW
ses_3045,SES-003045,cow_15,station_01,rfid_15,2026-09-24T17:37:00.000Z,2026-09-24T17:42:39.000Z,COMPLETED,17.12,2.73,3.9,38.4,5.45,6.67,122,-3.8,16,LOW
ses_3046,SES-003046,cow_16,station_01,rfid_16,2026-09-24T18:22:00.000Z,2026-09-24T18:26:10.000Z,COMPLETED,18.66,2.34,3.34,38.5,5.53,6.64,128,3.1,7,LOW
ses_3047,SES-003047,cow_17,station_01,rfid_17,2026-09-24T17:48:00.000Z,2026-09-24T17:52:53.000Z,COMPLETED,17.86,2.58,3.68,38.6,5.72,6.67,150,-2.9,12,LOW
ses_3048,SES-003048,cow_18,station_01,rfid_18,2026-09-24T17:53:00.000Z,2026-09-24T17:57:03.000Z,COMPLETED,12.97,2.77,3.95,38.5,5.55,6.67,149,1.3,12,LOW
ses_3049,SES-003049,cow_19,station_01,rfid_19,2026-09-24T18:26:00.000Z,2026-09-24T18:31:09.000Z,COMPLETED,13.25,2.48,3.54,38.7,5.64,6.65,146,1.1,10,LOW
ses_3050,SES-003050,cow_20,station_01,rfid_20,2026-09-24T18:25:00.000Z,2026-09-24T18:30:15.000Z,COMPLETED,13.69,2.62,3.74,38.8,5.46,6.69,85,1.4,14,LOW
ses_3051,SES-003051,cow_21,station_01,rfid_21,2026-09-24T17:25:00.000Z,2026-09-24T17:30:00.000Z,COMPLETED,11.92,2.81,4.01,38.7,6.1,6.79,166,-13.6,49,MODERATE
ses_3052,SES-003052,cow_22,station_01,rfid_22,2026-09-24T17:08:00.000Z,2026-09-24T17:12:05.000Z,COMPLETED,12.84,2.55,3.64,38.7,6.21,6.74,169,-9.6,46,MODERATE
ses_3053,SES-003053,cow_23,station_01,rfid_23,2026-09-24T17:26:00.000Z,2026-09-24T17:31:21.000Z,COMPLETED,13.81,2.77,3.95,38.8,6.02,6.76,181,-4.8,50,MODERATE
ses_3054,SES-003054,cow_24,station_01,rfid_24,2026-09-24T17:10:00.000Z,2026-09-24T17:15:29.000Z,COMPLETED,13.22,2.34,3.34,38.7,6.13,6.73,181,-11.3,49,MODERATE
ses_3055,SES-003055,cow_25,station_01,rfid_25,2026-09-24T17:16:00.000Z,2026-09-24T17:21:02.000Z,COMPLETED,13.51,2.55,3.65,38.8,5.97,6.73,209,-11.7,47,MODERATE
ses_3056,SES-003056,cow_26,station_01,rfid_26,2026-09-24T17:54:00.000Z,2026-09-24T17:58:03.000Z,COMPLETED,11.02,2.80,4,39.4,7.14,7.11,1001,-29.4,89,VERY_HIGH
ses_3057,SES-003057,cow_27,station_01,rfid_27,2026-09-24T17:33:00.000Z,2026-09-24T17:37:48.000Z,COMPLETED,10.64,2.48,3.54,39.3,7.2,7.07,985,-33.1,84,VERY_HIGH
ses_3058,SES-003058,cow_28,station_01,rfid_28,2026-09-24T17:22:00.000Z,2026-09-24T17:26:14.000Z,COMPLETED,12.13,2.63,3.75,39.5,7.08,7.04,947,-25.6,88,VERY_HIGH
ses_3059,SES-003059,cow_29,station_01,rfid_29,2026-09-24T18:13:00.000Z,2026-09-24T18:17:49.000Z,COMPLETED,10.81,2.91,4.16,39.5,7.35,7.12,911,-34.9,88,VERY_HIGH
ses_3060,SES-003060,cow_30,station_01,rfid_30,2026-09-24T17:57:00.000Z,2026-09-24T18:02:32.000Z,COMPLETED,12.29,2.55,3.65,39.3,7.02,7.06,826,-27.7,88,VERY_HIGH
ses_3061,SES-003061,cow_1,station_01,rfid_1,2026-09-25T06:14:00.000Z,2026-09-25T06:18:18.000Z,COMPLETED,12.13,2.63,3.76,38.6,5.61,6.65,93,-5.2,13,LOW
ses_3062,SES-003062,cow_2,station_01,rfid_2,2026-09-25T06:43:00.000Z,2026-09-25T06:47:30.000Z,COMPLETED,13.96,2.74,3.92,38.6,5.66,6.68,97,5.8,13,LOW
ses_3063,SES-003063,cow_3,station_01,rfid_3,2026-09-25T07:04:00.000Z,2026-09-25T07:09:26.000Z,COMPLETED,13.16,2.51,3.59,38.6,5.57,6.61,109,-3.2,15,LOW
ses_3064,SES-003064,cow_4,station_01,rfid_4,2026-09-25T07:12:00.000Z,2026-09-25T07:17:43.000Z,COMPLETED,13.71,2.61,3.73,38.6,5.6,6.65,119,-1.4,13,LOW
ses_3065,SES-003065,cow_5,station_01,rfid_5,2026-09-25T07:02:00.000Z,2026-09-25T07:06:22.000Z,COMPLETED,14.61,2.91,4.16,38.7,5.4,6.72,116,2.2,16,LOW
ses_3066,SES-003066,cow_6,station_01,rfid_6,2026-09-25T06:38:00.000Z,2026-09-25T06:42:41.000Z,COMPLETED,14.51,2.54,3.63,38.4,5.57,6.67,139,-0.6,15,LOW
ses_3067,SES-003067,cow_7,station_01,rfid_7,2026-09-25T06:30:00.000Z,2026-09-25T06:35:54.000Z,COMPLETED,15.68,2.79,3.99,38.6,5.72,6.66,129,5.2,13,LOW
ses_3068,SES-003068,cow_8,station_01,rfid_8,2026-09-25T07:28:00.000Z,2026-09-25T07:32:38.000Z,COMPLETED,14.98,2.37,3.39,38.7,5.55,6.65,147,-2.1,15,LOW
ses_3069,SES-003069,cow_9,station_01,rfid_9,2026-09-25T07:00:00.000Z,2026-09-25T07:04:26.000Z,COMPLETED,15.59,2.65,3.78,38.5,5.59,6.66,153,-0.7,14,LOW
ses_3070,SES-003070,cow_10,station_01,rfid_10,2026-09-25T06:33:00.000Z,2026-09-25T06:37:07.000Z,COMPLETED,15.97,2.81,4.02,38.6,5.5,6.71,80,-0.2,15,LOW
ses_3071,SES-003071,cow_11,station_01,rfid_11,2026-09-25T06:33:00.000Z,2026-09-25T06:38:18.000Z,COMPLETED,17.02,2.46,3.52,38.6,5.53,6.62,92,3.8,8,LOW
ses_3072,SES-003072,cow_12,station_01,rfid_12,2026-09-25T07:12:00.000Z,2026-09-25T07:16:06.000Z,COMPLETED,17.33,2.72,3.88,38.6,5.75,6.65,102,3.8,16,LOW
ses_3073,SES-003073,cow_13,station_01,rfid_13,2026-09-25T07:11:00.000Z,2026-09-25T07:16:07.000Z,COMPLETED,17.68,2.87,4.1,38.7,5.51,6.68,107,3.4,15,LOW
ses_3074,SES-003074,cow_14,station_01,rfid_14,2026-09-25T06:42:00.000Z,2026-09-25T06:47:44.000Z,COMPLETED,16.62,2.58,3.68,38.8,5.6,6.65,119,-4.5,14,LOW
ses_3075,SES-003075,cow_15,station_01,rfid_15,2026-09-25T07:02:00.000Z,2026-09-25T07:07:31.000Z,COMPLETED,18.43,2.72,3.88,38.6,5.4,6.68,130,3.5,9,LOW
ses_3076,SES-003076,cow_16,station_01,rfid_16,2026-09-25T07:10:00.000Z,2026-09-25T07:15:45.000Z,COMPLETED,17.61,2.44,3.49,38.5,5.53,6.62,130,-2.7,8,LOW
ses_3077,SES-003077,cow_17,station_01,rfid_17,2026-09-25T06:44:00.000Z,2026-09-25T06:49:32.000Z,COMPLETED,18.1,2.56,3.66,38.6,5.64,6.64,136,-1.6,11,LOW
ses_3078,SES-003078,cow_18,station_01,rfid_18,2026-09-25T07:27:00.000Z,2026-09-25T07:31:38.000Z,COMPLETED,13.58,2.79,3.98,38.6,5.46,6.71,149,6.1,14,LOW
ses_3079,SES-003079,cow_19,station_01,rfid_19,2026-09-25T06:06:00.000Z,2026-09-25T06:11:37.000Z,COMPLETED,13.37,2.46,3.52,38.5,5.62,6.6,154,2.1,11,LOW
ses_3080,SES-003080,cow_20,station_01,rfid_20,2026-09-25T06:49:00.000Z,2026-09-25T06:54:43.000Z,COMPLETED,12.78,2.69,3.84,38.7,5.48,6.64,90,-5.3,14,LOW
ses_3081,SES-003081,cow_21,station_01,rfid_21,2026-09-25T07:04:00.000Z,2026-09-25T07:09:21.000Z,COMPLETED,12.1,2.89,4.13,38.6,6.06,6.79,173,-12.3,45,MODERATE
ses_3082,SES-003082,cow_22,station_01,rfid_22,2026-09-25T07:13:00.000Z,2026-09-25T07:18:43.000Z,COMPLETED,13.08,2.53,3.61,38.8,6.15,6.73,165,-7.9,46,MODERATE
ses_3083,SES-003083,cow_23,station_01,rfid_23,2026-09-25T06:42:00.000Z,2026-09-25T06:47:19.000Z,COMPLETED,13.96,2.73,3.9,38.9,6.08,6.78,191,-3.7,46,MODERATE
ses_3084,SES-003084,cow_24,station_01,rfid_24,2026-09-25T07:04:00.000Z,2026-09-25T07:09:23.000Z,COMPLETED,13.93,2.35,3.36,38.8,6.18,6.74,202,-6.5,50,MODERATE
ses_3085,SES-003085,cow_25,station_01,rfid_25,2026-09-25T06:54:00.000Z,2026-09-25T06:59:15.000Z,COMPLETED,14.18,2.53,3.61,38.8,6.01,6.74,201,-7.3,48,MODERATE
ses_3086,SES-003086,cow_26,station_01,rfid_26,2026-09-25T07:25:00.000Z,2026-09-25T07:30:03.000Z,COMPLETED,10.69,2.80,4,39.5,7.19,7.08,1003,-31.5,83,VERY_HIGH
ses_3087,SES-003087,cow_27,station_01,rfid_27,2026-09-25T07:05:00.000Z,2026-09-25T07:09:09.000Z,COMPLETED,10.7,2.51,3.59,39.4,7.37,7.06,899,-32.7,91,VERY_HIGH
ses_3088,SES-003088,cow_28,station_01,rfid_28,2026-09-25T06:52:00.000Z,2026-09-25T06:56:36.000Z,COMPLETED,11.7,2.65,3.78,39.3,7.16,7.07,999,-28.2,80,VERY_HIGH
ses_3089,SES-003089,cow_29,station_01,rfid_29,2026-09-25T06:38:00.000Z,2026-09-25T06:43:54.000Z,COMPLETED,11.7,2.80,4,39.6,7.1,7.1,1054,-29.5,83,VERY_HIGH
ses_3090,SES-003090,cow_30,station_01,rfid_30,2026-09-25T06:43:00.000Z,2026-09-25T06:48:53.000Z,COMPLETED,12.44,2.54,3.63,39.5,7.14,7.07,952,-26.8,89,VERY_HIGH
ses_3091,SES-003091,cow_1,station_01,rfid_1,2026-09-25T17:46:00.000Z,2026-09-25T17:51:23.000Z,COMPLETED,13.18,2.53,3.62,38.7,5.59,6.62,105,3,12,LOW
ses_3092,SES-003092,cow_2,station_01,rfid_2,2026-09-25T17:39:00.000Z,2026-09-25T17:43:05.000Z,COMPLETED,13.31,2.81,4.02,38.7,5.73,6.66,94,0.8,11,LOW
ses_3093,SES-003093,cow_3,station_01,rfid_3,2026-09-25T17:01:00.000Z,2026-09-25T17:06:43.000Z,COMPLETED,12.8,2.42,3.45,38.5,5.46,6.61,115,-5.9,15,LOW
ses_3094,SES-003094,cow_4,station_01,rfid_4,2026-09-25T17:08:00.000Z,2026-09-25T17:12:58.000Z,COMPLETED,14.68,2.69,3.85,38.6,5.66,6.65,125,5.6,9,LOW
ses_3095,SES-003095,cow_5,station_01,rfid_5,2026-09-25T17:09:00.000Z,2026-09-25T17:14:40.000Z,COMPLETED,14.2,2.91,4.16,38.7,5.41,6.71,116,-0.7,8,LOW
ses_3096,SES-003096,cow_6,station_01,rfid_6,2026-09-25T17:23:00.000Z,2026-09-25T17:28:47.000Z,COMPLETED,14.48,2.48,3.54,38.5,5.61,6.66,131,-0.8,12,LOW
ses_3097,SES-003097,cow_7,station_01,rfid_7,2026-09-25T17:32:00.000Z,2026-09-25T17:37:55.000Z,COMPLETED,14.88,2.66,3.8,38.5,5.69,6.65,127,-0.1,12,LOW
ses_3098,SES-003098,cow_8,station_01,rfid_8,2026-09-25T17:10:00.000Z,2026-09-25T17:14:22.000Z,COMPLETED,15.95,2.38,3.4,38.6,5.51,6.62,145,4.2,16,LOW
ses_3099,SES-003099,cow_9,station_01,rfid_9,2026-09-25T17:44:00.000Z,2026-09-25T17:49:17.000Z,COMPLETED,16.39,2.63,3.76,38.5,5.61,6.67,161,4.4,14,LOW
ses_3100,SES-003100,cow_10,station_01,rfid_10,2026-09-25T17:56:00.000Z,2026-09-25T18:01:20.000Z,COMPLETED,15.71,2.82,4.03,38.5,5.42,6.67,96,-1.8,16,LOW
ses_3101,SES-003101,cow_11,station_01,rfid_11,2026-09-25T17:09:00.000Z,2026-09-25T17:13:56.000Z,COMPLETED,15.76,2.46,3.52,38.7,5.56,6.63,106,-3.9,10,LOW
ses_3102,SES-003102,cow_12,station_01,rfid_12,2026-09-25T17:47:00.000Z,2026-09-25T17:51:04.000Z,COMPLETED,16.72,2.72,3.89,38.4,5.71,6.64,108,0.1,15,LOW
ses_3103,SES-003103,cow_13,station_01,rfid_13,2026-09-25T17:11:00.000Z,2026-09-25T17:16:45.000Z,COMPLETED,17.6,2.93,4.19,38.6,5.53,6.71,104,2.9,10,LOW
ses_3104,SES-003104,cow_14,station_01,rfid_14,2026-09-25T17:59:00.000Z,2026-09-25T18:03:37.000Z,COMPLETED,17.05,2.55,3.65,38.6,5.66,6.66,111,-2,16,LOW
ses_3105,SES-003105,cow_15,station_01,rfid_15,2026-09-25T17:44:00.000Z,2026-09-25T17:48:57.000Z,COMPLETED,17.1,2.77,3.96,38.4,5.39,6.69,124,-3.9,7,LOW
ses_3106,SES-003106,cow_16,station_01,rfid_16,2026-09-25T17:02:00.000Z,2026-09-25T17:07:16.000Z,COMPLETED,17.49,2.41,3.44,38.6,5.56,6.61,123,-3.4,12,LOW
ses_3107,SES-003107,cow_17,station_01,rfid_17,2026-09-25T18:23:00.000Z,2026-09-25T18:27:00.000Z,COMPLETED,18.71,2.61,3.73,38.6,5.72,6.65,132,1.7,9,LOW
ses_3108,SES-003108,cow_18,station_01,rfid_18,2026-09-25T17:58:00.000Z,2026-09-25T18:03:24.000Z,COMPLETED,12.3,2.81,4.01,38.4,5.47,6.67,145,-3.9,13,LOW
ses_3109,SES-003109,cow_19,station_01,rfid_19,2026-09-25T18:18:00.000Z,2026-09-25T18:23:23.000Z,COMPLETED,13.75,2.50,3.57,38.6,5.58,6.61,154,5,16,LOW
ses_3110,SES-003110,cow_20,station_01,rfid_20,2026-09-25T17:21:00.000Z,2026-09-25T17:25:52.000Z,COMPLETED,13.91,2.67,3.81,38.8,5.39,6.65,95,3,9,LOW
ses_3111,SES-003111,cow_21,station_01,rfid_21,2026-09-25T17:45:00.000Z,2026-09-25T17:49:34.000Z,COMPLETED,11.99,2.85,4.07,38.7,6.13,6.76,156,-13.1,46,MODERATE
ses_3112,SES-003112,cow_22,station_01,rfid_22,2026-09-25T17:17:00.000Z,2026-09-25T17:22:32.000Z,COMPLETED,13.44,2.51,3.59,38.8,6.16,6.75,166,-5.4,49,MODERATE
ses_3113,SES-003113,cow_23,station_01,rfid_23,2026-09-25T18:03:00.000Z,2026-09-25T18:07:43.000Z,COMPLETED,13.19,2.72,3.89,38.8,6.04,6.76,177,-9,51,MODERATE
ses_3114,SES-003114,cow_24,station_01,rfid_24,2026-09-25T17:59:00.000Z,2026-09-25T18:03:18.000Z,COMPLETED,12.88,2.42,3.46,38.6,6.15,6.7,198,-13.6,48,MODERATE
ses_3115,SES-003115,cow_25,station_01,rfid_25,2026-09-25T17:16:00.000Z,2026-09-25T17:21:24.000Z,COMPLETED,13.88,2.63,3.76,38.8,5.98,6.72,218,-9.3,47,MODERATE
ses_3116,SES-003116,cow_26,station_01,rfid_26,2026-09-25T18:18:00.000Z,2026-09-25T18:22:26.000Z,COMPLETED,11.65,2.84,4.06,39.5,7.16,7.15,933,-25.3,84,VERY_HIGH
ses_3117,SES-003117,cow_27,station_01,rfid_27,2026-09-25T17:28:00.000Z,2026-09-25T17:33:58.000Z,COMPLETED,10.7,2.48,3.54,39.2,7.34,7.06,1014,-32.7,83,VERY_HIGH
ses_3118,SES-003118,cow_28,station_01,rfid_28,2026-09-25T17:50:00.000Z,2026-09-25T17:56:00.000Z,COMPLETED,11.8,2.70,3.86,39.4,7.13,7.08,908,-27.6,89,VERY_HIGH
ses_3119,SES-003119,cow_29,station_01,rfid_29,2026-09-25T17:51:00.000Z,2026-09-25T17:55:01.000Z,COMPLETED,11.95,2.88,4.11,39.4,7.29,7.14,1026,-28,93,VERY_HIGH
ses_3120,SES-003120,cow_30,station_01,rfid_30,2026-09-25T17:24:00.000Z,2026-09-25T17:29:52.000Z,COMPLETED,12.05,2.53,3.61,39.4,6.96,7.1,871,-29.1,88,VERY_HIGH
ses_3121,SES-003121,cow_1,station_01,rfid_1,2026-09-26T07:14:00.000Z,2026-09-26T07:19:03.000Z,COMPLETED,12.25,2.63,3.75,38.6,5.54,6.62,104,-4.3,12,LOW
ses_3122,SES-003122,cow_2,station_01,rfid_2,2026-09-26T06:58:00.000Z,2026-09-26T07:03:52.000Z,COMPLETED,13.68,2.87,4.1,38.7,5.65,6.66,105,3.6,14,LOW
ses_3123,SES-003123,cow_3,station_01,rfid_3,2026-09-26T06:15:00.000Z,2026-09-26T06:20:21.000Z,COMPLETED,13.09,2.51,3.58,38.6,5.53,6.63,110,-3.7,16,LOW
ses_3124,SES-003124,cow_4,station_01,rfid_4,2026-09-26T07:24:00.000Z,2026-09-26T07:28:16.000Z,COMPLETED,14.31,2.60,3.72,38.5,5.62,6.66,108,2.9,10,LOW
ses_3125,SES-003125,cow_5,station_01,rfid_5,2026-09-26T06:19:00.000Z,2026-09-26T06:23:06.000Z,COMPLETED,14.54,2.85,4.07,38.7,5.5,6.7,127,1.7,15,LOW
ses_3126,SES-003126,cow_6,station_01,rfid_6,2026-09-26T06:17:00.000Z,2026-09-26T06:22:44.000Z,COMPLETED,14.91,2.58,3.68,38.6,5.59,6.63,133,2.1,11,LOW
ses_3127,SES-003127,cow_7,station_01,rfid_7,2026-09-26T06:41:00.000Z,2026-09-26T06:46:45.000Z,COMPLETED,15.14,2.69,3.84,38.6,5.72,6.69,131,1.6,10,LOW
ses_3128,SES-003128,cow_8,station_01,rfid_8,2026-09-26T06:40:00.000Z,2026-09-26T06:44:00.000Z,COMPLETED,15.61,2.42,3.45,38.8,5.47,6.61,137,2,15,LOW
ses_3129,SES-003129,cow_9,station_01,rfid_9,2026-09-26T07:06:00.000Z,2026-09-26T07:11:56.000Z,COMPLETED,15.3,2.53,3.61,38.5,5.59,6.67,143,-2.5,8,LOW
ses_3130,SES-003130,cow_10,station_01,rfid_10,2026-09-26T06:06:00.000Z,2026-09-26T06:11:52.000Z,COMPLETED,16.39,2.74,3.92,38.5,5.49,6.68,87,2.4,14,LOW
ses_3131,SES-003131,cow_11,station_01,rfid_11,2026-09-26T06:24:00.000Z,2026-09-26T06:28:35.000Z,COMPLETED,17.07,2.44,3.49,38.7,5.6,6.62,102,4.1,12,LOW
ses_3132,SES-003132,cow_12,station_01,rfid_12,2026-09-26T06:17:00.000Z,2026-09-26T06:21:37.000Z,COMPLETED,16.24,2.62,3.74,38.5,5.67,6.67,109,-2.8,14,LOW
ses_3133,SES-003133,cow_13,station_01,rfid_13,2026-09-26T07:08:00.000Z,2026-09-26T07:12:15.000Z,COMPLETED,17.56,2.83,4.04,38.6,5.53,6.67,102,2.7,7,LOW
ses_3134,SES-003134,cow_14,station_01,rfid_14,2026-09-26T06:29:00.000Z,2026-09-26T06:33:13.000Z,COMPLETED,16.79,2.53,3.62,38.6,5.62,6.62,126,-3.5,11,LOW
ses_3135,SES-003135,cow_15,station_01,rfid_15,2026-09-26T06:51:00.000Z,2026-09-26T06:55:04.000Z,COMPLETED,18.01,2.66,3.8,38.5,5.4,6.65,122,1.2,9,LOW
ses_3136,SES-003136,cow_16,station_01,rfid_16,2026-09-26T06:13:00.000Z,2026-09-26T06:18:36.000Z,COMPLETED,17.32,2.39,3.42,38.7,5.6,6.63,121,-4.3,16,LOW
ses_3137,SES-003137,cow_17,station_01,rfid_17,2026-09-26T07:00:00.000Z,2026-09-26T07:04:46.000Z,COMPLETED,18.87,2.55,3.65,38.8,5.65,6.65,133,2.6,11,LOW
ses_3138,SES-003138,cow_18,station_01,rfid_18,2026-09-26T06:06:00.000Z,2026-09-26T06:10:40.000Z,COMPLETED,12.3,2.76,3.94,38.5,5.54,6.69,155,-3.9,15,LOW
ses_3139,SES-003139,cow_19,station_01,rfid_19,2026-09-26T06:15:00.000Z,2026-09-26T06:19:13.000Z,COMPLETED,12.83,2.47,3.53,38.6,5.63,6.63,148,-2.1,7,LOW
ses_3140,SES-003140,cow_20,station_01,rfid_20,2026-09-26T06:42:00.000Z,2026-09-26T06:46:17.000Z,COMPLETED,13.73,2.60,3.71,38.7,5.41,6.65,99,1.7,15,LOW
ses_3141,SES-003141,cow_21,station_01,rfid_21,2026-09-26T07:30:00.000Z,2026-09-26T07:35:14.000Z,COMPLETED,12.1,2.91,4.15,38.6,6.06,6.78,155,-12.3,45,MODERATE
ses_3142,SES-003142,cow_22,station_01,rfid_22,2026-09-26T06:16:00.000Z,2026-09-26T06:21:26.000Z,COMPLETED,12.94,2.49,3.56,38.8,6.17,6.74,165,-8.9,47,MODERATE
ses_3143,SES-003143,cow_23,station_01,rfid_23,2026-09-26T06:03:00.000Z,2026-09-26T06:08:45.000Z,COMPLETED,12.53,2.79,3.99,39,6.1,6.76,191,-13.6,48,MODERATE
ses_3144,SES-003144,cow_24,station_01,rfid_24,2026-09-26T06:11:00.000Z,2026-09-26T06:16:38.000Z,COMPLETED,13.48,2.31,3.3,38.6,6.21,6.69,208,-9.5,51,MODERATE
ses_3145,SES-003145,cow_25,station_01,rfid_25,2026-09-26T06:40:00.000Z,2026-09-26T06:44:03.000Z,COMPLETED,14.29,2.60,3.71,38.7,5.93,6.77,201,-6.6,51,MODERATE
ses_3146,SES-003146,cow_26,station_01,rfid_26,2026-09-26T07:22:00.000Z,2026-09-26T07:27:35.000Z,COMPLETED,11.02,2.79,3.98,39.4,7.12,7.11,881,-29.4,93,VERY_HIGH
ses_3147,SES-003147,cow_27,station_01,rfid_27,2026-09-26T06:37:00.000Z,2026-09-26T06:42:51.000Z,COMPLETED,10.64,2.42,3.46,39.2,7.28,7.06,905,-33.1,93,VERY_HIGH
ses_3148,SES-003148,cow_28,station_01,rfid_28,2026-09-26T06:04:00.000Z,2026-09-26T06:09:47.000Z,COMPLETED,11.08,2.69,3.84,39.4,7.06,7.07,943,-32,84,VERY_HIGH
ses_3149,SES-003149,cow_29,station_01,rfid_29,2026-09-26T06:48:00.000Z,2026-09-26T06:52:13.000Z,COMPLETED,11.24,2.87,4.1,39.6,7.27,7.12,883,-32.3,89,VERY_HIGH
ses_3150,SES-003150,cow_30,station_01,rfid_30,2026-09-26T06:05:00.000Z,2026-09-26T06:09:54.000Z,COMPLETED,11.25,2.51,3.59,39.3,7.06,7.07,950,-33.8,83,VERY_HIGH
ses_3151,SES-003151,cow_1,station_01,rfid_1,2026-09-26T18:13:00.000Z,2026-09-26T18:17:59.000Z,COMPLETED,13.48,2.65,3.79,38.6,5.58,6.66,96,5.3,8,LOW
ses_3152,SES-003152,cow_2,station_01,rfid_2,2026-09-26T18:10:00.000Z,2026-09-26T18:14:41.000Z,COMPLETED,12.66,2.75,3.93,38.7,5.71,6.67,104,-4.1,12,LOW
ses_3153,SES-003153,cow_3,station_01,rfid_3,2026-09-26T17:52:00.000Z,2026-09-26T17:56:20.000Z,COMPLETED,13.32,2.47,3.53,38.4,5.57,6.64,115,-2.1,11,LOW
ses_3154,SES-003154,cow_4,station_01,rfid_4,2026-09-26T17:30:00.000Z,2026-09-26T17:35:20.000Z,COMPLETED,13.26,2.59,3.7,38.7,5.62,6.66,125,-4.6,10,LOW
ses_3155,SES-003155,cow_5,station_01,rfid_5,2026-09-26T17:40:00.000Z,2026-09-26T17:45:30.000Z,COMPLETED,13.56,2.85,4.07,38.6,5.42,6.72,120,-5.2,13,LOW
ses_3156,SES-003156,cow_6,station_01,rfid_6,2026-09-26T17:11:00.000Z,2026-09-26T17:16:29.000Z,COMPLETED,14.05,2.46,3.51,38.6,5.53,6.65,122,-3.8,8,LOW
ses_3157,SES-003157,cow_7,station_01,rfid_7,2026-09-26T18:14:00.000Z,2026-09-26T18:18:48.000Z,COMPLETED,15.25,2.66,3.8,38.7,5.71,6.66,144,2.3,9,LOW
ses_3158,SES-003158,cow_8,station_01,rfid_8,2026-09-26T17:14:00.000Z,2026-09-26T17:18:23.000Z,COMPLETED,14.81,2.32,3.32,38.7,5.49,6.62,143,-3.2,14,LOW
ses_3159,SES-003159,cow_9,station_01,rfid_9,2026-09-26T17:42:00.000Z,2026-09-26T17:46:36.000Z,COMPLETED,16.46,2.56,3.66,38.5,5.66,6.64,161,4.8,13,LOW
ses_3160,SES-003160,cow_10,station_01,rfid_10,2026-09-26T17:44:00.000Z,2026-09-26T17:48:39.000Z,COMPLETED,15.66,2.79,3.98,38.6,5.45,6.71,91,-2.1,17,LOW
ses_3161,SES-003161,cow_11,station_01,rfid_11,2026-09-26T17:13:00.000Z,2026-09-26T17:18:32.000Z,COMPLETED,17.01,2.43,3.47,38.7,5.61,6.61,107,3.7,13,LOW
ses_3162,SES-003162,cow_12,station_01,rfid_12,2026-09-26T17:06:00.000Z,2026-09-26T17:10:25.000Z,COMPLETED,16.73,2.64,3.77,38.5,5.63,6.64,115,0.2,13,LOW
ses_3163,SES-003163,cow_13,station_01,rfid_13,2026-09-26T18:15:00.000Z,2026-09-26T18:19:06.000Z,COMPLETED,16.87,2.87,4.1,38.6,5.47,6.71,113,-1.3,8,LOW
ses_3164,SES-003164,cow_14,station_01,rfid_14,2026-09-26T17:11:00.000Z,2026-09-26T17:16:47.000Z,COMPLETED,17.57,2.53,3.62,38.7,5.65,6.65,107,1,15,LOW
ses_3165,SES-003165,cow_15,station_01,rfid_15,2026-09-26T17:39:00.000Z,2026-09-26T17:44:08.000Z,COMPLETED,18.24,2.67,3.81,38.6,5.46,6.68,129,2.5,15,LOW
ses_3166,SES-003166,cow_16,station_01,rfid_16,2026-09-26T17:28:00.000Z,2026-09-26T17:33:07.000Z,COMPLETED,18.29,2.42,3.45,38.7,5.54,6.61,136,1,13,LOW
ses_3167,SES-003167,cow_17,station_01,rfid_17,2026-09-26T17:51:00.000Z,2026-09-26T17:56:50.000Z,COMPLETED,18.46,2.63,3.76,38.7,5.65,6.66,143,0.3,12,LOW
ses_3168,SES-003168,cow_18,station_01,rfid_18,2026-09-26T17:43:00.000Z,2026-09-26T17:47:13.000Z,COMPLETED,12.51,2.74,3.92,38.4,5.49,6.67,140,-2.3,13,LOW
ses_3169,SES-003169,cow_19,station_01,rfid_19,2026-09-26T17:58:00.000Z,2026-09-26T18:02:22.000Z,COMPLETED,13.49,2.40,3.43,38.6,5.59,6.61,146,3,8,LOW
ses_3170,SES-003170,cow_20,station_01,rfid_20,2026-09-26T17:35:00.000Z,2026-09-26T17:39:24.000Z,COMPLETED,12.88,2.65,3.79,38.8,5.41,6.66,92,-4.6,10,LOW
ses_3171,SES-003171,cow_21,station_01,rfid_21,2026-09-26T17:35:00.000Z,2026-09-26T17:40:57.000Z,COMPLETED,13.11,2.94,4.2,38.7,6.14,6.77,175,-5,49,MODERATE
ses_3172,SES-003172,cow_22,station_01,rfid_22,2026-09-26T18:15:00.000Z,2026-09-26T18:19:47.000Z,COMPLETED,12.32,2.58,3.69,38.7,6.27,6.72,169,-13.2,50,MODERATE
ses_3173,SES-003173,cow_23,station_01,rfid_23,2026-09-26T17:42:00.000Z,2026-09-26T17:47:36.000Z,COMPLETED,12.47,2.76,3.94,38.8,6.08,6.76,183,-14,47,MODERATE
ses_3174,SES-003174,cow_24,station_01,rfid_24,2026-09-26T17:06:00.000Z,2026-09-26T17:11:07.000Z,COMPLETED,12.91,2.35,3.36,38.7,6.21,6.68,197,-13.4,46,MODERATE
ses_3175,SES-003175,cow_25,station_01,rfid_25,2026-09-26T17:15:00.000Z,2026-09-26T17:19:38.000Z,COMPLETED,14.17,2.60,3.72,38.8,5.93,6.73,205,-7.4,49,MODERATE
ses_3176,SES-003176,cow_26,station_01,rfid_26,2026-09-26T18:16:00.000Z,2026-09-26T18:20:14.000Z,COMPLETED,11.26,2.86,4.09,39.5,7.18,7.11,957,-27.8,91,VERY_HIGH
ses_3177,SES-003177,cow_27,station_01,rfid_27,2026-09-26T17:03:00.000Z,2026-09-26T17:07:08.000Z,COMPLETED,10.44,2.50,3.57,39.5,7.26,7.03,948,-34.3,86,VERY_HIGH
ses_3178,SES-003178,cow_28,station_01,rfid_28,2026-09-26T17:19:00.000Z,2026-09-26T17:23:26.000Z,COMPLETED,12.05,2.63,3.75,39.3,7.23,7.11,1018,-26.1,88,VERY_HIGH
ses_3179,SES-003179,cow_29,station_01,rfid_29,2026-09-26T18:02:00.000Z,2026-09-26T18:06:20.000Z,COMPLETED,11.69,2.83,4.05,39.5,7.25,7.12,976,-29.6,92,VERY_HIGH
ses_3180,SES-003180,cow_30,station_01,rfid_30,2026-09-26T18:28:00.000Z,2026-09-26T18:33:34.000Z,COMPLETED,12.04,2.46,3.51,39.4,7.06,7.08,947,-29.2,89,VERY_HIGH
ses_3181,SES-003181,cow_1,station_01,rfid_1,2026-09-27T06:01:00.000Z,2026-09-27T06:05:53.000Z,COMPLETED,13.06,2.65,3.79,38.6,5.53,6.65,94,2,13,LOW
ses_3182,SES-003182,cow_2,station_01,rfid_2,2026-09-27T07:17:00.000Z,2026-09-27T07:21:16.000Z,COMPLETED,13.85,2.78,3.97,38.7,5.66,6.7,97,4.9,7,LOW
ses_3183,SES-003183,cow_3,station_01,rfid_3,2026-09-27T06:17:00.000Z,2026-09-27T06:21:59.000Z,COMPLETED,13.58,2.45,3.5,38.5,5.55,6.66,118,-0.1,15,LOW
ses_3184,SES-003184,cow_4,station_01,rfid_4,2026-09-27T06:36:00.000Z,2026-09-27T06:41:16.000Z,COMPLETED,13.48,2.69,3.84,38.6,5.64,6.68,109,-3,10,LOW
ses_3185,SES-003185,cow_5,station_01,rfid_5,2026-09-27T06:35:00.000Z,2026-09-27T06:40:53.000Z,COMPLETED,14.88,2.88,4.11,38.6,5.48,6.68,120,4.1,9,LOW
ses_3186,SES-003186,cow_6,station_01,rfid_6,2026-09-27T07:14:00.000Z,2026-09-27T07:19:24.000Z,COMPLETED,14.99,2.46,3.51,38.5,5.54,6.64,122,2.7,8,LOW
ses_3187,SES-003187,cow_7,station_01,rfid_7,2026-09-27T07:28:00.000Z,2026-09-27T07:33:55.000Z,COMPLETED,14.98,2.74,3.92,38.6,5.63,6.67,129,0.5,13,LOW
ses_3188,SES-003188,cow_8,station_01,rfid_8,2026-09-27T07:06:00.000Z,2026-09-27T07:11:45.000Z,COMPLETED,15.68,2.39,3.41,38.6,5.56,6.6,145,2.5,14,LOW
ses_3189,SES-003189,cow_9,station_01,rfid_9,2026-09-27T06:09:00.000Z,2026-09-27T06:13:59.000Z,COMPLETED,16.23,2.60,3.72,38.5,5.57,6.63,156,3.4,10,LOW
ses_3190,SES-003190,cow_10,station_01,rfid_10,2026-09-27T07:01:00.000Z,2026-09-27T07:05:12.000Z,COMPLETED,16.16,2.74,3.91,38.6,5.47,6.66,88,1,12,LOW
ses_3191,SES-003191,cow_11,station_01,rfid_11,2026-09-27T06:41:00.000Z,2026-09-27T06:45:48.000Z,COMPLETED,15.64,2.44,3.48,38.6,5.54,6.64,89,-4.6,9,LOW
ses_3192,SES-003192,cow_12,station_01,rfid_12,2026-09-27T07:24:00.000Z,2026-09-27T07:28:01.000Z,COMPLETED,15.99,2.73,3.9,38.5,5.65,6.64,110,-4.3,12,LOW
ses_3193,SES-003193,cow_13,station_01,rfid_13,2026-09-27T06:09:00.000Z,2026-09-27T06:14:12.000Z,COMPLETED,17.28,2.84,4.06,38.6,5.51,6.68,101,1.1,10,LOW
ses_3194,SES-003194,cow_14,station_01,rfid_14,2026-09-27T07:25:00.000Z,2026-09-27T07:30:08.000Z,COMPLETED,17.22,2.53,3.62,38.6,5.65,6.67,122,-1,13,LOW
ses_3195,SES-003195,cow_15,station_01,rfid_15,2026-09-27T07:16:00.000Z,2026-09-27T07:21:13.000Z,COMPLETED,18,2.67,3.81,38.5,5.46,6.65,120,1.1,16,LOW
ses_3196,SES-003196,cow_16,station_01,rfid_16,2026-09-27T06:56:00.000Z,2026-09-27T07:00:44.000Z,COMPLETED,18.66,2.42,3.46,38.6,5.59,6.61,143,3.1,13,LOW
ses_3197,SES-003197,cow_17,station_01,rfid_17,2026-09-27T07:11:00.000Z,2026-09-27T07:15:10.000Z,COMPLETED,18.87,2.63,3.75,38.6,5.66,6.65,128,2.6,10,LOW
ses_3198,SES-003198,cow_18,station_01,rfid_18,2026-09-27T06:07:00.000Z,2026-09-27T06:11:20.000Z,COMPLETED,13.37,2.75,3.93,38.5,5.46,6.67,145,4.5,9,LOW
ses_3199,SES-003199,cow_19,station_01,rfid_19,2026-09-27T06:07:00.000Z,2026-09-27T06:12:38.000Z,COMPLETED,13.11,2.51,3.58,38.6,5.68,6.61,147,0.1,16,LOW
ses_3200,SES-003200,cow_20,station_01,rfid_20,2026-09-27T07:02:00.000Z,2026-09-27T07:07:00.000Z,COMPLETED,13.45,2.64,3.77,38.7,5.4,6.66,98,-0.4,15,LOW
ses_3201,SES-003201,cow_21,station_01,rfid_21,2026-09-27T07:28:00.000Z,2026-09-27T07:33:11.000Z,COMPLETED,12.49,2.88,4.11,38.8,6.16,6.77,166,-9.5,51,MODERATE
ses_3202,SES-003202,cow_22,station_01,rfid_22,2026-09-27T06:59:00.000Z,2026-09-27T07:03:00.000Z,COMPLETED,13.43,2.46,3.52,38.7,6.28,6.74,181,-5.4,52,MODERATE
ses_3203,SES-003203,cow_23,station_01,rfid_23,2026-09-27T06:14:00.000Z,2026-09-27T06:19:07.000Z,COMPLETED,12.9,2.77,3.96,39,6.12,6.79,181,-11,46,MODERATE
ses_3204,SES-003204,cow_24,station_01,rfid_24,2026-09-27T06:45:00.000Z,2026-09-27T06:49:43.000Z,COMPLETED,14.15,2.42,3.45,38.7,6.14,6.73,213,-5,46,MODERATE
ses_3205,SES-003205,cow_25,station_01,rfid_25,2026-09-27T06:51:00.000Z,2026-09-27T06:55:27.000Z,COMPLETED,14.18,2.53,3.62,38.7,6.04,6.76,211,-7.3,49,MODERATE
ses_3206,SES-003206,cow_26,station_01,rfid_26,2026-09-27T06:15:00.000Z,2026-09-27T06:19:38.000Z,COMPLETED,11.13,2.77,3.95,39.5,7.16,7.14,912,-28.7,90,VERY_HIGH
ses_3207,SES-003207,cow_27,station_01,rfid_27,2026-09-27T07:26:00.000Z,2026-09-27T07:31:03.000Z,COMPLETED,11.27,2.39,3.42,39.2,7.25,7.06,1001,-29.1,81,VERY_HIGH
ses_3208,SES-003208,cow_28,station_01,rfid_28,2026-09-27T06:07:00.000Z,2026-09-27T06:11:50.000Z,COMPLETED,11.62,2.67,3.81,39.5,7.1,7.1,1025,-28.7,88,VERY_HIGH
ses_3209,SES-003209,cow_29,station_01,rfid_29,2026-09-27T06:30:00.000Z,2026-09-27T06:34:44.000Z,COMPLETED,11.6,2.81,4.02,39.5,7.34,7.13,991,-30.1,89,VERY_HIGH
ses_3210,SES-003210,cow_30,station_01,rfid_30,2026-09-27T07:15:00.000Z,2026-09-27T07:20:36.000Z,COMPLETED,11.23,2.55,3.65,39.4,6.92,7.07,907,-33.9,80,VERY_HIGH
ses_3211,SES-003211,cow_1,station_01,rfid_1,2026-09-27T18:04:00.000Z,2026-09-27T18:09:23.000Z,COMPLETED,12.73,2.58,3.69,38.6,5.6,6.62,99,-0.5,16,LOW
ses_3212,SES-003212,cow_2,station_01,rfid_2,2026-09-27T17:34:00.000Z,2026-09-27T17:39:25.000Z,COMPLETED,13.59,2.84,4.06,38.7,5.67,6.67,95,3,16,LOW
ses_3213,SES-003213,cow_3,station_01,rfid_3,2026-09-27T17:21:00.000Z,2026-09-27T17:26:13.000Z,COMPLETED,13.98,2.46,3.51,38.5,5.47,6.66,112,2.8,15,LOW
ses_3214,SES-003214,cow_4,station_01,rfid_4,2026-09-27T18:30:00.000Z,2026-09-27T18:35:05.000Z,COMPLETED,14.04,2.72,3.89,38.6,5.66,6.67,113,1,14,LOW
ses_3215,SES-003215,cow_5,station_01,rfid_5,2026-09-27T17:34:00.000Z,2026-09-27T17:38:55.000Z,COMPLETED,13.76,2.83,4.05,38.7,5.5,6.68,119,-3.8,15,LOW
ses_3216,SES-003216,cow_6,station_01,rfid_6,2026-09-27T17:00:00.000Z,2026-09-27T17:04:16.000Z,COMPLETED,14.74,2.50,3.57,38.4,5.54,6.64,139,1,13,LOW
ses_3217,SES-003217,cow_7,station_01,rfid_7,2026-09-27T18:02:00.000Z,2026-09-27T18:06:15.000Z,COMPLETED,15.43,2.74,3.92,38.5,5.75,6.69,143,3.6,7,LOW
ses_3218,SES-003218,cow_8,station_01,rfid_8,2026-09-27T17:11:00.000Z,2026-09-27T17:15:06.000Z,COMPLETED,15.81,2.37,3.39,38.8,5.56,6.63,137,3.3,10,LOW
ses_3219,SES-003219,cow_9,station_01,rfid_9,2026-09-27T17:19:00.000Z,2026-09-27T17:23:15.000Z,COMPLETED,15.81,2.58,3.68,38.6,5.68,6.64,148,0.7,10,LOW
ses_3220,SES-003220,cow_10,station_01,rfid_10,2026-09-27T17:29:00.000Z,2026-09-27T17:33:11.000Z,COMPLETED,16.66,2.76,3.94,38.6,5.49,6.7,79,4.1,11,LOW
ses_3221,SES-003221,cow_11,station_01,rfid_11,2026-09-27T18:08:00.000Z,2026-09-27T18:12:32.000Z,COMPLETED,15.87,2.44,3.49,38.7,5.56,6.66,104,-3.2,15,LOW
ses_3222,SES-003222,cow_12,station_01,rfid_12,2026-09-27T17:01:00.000Z,2026-09-27T17:05:11.000Z,COMPLETED,17.48,2.71,3.87,38.4,5.65,6.69,101,4.7,10,LOW
ses_3223,SES-003223,cow_13,station_01,rfid_13,2026-09-27T17:59:00.000Z,2026-09-27T18:04:55.000Z,COMPLETED,17.05,2.88,4.12,38.6,5.46,6.68,107,-0.3,9,LOW
ses_3224,SES-003224,cow_14,station_01,rfid_14,2026-09-27T17:24:00.000Z,2026-09-27T17:29:33.000Z,COMPLETED,17.52,2.58,3.69,38.7,5.67,6.65,129,0.7,14,LOW
ses_3225,SES-003225,cow_15,station_01,rfid_15,2026-09-27T18:21:00.000Z,2026-09-27T18:25:23.000Z,COMPLETED,17.6,2.72,3.89,38.4,5.51,6.65,134,-1.1,15,LOW
ses_3226,SES-003226,cow_16,station_01,rfid_16,2026-09-27T17:38:00.000Z,2026-09-27T17:43:06.000Z,COMPLETED,18.31,2.39,3.42,38.6,5.56,6.63,140,1.2,17,LOW
ses_3227,SES-003227,cow_17,station_01,rfid_17,2026-09-27T17:01:00.000Z,2026-09-27T17:05:20.000Z,COMPLETED,18.31,2.60,3.72,38.8,5.72,6.62,134,-0.5,10,LOW
ses_3228,SES-003228,cow_18,station_01,rfid_18,2026-09-27T18:30:00.000Z,2026-09-27T18:34:07.000Z,COMPLETED,13.22,2.80,4,38.4,5.54,6.67,155,3.3,16,LOW
ses_3229,SES-003229,cow_19,station_01,rfid_19,2026-09-27T17:25:00.000Z,2026-09-27T17:29:40.000Z,COMPLETED,13.24,2.44,3.48,38.5,5.62,6.65,159,1.1,17,LOW
ses_3230,SES-003230,cow_20,station_01,rfid_20,2026-09-27T17:35:00.000Z,2026-09-27T17:40:52.000Z,COMPLETED,13.6,2.66,3.8,38.8,5.42,6.66,91,0.7,16,LOW
ses_3231,SES-003231,cow_21,station_01,rfid_21,2026-09-27T17:26:00.000Z,2026-09-27T17:31:08.000Z,COMPLETED,11.7,2.89,4.13,38.8,6.13,6.76,175,-15.2,48,MODERATE
ses_3232,SES-003232,cow_22,station_01,rfid_22,2026-09-27T17:12:00.000Z,2026-09-27T17:17:51.000Z,COMPLETED,12.77,2.56,3.66,38.9,6.2,6.73,191,-10.1,48,MODERATE
ses_3233,SES-003233,cow_23,station_01,rfid_23,2026-09-27T18:11:00.000Z,2026-09-27T18:16:11.000Z,COMPLETED,13.06,2.73,3.9,38.8,6.11,6.78,183,-9.9,50,MODERATE
ses_3234,SES-003234,cow_24,station_01,rfid_24,2026-09-27T17:10:00.000Z,2026-09-27T17:14:09.000Z,COMPLETED,12.68,2.33,3.33,38.6,6.15,6.71,207,-14.9,46,MODERATE
ses_3235,SES-003235,cow_25,station_01,rfid_25,2026-09-27T18:17:00.000Z,2026-09-27T18:21:44.000Z,COMPLETED,13.55,2.60,3.71,38.9,6.01,6.76,219,-11.4,48,MODERATE
ses_3236,SES-003236,cow_26,station_01,rfid_26,2026-09-27T18:10:00.000Z,2026-09-27T18:15:36.000Z,COMPLETED,11.11,2.75,3.93,39.5,7.2,7.12,1017,-28.8,84,VERY_HIGH
ses_3237,SES-003237,cow_27,station_01,rfid_27,2026-09-27T17:48:00.000Z,2026-09-27T17:53:22.000Z,COMPLETED,11.24,2.47,3.53,39.4,7.3,7.07,891,-29.3,93,VERY_HIGH
ses_3238,SES-003238,cow_28,station_01,rfid_28,2026-09-27T17:58:00.000Z,2026-09-27T18:02:53.000Z,COMPLETED,11.75,2.68,3.83,39.5,7.23,7.11,953,-27.9,91,VERY_HIGH
ses_3239,SES-003239,cow_29,station_01,rfid_29,2026-09-27T17:03:00.000Z,2026-09-27T17:07:39.000Z,COMPLETED,11.86,2.87,4.1,39.5,7.23,7.08,1028,-28.6,86,VERY_HIGH
ses_3240,SES-003240,cow_30,station_01,rfid_30,2026-09-27T17:31:00.000Z,2026-09-27T17:35:53.000Z,COMPLETED,11.09,2.49,3.56,39.4,6.95,7.08,955,-34.8,90,VERY_HIGH
ses_3241,SES-003241,cow_1,station_01,rfid_1,2026-09-28T06:56:00.000Z,2026-09-28T07:00:30.000Z,COMPLETED,13.13,2.64,3.77,38.6,5.57,6.64,101,2.6,8,LOW
ses_3242,SES-003242,cow_2,station_01,rfid_2,2026-09-28T06:55:00.000Z,2026-09-28T07:00:06.000Z,COMPLETED,13.95,2.76,3.94,38.7,5.73,6.71,94,5.7,17,LOW
ses_3243,SES-003243,cow_3,station_01,rfid_3,2026-09-28T07:18:00.000Z,2026-09-28T07:22:53.000Z,COMPLETED,13.64,2.46,3.51,38.5,5.45,6.63,104,0.3,9,LOW
ses_3244,SES-003244,cow_4,station_01,rfid_4,2026-09-28T06:13:00.000Z,2026-09-28T06:17:29.000Z,COMPLETED,14.09,2.72,3.89,38.6,5.6,6.65,125,1.4,11,LOW
ses_3245,SES-003245,cow_5,station_01,rfid_5,2026-09-28T07:25:00.000Z,2026-09-28T07:30:22.000Z,COMPLETED,14.59,2.90,4.14,38.7,5.41,6.71,115,2,16,LOW
ses_3246,SES-003246,cow_6,station_01,rfid_6,2026-09-28T06:32:00.000Z,2026-09-28T06:37:15.000Z,COMPLETED,14.63,2.51,3.59,38.6,5.55,6.65,137,0.2,14,LOW
ses_3247,SES-003247,cow_7,station_01,rfid_7,2026-09-28T06:44:00.000Z,2026-09-28T06:48:58.000Z,COMPLETED,15.3,2.79,3.98,38.5,5.66,6.65,130,2.7,7,LOW
ses_3248,SES-003248,cow_8,station_01,rfid_8,2026-09-28T06:37:00.000Z,2026-09-28T06:42:23.000Z,COMPLETED,15.42,2.44,3.49,38.8,5.54,6.63,142,0.8,12,LOW
ses_3249,SES-003249,cow_9,station_01,rfid_9,2026-09-28T06:42:00.000Z,2026-09-28T06:47:26.000Z,COMPLETED,16.01,2.63,3.75,38.4,5.64,6.64,141,2,7,LOW
ses_3250,SES-003250,cow_10,station_01,rfid_10,2026-09-28T07:11:00.000Z,2026-09-28T07:15:02.000Z,COMPLETED,15.98,2.86,4.09,38.7,5.49,6.7,82,-0.1,11,LOW
ses_3251,SES-003251,cow_11,station_01,rfid_11,2026-09-28T06:38:00.000Z,2026-09-28T06:42:39.000Z,COMPLETED,16.19,2.42,3.45,38.7,5.52,6.65,89,-1.3,16,LOW
ses_3252,SES-003252,cow_12,station_01,rfid_12,2026-09-28T06:15:00.000Z,2026-09-28T06:20:08.000Z,COMPLETED,17.35,2.63,3.75,38.4,5.66,6.64,95,3.9,10,LOW
ses_3253,SES-003253,cow_13,station_01,rfid_13,2026-09-28T06:40:00.000Z,2026-09-28T06:44:22.000Z,COMPLETED,17.66,2.87,4.1,38.6,5.53,6.68,101,3.3,9,LOW
ses_3254,SES-003254,cow_14,station_01,rfid_14,2026-09-28T06:28:00.000Z,2026-09-28T06:32:16.000Z,COMPLETED,16.74,2.48,3.55,38.8,5.65,6.64,125,-3.8,11,LOW
ses_3255,SES-003255,cow_15,station_01,rfid_15,2026-09-28T06:27:00.000Z,2026-09-28T06:31:09.000Z,COMPLETED,17.74,2.79,3.98,38.5,5.41,6.66,113,-0.3,10,LOW
ses_3256,SES-003256,cow_16,station_01,rfid_16,2026-09-28T06:42:00.000Z,2026-09-28T06:46:08.000Z,COMPLETED,18.89,2.32,3.32,38.6,5.61,6.61,131,4.4,16,LOW
ses_3257,SES-003257,cow_17,station_01,rfid_17,2026-09-28T06:38:00.000Z,2026-09-28T06:42:28.000Z,COMPLETED,18.69,2.53,3.61,38.6,5.64,6.67,142,1.6,14,LOW
ses_3258,SES-003258,cow_18,station_01,rfid_18,2026-09-28T07:23:00.000Z,2026-09-28T07:27:15.000Z,COMPLETED,13.52,2.86,4.09,38.4,5.47,6.67,137,5.6,10,LOW
ses_3259,SES-003259,cow_19,station_01,rfid_19,2026-09-28T07:15:00.000Z,2026-09-28T07:20:50.000Z,COMPLETED,13.74,2.49,3.56,38.6,5.64,6.65,154,4.9,12,LOW
ses_3260,SES-003260,cow_20,station_01,rfid_20,2026-09-28T06:53:00.000Z,2026-09-28T06:58:36.000Z,COMPLETED,13.51,2.67,3.82,38.6,5.42,6.64,101,0.1,13,LOW
ses_3261,SES-003261,cow_21,station_01,rfid_21,2026-09-28T06:44:00.000Z,2026-09-28T06:48:50.000Z,COMPLETED,11.72,2.84,4.06,38.7,6.14,6.76,174,-15.1,48,MODERATE
ses_3262,SES-003262,cow_22,station_01,rfid_22,2026-09-28T07:01:00.000Z,2026-09-28T07:05:02.000Z,COMPLETED,13.13,2.57,3.67,38.9,6.28,6.71,185,-7.5,49,MODERATE
ses_3263,SES-003263,cow_23,station_01,rfid_23,2026-09-28T06:41:00.000Z,2026-09-28T06:45:06.000Z,COMPLETED,13.73,2.77,3.96,38.9,6.1,6.75,183,-5.3,49,MODERATE
ses_3264,SES-003264,cow_24,station_01,rfid_24,2026-09-28T07:19:00.000Z,2026-09-28T07:24:54.000Z,COMPLETED,12.82,2.42,3.46,38.8,6.25,6.72,207,-14,47,MODERATE
ses_3265,SES-003265,cow_25,station_01,rfid_25,2026-09-28T06:07:00.000Z,2026-09-28T06:12:18.000Z,COMPLETED,13.01,2.57,3.67,38.8,5.99,6.73,217,-15,52,MODERATE
ses_3266,SES-003266,cow_26,station_01,rfid_26,2026-09-28T07:16:00.000Z,2026-09-28T07:20:53.000Z,COMPLETED,11.63,2.85,4.07,39.4,7.08,7.09,997,-25.4,91,VERY_HIGH
ses_3267,SES-003267,cow_27,station_01,rfid_27,2026-09-28T07:15:00.000Z,2026-09-28T07:19:32.000Z,COMPLETED,10.95,2.52,3.6,39.3,7.22,7.1,900,-31.1,85,VERY_HIGH
ses_3268,SES-003268,cow_28,station_01,rfid_28,2026-09-28T07:13:00.000Z,2026-09-28T07:17:36.000Z,COMPLETED,11.62,2.61,3.73,39.4,7.15,7.13,1021,-28.7,86,VERY_HIGH
ses_3269,SES-003269,cow_29,station_01,rfid_29,2026-09-28T06:48:00.000Z,2026-09-28T06:53:42.000Z,COMPLETED,11.58,2.84,4.06,39.4,7.37,7.16,901,-30.2,80,VERY_HIGH
ses_3270,SES-003270,cow_30,station_01,rfid_30,2026-09-28T07:15:00.000Z,2026-09-28T07:20:00.000Z,COMPLETED,11.63,2.58,3.69,39.4,7.02,7.07,873,-31.6,90,VERY_HIGH
ses_3271,SES-003271,cow_1,station_01,rfid_1,2026-09-28T17:20:00.000Z,2026-09-28T17:25:29.000Z,COMPLETED,13.09,2.58,3.69,38.7,5.59,6.67,106,2.3,12,LOW
ses_3272,SES-003272,cow_2,station_01,rfid_2,2026-09-28T17:15:00.000Z,2026-09-28T17:20:20.000Z,COMPLETED,13.28,2.74,3.91,38.7,5.74,6.68,114,0.6,13,LOW
ses_3273,SES-003273,cow_3,station_01,rfid_3,2026-09-28T17:02:00.000Z,2026-09-28T17:06:54.000Z,COMPLETED,12.98,2.46,3.51,38.6,5.46,6.66,103,-4.6,14,LOW
ses_3274,SES-003274,cow_4,station_01,rfid_4,2026-09-28T18:09:00.000Z,2026-09-28T18:14:35.000Z,COMPLETED,13.8,2.69,3.85,38.5,5.61,6.66,124,-0.7,15,LOW
ses_3275,SES-003275,cow_5,station_01,rfid_5,2026-09-28T18:19:00.000Z,2026-09-28T18:23:34.000Z,COMPLETED,15.07,2.91,4.15,38.7,5.43,6.67,131,5.4,8,LOW
ses_3276,SES-003276,cow_6,station_01,rfid_6,2026-09-28T17:06:00.000Z,2026-09-28T17:10:05.000Z,COMPLETED,14.68,2.46,3.52,38.5,5.57,6.65,133,0.5,11,LOW
ses_3277,SES-003277,cow_7,station_01,rfid_7,2026-09-28T17:48:00.000Z,2026-09-28T17:52:57.000Z,COMPLETED,14.54,2.79,3.98,38.5,5.64,6.65,142,-2.4,12,LOW
ses_3278,SES-003278,cow_8,station_01,rfid_8,2026-09-28T17:30:00.000Z,2026-09-28T17:35:12.000Z,COMPLETED,14.88,2.42,3.45,38.6,5.55,6.65,134,-2.7,10,LOW
ses_3279,SES-003279,cow_9,station_01,rfid_9,2026-09-28T17:00:00.000Z,2026-09-28T17:04:45.000Z,COMPLETED,16.38,2.56,3.66,38.4,5.63,6.67,148,4.3,14,LOW
ses_3280,SES-003280,cow_10,station_01,rfid_10,2026-09-28T17:32:00.000Z,2026-09-28T17:36:33.000Z,COMPLETED,16.11,2.86,4.08,38.5,5.46,6.69,97,0.7,15,LOW
ses_3281,SES-003281,cow_11,station_01,rfid_11,2026-09-28T17:58:00.000Z,2026-09-28T18:02:52.000Z,COMPLETED,15.93,2.50,3.57,38.7,5.59,6.66,87,-2.9,14,LOW
ses_3282,SES-003282,cow_12,station_01,rfid_12,2026-09-28T17:07:00.000Z,2026-09-28T17:11:07.000Z,COMPLETED,16.33,2.64,3.77,38.5,5.72,6.68,115,-2.2,8,LOW
ses_3283,SES-003283,cow_13,station_01,rfid_13,2026-09-28T18:04:00.000Z,2026-09-28T18:08:40.000Z,COMPLETED,17.82,2.85,4.07,38.5,5.47,6.67,108,4.2,9,LOW
ses_3284,SES-003284,cow_14,station_01,rfid_14,2026-09-28T17:06:00.000Z,2026-09-28T17:10:23.000Z,COMPLETED,16.7,2.52,3.6,38.7,5.65,6.64,110,-4,15,LOW
ses_3285,SES-003285,cow_15,station_01,rfid_15,2026-09-28T18:27:00.000Z,2026-09-28T18:32:14.000Z,COMPLETED,17.11,2.67,3.81,38.4,5.5,6.67,132,-3.9,16,LOW
ses_3286,SES-003286,cow_16,station_01,rfid_16,2026-09-28T17:58:00.000Z,2026-09-28T18:02:29.000Z,COMPLETED,18.16,2.32,3.32,38.5,5.54,6.61,124,0.3,11,LOW
ses_3287,SES-003287,cow_17,station_01,rfid_17,2026-09-28T17:41:00.000Z,2026-09-28T17:46:01.000Z,COMPLETED,17.74,2.63,3.76,38.6,5.66,6.65,142,-3.6,14,LOW
ses_3288,SES-003288,cow_18,station_01,rfid_18,2026-09-28T17:43:00.000Z,2026-09-28T17:48:06.000Z,COMPLETED,12.95,2.84,4.06,38.5,5.49,6.68,154,1.2,15,LOW
ses_3289,SES-003289,cow_19,station_01,rfid_19,2026-09-28T18:25:00.000Z,2026-09-28T18:29:00.000Z,COMPLETED,12.88,2.47,3.53,38.7,5.58,6.65,145,-1.7,13,LOW
ses_3290,SES-003290,cow_20,station_01,rfid_20,2026-09-28T18:16:00.000Z,2026-09-28T18:20:52.000Z,COMPLETED,13.42,2.63,3.75,38.7,5.43,6.68,85,-0.6,14,LOW
ses_3291,SES-003291,cow_21,station_01,rfid_21,2026-09-28T17:22:00.000Z,2026-09-28T17:27:12.000Z,COMPLETED,12.23,2.86,4.08,38.7,6.12,6.8,178,-11.4,50,MODERATE
ses_3292,SES-003292,cow_22,station_01,rfid_22,2026-09-28T17:33:00.000Z,2026-09-28T17:37:28.000Z,COMPLETED,12.59,2.53,3.61,38.9,6.32,6.73,177,-11.3,46,MODERATE
ses_3293,SES-003293,cow_23,station_01,rfid_23,2026-09-28T18:23:00.000Z,2026-09-28T18:28:26.000Z,COMPLETED,12.33,2.76,3.94,38.9,6.14,6.79,203,-15,48,MODERATE
ses_3294,SES-003294,cow_24,station_01,rfid_24,2026-09-28T17:58:00.000Z,2026-09-28T18:02:32.000Z,COMPLETED,14.14,2.44,3.49,38.8,6.2,6.74,210,-5.1,52,MODERATE
ses_3295,SES-003295,cow_25,station_01,rfid_25,2026-09-28T17:45:00.000Z,2026-09-28T17:49:40.000Z,COMPLETED,14,2.66,3.8,38.7,6.07,6.74,209,-8.5,51,MODERATE
ses_3296,SES-003296,cow_26,station_01,rfid_26,2026-09-28T18:24:00.000Z,2026-09-28T18:29:43.000Z,COMPLETED,10.85,2.80,4,39.6,7.14,7.11,1013,-30.4,88,VERY_HIGH
ses_3297,SES-003297,cow_27,station_01,rfid_27,2026-09-28T17:33:00.000Z,2026-09-28T17:38:38.000Z,COMPLETED,10.99,2.44,3.49,39.4,7.23,7.1,979,-30.9,87,VERY_HIGH
ses_3298,SES-003298,cow_28,station_01,rfid_28,2026-09-28T18:16:00.000Z,2026-09-28T18:22:00.000Z,COMPLETED,11.89,2.69,3.84,39.6,7.08,7.11,980,-27.1,93,VERY_HIGH
ses_3299,SES-003299,cow_29,station_01,rfid_29,2026-09-28T17:23:00.000Z,2026-09-28T17:28:38.000Z,COMPLETED,12.34,2.89,4.13,39.6,7.26,7.13,937,-25.7,80,VERY_HIGH
ses_3300,SES-003300,cow_30,station_01,rfid_30,2026-09-28T17:55:00.000Z,2026-09-28T18:00:12.000Z,COMPLETED,11.61,2.58,3.68,39.3,7.03,7.07,801,-31.7,86,VERY_HIGH
ses_3301,SES-003301,cow_1,station_01,rfid_1,2026-09-29T06:07:00.000Z,2026-09-29T06:11:19.000Z,COMPLETED,12.63,2.55,3.64,38.7,5.63,6.65,88,-1.3,13,LOW
ses_3302,SES-003302,cow_2,station_01,rfid_2,2026-09-29T06:30:00.000Z,2026-09-29T06:34:26.000Z,COMPLETED,12.45,2.77,3.95,38.8,5.72,6.68,105,-5.7,13,LOW
ses_3303,SES-003303,cow_3,station_01,rfid_3,2026-09-29T06:44:00.000Z,2026-09-29T06:49:41.000Z,COMPLETED,13.2,2.46,3.51,38.5,5.56,6.63,121,-2.9,14,LOW
ses_3304,SES-003304,cow_4,station_01,rfid_4,2026-09-29T06:58:00.000Z,2026-09-29T07:02:35.000Z,COMPLETED,14.54,2.62,3.74,38.6,5.62,6.65,108,4.6,16,LOW
ses_3305,SES-003305,cow_5,station_01,rfid_5,2026-09-29T06:22:00.000Z,2026-09-29T06:26:58.000Z,COMPLETED,14.75,2.90,4.14,38.7,5.44,6.69,124,3.1,10,LOW
ses_3306,SES-003306,cow_6,station_01,rfid_6,2026-09-29T07:18:00.000Z,2026-09-29T07:22:57.000Z,COMPLETED,14.37,2.55,3.65,38.5,5.59,6.62,140,-1.6,14,LOW
ses_3307,SES-003307,cow_7,station_01,rfid_7,2026-09-29T06:05:00.000Z,2026-09-29T06:10:34.000Z,COMPLETED,14.45,2.73,3.9,38.5,5.72,6.69,145,-3,16,LOW
ses_3308,SES-003308,cow_8,station_01,rfid_8,2026-09-29T06:45:00.000Z,2026-09-29T06:49:39.000Z,COMPLETED,15.62,2.34,3.34,38.7,5.54,6.63,150,2.1,11,LOW
ses_3309,SES-003309,cow_9,station_01,rfid_9,2026-09-29T06:50:00.000Z,2026-09-29T06:55:07.000Z,COMPLETED,15.76,2.60,3.72,38.4,5.63,6.63,160,0.4,17,LOW
ses_3310,SES-003310,cow_10,station_01,rfid_10,2026-09-29T06:14:00.000Z,2026-09-29T06:18:14.000Z,COMPLETED,15.21,2.87,4.1,38.5,5.46,6.67,96,-4.9,13,LOW
ses_3311,SES-003311,cow_11,station_01,rfid_11,2026-09-29T07:14:00.000Z,2026-09-29T07:18:28.000Z,COMPLETED,16.37,2.39,3.42,38.7,5.62,6.61,104,-0.2,14,LOW
ses_3312,SES-003312,cow_12,station_01,rfid_12,2026-09-29T06:59:00.000Z,2026-09-29T07:04:43.000Z,COMPLETED,15.93,2.60,3.72,38.6,5.66,6.63,112,-4.6,13,LOW
ses_3313,SES-003313,cow_13,station_01,rfid_13,2026-09-29T06:44:00.000Z,2026-09-29T06:49:19.000Z,COMPLETED,17.36,2.86,4.08,38.5,5.53,6.7,116,1.5,13,LOW
ses_3314,SES-003314,cow_14,station_01,rfid_14,2026-09-29T06:56:00.000Z,2026-09-29T07:00:35.000Z,COMPLETED,17.79,2.48,3.54,38.7,5.61,6.62,120,2.2,8,LOW
ses_3315,SES-003315,cow_15,station_01,rfid_15,2026-09-29T06:07:00.000Z,2026-09-29T06:12:29.000Z,COMPLETED,17.64,2.74,3.92,38.6,5.51,6.64,117,-0.9,10,LOW
ses_3316,SES-003316,cow_16,station_01,rfid_16,2026-09-29T06:00:00.000Z,2026-09-29T06:05:21.000Z,COMPLETED,18.88,2.34,3.34,38.6,5.58,6.62,126,4.3,14,LOW
ses_3317,SES-003317,cow_17,station_01,rfid_17,2026-09-29T06:39:00.000Z,2026-09-29T06:43:45.000Z,COMPLETED,19.16,2.61,3.73,38.7,5.7,6.65,141,4.1,9,LOW
ses_3318,SES-003318,cow_18,station_01,rfid_18,2026-09-29T07:30:00.000Z,2026-09-29T07:35:41.000Z,COMPLETED,12.31,2.84,4.06,38.6,5.49,6.69,154,-3.8,8,LOW
ses_3319,SES-003319,cow_19,station_01,rfid_19,2026-09-29T06:05:00.000Z,2026-09-29T06:10:02.000Z,COMPLETED,13.83,2.42,3.45,38.6,5.67,6.64,154,5.6,11,LOW
ses_3320,SES-003320,cow_20,station_01,rfid_20,2026-09-29T06:10:00.000Z,2026-09-29T06:15:16.000Z,COMPLETED,13.31,2.65,3.78,38.6,5.42,6.67,99,-1.4,8,LOW
ses_3321,SES-003321,cow_21,station_01,rfid_21,2026-09-29T06:11:00.000Z,2026-09-29T06:15:24.000Z,COMPLETED,12.22,2.88,4.11,38.7,6.17,6.81,174,-11.4,50,MODERATE
ses_3322,SES-003322,cow_22,station_01,rfid_22,2026-09-29T06:04:00.000Z,2026-09-29T06:09:05.000Z,COMPLETED,13.37,2.52,3.6,38.8,6.3,6.74,181,-5.8,47,MODERATE
ses_3323,SES-003323,cow_23,station_01,rfid_23,2026-09-29T07:26:00.000Z,2026-09-29T07:31:19.000Z,COMPLETED,13.34,2.74,3.91,38.9,6.07,6.76,186,-8,55,MODERATE
ses_3324,SES-003324,cow_24,station_01,rfid_24,2026-09-29T07:06:00.000Z,2026-09-29T07:10:05.000Z,COMPLETED,12.93,2.42,3.46,38.7,6.23,6.73,209,-13.2,55,MODERATE
ses_3325,SES-003325,cow_25,station_01,rfid_25,2026-09-29T06:57:00.000Z,2026-09-29T07:01:45.000Z,COMPLETED,13.88,2.58,3.68,38.9,6.1,6.74,225,-9.3,50,MODERATE
ses_3326,SES-003326,cow_26,station_01,rfid_26,2026-09-29T06:26:00.000Z,2026-09-29T06:31:33.000Z,COMPLETED,11.56,2.80,4,39.5,7.11,7.14,915,-25.9,89,VERY_HIGH
ses_3327,SES-003327,cow_27,station_01,rfid_27,2026-09-29T06:24:00.000Z,2026-09-29T06:29:38.000Z,COMPLETED,10.78,2.51,3.58,39.2,7.3,7.05,975,-32.2,91,VERY_HIGH
ses_3328,SES-003328,cow_28,station_01,rfid_28,2026-09-29T06:33:00.000Z,2026-09-29T06:38:46.000Z,COMPLETED,11.37,2.67,3.82,39.4,7.11,7.07,951,-30.2,93,VERY_HIGH
ses_3329,SES-003329,cow_29,station_01,rfid_29,2026-09-29T06:29:00.000Z,2026-09-29T06:34:56.000Z,COMPLETED,12.1,2.81,4.01,39.5,7.33,7.11,995,-27.1,92,VERY_HIGH
ses_3330,SES-003330,cow_30,station_01,rfid_30,2026-09-29T06:54:00.000Z,2026-09-29T06:58:37.000Z,COMPLETED,12.17,2.57,3.67,39.3,6.96,7.07,904,-28.4,85,VERY_HIGH
ses_3331,SES-003331,cow_1,station_01,rfid_1,2026-09-29T17:15:00.000Z,2026-09-29T17:19:20.000Z,COMPLETED,13.22,2.65,3.79,38.5,5.55,6.62,85,3.3,16,LOW
ses_3332,SES-003332,cow_2,station_01,rfid_2,2026-09-29T18:24:00.000Z,2026-09-29T18:29:45.000Z,COMPLETED,13.03,2.77,3.96,38.7,5.73,6.68,112,-1.3,15,LOW
ses_3333,SES-003333,cow_3,station_01,rfid_3,2026-09-29T17:08:00.000Z,2026-09-29T17:13:32.000Z,COMPLETED,13.05,2.52,3.6,38.5,5.48,6.65,111,-4,12,LOW
ses_3334,SES-003334,cow_4,station_01,rfid_4,2026-09-29T18:08:00.000Z,2026-09-29T18:12:24.000Z,COMPLETED,13.11,2.66,3.8,38.7,5.58,6.66,118,-5.7,16,LOW
ses_3335,SES-003335,cow_5,station_01,rfid_5,2026-09-29T17:01:00.000Z,2026-09-29T17:06:13.000Z,COMPLETED,14.38,2.83,4.05,38.7,5.49,6.7,131,0.6,11,LOW
ses_3336,SES-003336,cow_6,station_01,rfid_6,2026-09-29T17:36:00.000Z,2026-09-29T17:40:00.000Z,COMPLETED,15.08,2.53,3.62,38.4,5.54,6.67,124,3.3,7,LOW
ses_3337,SES-003337,cow_7,station_01,rfid_7,2026-09-29T17:11:00.000Z,2026-09-29T17:15:04.000Z,COMPLETED,14.35,2.79,3.99,38.7,5.69,6.64,149,-3.7,11,LOW
ses_3338,SES-003338,cow_8,station_01,rfid_8,2026-09-29T17:04:00.000Z,2026-09-29T17:09:31.000Z,COMPLETED,15.81,2.36,3.37,38.7,5.45,6.6,146,3.3,8,LOW
ses_3339,SES-003339,cow_9,station_01,rfid_9,2026-09-29T18:08:00.000Z,2026-09-29T18:12:20.000Z,COMPLETED,15.69,2.62,3.74,38.5,5.64,6.62,165,-0.1,14,LOW
ses_3340,SES-003340,cow_10,station_01,rfid_10,2026-09-29T17:59:00.000Z,2026-09-29T18:04:26.000Z,COMPLETED,16.5,2.79,3.99,38.6,5.49,6.66,96,3.1,13,LOW
ses_3341,SES-003341,cow_11,station_01,rfid_11,2026-09-29T17:27:00.000Z,2026-09-29T17:31:57.000Z,COMPLETED,16.33,2.50,3.57,38.7,5.55,6.65,96,-0.4,11,LOW
ses_3342,SES-003342,cow_12,station_01,rfid_12,2026-09-29T17:24:00.000Z,2026-09-29T17:29:15.000Z,COMPLETED,16.46,2.66,3.8,38.5,5.74,6.64,109,-1.4,11,LOW
ses_3343,SES-003343,cow_13,station_01,rfid_13,2026-09-29T17:52:00.000Z,2026-09-29T17:56:22.000Z,COMPLETED,17.81,2.84,4.06,38.6,5.57,6.72,110,4.2,11,LOW
ses_3344,SES-003344,cow_14,station_01,rfid_14,2026-09-29T18:19:00.000Z,2026-09-29T18:23:55.000Z,COMPLETED,18.2,2.51,3.58,38.7,5.65,6.64,120,4.6,16,LOW
ses_3345,SES-003345,cow_15,station_01,rfid_15,2026-09-29T17:03:00.000Z,2026-09-29T17:08:49.000Z,COMPLETED,17.35,2.75,3.93,38.4,5.41,6.65,137,-2.5,7,LOW
ses_3346,SES-003346,cow_16,station_01,rfid_16,2026-09-29T17:25:00.000Z,2026-09-29T17:29:02.000Z,COMPLETED,17.9,2.43,3.47,38.5,5.6,6.64,136,-1.1,8,LOW
ses_3347,SES-003347,cow_17,station_01,rfid_17,2026-09-29T17:19:00.000Z,2026-09-29T17:24:46.000Z,COMPLETED,18.39,2.63,3.75,38.7,5.75,6.64,130,-0.1,10,LOW
ses_3348,SES-003348,cow_18,station_01,rfid_18,2026-09-29T18:21:00.000Z,2026-09-29T18:26:55.000Z,COMPLETED,13.33,2.81,4.02,38.5,5.5,6.7,144,4.1,7,LOW
ses_3349,SES-003349,cow_19,station_01,rfid_19,2026-09-29T17:58:00.000Z,2026-09-29T18:02:51.000Z,COMPLETED,12.91,2.39,3.42,38.5,5.68,6.62,143,-1.5,12,LOW
ses_3350,SES-003350,cow_20,station_01,rfid_20,2026-09-29T17:16:00.000Z,2026-09-29T17:21:34.000Z,COMPLETED,12.88,2.60,3.72,38.8,5.51,6.65,91,-4.6,15,LOW
ses_3351,SES-003351,cow_21,station_01,rfid_21,2026-09-29T18:27:00.000Z,2026-09-29T18:32:27.000Z,COMPLETED,12.84,2.87,4.1,38.7,6.2,6.78,176,-7,54,MODERATE
ses_3352,SES-003352,cow_22,station_01,rfid_22,2026-09-29T17:26:00.000Z,2026-09-29T17:31:19.000Z,COMPLETED,12.06,2.56,3.66,38.9,6.31,6.77,186,-15.1,53,MODERATE
ses_3353,SES-003353,cow_23,station_01,rfid_23,2026-09-29T17:58:00.000Z,2026-09-29T18:03:17.000Z,COMPLETED,12.6,2.78,3.97,39,6.18,6.75,205,-13.1,53,MODERATE
ses_3354,SES-003354,cow_24,station_01,rfid_24,2026-09-29T18:29:00.000Z,2026-09-29T18:33:20.000Z,COMPLETED,13.14,2.42,3.46,38.7,6.22,6.73,221,-11.8,51,MODERATE
ses_3355,SES-003355,cow_25,station_01,rfid_25,2026-09-29T17:13:00.000Z,2026-09-29T17:17:19.000Z,COMPLETED,14.45,2.64,3.77,38.8,6.02,6.74,231,-5.6,51,MODERATE
ses_3356,SES-003356,cow_26,station_01,rfid_26,2026-09-29T17:08:00.000Z,2026-09-29T17:13:30.000Z,COMPLETED,10.67,2.74,3.91,39.6,7.21,7.1,837,-31.6,90,VERY_HIGH
ses_3357,SES-003357,cow_27,station_01,rfid_27,2026-09-29T17:16:00.000Z,2026-09-29T17:20:33.000Z,COMPLETED,10.41,2.38,3.4,39.4,7.27,7.02,958,-34.5,83,VERY_HIGH
ses_3358,SES-003358,cow_28,station_01,rfid_28,2026-09-29T17:59:00.000Z,2026-09-29T18:03:04.000Z,COMPLETED,11.2,2.64,3.77,39.3,7.19,7.09,1007,-31.3,93,VERY_HIGH
ses_3359,SES-003359,cow_29,station_01,rfid_29,2026-09-29T17:18:00.000Z,2026-09-29T17:23:29.000Z,COMPLETED,11.9,2.88,4.12,39.5,7.24,7.17,884,-28.3,92,VERY_HIGH
ses_3360,SES-003360,cow_30,station_01,rfid_30,2026-09-29T17:23:00.000Z,2026-09-29T17:27:24.000Z,COMPLETED,11.53,2.47,3.53,39.2,7.13,7.05,883,-32.2,81,VERY_HIGH
ses_3361,SES-003361,cow_1,station_01,rfid_1,2026-09-30T07:11:00.000Z,2026-09-30T07:16:01.000Z,COMPLETED,12.6,2.59,3.7,38.6,5.59,6.62,87,-1.6,7,LOW
ses_3362,SES-003362,cow_2,station_01,rfid_2,2026-09-30T07:29:00.000Z,2026-09-30T07:33:41.000Z,COMPLETED,12.43,2.86,4.09,38.8,5.69,6.66,108,-5.8,16,LOW
ses_3363,SES-003363,cow_3,station_01,rfid_3,2026-09-30T06:02:00.000Z,2026-09-30T06:07:54.000Z,COMPLETED,13.93,2.52,3.6,38.5,5.55,6.6,117,2.4,15,LOW
ses_3364,SES-003364,cow_4,station_01,rfid_4,2026-09-30T06:48:00.000Z,2026-09-30T06:53:53.000Z,COMPLETED,13.1,2.64,3.77,38.7,5.64,6.66,129,-5.8,11,LOW
ses_3365,SES-003365,cow_5,station_01,rfid_5,2026-09-30T06:23:00.000Z,2026-09-30T06:28:37.000Z,COMPLETED,13.91,2.87,4.1,38.8,5.51,6.71,132,-2.7,12,LOW
ses_3366,SES-003366,cow_6,station_01,rfid_6,2026-09-30T06:43:00.000Z,2026-09-30T06:47:19.000Z,COMPLETED,14.28,2.53,3.61,38.4,5.58,6.64,137,-2.2,8,LOW
ses_3367,SES-003367,cow_7,station_01,rfid_7,2026-09-30T06:34:00.000Z,2026-09-30T06:38:43.000Z,COMPLETED,14.95,2.76,3.94,38.7,5.72,6.65,138,0.3,14,LOW
ses_3368,SES-003368,cow_8,station_01,rfid_8,2026-09-30T06:46:00.000Z,2026-09-30T06:51:17.000Z,COMPLETED,15.62,2.32,3.32,38.7,5.46,6.61,152,2.1,17,LOW
ses_3369,SES-003369,cow_9,station_01,rfid_9,2026-09-30T06:30:00.000Z,2026-09-30T06:34:34.000Z,COMPLETED,15.12,2.63,3.76,38.4,5.62,6.63,142,-3.7,16,LOW
ses_3370,SES-003370,cow_10,station_01,rfid_10,2026-09-30T07:03:00.000Z,2026-09-30T07:08:04.000Z,COMPLETED,16.36,2.83,4.05,38.6,5.39,6.68,91,2.2,13,LOW
ses_3371,SES-003371,cow_11,station_01,rfid_11,2026-09-30T07:24:00.000Z,2026-09-30T07:28:21.000Z,COMPLETED,16.79,2.48,3.55,38.8,5.55,6.62,91,2.4,14,LOW
ses_3372,SES-003372,cow_12,station_01,rfid_12,2026-09-30T07:11:00.000Z,2026-09-30T07:16:42.000Z,COMPLETED,17.06,2.67,3.82,38.4,5.7,6.66,99,2.2,9,LOW
ses_3373,SES-003373,cow_13,station_01,rfid_13,2026-09-30T06:13:00.000Z,2026-09-30T06:18:58.000Z,COMPLETED,17.2,2.89,4.13,38.5,5.52,6.71,116,0.6,16,LOW
ses_3374,SES-003374,cow_14,station_01,rfid_14,2026-09-30T06:33:00.000Z,2026-09-30T06:38:30.000Z,COMPLETED,17.77,2.45,3.5,38.8,5.63,6.64,115,2.1,17,LOW
ses_3375,SES-003375,cow_15,station_01,rfid_15,2026-09-30T06:07:00.000Z,2026-09-30T06:11:01.000Z,COMPLETED,17.88,2.66,3.8,38.6,5.49,6.68,122,0.4,8,LOW
ses_3376,SES-003376,cow_16,station_01,rfid_16,2026-09-30T06:39:00.000Z,2026-09-30T06:44:20.000Z,COMPLETED,18.24,2.37,3.38,38.5,5.58,6.63,122,0.8,9,LOW
ses_3377,SES-003377,cow_17,station_01,rfid_17,2026-09-30T06:12:00.000Z,2026-09-30T06:16:09.000Z,COMPLETED,18.31,2.65,3.79,38.7,5.71,6.65,148,-0.5,13,LOW
ses_3378,SES-003378,cow_18,station_01,rfid_18,2026-09-30T06:16:00.000Z,2026-09-30T06:20:59.000Z,COMPLETED,12.56,2.77,3.95,38.4,5.48,6.68,157,-1.9,14,LOW
ses_3379,SES-003379,cow_19,station_01,rfid_19,2026-09-30T06:04:00.000Z,2026-09-30T06:09:11.000Z,COMPLETED,13.1,2.42,3.45,38.6,5.61,6.64,150,0,12,LOW
ses_3380,SES-003380,cow_20,station_01,rfid_20,2026-09-30T06:26:00.000Z,2026-09-30T06:30:03.000Z,COMPLETED,13.65,2.60,3.71,38.6,5.45,6.67,98,1.1,14,LOW
ses_3381,SES-003381,cow_21,station_01,rfid_21,2026-09-30T06:09:00.000Z,2026-09-30T06:13:31.000Z,COMPLETED,12.3,2.85,4.07,38.7,6.25,6.79,168,-10.9,54,MODERATE
ses_3382,SES-003382,cow_22,station_01,rfid_22,2026-09-30T06:43:00.000Z,2026-09-30T06:47:29.000Z,COMPLETED,12.63,2.52,3.6,38.8,6.36,6.77,186,-11.1,51,MODERATE
ses_3383,SES-003383,cow_23,station_01,rfid_23,2026-09-30T06:40:00.000Z,2026-09-30T06:45:31.000Z,COMPLETED,13.07,2.67,3.81,39,6.16,6.8,191,-9.9,48,MODERATE
ses_3384,SES-003384,cow_24,station_01,rfid_24,2026-09-30T07:08:00.000Z,2026-09-30T07:12:00.000Z,COMPLETED,13.17,2.41,3.44,38.7,6.31,6.71,221,-11.6,52,MODERATE
ses_3385,SES-003385,cow_25,station_01,rfid_25,2026-09-30T06:11:00.000Z,2026-09-30T06:15:07.000Z,COMPLETED,12.92,2.52,3.6,38.9,6.12,6.73,220,-15.6,55,MODERATE
ses_3386,SES-003386,cow_26,station_01,rfid_26,2026-09-30T07:25:00.000Z,2026-09-30T07:30:22.000Z,COMPLETED,10.03,2.82,4.03,39.5,7.23,7.14,858,-35.7,85,VERY_HIGH
ses_3387,SES-003387,cow_27,station_01,rfid_27,2026-09-30T06:13:00.000Z,2026-09-30T06:18:49.000Z,COMPLETED,11.18,2.51,3.58,39.2,7.23,7.04,1005,-29.7,89,VERY_HIGH
ses_3388,SES-003388,cow_28,station_01,rfid_28,2026-09-30T07:23:00.000Z,2026-09-30T07:28:02.000Z,COMPLETED,11.39,2.69,3.84,39.4,7.05,7.06,1037,-30.1,86,VERY_HIGH
ses_3389,SES-003389,cow_29,station_01,rfid_29,2026-09-30T06:01:00.000Z,2026-09-30T06:06:03.000Z,COMPLETED,11.03,2.88,4.11,39.6,7.13,7.13,905,-33.6,88,VERY_HIGH
ses_3390,SES-003390,cow_30,station_01,rfid_30,2026-09-30T07:03:00.000Z,2026-09-30T07:08:52.000Z,COMPLETED,12.32,2.57,3.67,39.2,7.04,7.05,940,-27.5,86,VERY_HIGH
ses_3391,SES-003391,cow_1,station_01,rfid_1,2026-09-30T17:12:00.000Z,2026-09-30T17:17:07.000Z,COMPLETED,13.23,2.60,3.71,38.6,5.57,6.63,100,3.4,10,LOW
ses_3392,SES-003392,cow_2,station_01,rfid_2,2026-09-30T17:36:00.000Z,2026-09-30T17:40:22.000Z,COMPLETED,13.85,2.87,4.1,38.7,5.65,6.66,114,4.9,14,LOW
ses_3393,SES-003393,cow_3,station_01,rfid_3,2026-09-30T17:51:00.000Z,2026-09-30T17:56:32.000Z,COMPLETED,13.82,2.51,3.58,38.5,5.53,6.61,122,1.6,15,LOW
ses_3394,SES-003394,cow_4,station_01,rfid_4,2026-09-30T17:08:00.000Z,2026-09-30T17:12:04.000Z,COMPLETED,13.91,2.61,3.73,38.6,5.68,6.67,117,0.1,13,LOW
ses_3395,SES-003395,cow_5,station_01,rfid_5,2026-09-30T17:02:00.000Z,2026-09-30T17:06:59.000Z,COMPLETED,14.27,2.90,4.14,38.7,5.48,6.68,128,-0.2,14,LOW
ses_3396,SES-003396,cow_6,station_01,rfid_6,2026-09-30T18:06:00.000Z,2026-09-30T18:11:30.000Z,COMPLETED,14.54,2.57,3.67,38.4,5.57,6.63,144,-0.4,16,LOW
ses_3397,SES-003397,cow_7,station_01,rfid_7,2026-09-30T17:31:00.000Z,2026-09-30T17:35:37.000Z,COMPLETED,14.86,2.72,3.89,38.7,5.66,6.7,141,-0.3,16,LOW
ses_3398,SES-003398,cow_8,station_01,rfid_8,2026-09-30T18:20:00.000Z,2026-09-30T18:25:52.000Z,COMPLETED,15.9,2.32,3.31,38.6,5.54,6.62,152,3.9,15,LOW
ses_3399,SES-003399,cow_9,station_01,rfid_9,2026-09-30T17:08:00.000Z,2026-09-30T17:13:49.000Z,COMPLETED,16.39,2.55,3.64,38.5,5.67,6.63,151,4.4,7,LOW
ses_3400,SES-003400,cow_10,station_01,rfid_10,2026-09-30T17:27:00.000Z,2026-09-30T17:32:01.000Z,COMPLETED,16.34,2.77,3.95,38.6,5.48,6.71,93,2.1,10,LOW
ses_3401,SES-003401,cow_11,station_01,rfid_11,2026-09-30T17:55:00.000Z,2026-09-30T17:59:42.000Z,COMPLETED,16.87,2.48,3.54,38.6,5.61,6.61,100,2.9,10,LOW
ses_3402,SES-003402,cow_12,station_01,rfid_12,2026-09-30T17:52:00.000Z,2026-09-30T17:57:50.000Z,COMPLETED,16.98,2.63,3.75,38.4,5.66,6.64,93,1.7,8,LOW
ses_3403,SES-003403,cow_13,station_01,rfid_13,2026-09-30T18:05:00.000Z,2026-09-30T18:09:08.000Z,COMPLETED,17.86,2.88,4.12,38.6,5.51,6.71,118,4.4,9,LOW
ses_3404,SES-003404,cow_14,station_01,rfid_14,2026-09-30T17:21:00.000Z,2026-09-30T17:26:32.000Z,COMPLETED,17.61,2.51,3.59,38.7,5.59,6.61,110,1.2,10,LOW
ses_3405,SES-003405,cow_15,station_01,rfid_15,2026-09-30T18:06:00.000Z,2026-09-30T18:11:08.000Z,COMPLETED,17.57,2.79,3.99,38.6,5.41,6.66,133,-1.3,14,LOW
ses_3406,SES-003406,cow_16,station_01,rfid_16,2026-09-30T18:03:00.000Z,2026-09-30T18:07:42.000Z,COMPLETED,18.34,2.35,3.36,38.6,5.52,6.6,124,1.3,16,LOW
ses_3407,SES-003407,cow_17,station_01,rfid_17,2026-09-30T17:05:00.000Z,2026-09-30T17:09:52.000Z,COMPLETED,19.13,2.58,3.69,38.8,5.74,6.64,138,4,13,LOW
ses_3408,SES-003408,cow_18,station_01,rfid_18,2026-09-30T17:30:00.000Z,2026-09-30T17:34:23.000Z,COMPLETED,12.48,2.79,3.99,38.6,5.55,6.68,157,-2.5,13,LOW
ses_3409,SES-003409,cow_19,station_01,rfid_19,2026-09-30T17:04:00.000Z,2026-09-30T17:09:22.000Z,COMPLETED,13.68,2.50,3.57,38.6,5.57,6.64,163,4.4,13,LOW
ses_3410,SES-003410,cow_20,station_01,rfid_20,2026-09-30T18:18:00.000Z,2026-09-30T18:22:28.000Z,COMPLETED,12.83,2.63,3.76,38.6,5.46,6.68,97,-5,14,LOW
ses_3411,SES-003411,cow_21,station_01,rfid_21,2026-09-30T18:07:00.000Z,2026-09-30T18:11:45.000Z,COMPLETED,11.74,2.88,4.12,38.8,6.24,6.79,185,-14.9,55,MODERATE
ses_3412,SES-003412,cow_22,station_01,rfid_22,2026-09-30T17:53:00.000Z,2026-09-30T17:57:12.000Z,COMPLETED,11.91,2.52,3.6,38.9,6.3,6.73,183,-16.1,55,MODERATE
ses_3413,SES-003413,cow_23,station_01,rfid_23,2026-09-30T18:18:00.000Z,2026-09-30T18:22:55.000Z,COMPLETED,12.87,2.74,3.91,38.9,6.11,6.77,198,-11.2,49,MODERATE
ses_3414,SES-003414,cow_24,station_01,rfid_24,2026-09-30T17:58:00.000Z,2026-09-30T18:03:30.000Z,COMPLETED,14.01,2.37,3.39,38.8,6.23,6.73,220,-6,51,MODERATE
ses_3415,SES-003415,cow_25,station_01,rfid_25,2026-09-30T17:00:00.000Z,2026-09-30T17:05:41.000Z,COMPLETED,14.05,2.63,3.76,38.8,6.12,6.78,235,-8.2,50,MODERATE
ses_3416,SES-003416,cow_26,station_01,rfid_26,2026-09-30T17:48:00.000Z,2026-09-30T17:52:19.000Z,COMPLETED,11.23,2.81,4.02,39.4,7.17,7.1,942,-28,80,VERY_HIGH
ses_3417,SES-003417,cow_27,station_01,rfid_27,2026-09-30T17:20:00.000Z,2026-09-30T17:24:20.000Z,COMPLETED,11,2.44,3.48,39.4,7.26,7.06,998,-30.8,84,VERY_HIGH
ses_3418,SES-003418,cow_28,station_01,rfid_28,2026-09-30T17:02:00.000Z,2026-09-30T17:07:47.000Z,COMPLETED,10.98,2.71,3.87,39.4,7.15,7.14,857,-32.6,87,VERY_HIGH
ses_3419,SES-003419,cow_29,station_01,rfid_29,2026-09-30T17:57:00.000Z,2026-09-30T18:02:08.000Z,COMPLETED,11.42,2.88,4.11,39.7,7.28,7.09,954,-31.2,94,VERY_HIGH
ses_3420,SES-003420,cow_30,station_01,rfid_30,2026-09-30T18:02:00.000Z,2026-09-30T18:07:12.000Z,COMPLETED,12.47,2.46,3.51,39.4,7.09,7.07,889,-26.6,92,VERY_HIGH
ses_3421,SES-003421,cow_1,station_01,rfid_1,2026-10-01T06:09:00.000Z,2026-10-01T06:14:45.000Z,COMPLETED,12.45,2.53,3.62,38.5,5.54,6.62,88,-2.7,9,LOW
ses_3422,SES-003422,cow_2,station_01,rfid_2,2026-10-01T06:35:00.000Z,2026-10-01T06:40:43.000Z,COMPLETED,13.56,2.86,4.09,38.7,5.65,6.67,92,2.7,9,LOW
ses_3423,SES-003423,cow_3,station_01,rfid_3,2026-10-01T06:36:00.000Z,2026-10-01T06:40:44.000Z,COMPLETED,13.85,2.49,3.56,38.4,5.5,6.64,120,1.8,9,LOW
ses_3424,SES-003424,cow_4,station_01,rfid_4,2026-10-01T06:15:00.000Z,2026-10-01T06:19:57.000Z,COMPLETED,14.17,2.60,3.71,38.6,5.62,6.64,107,1.9,13,LOW
ses_3425,SES-003425,cow_5,station_01,rfid_5,2026-10-01T06:31:00.000Z,2026-10-01T06:35:33.000Z,COMPLETED,14.67,2.89,4.13,38.6,5.46,6.66,130,2.6,10,LOW
ses_3426,SES-003426,cow_6,station_01,rfid_6,2026-10-01T06:38:00.000Z,2026-10-01T06:43:29.000Z,COMPLETED,14.58,2.54,3.63,38.5,5.57,6.66,133,-0.1,8,LOW
ses_3427,SES-003427,cow_7,station_01,rfid_7,2026-10-01T06:56:00.000Z,2026-10-01T07:00:53.000Z,COMPLETED,15.24,2.69,3.85,38.5,5.73,6.68,146,2.3,11,LOW
ses_3428,SES-003428,cow_8,station_01,rfid_8,2026-10-01T06:50:00.000Z,2026-10-01T06:54:38.000Z,COMPLETED,14.93,2.42,3.45,38.6,5.48,6.63,142,-2.4,8,LOW
ses_3429,SES-003429,cow_9,station_01,rfid_9,2026-10-01T06:03:00.000Z,2026-10-01T06:08:31.000Z,COMPLETED,16.04,2.64,3.77,38.5,5.69,6.67,146,2.2,11,LOW
ses_3430,SES-003430,cow_10,station_01,rfid_10,2026-10-01T06:17:00.000Z,2026-10-01T06:22:11.000Z,COMPLETED,16.73,2.74,3.92,38.6,5.41,6.71,93,4.6,14,LOW
ses_3431,SES-003431,cow_11,station_01,rfid_11,2026-10-01T06:33:00.000Z,2026-10-01T06:37:41.000Z,COMPLETED,16.78,2.50,3.57,38.7,5.52,6.62,107,2.3,10,LOW
ses_3432,SES-003432,cow_12,station_01,rfid_12,2026-10-01T06:35:00.000Z,2026-10-01T06:40:14.000Z,COMPLETED,16.04,2.69,3.84,38.5,5.7,6.66,96,-4,14,LOW
ses_3433,SES-003433,cow_13,station_01,rfid_13,2026-10-01T07:24:00.000Z,2026-10-01T07:29:08.000Z,COMPLETED,17.59,2.85,4.07,38.6,5.56,6.72,103,2.9,7,LOW
ses_3434,SES-003434,cow_14,station_01,rfid_14,2026-10-01T07:13:00.000Z,2026-10-01T07:17:11.000Z,COMPLETED,16.65,2.48,3.54,38.8,5.68,6.65,108,-4.3,16,LOW
ses_3435,SES-003435,cow_15,station_01,rfid_15,2026-10-01T06:48:00.000Z,2026-10-01T06:53:45.000Z,COMPLETED,18.25,2.74,3.92,38.4,5.47,6.69,121,2.5,12,LOW
ses_3436,SES-003436,cow_16,station_01,rfid_16,2026-10-01T06:23:00.000Z,2026-10-01T06:27:00.000Z,COMPLETED,18.58,2.43,3.47,38.5,5.51,6.65,131,2.7,17,LOW
ses_3437,SES-003437,cow_17,station_01,rfid_17,2026-10-01T07:01:00.000Z,2026-10-01T07:06:00.000Z,COMPLETED,18.41,2.60,3.71,38.7,5.7,6.64,133,0.1,14,LOW
ses_3438,SES-003438,cow_18,station_01,rfid_18,2026-10-01T07:26:00.000Z,2026-10-01T07:31:49.000Z,COMPLETED,12.19,2.86,4.08,38.5,5.52,6.7,157,-4.8,9,LOW
ses_3439,SES-003439,cow_19,station_01,rfid_19,2026-10-01T06:50:00.000Z,2026-10-01T06:54:44.000Z,COMPLETED,13.79,2.50,3.57,38.6,5.68,6.63,156,5.3,16,LOW
ses_3440,SES-003440,cow_20,station_01,rfid_20,2026-10-01T06:29:00.000Z,2026-10-01T06:34:03.000Z,COMPLETED,13.1,2.62,3.74,38.8,5.41,6.67,84,-3,16,LOW
ses_3441,SES-003441,cow_21,station_01,rfid_21,2026-10-01T07:17:00.000Z,2026-10-01T07:21:18.000Z,COMPLETED,12.64,2.90,4.14,38.7,6.27,6.78,189,-8.4,56,MODERATE
ses_3442,SES-003442,cow_22,station_01,rfid_22,2026-10-01T06:52:00.000Z,2026-10-01T06:57:52.000Z,COMPLETED,12.92,2.47,3.53,38.8,6.38,6.75,189,-9,56,MODERATE
ses_3443,SES-003443,cow_23,station_01,rfid_23,2026-10-01T06:59:00.000Z,2026-10-01T07:04:48.000Z,COMPLETED,13.09,2.67,3.81,38.8,6.2,6.75,211,-9.7,51,MODERATE
ses_3444,SES-003444,cow_24,station_01,rfid_24,2026-10-01T06:40:00.000Z,2026-10-01T06:44:22.000Z,COMPLETED,13.43,2.34,3.35,38.7,6.25,6.72,219,-9.9,51,MODERATE
ses_3445,SES-003445,cow_25,station_01,rfid_25,2026-10-01T07:05:00.000Z,2026-10-01T07:09:22.000Z,COMPLETED,14.25,2.60,3.72,38.7,6.1,6.75,225,-6.9,51,MODERATE
ses_3446,SES-003446,cow_26,station_01,rfid_26,2026-10-01T06:17:00.000Z,2026-10-01T06:21:19.000Z,COMPLETED,11.61,2.77,3.96,39.5,7.1,7.16,914,-25.6,89,VERY_HIGH
ses_3447,SES-003447,cow_27,station_01,rfid_27,2026-10-01T06:47:00.000Z,2026-10-01T06:51:41.000Z,COMPLETED,11.77,2.46,3.51,39.4,7.21,7.1,921,-26,84,VERY_HIGH
ses_3448,SES-003448,cow_28,station_01,rfid_28,2026-10-01T06:37:00.000Z,2026-10-01T06:42:14.000Z,COMPLETED,11.14,2.71,3.87,39.4,7.04,7.1,957,-31.7,88,VERY_HIGH
ses_3449,SES-003449,cow_29,station_01,rfid_29,2026-10-01T07:29:00.000Z,2026-10-01T07:33:58.000Z,COMPLETED,12.1,2.81,4.02,39.5,7.24,7.08,972,-27.1,81,VERY_HIGH
ses_3450,SES-003450,cow_30,station_01,rfid_30,2026-10-01T06:36:00.000Z,2026-10-01T06:41:55.000Z,COMPLETED,11.94,2.47,3.53,39.3,7.05,7.09,929,-29.8,85,VERY_HIGH
ses_3451,SES-003451,cow_1,station_01,rfid_1,2026-10-01T17:42:00.000Z,2026-10-01T17:46:09.000Z,COMPLETED,13.1,2.61,3.73,38.6,5.59,6.63,107,2.3,16,LOW
ses_3452,SES-003452,cow_2,station_01,rfid_2,2026-10-01T17:19:00.000Z,2026-10-01T17:24:06.000Z,COMPLETED,12.94,2.77,3.95,38.7,5.67,6.68,105,-2,17,LOW
ses_3453,SES-003453,cow_3,station_01,rfid_3,2026-10-01T17:32:00.000Z,2026-10-01T17:37:20.000Z,COMPLETED,13.88,2.42,3.46,38.5,5.5,6.64,102,2.1,10,LOW
ses_3454,SES-003454,cow_4,station_01,rfid_4,2026-10-01T18:02:00.000Z,2026-10-01T18:07:12.000Z,COMPLETED,13.96,2.67,3.81,38.7,5.61,6.68,108,0.4,10,LOW
ses_3455,SES-003455,cow_5,station_01,rfid_5,2026-10-01T17:59:00.000Z,2026-10-01T18:03:33.000Z,COMPLETED,14.42,2.93,4.19,38.8,5.48,6.72,124,0.8,10,LOW
ses_3456,SES-003456,cow_6,station_01,rfid_6,2026-10-01T17:28:00.000Z,2026-10-01T17:33:38.000Z,COMPLETED,14.13,2.49,3.56,38.5,5.54,6.66,123,-3.2,14,LOW
ses_3457,SES-003457,cow_7,station_01,rfid_7,2026-10-01T17:16:00.000Z,2026-10-01T17:21:11.000Z,COMPLETED,14.56,2.71,3.87,38.7,5.72,6.7,141,-2.3,16,LOW
ses_3458,SES-003458,cow_8,station_01,rfid_8,2026-10-01T17:50:00.000Z,2026-10-01T17:54:46.000Z,COMPLETED,15.06,2.41,3.44,38.7,5.46,6.63,140,-1.6,10,LOW
ses_3459,SES-003459,cow_9,station_01,rfid_9,2026-10-01T17:02:00.000Z,2026-10-01T17:07:03.000Z,COMPLETED,15.43,2.55,3.64,38.5,5.6,6.67,144,-1.7,14,LOW
ses_3460,SES-003460,cow_10,station_01,rfid_10,2026-10-01T17:40:00.000Z,2026-10-01T17:45:14.000Z,COMPLETED,15.44,2.79,3.98,38.6,5.49,6.69,83,-3.5,15,LOW
ses_3461,SES-003461,cow_11,station_01,rfid_11,2026-10-01T17:22:00.000Z,2026-10-01T17:27:10.000Z,COMPLETED,16.5,2.46,3.52,38.7,5.57,6.63,93,0.6,8,LOW
ses_3462,SES-003462,cow_12,station_01,rfid_12,2026-10-01T17:17:00.000Z,2026-10-01T17:21:16.000Z,COMPLETED,16.31,2.69,3.84,38.5,5.68,6.68,99,-2.3,10,LOW
ses_3463,SES-003463,cow_13,station_01,rfid_13,2026-10-01T17:05:00.000Z,2026-10-01T17:10:20.000Z,COMPLETED,16.95,2.93,4.19,38.7,5.46,6.68,116,-0.9,12,LOW
ses_3464,SES-003464,cow_14,station_01,rfid_14,2026-10-01T17:48:00.000Z,2026-10-01T17:52:26.000Z,COMPLETED,17.42,2.53,3.62,38.7,5.63,6.65,108,0.1,14,LOW
ses_3465,SES-003465,cow_15,station_01,rfid_15,2026-10-01T18:20:00.000Z,2026-10-01T18:24:48.000Z,COMPLETED,17.39,2.67,3.81,38.6,5.51,6.64,125,-2.3,13,LOW
ses_3466,SES-003466,cow_16,station_01,rfid_16,2026-10-01T17:22:00.000Z,2026-10-01T17:26:24.000Z,COMPLETED,18.76,2.42,3.45,38.7,5.61,6.61,123,3.6,12,LOW
ses_3467,SES-003467,cow_17,station_01,rfid_17,2026-10-01T17:43:00.000Z,2026-10-01T17:47:30.000Z,COMPLETED,18.88,2.57,3.67,38.7,5.72,6.67,151,2.6,11,LOW
ses_3468,SES-003468,cow_18,station_01,rfid_18,2026-10-01T18:07:00.000Z,2026-10-01T18:11:57.000Z,COMPLETED,13.39,2.86,4.08,38.5,5.54,6.67,146,4.6,9,LOW
ses_3469,SES-003469,cow_19,station_01,rfid_19,2026-10-01T17:28:00.000Z,2026-10-01T17:32:19.000Z,COMPLETED,13.03,2.39,3.42,38.5,5.67,6.64,152,-0.5,14,LOW
ses_3470,SES-003470,cow_20,station_01,rfid_20,2026-10-01T17:10:00.000Z,2026-10-01T17:14:52.000Z,COMPLETED,13.95,2.67,3.81,38.8,5.46,6.65,100,3.3,13,LOW
ses_3471,SES-003471,cow_21,station_01,rfid_21,2026-10-01T17:52:00.000Z,2026-10-01T17:56:22.000Z,COMPLETED,11.9,2.83,4.04,38.8,6.22,6.79,185,-13.8,51,MODERATE
ses_3472,SES-003472,cow_22,station_01,rfid_22,2026-10-01T17:19:00.000Z,2026-10-01T17:24:51.000Z,COMPLETED,12.41,2.46,3.52,38.8,6.35,6.77,201,-12.6,53,MODERATE
ses_3473,SES-003473,cow_23,station_01,rfid_23,2026-10-01T17:00:00.000Z,2026-10-01T17:04:41.000Z,COMPLETED,12.32,2.69,3.84,38.9,6.15,6.81,215,-15,55,MODERATE
ses_3474,SES-003474,cow_24,station_01,rfid_24,2026-10-01T17:46:00.000Z,2026-10-01T17:50:16.000Z,COMPLETED,12.65,2.33,3.33,38.7,6.34,6.71,209,-15.1,50,MODERATE
ses_3475,SES-003475,cow_25,station_01,rfid_25,2026-10-01T17:10:00.000Z,2026-10-01T17:15:41.000Z,COMPLETED,13.04,2.55,3.65,38.8,6.11,6.76,232,-14.8,54,MODERATE
ses_3476,SES-003476,cow_26,station_01,rfid_26,2026-10-01T17:44:00.000Z,2026-10-01T17:48:37.000Z,COMPLETED,11.42,2.81,4.02,39.5,7.13,7.1,861,-26.8,84,VERY_HIGH
ses_3477,SES-003477,cow_27,station_01,rfid_27,2026-10-01T17:53:00.000Z,2026-10-01T17:58:19.000Z,COMPLETED,10.42,2.42,3.46,39.3,7.31,7.09,895,-34.5,93,VERY_HIGH
ses_3478,SES-003478,cow_28,station_01,rfid_28,2026-10-01T18:05:00.000Z,2026-10-01T18:10:36.000Z,COMPLETED,11.7,2.67,3.82,39.4,7.07,7.13,956,-28.2,91,VERY_HIGH
ses_3479,SES-003479,cow_29,station_01,rfid_29,2026-10-01T17:16:00.000Z,2026-10-01T17:20:16.000Z,COMPLETED,12.28,2.91,4.15,39.6,7.19,7.16,995,-26,86,VERY_HIGH
ses_3480,SES-003480,cow_30,station_01,rfid_30,2026-10-01T17:51:00.000Z,2026-10-01T17:55:17.000Z,COMPLETED,11.24,2.51,3.58,39.4,7.04,7.08,884,-33.9,90,VERY_HIGH
ses_3481,SES-003481,cow_1,station_01,rfid_1,2026-10-02T06:34:00.000Z,2026-10-02T06:39:01.000Z,COMPLETED,12.43,2.55,3.65,38.5,5.63,6.63,96,-2.9,9,LOW
ses_3482,SES-003482,cow_2,station_01,rfid_2,2026-10-02T07:30:00.000Z,2026-10-02T07:34:43.000Z,COMPLETED,12.46,2.79,3.98,38.7,5.72,6.68,97,-5.6,12,LOW
ses_3483,SES-003483,cow_3,station_01,rfid_3,2026-10-02T07:14:00.000Z,2026-10-02T07:18:14.000Z,COMPLETED,12.9,2.50,3.57,38.6,5.48,6.63,108,-5.1,12,LOW
ses_3484,SES-003484,cow_4,station_01,rfid_4,2026-10-02T06:07:00.000Z,2026-10-02T06:12:43.000Z,COMPLETED,13.99,2.59,3.7,38.6,5.64,6.66,118,0.6,17,LOW
ses_3485,SES-003485,cow_5,station_01,rfid_5,2026-10-02T06:32:00.000Z,2026-10-02T06:36:10.000Z,COMPLETED,14.2,2.88,4.11,38.6,5.51,6.71,131,-0.7,13,LOW
ses_3486,SES-003486,cow_6,station_01,rfid_6,2026-10-02T06:45:00.000Z,2026-10-02T06:50:22.000Z,COMPLETED,14.32,2.51,3.58,38.6,5.6,6.67,140,-1.9,15,LOW
ses_3487,SES-003487,cow_7,station_01,rfid_7,2026-10-02T06:29:00.000Z,2026-10-02T06:34:16.000Z,COMPLETED,15.06,2.72,3.88,38.7,5.7,6.67,137,1.1,17,LOW
ses_3488,SES-003488,cow_8,station_01,rfid_8,2026-10-02T07:12:00.000Z,2026-10-02T07:16:42.000Z,COMPLETED,16.03,2.38,3.4,38.8,5.51,6.61,146,4.8,9,LOW
ses_3489,SES-003489,cow_9,station_01,rfid_9,2026-10-02T07:19:00.000Z,2026-10-02T07:24:22.000Z,COMPLETED,16.29,2.64,3.77,38.5,5.62,6.67,154,3.8,12,LOW
ses_3490,SES-003490,cow_10,station_01,rfid_10,2026-10-02T06:56:00.000Z,2026-10-02T07:00:01.000Z,COMPLETED,16.63,2.85,4.07,38.6,5.43,6.68,98,3.9,9,LOW
ses_3491,SES-003491,cow_11,station_01,rfid_11,2026-10-02T07:02:00.000Z,2026-10-02T07:06:00.000Z,COMPLETED,16.76,2.49,3.56,38.7,5.6,6.63,99,2.2,9,LOW
ses_3492,SES-003492,cow_12,station_01,rfid_12,2026-10-02T07:00:00.000Z,2026-10-02T07:05:37.000Z,COMPLETED,16.47,2.59,3.7,38.5,5.66,6.68,94,-1.4,16,LOW
ses_3493,SES-003493,cow_13,station_01,rfid_13,2026-10-02T06:43:00.000Z,2026-10-02T06:49:00.000Z,COMPLETED,16.72,2.93,4.18,38.6,5.51,6.69,118,-2.2,15,LOW
ses_3494,SES-003494,cow_14,station_01,rfid_14,2026-10-02T06:41:00.000Z,2026-10-02T06:45:24.000Z,COMPLETED,16.84,2.55,3.64,38.6,5.67,6.65,127,-3.2,9,LOW
ses_3495,SES-003495,cow_15,station_01,rfid_15,2026-10-02T06:55:00.000Z,2026-10-02T06:59:02.000Z,COMPLETED,17.06,2.66,3.8,38.6,5.43,6.67,123,-4.2,15,LOW
ses_3496,SES-003496,cow_16,station_01,rfid_16,2026-10-02T07:14:00.000Z,2026-10-02T07:19:24.000Z,COMPLETED,18.1,2.44,3.48,38.7,5.59,6.61,134,0,16,LOW
ses_3497,SES-003497,cow_17,station_01,rfid_17,2026-10-02T06:25:00.000Z,2026-10-02T06:29:02.000Z,COMPLETED,18.32,2.57,3.67,38.8,5.65,6.67,140,-0.4,13,LOW
ses_3498,SES-003498,cow_18,station_01,rfid_18,2026-10-02T07:06:00.000Z,2026-10-02T07:10:11.000Z,COMPLETED,13.54,2.79,3.98,38.4,5.52,6.68,142,5.8,16,LOW
ses_3499,SES-003499,cow_19,station_01,rfid_19,2026-10-02T06:54:00.000Z,2026-10-02T06:58:08.000Z,COMPLETED,12.64,2.43,3.47,38.6,5.57,6.65,149,-3.5,11,LOW
ses_3500,SES-003500,cow_20,station_01,rfid_20,2026-10-02T06:38:00.000Z,2026-10-02T06:42:34.000Z,COMPLETED,13.48,2.67,3.81,38.7,5.41,6.67,89,-0.1,15,LOW
ses_3501,SES-003501,cow_21,station_01,rfid_21,2026-10-02T06:07:00.000Z,2026-10-02T06:11:05.000Z,COMPLETED,12.1,2.92,4.17,38.8,6.23,6.81,180,-12.3,55,MODERATE
ses_3502,SES-003502,cow_22,station_01,rfid_22,2026-10-02T07:00:00.000Z,2026-10-02T07:04:52.000Z,COMPLETED,12.15,2.51,3.59,38.8,6.34,6.75,186,-14.4,55,MODERATE
ses_3503,SES-003503,cow_23,station_01,rfid_23,2026-10-02T06:56:00.000Z,2026-10-02T07:00:51.000Z,COMPLETED,13.5,2.75,3.93,38.9,6.15,6.8,211,-6.9,55,MODERATE
ses_3504,SES-003504,cow_24,station_01,rfid_24,2026-10-02T06:07:00.000Z,2026-10-02T06:11:59.000Z,COMPLETED,12.77,2.42,3.45,38.7,6.26,6.76,216,-14.3,52,MODERATE
ses_3505,SES-003505,cow_25,station_01,rfid_25,2026-10-02T06:51:00.000Z,2026-10-02T06:55:43.000Z,COMPLETED,13.3,2.58,3.68,38.8,6.09,6.76,236,-13.1,55,MODERATE
ses_3506,SES-003506,cow_26,station_01,rfid_26,2026-10-02T06:49:00.000Z,2026-10-02T06:53:07.000Z,COMPLETED,11.68,2.77,3.95,39.5,7.12,7.11,862,-25.1,84,VERY_HIGH
ses_3507,SES-003507,cow_27,station_01,rfid_27,2026-10-02T06:56:00.000Z,2026-10-02T07:00:55.000Z,COMPLETED,11.76,2.42,3.45,39.3,7.19,7.07,897,-26,86,VERY_HIGH
ses_3508,SES-003508,cow_28,station_01,rfid_28,2026-10-02T06:51:00.000Z,2026-10-02T06:55:33.000Z,COMPLETED,11.42,2.67,3.82,39.3,6.98,7.09,1022,-29.9,90,VERY_HIGH
ses_3509,SES-003509,cow_29,station_01,rfid_29,2026-10-02T07:09:00.000Z,2026-10-02T07:14:54.000Z,COMPLETED,11.77,2.84,4.06,39.6,7.27,7.13,870,-29.1,91,VERY_HIGH
ses_3510,SES-003510,cow_30,station_01,rfid_30,2026-10-02T07:19:00.000Z,2026-10-02T07:23:03.000Z,COMPLETED,12.61,2.53,3.61,39.2,7.03,7.03,911,-25.8,86,VERY_HIGH
ses_3511,SES-003511,cow_1,station_01,rfid_1,2026-10-02T18:03:00.000Z,2026-10-02T18:08:57.000Z,COMPLETED,12.8,2.54,3.63,38.6,5.53,6.68,100,0,12,LOW
ses_3512,SES-003512,cow_2,station_01,rfid_2,2026-10-02T17:19:00.000Z,2026-10-02T17:23:09.000Z,COMPLETED,12.67,2.77,3.96,38.8,5.74,6.66,97,-4,17,LOW
ses_3513,SES-003513,cow_3,station_01,rfid_3,2026-10-02T17:29:00.000Z,2026-10-02T17:33:55.000Z,COMPLETED,12.8,2.51,3.59,38.4,5.52,6.65,118,-5.9,12,LOW
ses_3514,SES-003514,cow_4,station_01,rfid_4,2026-10-02T17:16:00.000Z,2026-10-02T17:21:41.000Z,COMPLETED,14.17,2.71,3.87,38.6,5.67,6.64,114,1.9,17,LOW
ses_3515,SES-003515,cow_5,station_01,rfid_5,2026-10-02T18:24:00.000Z,2026-10-02T18:29:13.000Z,COMPLETED,13.71,2.84,4.06,38.8,5.43,6.66,120,-4.1,12,LOW
ses_3516,SES-003516,cow_6,station_01,rfid_6,2026-10-02T17:19:00.000Z,2026-10-02T17:23:44.000Z,COMPLETED,14.63,2.53,3.62,38.5,5.63,6.62,131,0.2,15,LOW
ses_3517,SES-003517,cow_7,station_01,rfid_7,2026-10-02T18:05:00.000Z,2026-10-02T18:10:10.000Z,COMPLETED,14.87,2.73,3.9,38.6,5.75,6.65,148,-0.2,10,LOW
ses_3518,SES-003518,cow_8,station_01,rfid_8,2026-10-02T17:17:00.000Z,2026-10-02T17:22:16.000Z,COMPLETED,15.89,2.42,3.45,38.7,5.53,6.64,150,3.9,14,LOW
ses_3519,SES-003519,cow_9,station_01,rfid_9,2026-10-02T18:19:00.000Z,2026-10-02T18:23:28.000Z,COMPLETED,15.11,2.59,3.7,38.4,5.68,6.66,151,-3.8,10,LOW
ses_3520,SES-003520,cow_10,station_01,rfid_10,2026-10-02T17:41:00.000Z,2026-10-02T17:46:56.000Z,COMPLETED,15.39,2.86,4.08,38.5,5.44,6.66,82,-3.8,17,LOW
ses_3521,SES-003521,cow_11,station_01,rfid_11,2026-10-02T17:32:00.000Z,2026-10-02T17:38:00.000Z,COMPLETED,15.84,2.48,3.55,38.8,5.56,6.62,107,-3.4,10,LOW
ses_3522,SES-003522,cow_12,station_01,rfid_12,2026-10-02T17:22:00.000Z,2026-10-02T17:26:55.000Z,COMPLETED,16.8,2.60,3.71,38.5,5.73,6.69,99,0.6,7,LOW
ses_3523,SES-003523,cow_13,station_01,rfid_13,2026-10-02T17:55:00.000Z,2026-10-02T17:59:37.000Z,COMPLETED,17.57,2.83,4.04,38.6,5.5,6.71,113,2.7,15,LOW
ses_3524,SES-003524,cow_14,station_01,rfid_14,2026-10-02T17:59:00.000Z,2026-10-02T18:04:56.000Z,COMPLETED,17.44,2.49,3.56,38.7,5.6,6.64,124,0.2,15,LOW
ses_3525,SES-003525,cow_15,station_01,rfid_15,2026-10-02T17:45:00.000Z,2026-10-02T17:50:36.000Z,COMPLETED,17.72,2.73,3.9,38.6,5.49,6.65,119,-0.4,16,LOW
ses_3526,SES-003526,cow_16,station_01,rfid_16,2026-10-02T17:56:00.000Z,2026-10-02T18:01:13.000Z,COMPLETED,17.47,2.37,3.38,38.6,5.56,6.62,141,-3.5,15,LOW
ses_3527,SES-003527,cow_17,station_01,rfid_17,2026-10-02T17:36:00.000Z,2026-10-02T17:40:28.000Z,COMPLETED,18.46,2.58,3.68,38.7,5.65,6.67,136,0.3,17,LOW
ses_3528,SES-003528,cow_18,station_01,rfid_18,2026-10-02T17:00:00.000Z,2026-10-02T17:04:05.000Z,COMPLETED,13.12,2.85,4.07,38.4,5.57,6.68,146,2.5,15,LOW
ses_3529,SES-003529,cow_19,station_01,rfid_19,2026-10-02T18:17:00.000Z,2026-10-02T18:22:22.000Z,COMPLETED,12.93,2.45,3.5,38.7,5.59,6.62,152,-1.3,15,LOW
ses_3530,SES-003530,cow_20,station_01,rfid_20,2026-10-02T17:17:00.000Z,2026-10-02T17:21:58.000Z,COMPLETED,12.83,2.60,3.72,38.7,5.47,6.66,97,-5,10,LOW
ses_3531,SES-003531,cow_21,station_01,rfid_21,2026-10-02T17:33:00.000Z,2026-10-02T17:38:03.000Z,COMPLETED,12.87,2.81,4.02,38.8,6.27,6.82,173,-6.7,52,MODERATE
ses_3532,SES-003532,cow_22,station_01,rfid_22,2026-10-02T18:11:00.000Z,2026-10-02T18:15:20.000Z,COMPLETED,12.64,2.46,3.51,38.9,6.32,6.75,185,-11,50,MODERATE
ses_3533,SES-003533,cow_23,station_01,rfid_23,2026-10-02T18:00:00.000Z,2026-10-02T18:05:42.000Z,COMPLETED,13.37,2.72,3.89,38.9,6.21,6.78,207,-7.8,52,MODERATE
ses_3534,SES-003534,cow_24,station_01,rfid_24,2026-10-02T17:54:00.000Z,2026-10-02T17:59:21.000Z,COMPLETED,12.97,2.42,3.45,38.8,6.26,6.74,232,-13,53,MODERATE
ses_3535,SES-003535,cow_25,station_01,rfid_25,2026-10-02T17:01:00.000Z,2026-10-02T17:06:49.000Z,COMPLETED,13.32,2.63,3.75,38.9,6.08,6.75,240,-12.9,53,MODERATE
ses_3536,SES-003536,cow_26,station_01,rfid_26,2026-10-02T17:08:00.000Z,2026-10-02T17:13:00.000Z,COMPLETED,10.15,2.81,4.01,39.6,7.17,7.13,907,-34.9,83,VERY_HIGH
ses_3537,SES-003537,cow_27,station_01,rfid_27,2026-10-02T17:56:00.000Z,2026-10-02T18:01:04.000Z,COMPLETED,11.58,2.49,3.56,39.3,7.25,7.04,999,-27.2,86,VERY_HIGH
ses_3538,SES-003538,cow_28,station_01,rfid_28,2026-10-02T17:18:00.000Z,2026-10-02T17:22:15.000Z,COMPLETED,11.5,2.68,3.83,39.3,7.16,7.04,934,-29.4,94,VERY_HIGH
ses_3539,SES-003539,cow_29,station_01,rfid_29,2026-10-02T18:02:00.000Z,2026-10-02T18:06:47.000Z,COMPLETED,12.25,2.83,4.04,39.5,7.25,7.1,982,-26.2,82,VERY_HIGH
ses_3540,SES-003540,cow_30,station_01,rfid_30,2026-10-02T17:42:00.000Z,2026-10-02T17:46:31.000Z,COMPLETED,12.15,2.45,3.5,39.4,7.02,7.02,869,-28.5,90,VERY_HIGH
ses_3541,SES-003541,cow_1,station_01,rfid_1,2026-10-03T06:24:00.000Z,2026-10-03T06:29:58.000Z,COMPLETED,12.37,2.65,3.79,38.7,5.62,6.64,94,-3.4,13,LOW
ses_3542,SES-003542,cow_2,station_01,rfid_2,2026-10-03T06:35:00.000Z,2026-10-03T06:39:22.000Z,COMPLETED,12.65,2.74,3.92,38.7,5.65,6.67,112,-4.2,9,LOW
ses_3543,SES-003543,cow_3,station_01,rfid_3,2026-10-03T06:19:00.000Z,2026-10-03T06:23:46.000Z,COMPLETED,14.17,2.41,3.44,38.6,5.56,6.65,119,4.2,11,LOW
ses_3544,SES-003544,cow_4,station_01,rfid_4,2026-10-03T06:06:00.000Z,2026-10-03T06:11:53.000Z,COMPLETED,14.63,2.69,3.84,38.5,5.62,6.64,118,5.3,9,LOW
ses_3545,SES-003545,cow_5,station_01,rfid_5,2026-10-03T06:10:00.000Z,2026-10-03T06:15:48.000Z,COMPLETED,14.59,2.90,4.14,38.7,5.48,6.7,123,2,10,LOW
ses_3546,SES-003546,cow_6,station_01,rfid_6,2026-10-03T06:50:00.000Z,2026-10-03T06:54:54.000Z,COMPLETED,14.1,2.46,3.52,38.5,5.52,6.63,130,-3.4,13,LOW
ses_3547,SES-003547,cow_7,station_01,rfid_7,2026-10-03T06:35:00.000Z,2026-10-03T06:40:37.000Z,COMPLETED,15.68,2.74,3.91,38.6,5.7,6.65,140,5.2,15,LOW
ses_3548,SES-003548,cow_8,station_01,rfid_8,2026-10-03T07:16:00.000Z,2026-10-03T07:20:53.000Z,COMPLETED,14.62,2.32,3.31,38.7,5.54,6.62,139,-4.4,17,LOW
ses_3549,SES-003549,cow_9,station_01,rfid_9,2026-10-03T07:20:00.000Z,2026-10-03T07:24:11.000Z,COMPLETED,15.24,2.53,3.62,38.6,5.59,6.66,148,-2.9,7,LOW
ses_3550,SES-003550,cow_10,station_01,rfid_10,2026-10-03T06:54:00.000Z,2026-10-03T06:58:55.000Z,COMPLETED,16.24,2.84,4.06,38.5,5.48,6.71,85,1.5,8,LOW
ses_3551,SES-003551,cow_11,station_01,rfid_11,2026-10-03T06:15:00.000Z,2026-10-03T06:19:13.000Z,COMPLETED,15.68,2.50,3.57,38.7,5.61,6.64,95,-4.4,15,LOW
ses_3552,SES-003552,cow_12,station_01,rfid_12,2026-10-03T07:09:00.000Z,2026-10-03T07:13:19.000Z,COMPLETED,16.22,2.65,3.78,38.5,5.75,6.68,114,-2.9,12,LOW
ses_3553,SES-003553,cow_13,station_01,rfid_13,2026-10-03T07:13:00.000Z,2026-10-03T07:18:44.000Z,COMPLETED,16.59,2.93,4.18,38.6,5.46,6.7,100,-3,15,LOW
ses_3554,SES-003554,cow_14,station_01,rfid_14,2026-10-03T06:02:00.000Z,2026-10-03T06:06:00.000Z,COMPLETED,16.97,2.57,3.67,38.7,5.67,6.61,118,-2.5,16,LOW
ses_3555,SES-003555,cow_15,station_01,rfid_15,2026-10-03T06:12:00.000Z,2026-10-03T06:16:34.000Z,COMPLETED,18.12,2.75,3.93,38.5,5.41,6.69,121,1.8,15,LOW
ses_3556,SES-003556,cow_16,station_01,rfid_16,2026-10-03T06:46:00.000Z,2026-10-03T06:51:51.000Z,COMPLETED,18.84,2.33,3.33,38.5,5.6,6.62,122,4.1,10,LOW
ses_3557,SES-003557,cow_17,station_01,rfid_17,2026-10-03T06:53:00.000Z,2026-10-03T06:58:37.000Z,COMPLETED,18.47,2.62,3.74,38.8,5.67,6.65,135,0.4,8,LOW
ses_3558,SES-003558,cow_18,station_01,rfid_18,2026-10-03T06:42:00.000Z,2026-10-03T06:47:16.000Z,COMPLETED,12.07,2.83,4.04,38.4,5.5,6.69,149,-5.7,10,LOW
ses_3559,SES-003559,cow_19,station_01,rfid_19,2026-10-03T06:30:00.000Z,2026-10-03T06:34:45.000Z,COMPLETED,13.84,2.39,3.41,38.7,5.66,6.62,153,5.6,17,LOW
ses_3560,SES-003560,cow_20,station_01,rfid_20,2026-10-03T06:52:00.000Z,2026-10-03T06:57:08.000Z,COMPLETED,13.71,2.68,3.83,38.7,5.49,6.63,96,1.6,9,LOW
ses_3561,SES-003561,cow_21,station_01,rfid_21,2026-10-03T07:14:00.000Z,2026-10-03T07:19:47.000Z,COMPLETED,12.66,2.89,4.13,38.8,6.32,6.82,177,-8.3,52,MODERATE
ses_3562,SES-003562,cow_22,station_01,rfid_22,2026-10-03T06:18:00.000Z,2026-10-03T06:22:08.000Z,COMPLETED,13.29,2.53,3.62,38.9,6.37,6.73,207,-6.4,56,MODERATE
ses_3563,SES-003563,cow_23,station_01,rfid_23,2026-10-03T06:49:00.000Z,2026-10-03T06:53:57.000Z,COMPLETED,13.49,2.69,3.84,38.9,6.21,6.78,219,-7,55,MODERATE
ses_3564,SES-003564,cow_24,station_01,rfid_24,2026-10-03T06:14:00.000Z,2026-10-03T06:19:46.000Z,COMPLETED,13.32,2.33,3.33,38.7,6.38,6.71,228,-10.6,51,MODERATE
ses_3565,SES-003565,cow_25,station_01,rfid_25,2026-10-03T07:19:00.000Z,2026-10-03T07:24:53.000Z,COMPLETED,12.78,2.64,3.77,38.8,6.17,6.76,230,-16.5,56,MODERATE
ses_3566,SES-003566,cow_26,station_01,rfid_26,2026-10-03T06:53:00.000Z,2026-10-03T06:58:15.000Z,COMPLETED,11.1,2.76,3.94,39.4,7.19,7.1,894,-28.8,85,VERY_HIGH
ses_3567,SES-003567,cow_27,station_01,rfid_27,2026-10-03T06:48:00.000Z,2026-10-03T06:52:55.000Z,COMPLETED,10.57,2.39,3.42,39.3,7.35,7.06,922,-33.5,82,VERY_HIGH
ses_3568,SES-003568,cow_28,station_01,rfid_28,2026-10-03T06:31:00.000Z,2026-10-03T06:35:17.000Z,COMPLETED,12,2.60,3.71,39.3,7.13,7.1,988,-26.4,90,VERY_HIGH
ses_3569,SES-003569,cow_29,station_01,rfid_29,2026-10-03T07:13:00.000Z,2026-10-03T07:18:17.000Z,COMPLETED,11.82,2.86,4.08,39.6,7.33,7.12,965,-28.8,91,VERY_HIGH
ses_3570,SES-003570,cow_30,station_01,rfid_30,2026-10-03T07:24:00.000Z,2026-10-03T07:28:35.000Z,COMPLETED,12.07,2.57,3.67,39.3,7.05,7.04,927,-29,85,VERY_HIGH
ses_3571,SES-003571,cow_1,station_01,rfid_1,2026-10-03T17:56:00.000Z,2026-10-03T18:01:59.000Z,COMPLETED,13.3,2.62,3.74,38.6,5.52,6.63,109,3.9,16,LOW
ses_3572,SES-003572,cow_2,station_01,rfid_2,2026-10-03T18:05:00.000Z,2026-10-03T18:09:09.000Z,COMPLETED,13.86,2.82,4.03,38.7,5.71,6.71,104,5,17,LOW
ses_3573,SES-003573,cow_3,station_01,rfid_3,2026-10-03T17:27:00.000Z,2026-10-03T17:32:24.000Z,COMPLETED,13.61,2.44,3.49,38.6,5.46,6.63,120,0.1,9,LOW
ses_3574,SES-003574,cow_4,station_01,rfid_4,2026-10-03T17:56:00.000Z,2026-10-03T18:01:19.000Z,COMPLETED,14.37,2.64,3.77,38.7,5.67,6.65,120,3.4,7,LOW
ses_3575,SES-003575,cow_5,station_01,rfid_5,2026-10-03T17:59:00.000Z,2026-10-03T18:04:56.000Z,COMPLETED,14.21,2.83,4.05,38.7,5.46,6.68,121,-0.6,10,LOW
ses_3576,SES-003576,cow_6,station_01,rfid_6,2026-10-03T17:35:00.000Z,2026-10-03T17:39:08.000Z,COMPLETED,14.86,2.46,3.52,38.5,5.61,6.65,138,1.8,15,LOW
ses_3577,SES-003577,cow_7,station_01,rfid_7,2026-10-03T17:15:00.000Z,2026-10-03T17:19:22.000Z,COMPLETED,14.91,2.77,3.96,38.6,5.73,6.67,134,0.1,11,LOW
ses_3578,SES-003578,cow_8,station_01,rfid_8,2026-10-03T18:15:00.000Z,2026-10-03T18:19:33.000Z,COMPLETED,15.57,2.32,3.32,38.7,5.48,6.64,146,1.8,14,LOW
ses_3579,SES-003579,cow_9,station_01,rfid_9,2026-10-03T17:36:00.000Z,2026-10-03T17:41:26.000Z,COMPLETED,15.77,2.65,3.78,38.6,5.69,6.64,151,0.4,15,LOW
ses_3580,SES-003580,cow_10,station_01,rfid_10,2026-10-03T17:18:00.000Z,2026-10-03T17:22:07.000Z,COMPLETED,15.38,2.74,3.92,38.5,5.43,6.68,97,-3.9,11,LOW
ses_3581,SES-003581,cow_11,station_01,rfid_11,2026-10-03T17:01:00.000Z,2026-10-03T17:05:51.000Z,COMPLETED,16.92,2.44,3.48,38.6,5.58,6.62,88,3.2,15,LOW
ses_3582,SES-003582,cow_12,station_01,rfid_12,2026-10-03T17:53:00.000Z,2026-10-03T17:57:44.000Z,COMPLETED,16.13,2.63,3.75,38.5,5.74,6.64,98,-3.4,10,LOW
ses_3583,SES-003583,cow_13,station_01,rfid_13,2026-10-03T18:23:00.000Z,2026-10-03T18:28:13.000Z,COMPLETED,17.23,2.92,4.17,38.5,5.48,6.68,108,0.8,10,LOW
ses_3584,SES-003584,cow_14,station_01,rfid_14,2026-10-03T17:33:00.000Z,2026-10-03T17:37:40.000Z,COMPLETED,17.52,2.58,3.68,38.7,5.58,6.64,118,0.7,8,LOW
ses_3585,SES-003585,cow_15,station_01,rfid_15,2026-10-03T17:50:00.000Z,2026-10-03T17:55:51.000Z,COMPLETED,18.34,2.70,3.86,38.5,5.4,6.65,117,3,9,LOW
ses_3586,SES-003586,cow_16,station_01,rfid_16,2026-10-03T17:32:00.000Z,2026-10-03T17:37:51.000Z,COMPLETED,18.57,2.43,3.47,38.6,5.61,6.62,134,2.6,13,LOW
ses_3587,SES-003587,cow_17,station_01,rfid_17,2026-10-03T17:13:00.000Z,2026-10-03T17:18:11.000Z,COMPLETED,17.83,2.65,3.79,38.8,5.72,6.66,145,-3.1,16,LOW
ses_3588,SES-003588,cow_18,station_01,rfid_18,2026-10-03T17:11:00.000Z,2026-10-03T17:16:58.000Z,COMPLETED,13.15,2.82,4.03,38.5,5.53,6.66,142,2.7,16,LOW
ses_3589,SES-003589,cow_19,station_01,rfid_19,2026-10-03T17:32:00.000Z,2026-10-03T17:37:46.000Z,COMPLETED,13.69,2.46,3.52,38.6,5.65,6.61,158,4.5,7,LOW
ses_3590,SES-003590,cow_20,station_01,rfid_20,2026-10-03T18:29:00.000Z,2026-10-03T18:34:30.000Z,COMPLETED,13.78,2.63,3.76,38.7,5.39,6.68,85,2.1,15,LOW
ses_3591,SES-003591,cow_21,station_01,rfid_21,2026-10-03T17:58:00.000Z,2026-10-03T18:03:10.000Z,COMPLETED,12.49,2.88,4.11,38.7,6.23,6.82,180,-9.5,57,MODERATE
ses_3592,SES-003592,cow_22,station_01,rfid_22,2026-10-03T18:24:00.000Z,2026-10-03T18:28:47.000Z,COMPLETED,12.81,2.58,3.69,38.9,6.41,6.75,207,-9.8,51,MODERATE
ses_3593,SES-003593,cow_23,station_01,rfid_23,2026-10-03T18:11:00.000Z,2026-10-03T18:15:04.000Z,COMPLETED,13.4,2.77,3.95,38.9,6.2,6.77,207,-7.6,56,MODERATE
ses_3594,SES-003594,cow_24,station_01,rfid_24,2026-10-03T17:25:00.000Z,2026-10-03T17:29:06.000Z,COMPLETED,13.44,2.42,3.45,38.8,6.29,6.74,218,-9.8,56,MODERATE
ses_3595,SES-003595,cow_25,station_01,rfid_25,2026-10-03T18:19:00.000Z,2026-10-03T18:24:53.000Z,COMPLETED,13.88,2.53,3.62,38.9,6.14,6.77,239,-9.3,56,MODERATE
ses_3596,SES-003596,cow_26,station_01,rfid_26,2026-10-03T17:38:00.000Z,2026-10-03T17:42:39.000Z,COMPLETED,10.84,2.74,3.91,39.5,7.21,7.1,1015,-30.5,82,VERY_HIGH
ses_3597,SES-003597,cow_27,station_01,rfid_27,2026-10-03T17:03:00.000Z,2026-10-03T17:08:51.000Z,COMPLETED,10.92,2.38,3.4,39.3,7.2,7.05,914,-31.3,92,VERY_HIGH
ses_3598,SES-003598,cow_28,station_01,rfid_28,2026-10-03T18:25:00.000Z,2026-10-03T18:29:53.000Z,COMPLETED,10.83,2.61,3.73,39.4,7.17,7.09,879,-33.6,80,VERY_HIGH
ses_3599,SES-003599,cow_29,station_01,rfid_29,2026-10-03T17:05:00.000Z,2026-10-03T17:09:07.000Z,COMPLETED,10.81,2.93,4.18,39.5,7.28,7.12,1032,-34.9,87,VERY_HIGH
ses_3600,SES-003600,cow_30,station_01,rfid_30,2026-10-03T17:06:00.000Z,2026-10-03T17:11:20.000Z,COMPLETED,11.57,2.51,3.58,39.4,7.07,7.05,981,-31.9,87,VERY_HIGH