id,session_id,timestamp,flow_rate,total_volume,temperature,conductivity,ph,scc,data_quality
rd_1,ses_3241,2026-09-28T06:56:00.000Z,0.05,0.01,38.6,5.56,6.64,98,GOOD
rd_2,ses_3241,2026-09-28T06:56:08.000Z,0.65,0.11,38.6,5.59,6.65,107,GOOD
rd_3,ses_3241,2026-09-28T06:56:16.000Z,1.3,0.30,38.5,5.57,6.65,94,GOOD
rd_4,ses_3241,2026-09-28T06:56:24.000Z,1.95,0.59,38.5,5.56,6.65,97,GOOD
rd_5,ses_3241,2026-09-28T06:56:32.000Z,2.6,0.98,38.5,5.61,6.66,96,GOOD
rd_6,ses_3241,2026-09-28T06:56:40.000Z,3.25,1.47,38.7,5.59,6.62,106,GOOD
rd_7,ses_3241,2026-09-28T06:56:48.000Z,3.81,2.04,38.5,5.55,6.65,98,GOOD
rd_8,ses_3241,2026-09-28T06:56:56.000Z,3.82,2.61,38.5,5.57,6.63,96,GOOD
rd_9,ses_3241,2026-09-28T06:57:04.000Z,3.86,3.19,38.6,5.58,6.66,102,GOOD
rd_10,ses_3241,2026-09-28T06:57:12.000Z,3.89,3.78,38.6,5.55,6.65,104,GOOD
rd_11,ses_3241,2026-09-28T06:57:20.000Z,3.68,4.33,38.5,5.53,6.66,93,GOOD
rd_12,ses_3241,2026-09-28T06:57:28.000Z,3.76,4.89,38.6,5.55,6.66,101,GOOD
rd_13,ses_3241,2026-09-28T06:57:36.000Z,3.89,5.48,38.5,5.57,6.65,96,GOOD
rd_14,ses_3241,2026-09-28T06:57:44.000Z,3.72,6.03,38.6,5.56,6.66,95,GOOD
rd_15,ses_3241,2026-09-28T06:57:52.000Z,3.87,6.62,38.6,5.58,6.66,101,GOOD
rd_16,ses_3241,2026-09-28T06:58:00.000Z,3.74,7.18,38.6,5.54,6.65,96,GOOD
rd_17,ses_3241,2026-09-28T06:58:08.000Z,3.79,7.74,38.5,5.60,6.63,95,GOOD
rd_18,ses_3241,2026-09-28T06:58:16.000Z,3.75,8.31,38.6,5.53,6.63,103,GOOD
rd_19,ses_3241,2026-09-28T06:58:24.000Z,3.7,8.86,38.6,5.58,6.65,104,GOOD
rd_20,ses_3241,2026-09-28T06:58:32.000Z,3.67,9.41,38.5,5.60,6.62,100,GOOD
rd_21,ses_3241,2026-09-28T06:58:40.000Z,3.81,9.98,38.7,5.55,6.62,104,GOOD
rd_22,ses_3241,2026-09-28T06:58:48.000Z,3.47,10.50,38.6,5.59,6.64,101,GOOD
rd_23,ses_3241,2026-09-28T06:58:56.000Z,3.03,10.96,38.6,5.56,6.64,105,GOOD
rd_24,ses_3241,2026-09-28T06:59:04.000Z,2.6,11.35,38.7,5.57,6.63,99,GOOD
rd_25,ses_3241,2026-09-28T06:59:12.000Z,2.17,11.67,38.6,5.58,6.64,100,GOOD
rd_26,ses_3241,2026-09-28T06:59:20.000Z,1.73,11.93,38.6,5.61,6.62,96,GOOD
rd_27,ses_3241,2026-09-28T06:59:28.000Z,1.3,12.13,38.6,5.61,6.64,104,GOOD
rd_28,ses_3241,2026-09-28T06:59:36.000Z,0.87,12.26,38.6,5.54,6.65,99,GOOD
rd_29,ses_3241,2026-09-28T06:59:44.000Z,0.43,12.32,38.5,5.59,6.63,93,GOOD
rd_30,ses_3241,2026-09-28T06:59:52.000Z,0.05,12.33,38.5,5.56,6.64,108,GOOD
rd_31,ses_3242,2026-09-28T06:55:00.000Z,0.05,0.01,38.7,5.70,6.69,95,GOOD
rd_32,ses_3242,2026-09-28T06:55:08.000Z,0.68,0.11,38.6,5.77,6.73,92,GOOD
rd_33,ses_3242,2026-09-28T06:55:16.000Z,1.36,0.31,38.7,5.74,6.69,88,GOOD
rd_34,ses_3242,2026-09-28T06:55:24.000Z,2.04,0.62,38.7,5.75,6.70,99,GOOD
rd_35,ses_3242,2026-09-28T06:55:32.000Z,2.72,1.03,38.6,5.75,6.72,94,GOOD
rd_36,ses_3242,2026-09-28T06:55:40.000Z,3.4,1.54,38.6,5.71,6.73,90,GOOD
rd_37,ses_3242,2026-09-28T06:55:48.000Z,3.94,2.13,38.7,5.75,6.72,90,GOOD
rd_38,ses_3242,2026-09-28T06:55:56.000Z,3.99,2.73,38.8,5.72,6.73,95,GOOD
rd_39,ses_3242,2026-09-28T06:56:04.000Z,3.86,3.31,38.7,5.70,6.71,89,GOOD
rd_40,ses_3242,2026-09-28T06:56:12.000Z,3.91,3.89,38.6,5.75,6.72,94,GOOD
rd_41,ses_3242,2026-09-28T06:56:20.000Z,4.08,4.50,38.7,5.69,6.71,96,GOOD
rd_42,ses_3242,2026-09-28T06:56:28.000Z,3.87,5.08,38.6,5.77,6.73,88,GOOD
rd_43,ses_3242,2026-09-28T06:56:36.000Z,4.02,5.69,38.8,5.75,6.70,102,GOOD
rd_44,ses_3242,2026-09-28T06:56:44.000Z,3.93,6.28,38.7,5.76,6.69,86,GOOD
rd_45,ses_3242,2026-09-28T06:56:52.000Z,3.92,6.87,38.8,5.77,6.72,87,GOOD
rd_46,ses_3242,2026-09-28T06:57:00.000Z,4.09,7.48,38.6,5.70,6.69,100,GOOD
rd_47,ses_3242,2026-09-28T06:57:08.000Z,4.04,8.09,38.7,5.74,6.71,92,GOOD
rd_48,ses_3242,2026-09-28T06:57:16.000Z,4,8.69,38.8,5.71,6.73,89,GOOD
rd_49,ses_3242,2026-09-28T06:57:24.000Z,3.95,9.28,38.6,5.71,6.69,100,GOOD
rd_50,ses_3242,2026-09-28T06:57:32.000Z,4.01,9.88,38.8,5.73,6.73,97,GOOD
rd_51,ses_3242,2026-09-28T06:57:40.000Z,4.01,10.48,38.7,5.76,6.69,95,GOOD
rd_52,ses_3242,2026-09-28T06:57:48.000Z,3.62,11.02,38.7,5.73,6.73,99,GOOD
rd_53,ses_3242,2026-09-28T06:57:56.000Z,3.17,11.50,38.6,5.74,6.72,101,GOOD
rd_54,ses_3242,2026-09-28T06:58:04.000Z,2.72,11.91,38.7,5.70,6.71,95,GOOD
rd_55,ses_3242,2026-09-28T06:58:12.000Z,2.26,12.25,38.6,5.71,6.71,90,GOOD
rd_56,ses_3242,2026-09-28T06:58:20.000Z,1.81,12.52,38.8,5.70,6.72,98,GOOD
rd_57,ses_3242,2026-09-28T06:58:28.000Z,1.36,12.72,38.7,5.72,6.71,98,GOOD
rd_58,ses_3242,2026-09-28T06:58:36.000Z,0.91,12.86,38.6,5.77,6.69,92,GOOD
rd_59,ses_3242,2026-09-28T06:58:44.000Z,0.45,12.93,38.8,5.73,6.71,96,GOOD
rd_60,ses_3242,2026-09-28T06:58:52.000Z,0.05,12.93,38.7,5.75,6.71,90,GOOD
rd_61,ses_3243,2026-09-28T07:18:00.000Z,0.05,0.01,38.5,5.48,6.64,105,GOOD
rd_62,ses_3243,2026-09-28T07:18:08.000Z,0.61,0.10,38.4,5.43,6.61,108,GOOD
rd_63,ses_3243,2026-09-28T07:18:16.000Z,1.21,0.28,38.5,5.48,6.64,108,GOOD
rd_64,ses_3243,2026-09-28T07:18:24.000Z,1.82,0.55,38.4,5.43,6.64,99,GOOD
rd_65,ses_3243,2026-09-28T07:18:32.000Z,2.42,0.92,38.5,5.47,6.64,101,GOOD
rd_66,ses_3243,2026-09-28T07:18:40.000Z,3.03,1.37,38.6,5.42,6.61,105,GOOD
rd_67,ses_3243,2026-09-28T07:18:48.000Z,3.44,1.89,38.5,5.47,6.65,107,GOOD
rd_68,ses_3243,2026-09-28T07:18:56.000Z,3.58,2.42,38.5,5.41,6.64,100,GOOD
rd_69,ses_3243,2026-09-28T07:19:04.000Z,3.46,2.94,38.5,5.43,6.61,110,GOOD
rd_70,ses_3243,2026-09-28T07:19:12.000Z,3.4,3.45,38.5,5.46,6.62,106,GOOD
rd_71,ses_3243,2026-09-28T07:19:20.000Z,3.42,3.97,38.4,5.46,6.62,111,GOOD
rd_72,ses_3243,2026-09-28T07:19:28.000Z,3.46,4.49,38.4,5.42,6.62,112,GOOD
rd_73,ses_3243,2026-09-28T07:19:36.000Z,3.46,5.00,38.5,5.46,6.63,107,GOOD
rd_74,ses_3243,2026-09-28T07:19:44.000Z,3.63,5.55,38.4,5.44,6.62,104,GOOD
rd_75,ses_3243,2026-09-28T07:19:52.000Z,3.48,6.07,38.5,5.44,6.63,110,GOOD
rd_76,ses_3243,2026-09-28T07:20:00.000Z,3.59,6.61,38.5,5.47,6.61,97,GOOD
rd_77,ses_3243,2026-09-28T07:20:08.000Z,3.6,7.15,38.5,5.42,6.65,107,GOOD
rd_78,ses_3243,2026-09-28T07:20:16.000Z,3.61,7.69,38.5,5.46,6.64,103,GOOD
rd_79,ses_3243,2026-09-28T07:20:24.000Z,3.65,8.24,38.5,5.43,6.62,99,GOOD
rd_80,ses_3243,2026-09-28T07:20:32.000Z,3.41,8.75,38.6,5.47,6.64,110,GOOD
rd_81,ses_3243,2026-09-28T07:20:40.000Z,3.42,9.26,38.5,5.46,6.65,105,GOOD
rd_82,ses_3243,2026-09-28T07:20:48.000Z,3.23,9.75,38.4,5.41,6.64,100,GOOD
rd_83,ses_3243,2026-09-28T07:20:56.000Z,2.82,10.17,38.4,5.42,6.61,97,GOOD
rd_84,ses_3243,2026-09-28T07:21:04.000Z,2.42,10.53,38.4,5.43,6.63,102,GOOD
rd_85,ses_3243,2026-09-28T07:21:12.000Z,2.02,10.84,38.4,5.41,6.63,110,GOOD
rd_86,ses_3243,2026-09-28T07:21:20.000Z,1.61,11.08,38.5,5.42,6.64,106,GOOD
rd_87,ses_3243,2026-09-28T07:21:28.000Z,1.21,11.26,38.4,5.41,6.62,101,GOOD
rd_88,ses_3243,2026-09-28T07:21:36.000Z,0.81,11.38,38.4,5.47,6.64,107,GOOD
rd_89,ses_3243,2026-09-28T07:21:44.000Z,0.4,11.44,38.5,5.41,6.64,111,GOOD
rd_90,ses_3243,2026-09-28T07:21:52.000Z,0.05,11.45,38.5,5.42,6.65,99,GOOD
rd_91,ses_3244,2026-09-28T06:13:00.000Z,0.05,0.01,38.5,5.62,6.63,118,GOOD
rd_92,ses_3244,2026-09-28T06:13:08.000Z,0.67,0.11,38.5,5.62,6.64,131,GOOD
rd_93,ses_3244,2026-09-28T06:13:16.000Z,1.34,0.31,38.6,5.59,6.65,122,GOOD
rd_94,ses_3244,2026-09-28T06:13:24.000Z,2.01,0.61,38.7,5.62,6.66,125,GOOD
rd_95,ses_3244,2026-09-28T06:13:32.000Z,2.68,1.01,38.6,5.56,6.64,132,GOOD
rd_96,ses_3244,2026-09-28T06:13:40.000Z,3.35,1.52,38.6,5.59,6.64,124,GOOD
rd_97,ses_3244,2026-09-28T06:13:48.000Z,3.85,2.09,38.5,5.59,6.64,130,GOOD
rd_98,ses_3244,2026-09-28T06:13:56.000Z,3.97,2.69,38.5,5.58,6.67,125,GOOD
rd_99,ses_3244,2026-09-28T06:14:04.000Z,3.86,3.27,38.7,5.60,6.67,127,GOOD
rd_100,ses_3244,2026-09-28T06:14:12.000Z,3.89,3.85,38.6,5.62,6.66,125,GOOD
rd_101,ses_3244,2026-09-28T06:14:20.000Z,3.75,4.41,38.6,5.58,6.65,125,GOOD
rd_102,ses_3244,2026-09-28T06:14:28.000Z,3.99,5.01,38.7,5.57,6.66,120,GOOD
rd_103,ses_3244,2026-09-28T06:14:36.000Z,3.92,5.60,38.5,5.57,6.66,127,GOOD
rd_104,ses_3244,2026-09-28T06:14:44.000Z,3.81,6.17,38.6,5.64,6.64,120,GOOD
rd_105,ses_3244,2026-09-28T06:14:52.000Z,3.85,6.75,38.5,5.58,6.66,126,GOOD
rd_106,ses_3244,2026-09-28T06:15:00.000Z,3.99,7.35,38.7,5.61,6.64,122,GOOD
rd_107,ses_3244,2026-09-28T06:15:08.000Z,3.93,7.94,38.6,5.60,6.65,127,GOOD
rd_108,ses_3244,2026-09-28T06:15:16.000Z,4,8.54,38.6,5.58,6.66,118,GOOD
rd_109,ses_3244,2026-09-28T06:15:24.000Z,3.86,9.12,38.5,5.60,6.65,130,GOOD
rd_110,ses_3244,2026-09-28T06:15:32.000Z,3.98,9.71,38.7,5.62,6.67,130,GOOD
rd_111,ses_3244,2026-09-28T06:15:40.000Z,4.03,10.32,38.6,5.58,6.65,119,GOOD
rd_112,ses_3244,2026-09-28T06:15:48.000Z,3.58,10.85,38.5,5.64,6.64,123,GOOD
rd_113,ses_3244,2026-09-28T06:15:56.000Z,3.13,11.32,38.5,5.56,6.66,132,GOOD
rd_114,ses_3244,2026-09-28T06:16:04.000Z,2.68,11.73,38.7,5.59,6.67,119,GOOD
rd_115,ses_3244,2026-09-28T06:16:12.000Z,2.24,12.06,38.5,5.61,6.65,131,GOOD
rd_116,ses_3244,2026-09-28T06:16:20.000Z,1.79,12.33,38.5,5.61,6.65,117,GOOD
rd_117,ses_3244,2026-09-28T06:16:28.000Z,1.34,12.53,38.6,5.59,6.65,121,GOOD
rd_118,ses_3244,2026-09-28T06:16:36.000Z,0.89,12.66,38.5,5.59,6.63,132,GOOD
rd_119,ses_3244,2026-09-28T06:16:44.000Z,0.45,12.73,38.6,5.59,6.64,123,GOOD
rd_120,ses_3244,2026-09-28T06:16:52.000Z,0.05,12.74,38.6,5.62,6.64,120,GOOD
rd_121,ses_3245,2026-09-28T07:25:00.000Z,0.05,0.01,38.7,5.41,6.71,122,GOOD
rd_122,ses_3245,2026-09-28T07:25:08.000Z,0.71,0.11,38.7,5.43,6.69,109,GOOD
rd_123,ses_3245,2026-09-28T07:25:16.000Z,1.43,0.33,38.6,5.41,6.72,108,GOOD
rd_124,ses_3245,2026-09-28T07:25:24.000Z,2.14,0.65,38.7,5.43,6.71,117,GOOD
rd_125,ses_3245,2026-09-28T07:25:32.000Z,2.86,1.08,38.7,5.40,6.70,119,GOOD
rd_126,ses_3245,2026-09-28T07:25:40.000Z,3.57,1.61,38.6,5.43,6.72,123,GOOD
rd_127,ses_3245,2026-09-28T07:25:48.000Z,4.24,2.25,38.7,5.37,6.71,110,GOOD
rd_128,ses_3245,2026-09-28T07:25:56.000Z,4.06,2.86,38.7,5.44,6.72,116,GOOD
rd_129,ses_3245,2026-09-28T07:26:04.000Z,4.1,3.47,38.6,5.41,6.71,111,GOOD
rd_130,ses_3245,2026-09-28T07:26:12.000Z,4.09,4.09,38.8,5.43,6.72,120,GOOD
rd_131,ses_3245,2026-09-28T07:26:20.000Z,4.08,4.70,38.7,5.42,6.69,117,GOOD
rd_132,ses_3245,2026-09-28T07:26:28.000Z,4.19,5.33,38.8,5.37,6.69,119,GOOD
rd_133,ses_3245,2026-09-28T07:26:36.000Z,4.15,5.95,38.7,5.42,6.70,116,GOOD
rd_134,ses_3245,2026-09-28T07:26:44.000Z,4.19,6.58,38.6,5.38,6.71,113,GOOD
rd_135,ses_3245,2026-09-28T07:26:52.000Z,4.16,7.20,38.6,5.44,6.72,122,GOOD
rd_136,ses_3245,2026-09-28T07:27:00.000Z,4.11,7.82,38.8,5.40,6.71,107,GOOD
rd_137,ses_3245,2026-09-28T07:27:08.000Z,4.12,8.44,38.8,5.40,6.70,107,GOOD
rd_138,ses_3245,2026-09-28T07:27:16.000Z,4.29,9.08,38.6,5.38,6.69,117,GOOD
rd_139,ses_3245,2026-09-28T07:27:24.000Z,4.13,9.70,38.7,5.44,6.71,112,GOOD
rd_140,ses_3245,2026-09-28T07:27:32.000Z,4.04,10.31,38.6,5.40,6.72,107,GOOD
rd_141,ses_3245,2026-09-28T07:27:40.000Z,4.23,10.94,38.8,5.40,6.71,107,GOOD
rd_142,ses_3245,2026-09-28T07:27:48.000Z,3.81,11.51,38.8,5.38,6.71,114,GOOD
rd_143,ses_3245,2026-09-28T07:27:56.000Z,3.33,12.01,38.7,5.44,6.71,110,GOOD
rd_144,ses_3245,2026-09-28T07:28:04.000Z,2.86,12.44,38.8,5.39,6.71,116,GOOD
rd_145,ses_3245,2026-09-28T07:28:12.000Z,2.38,12.80,38.7,5.38,6.71,108,GOOD
rd_146,ses_3245,2026-09-28T07:28:20.000Z,1.9,13.08,38.8,5.40,6.69,115,GOOD
rd_147,ses_3245,2026-09-28T07:28:28.000Z,1.43,13.30,38.6,5.42,6.71,121,GOOD
rd_148,ses_3245,2026-09-28T07:28:36.000Z,0.95,13.44,38.7,5.41,6.70,121,GOOD
rd_149,ses_3245,2026-09-28T07:28:44.000Z,0.48,13.51,38.7,5.38,6.70,120,GOOD
rd_150,ses_3245,2026-09-28T07:28:52.000Z,0.05,13.52,38.7,5.40,6.72,119,GOOD
rd_151,ses_3246,2026-09-28T06:32:00.000Z,0.05,0.01,38.5,5.58,6.64,140,GOOD
rd_152,ses_3246,2026-09-28T06:32:08.000Z,0.62,0.10,38.7,5.57,6.66,144,GOOD
rd_153,ses_3246,2026-09-28T06:32:16.000Z,1.24,0.29,38.6,5.53,6.67,142,GOOD
rd_154,ses_3246,2026-09-28T06:32:24.000Z,1.86,0.57,38.5,5.53,6.65,135,GOOD
rd_155,ses_3246,2026-09-28T06:32:32.000Z,2.48,0.94,38.6,5.55,6.66,134,GOOD
rd_156,ses_3246,2026-09-28T06:32:40.000Z,3.09,1.40,38.6,5.56,6.64,130,GOOD
rd_157,ses_3246,2026-09-28T06:32:48.000Z,3.73,1.96,38.6,5.54,6.67,132,GOOD
rd_158,ses_3246,2026-09-28T06:32:56.000Z,3.63,2.50,38.5,5.51,6.63,143,GOOD
rd_159,ses_3246,2026-09-28T06:33:04.000Z,3.67,3.06,38.7,5.58,6.65,133,GOOD
rd_160,ses_3246,2026-09-28T06:33:12.000Z,3.73,3.61,38.6,5.56,6.64,131,GOOD
rd_161,ses_3246,2026-09-28T06:33:20.000Z,3.68,4.17,38.6,5.51,6.65,129,GOOD
rd_162,ses_3246,2026-09-28T06:33:28.000Z,3.58,4.70,38.5,5.51,6.66,131,GOOD
rd_163,ses_3246,2026-09-28T06:33:36.000Z,3.58,5.24,38.7,5.58,6.64,134,GOOD
rd_164,ses_3246,2026-09-28T06:33:44.000Z,3.71,5.80,38.6,5.58,6.67,140,GOOD
rd_165,ses_3246,2026-09-28T06:33:52.000Z,3.52,6.33,38.6,5.56,6.65,132,GOOD
rd_166,ses_3246,2026-09-28T06:34:00.000Z,3.58,6.86,38.5,5.53,6.63,134,GOOD
rd_167,ses_3246,2026-09-28T06:34:08.000Z,3.7,7.42,38.5,5.53,6.67,144,GOOD
rd_168,ses_3246,2026-09-28T06:34:16.000Z,3.54,7.95,38.6,5.52,6.67,140,GOOD
rd_169,ses_3246,2026-09-28T06:34:24.000Z,3.54,8.48,38.7,5.54,6.65,139,GOOD
rd_170,ses_3246,2026-09-28T06:34:32.000Z,3.54,9.01,38.7,5.57,6.64,134,GOOD
rd_171,ses_3246,2026-09-28T06:34:40.000Z,3.61,9.55,38.7,5.58,6.66,141,GOOD
rd_172,ses_3246,2026-09-28T06:34:48.000Z,3.3,10.05,38.6,5.58,6.66,138,GOOD
rd_173,ses_3246,2026-09-28T06:34:56.000Z,2.89,10.48,38.7,5.54,6.66,134,GOOD
rd_174,ses_3246,2026-09-28T06:35:04.000Z,2.48,10.85,38.7,5.57,6.66,130,GOOD
rd_175,ses_3246,2026-09-28T06:35:12.000Z,2.06,11.16,38.7,5.53,6.67,135,GOOD
rd_176,ses_3246,2026-09-28T06:35:20.000Z,1.65,11.41,38.6,5.58,6.66,143,GOOD
rd_177,ses_3246,2026-09-28T06:35:28.000Z,1.24,11.59,38.6,5.52,6.64,133,GOOD
rd_178,ses_3246,2026-09-28T06:35:36.000Z,0.83,11.72,38.5,5.52,6.67,137,GOOD
rd_179,ses_3246,2026-09-28T06:35:44.000Z,0.41,11.78,38.7,5.54,6.63,138,GOOD
rd_180,ses_3246,2026-09-28T06:35:52.000Z,0.05,11.79,38.7,5.59,6.65,141,GOOD
rd_181,ses_3247,2026-09-28T06:44:00.000Z,0.05,0.01,38.5,5.69,6.65,125,GOOD
rd_182,ses_3247,2026-09-28T06:44:08.000Z,0.69,0.11,38.5,5.66,6.67,124,GOOD
rd_183,ses_3247,2026-09-28T06:44:16.000Z,1.37,0.32,38.5,5.64,6.63,125,GOOD
rd_184,ses_3247,2026-09-28T06:44:24.000Z,2.06,0.63,38.6,5.64,6.66,137,GOOD
rd_185,ses_3247,2026-09-28T06:44:32.000Z,2.74,1.04,38.5,5.63,6.67,136,GOOD
rd_186,ses_3247,2026-09-28T06:44:40.000Z,3.43,1.55,38.5,5.63,6.65,127,GOOD
rd_187,ses_3247,2026-09-28T06:44:48.000Z,4.04,2.16,38.5,5.64,6.67,126,GOOD
rd_188,ses_3247,2026-09-28T06:44:56.000Z,3.97,2.75,38.5,5.63,6.66,126,GOOD
rd_189,ses_3247,2026-09-28T06:45:04.000Z,4.08,3.36,38.5,5.64,6.64,124,GOOD
rd_190,ses_3247,2026-09-28T06:45:12.000Z,3.93,3.95,38.6,5.64,6.63,133,GOOD
rd_191,ses_3247,2026-09-28T06:45:20.000Z,4.05,4.56,38.5,5.62,6.65,137,GOOD
rd_192,ses_3247,2026-09-28T06:45:28.000Z,3.9,5.15,38.5,5.64,6.66,130,GOOD
rd_193,ses_3247,2026-09-28T06:45:36.000Z,3.84,5.72,38.5,5.67,6.65,125,GOOD
rd_194,ses_3247,2026-09-28T06:45:44.000Z,4.02,6.33,38.6,5.67,6.66,125,GOOD
rd_195,ses_3247,2026-09-28T06:45:52.000Z,3.93,6.92,38.5,5.66,6.66,125,GOOD
rd_196,ses_3247,2026-09-28T06:46:00.000Z,3.92,7.50,38.4,5.68,6.63,132,GOOD
rd_197,ses_3247,2026-09-28T06:46:08.000Z,3.9,8.09,38.4,5.62,6.63,125,GOOD
rd_198,ses_3247,2026-09-28T06:46:16.000Z,3.92,8.68,38.4,5.64,6.66,123,GOOD
rd_199,ses_3247,2026-09-28T06:46:24.000Z,3.99,9.27,38.5,5.70,6.65,134,GOOD
rd_200,ses_3247,2026-09-28T06:46:32.000Z,4.05,9.88,38.5,5.64,6.65,129,GOOD
rd_201,ses_3247,2026-09-28T06:46:40.000Z,3.92,10.47,38.4,5.68,6.64,123,GOOD
rd_202,ses_3247,2026-09-28T06:46:48.000Z,3.66,11.02,38.4,5.64,6.64,123,GOOD
rd_203,ses_3247,2026-09-28T06:46:56.000Z,3.2,11.50,38.5,5.66,6.63,128,GOOD
rd_204,ses_3247,2026-09-28T06:47:04.000Z,2.74,11.91,38.4,5.69,6.64,137,GOOD
rd_205,ses_3247,2026-09-28T06:47:12.000Z,2.29,12.25,38.6,5.67,6.63,126,GOOD
rd_206,ses_3247,2026-09-28T06:47:20.000Z,1.83,12.53,38.4,5.69,6.67,130,GOOD
rd_207,ses_3247,2026-09-28T06:47:28.000Z,1.37,12.73,38.5,5.68,6.66,123,GOOD
rd_208,ses_3247,2026-09-28T06:47:36.000Z,0.91,12.87,38.5,5.64,6.64,138,GOOD
rd_209,ses_3247,2026-09-28T06:47:44.000Z,0.46,12.94,38.4,5.64,6.63,133,GOOD
rd_210,ses_3247,2026-09-28T06:47:52.000Z,0.05,12.95,38.4,5.69,6.64,128,GOOD
rd_211,ses_3248,2026-09-28T06:37:00.000Z,0.05,0.01,38.8,5.55,6.65,145,GOOD
rd_212,ses_3248,2026-09-28T06:37:08.000Z,0.6,0.10,38.9,5.50,6.63,138,GOOD
rd_213,ses_3248,2026-09-28T06:37:16.000Z,1.2,0.28,38.7,5.56,6.62,150,GOOD
rd_214,ses_3248,2026-09-28T06:37:24.000Z,1.81,0.55,38.9,5.53,6.65,141,GOOD
rd_215,ses_3248,2026-09-28T06:37:32.000Z,2.41,0.91,38.8,5.54,6.63,147,GOOD
rd_216,ses_3248,2026-09-28T06:37:40.000Z,3.01,1.36,38.9,5.54,6.65,142,GOOD
rd_217,ses_3248,2026-09-28T06:37:48.000Z,3.4,1.87,38.8,5.54,6.64,141,GOOD
rd_218,ses_3248,2026-09-28T06:37:56.000Z,3.56,2.41,38.7,5.57,6.64,140,GOOD
rd_219,ses_3248,2026-09-28T06:38:04.000Z,3.5,2.93,38.8,5.58,6.64,143,GOOD
rd_220,ses_3248,2026-09-28T06:38:12.000Z,3.45,3.45,38.8,5.57,6.62,150,GOOD
rd_221,ses_3248,2026-09-28T06:38:20.000Z,3.6,3.99,38.8,5.53,6.62,146,GOOD
rd_222,ses_3248,2026-09-28T06:38:28.000Z,3.61,4.53,38.9,5.53,6.65,145,GOOD
rd_223,ses_3248,2026-09-28T06:38:36.000Z,3.63,5.07,38.7,5.56,6.61,136,GOOD
rd_224,ses_3248,2026-09-28T06:38:44.000Z,3.46,5.59,38.9,5.53,6.65,145,GOOD
rd_225,ses_3248,2026-09-28T06:38:52.000Z,3.53,6.12,38.9,5.55,6.63,148,GOOD
rd_226,ses_3248,2026-09-28T06:39:00.000Z,3.64,6.67,38.9,5.51,6.62,142,GOOD
rd_227,ses_3248,2026-09-28T06:39:08.000Z,3.41,7.18,38.8,5.56,6.63,143,GOOD
rd_228,ses_3248,2026-09-28T06:39:16.000Z,3.37,7.69,38.8,5.58,6.64,135,GOOD
rd_229,ses_3248,2026-09-28T06:39:24.000Z,3.6,8.23,38.8,5.56,6.63,149,GOOD
rd_230,ses_3248,2026-09-28T06:39:32.000Z,3.61,8.77,38.8,5.52,6.63,142,GOOD
rd_231,ses_3248,2026-09-28T06:39:40.000Z,3.52,9.30,38.8,5.52,6.65,146,GOOD
rd_232,ses_3248,2026-09-28T06:39:48.000Z,3.21,9.78,38.8,5.52,6.63,149,GOOD
rd_233,ses_3248,2026-09-28T06:39:56.000Z,2.81,10.20,38.7,5.53,6.64,141,GOOD
rd_234,ses_3248,2026-09-28T06:40:04.000Z,2.41,10.56,38.8,5.53,6.63,135,GOOD
rd_235,ses_3248,2026-09-28T06:40:12.000Z,2.01,10.86,38.9,5.54,6.62,144,GOOD
rd_236,ses_3248,2026-09-28T06:40:20.000Z,1.6,11.10,38.8,5.54,6.62,143,GOOD
rd_237,ses_3248,2026-09-28T06:40:28.000Z,1.2,11.28,38.7,5.53,6.65,136,GOOD
rd_238,ses_3248,2026-09-28T06:40:36.000Z,0.8,11.40,38.8,5.57,6.64,137,GOOD
rd_239,ses_3248,2026-09-28T06:40:44.000Z,0.4,11.46,38.8,5.53,6.62,148,GOOD
rd_240,ses_3248,2026-09-28T06:40:52.000Z,0.05,11.47,38.9,5.57,6.61,146,GOOD
rd_241,ses_3249,2026-09-28T06:42:00.000Z,0.05,0.01,38.3,5.61,6.63,134,GOOD
rd_242,ses_3249,2026-09-28T06:42:08.000Z,0.65,0.11,38.3,5.64,6.63,134,GOOD
rd_243,ses_3249,2026-09-28T06:42:16.000Z,1.29,0.30,38.5,5.66,6.66,133,GOOD
rd_244,ses_3249,2026-09-28T06:42:24.000Z,1.94,0.59,38.3,5.62,6.66,136,GOOD
rd_245,ses_3249,2026-09-28T06:42:32.000Z,2.59,0.98,38.4,5.63,6.62,140,GOOD
rd_246,ses_3249,2026-09-28T06:42:40.000Z,3.23,1.46,38.4,5.61,6.66,142,GOOD
rd_247,ses_3249,2026-09-28T06:42:48.000Z,3.76,2.03,38.4,5.67,6.64,135,GOOD
rd_248,ses_3249,2026-09-28T06:42:56.000Z,3.9,2.61,38.4,5.61,6.63,144,GOOD
rd_249,ses_3249,2026-09-28T06:43:04.000Z,3.74,3.17,38.5,5.61,6.65,146,GOOD
rd_250,ses_3249,2026-09-28T06:43:12.000Z,3.61,3.71,38.5,5.65,6.64,136,GOOD
rd_251,ses_3249,2026-09-28T06:43:20.000Z,3.63,4.26,38.5,5.67,6.65,144,GOOD
rd_252,ses_3249,2026-09-28T06:43:28.000Z,3.77,4.82,38.4,5.65,6.65,144,GOOD
rd_253,ses_3249,2026-09-28T06:43:36.000Z,3.75,5.39,38.5,5.62,6.63,142,GOOD
rd_254,ses_3249,2026-09-28T06:43:44.000Z,3.66,5.94,38.3,5.65,6.64,147,GOOD
rd_255,ses_3249,2026-09-28T06:43:52.000Z,3.87,6.52,38.4,5.66,6.63,134,GOOD
rd_256,ses_3249,2026-09-28T06:44:00.000Z,3.63,7.06,38.3,5.62,6.64,147,GOOD
rd_257,ses_3249,2026-09-28T06:44:08.000Z,3.86,7.64,38.4,5.67,6.63,146,GOOD
rd_258,ses_3249,2026-09-28T06:44:16.000Z,3.7,8.19,38.5,5.67,6.65,141,GOOD
rd_259,ses_3249,2026-09-28T06:44:24.000Z,3.62,8.74,38.3,5.64,6.65,133,GOOD
rd_260,ses_3249,2026-09-28T06:44:32.000Z,3.65,9.28,38.5,5.62,6.65,137,GOOD
rd_261,ses_3249,2026-09-28T06:44:40.000Z,3.84,9.86,38.4,5.61,6.66,147,GOOD
rd_262,ses_3249,2026-09-28T06:44:48.000Z,3.45,10.38,38.3,5.67,6.63,135,GOOD
rd_263,ses_3249,2026-09-28T06:44:56.000Z,3.02,10.83,38.3,5.62,6.64,135,GOOD
rd_264,ses_3249,2026-09-28T06:45:04.000Z,2.59,11.22,38.5,5.67,6.65,145,GOOD
rd_265,ses_3249,2026-09-28T06:45:12.000Z,2.16,11.54,38.5,5.67,6.66,137,GOOD
rd_266,ses_3249,2026-09-28T06:45:20.000Z,1.72,11.80,38.4,5.68,6.65,146,GOOD
rd_267,ses_3249,2026-09-28T06:45:28.000Z,1.29,12.00,38.5,5.67,6.65,136,GOOD
rd_268,ses_3249,2026-09-28T06:45:36.000Z,0.86,12.12,38.5,5.66,6.63,138,GOOD
rd_269,ses_3249,2026-09-28T06:45:44.000Z,0.43,12.19,38.4,5.64,6.66,141,GOOD
rd_270,ses_3249,2026-09-28T06:45:52.000Z,0.05,12.20,38.4,5.65,6.63,148,GOOD
rd_271,ses_3250,2026-09-28T07:11:00.000Z,0.05,0.01,38.6,5.50,6.70,85,GOOD
rd_272,ses_3250,2026-09-28T07:11:08.000Z,0.71,0.11,38.7,5.48,6.71,74,GOOD
rd_273,ses_3250,2026-09-28T07:11:16.000Z,1.41,0.33,38.6,5.50,6.68,86,GOOD
rd_274,ses_3250,2026-09-28T07:11:24.000Z,2.12,0.64,38.7,5.46,6.68,80,GOOD
rd_275,ses_3250,2026-09-28T07:11:32.000Z,2.82,1.07,38.7,5.47,6.68,85,GOOD
rd_276,ses_3250,2026-09-28T07:11:40.000Z,3.53,1.60,38.7,5.52,6.69,81,GOOD
rd_277,ses_3250,2026-09-28T07:11:48.000Z,4.22,2.23,38.8,5.52,6.71,83,GOOD
rd_278,ses_3250,2026-09-28T07:11:56.000Z,4.13,2.85,38.7,5.45,6.71,75,GOOD
rd_279,ses_3250,2026-09-28T07:12:04.000Z,4.09,3.46,38.6,5.53,6.70,89,GOOD
rd_280,ses_3250,2026-09-28T07:12:12.000Z,4.02,4.06,38.8,5.53,6.70,80,GOOD
rd_281,ses_3250,2026-09-28T07:12:20.000Z,4.09,4.68,38.6,5.50,6.68,81,GOOD
rd_282,ses_3250,2026-09-28T07:12:28.000Z,4.2,5.31,38.8,5.51,6.71,82,GOOD
rd_283,ses_3250,2026-09-28T07:12:36.000Z,4.22,5.94,38.8,5.45,6.71,87,GOOD
rd_284,ses_3250,2026-09-28T07:12:44.000Z,4.1,6.56,38.8,5.52,6.72,87,GOOD
rd_285,ses_3250,2026-09-28T07:12:52.000Z,3.96,7.15,38.8,5.48,6.70,77,GOOD
rd_286,ses_3250,2026-09-28T07:13:00.000Z,4,7.75,38.8,5.52,6.70,82,GOOD
rd_287,ses_3250,2026-09-28T07:13:08.000Z,4.01,8.35,38.6,5.52,6.72,85,GOOD
rd_288,ses_3250,2026-09-28T07:13:16.000Z,3.97,8.95,38.8,5.51,6.69,86,GOOD
rd_289,ses_3250,2026-09-28T07:13:24.000Z,4.08,9.56,38.6,5.49,6.70,79,GOOD
rd_290,ses_3250,2026-09-28T07:13:32.000Z,4.19,10.19,38.8,5.49,6.72,76,GOOD
rd_291,ses_3250,2026-09-28T07:13:40.000Z,4.04,10.79,38.7,5.50,6.69,77,GOOD
rd_292,ses_3250,2026-09-28T07:13:48.000Z,3.76,11.36,38.8,5.50,6.69,90,GOOD
rd_293,ses_3250,2026-09-28T07:13:56.000Z,3.29,11.85,38.7,5.46,6.71,89,GOOD
rd_294,ses_3250,2026-09-28T07:14:04.000Z,2.82,12.27,38.6,5.49,6.70,76,GOOD
rd_295,ses_3250,2026-09-28T07:14:12.000Z,2.35,12.63,38.7,5.52,6.69,84,GOOD
rd_296,ses_3250,2026-09-28T07:14:20.000Z,1.88,12.91,38.7,5.46,6.71,86,GOOD
rd_297,ses_3250,2026-09-28T07:14:28.000Z,1.41,13.12,38.7,5.48,6.69,89,GOOD
rd_298,ses_3250,2026-09-28T07:14:36.000Z,0.94,13.26,38.7,5.48,6.68,85,GOOD
rd_299,ses_3250,2026-09-28T07:14:44.000Z,0.47,13.33,38.6,5.46,6.68,82,GOOD
rd_300,ses_3250,2026-09-28T07:14:52.000Z,0.05,13.34,38.6,5.47,6.68,79,GOOD
rd_301,ses_3251,2026-09-28T06:38:00.000Z,0.05,0.01,38.8,5.50,6.65,95,GOOD
rd_302,ses_3251,2026-09-28T06:38:08.000Z,0.59,0.10,38.7,5.52,6.64,93,GOOD
rd_303,ses_3251,2026-09-28T06:38:16.000Z,1.19,0.27,38.7,5.53,6.65,83,GOOD
rd_304,ses_3251,2026-09-28T06:38:24.000Z,1.78,0.54,38.7,5.56,6.64,87,GOOD
rd_305,ses_3251,2026-09-28T06:38:32.000Z,2.38,0.90,38.7,5.53,6.64,84,GOOD
rd_306,ses_3251,2026-09-28T06:38:40.000Z,2.97,1.34,38.8,5.55,6.67,86,GOOD
rd_307,ses_3251,2026-09-28T06:38:48.000Z,3.45,1.86,38.7,5.51,6.66,85,GOOD
rd_308,ses_3251,2026-09-28T06:38:56.000Z,3.58,2.40,38.7,5.49,6.64,90,GOOD
rd_309,ses_3251,2026-09-28T06:39:04.000Z,3.51,2.92,38.7,5.52,6.64,95,GOOD
rd_310,ses_3251,2026-09-28T06:39:12.000Z,3.35,3.43,38.6,5.54,6.65,82,GOOD
rd_311,ses_3251,2026-09-28T06:39:20.000Z,3.5,3.95,38.7,5.53,6.64,84,GOOD
rd_312,ses_3251,2026-09-28T06:39:28.000Z,3.57,4.49,38.6,5.49,6.67,87,GOOD
rd_313,ses_3251,2026-09-28T06:39:36.000Z,3.32,4.99,38.7,5.49,6.63,82,GOOD
rd_314,ses_3251,2026-09-28T06:39:44.000Z,3.38,5.49,38.7,5.53,6.66,82,GOOD
rd_315,ses_3251,2026-09-28T06:39:52.000Z,3.55,6.03,38.7,5.52,6.64,94,GOOD
rd_316,ses_3251,2026-09-28T06:40:00.000Z,3.42,6.54,38.6,5.53,6.67,84,GOOD
rd_317,ses_3251,2026-09-28T06:40:08.000Z,3.59,7.08,38.7,5.52,6.63,95,GOOD
rd_318,ses_3251,2026-09-28T06:40:16.000Z,3.44,7.59,38.6,5.55,6.65,92,GOOD
rd_319,ses_3251,2026-09-28T06:40:24.000Z,3.32,8.09,38.7,5.48,6.66,82,GOOD
rd_320,ses_3251,2026-09-28T06:40:32.000Z,3.33,8.59,38.7,5.52,6.66,89,GOOD
rd_321,ses_3251,2026-09-28T06:40:40.000Z,3.58,9.13,38.8,5.51,6.64,93,GOOD
rd_322,ses_3251,2026-09-28T06:40:48.000Z,3.17,9.60,38.7,5.52,6.67,92,GOOD
rd_323,ses_3251,2026-09-28T06:40:56.000Z,2.78,10.02,38.7,5.56,6.65,90,GOOD
rd_324,ses_3251,2026-09-28T06:41:04.000Z,2.38,10.38,38.7,5.55,6.67,92,GOOD
rd_325,ses_3251,2026-09-28T06:41:12.000Z,1.98,10.67,38.6,5.50,6.65,90,GOOD
rd_326,ses_3251,2026-09-28T06:41:20.000Z,1.59,10.91,38.6,5.54,6.64,92,GOOD
rd_327,ses_3251,2026-09-28T06:41:28.000Z,1.19,11.09,38.6,5.51,6.66,94,GOOD
rd_328,ses_3251,2026-09-28T06:41:36.000Z,0.79,11.21,38.7,5.52,6.65,95,GOOD
rd_329,ses_3251,2026-09-28T06:41:44.000Z,0.4,11.27,38.7,5.53,6.64,95,GOOD
rd_330,ses_3251,2026-09-28T06:41:52.000Z,0.05,11.28,38.7,5.51,6.65,83,GOOD
rd_331,ses_3252,2026-09-28T06:15:00.000Z,0.05,0.01,38.5,5.67,6.64,88,GOOD
rd_332,ses_3252,2026-09-28T06:15:08.000Z,0.65,0.11,38.4,5.68,6.64,98,GOOD
rd_333,ses_3252,2026-09-28T06:15:16.000Z,1.29,0.30,38.4,5.68,6.66,102,GOOD
rd_334,ses_3252,2026-09-28T06:15:24.000Z,1.94,0.59,38.5,5.64,6.64,91,GOOD
rd_335,ses_3252,2026-09-28T06:15:32.000Z,2.59,0.98,38.3,5.67,6.62,95,GOOD
rd_336,ses_3252,2026-09-28T06:15:40.000Z,3.23,1.46,38.3,5.65,6.65,102,GOOD
rd_337,ses_3252,2026-09-28T06:15:48.000Z,3.67,2.01,38.5,5.63,6.64,95,GOOD
rd_338,ses_3252,2026-09-28T06:15:56.000Z,3.63,2.56,38.3,5.65,6.63,87,GOOD
rd_339,ses_3252,2026-09-28T06:16:04.000Z,3.67,3.11,38.3,5.66,6.64,96,GOOD
rd_340,ses_3252,2026-09-28T06:16:12.000Z,3.62,3.65,38.5,5.69,6.64,99,GOOD
rd_341,ses_3252,2026-09-28T06:16:20.000Z,3.82,4.22,38.5,5.67,6.62,102,GOOD
rd_342,ses_3252,2026-09-28T06:16:28.000Z,3.7,4.78,38.4,5.67,6.62,94,GOOD
rd_343,ses_3252,2026-09-28T06:16:36.000Z,3.77,5.34,38.5,5.62,6.63,102,GOOD
rd_344,ses_3252,2026-09-28T06:16:44.000Z,3.75,5.91,38.4,5.65,6.65,98,GOOD
rd_345,ses_3252,2026-09-28T06:16:52.000Z,3.71,6.46,38.5,5.69,6.65,101,GOOD
rd_346,ses_3252,2026-09-28T06:17:00.000Z,3.8,7.03,38.5,5.69,6.64,88,GOOD
rd_347,ses_3252,2026-09-28T06:17:08.000Z,3.86,7.61,38.4,5.68,6.66,98,GOOD
rd_348,ses_3252,2026-09-28T06:17:16.000Z,3.66,8.16,38.3,5.68,6.63,90,GOOD
rd_349,ses_3252,2026-09-28T06:17:24.000Z,3.74,8.72,38.5,5.63,6.65,89,GOOD
rd_350,ses_3252,2026-09-28T06:17:32.000Z,3.73,9.28,38.4,5.69,6.63,92,GOOD
rd_351,ses_3252,2026-09-28T06:17:40.000Z,3.87,9.86,38.4,5.69,6.63,102,GOOD
rd_352,ses_3252,2026-09-28T06:17:48.000Z,3.45,10.38,38.4,5.69,6.63,98,GOOD
rd_353,ses_3252,2026-09-28T06:17:56.000Z,3.02,10.83,38.4,5.69,6.64,90,GOOD
rd_354,ses_3252,2026-09-28T06:18:04.000Z,2.59,11.22,38.4,5.69,6.64,99,GOOD
rd_355,ses_3252,2026-09-28T06:18:12.000Z,2.16,11.55,38.5,5.70,6.65,87,GOOD
rd_356,ses_3252,2026-09-28T06:18:20.000Z,1.72,11.80,38.4,5.70,6.63,91,GOOD
rd_357,ses_3252,2026-09-28T06:18:28.000Z,1.29,12.00,38.3,5.63,6.63,88,GOOD
rd_358,ses_3252,2026-09-28T06:18:36.000Z,0.86,12.13,38.3,5.67,6.62,92,GOOD
rd_359,ses_3252,2026-09-28T06:18:44.000Z,0.43,12.19,38.3,5.69,6.64,102,GOOD
rd_360,ses_3252,2026-09-28T06:18:52.000Z,0.05,12.20,38.3,5.62,6.63,94,GOOD
rd_361,ses_3253,2026-09-28T06:40:00.000Z,0.05,0.01,38.6,5.49,6.66,102,GOOD
rd_362,ses_3253,2026-09-28T06:40:08.000Z,0.71,0.11,38.5,5.52,6.67,97,GOOD
rd_363,ses_3253,2026-09-28T06:40:16.000Z,1.41,0.33,38.6,5.49,6.68,104,GOOD
rd_364,ses_3253,2026-09-28T06:40:24.000Z,2.12,0.64,38.5,5.54,6.68,105,GOOD
rd_365,ses_3253,2026-09-28T06:40:32.000Z,2.83,1.07,38.6,5.50,6.69,95,GOOD
rd_366,ses_3253,2026-09-28T06:40:40.000Z,3.53,1.60,38.6,5.55,6.70,98,GOOD
rd_367,ses_3253,2026-09-28T06:40:48.000Z,4.21,2.23,38.6,5.51,6.68,106,GOOD
rd_368,ses_3253,2026-09-28T06:40:56.000Z,3.96,2.82,38.6,5.50,6.66,96,GOOD
rd_369,ses_3253,2026-09-28T06:41:04.000Z,4.23,3.46,38.6,5.55,6.67,104,GOOD
rd_370,ses_3253,2026-09-28T06:41:12.000Z,4.2,4.09,38.7,5.50,6.67,94,GOOD
rd_371,ses_3253,2026-09-28T06:41:20.000Z,4.03,4.69,38.6,5.50,6.67,105,GOOD
rd_372,ses_3253,2026-09-28T06:41:28.000Z,4.2,5.32,38.7,5.54,6.68,102,GOOD
rd_373,ses_3253,2026-09-28T06:41:36.000Z,4.11,5.94,38.5,5.50,6.67,100,GOOD
rd_374,ses_3253,2026-09-28T06:41:44.000Z,4.19,6.57,38.6,5.50,6.68,102,GOOD
rd_375,ses_3253,2026-09-28T06:41:52.000Z,4.03,7.17,38.5,5.57,6.68,97,GOOD
rd_376,ses_3253,2026-09-28T06:42:00.000Z,4.16,7.80,38.6,5.51,6.68,108,GOOD
rd_377,ses_3253,2026-09-28T06:42:08.000Z,4.12,8.41,38.7,5.53,6.69,107,GOOD
rd_378,ses_3253,2026-09-28T06:42:16.000Z,4.11,9.03,38.7,5.50,6.67,101,GOOD
rd_379,ses_3253,2026-09-28T06:42:24.000Z,4.02,9.63,38.7,5.51,6.68,99,GOOD
rd_380,ses_3253,2026-09-28T06:42:32.000Z,4.08,10.24,38.5,5.57,6.69,95,GOOD
rd_381,ses_3253,2026-09-28T06:42:40.000Z,4.2,10.88,38.6,5.56,6.68,103,GOOD
rd_382,ses_3253,2026-09-28T06:42:48.000Z,3.77,11.44,38.6,5.56,6.66,101,GOOD
rd_383,ses_3253,2026-09-28T06:42:56.000Z,3.3,11.94,38.6,5.54,6.68,101,GOOD
rd_384,ses_3253,2026-09-28T06:43:04.000Z,2.83,12.36,38.6,5.56,6.67,94,GOOD
rd_385,ses_3253,2026-09-28T06:43:12.000Z,2.36,12.71,38.6,5.53,6.67,107,GOOD
rd_386,ses_3253,2026-09-28T06:43:20.000Z,1.89,13.00,38.6,5.56,6.69,103,GOOD
rd_387,ses_3253,2026-09-28T06:43:28.000Z,1.41,13.21,38.7,5.57,6.69,103,GOOD
rd_388,ses_3253,2026-09-28T06:43:36.000Z,0.94,13.35,38.6,5.50,6.67,98,GOOD
rd_389,ses_3253,2026-09-28T06:43:44.000Z,0.47,13.42,38.7,5.54,6.69,106,GOOD
rd_390,ses_3253,2026-09-28T06:43:52.000Z,0.05,13.43,38.5,5.55,6.69,106,GOOD
rd_391,ses_3254,2026-09-28T06:28:00.000Z,0.05,0.01,38.7,5.68,6.65,119,GOOD
rd_392,ses_3254,2026-09-28T06:28:08.000Z,0.61,0.10,38.8,5.64,6.64,117,GOOD
rd_393,ses_3254,2026-09-28T06:28:16.000Z,1.22,0.28,38.7,5.66,6.62,131,GOOD
rd_394,ses_3254,2026-09-28T06:28:24.000Z,1.84,0.56,38.8,5.66,6.66,128,GOOD
rd_395,ses_3254,2026-09-28T06:28:32.000Z,2.45,0.93,38.7,5.63,6.63,132,GOOD
rd_396,ses_3254,2026-09-28T06:28:40.000Z,3.06,1.38,38.8,5.65,6.63,130,GOOD
rd_397,ses_3254,2026-09-28T06:28:48.000Z,3.4,1.89,38.7,5.61,6.64,125,GOOD
rd_398,ses_3254,2026-09-28T06:28:56.000Z,3.56,2.43,38.8,5.67,6.66,126,GOOD
rd_399,ses_3254,2026-09-28T06:29:04.000Z,3.5,2.95,38.8,5.68,6.63,124,GOOD
rd_400,ses_3254,2026-09-28T06:29:12.000Z,3.5,3.48,38.8,5.67,6.62,118,GOOD
rd_401,ses_3254,2026-09-28T06:29:20.000Z,3.59,4.02,38.8,5.65,6.64,118,GOOD
rd_402,ses_3254,2026-09-28T06:29:28.000Z,3.55,4.55,38.8,5.63,6.64,132,GOOD
rd_403,ses_3254,2026-09-28T06:29:36.000Z,3.48,5.07,38.8,5.62,6.65,119,GOOD
rd_404,ses_3254,2026-09-28T06:29:44.000Z,3.7,5.63,38.8,5.65,6.66,120,GOOD
rd_405,ses_3254,2026-09-28T06:29:52.000Z,3.66,6.18,38.8,5.66,6.66,129,GOOD
rd_406,ses_3254,2026-09-28T06:30:00.000Z,3.46,6.69,38.8,5.66,6.63,119,GOOD
rd_407,ses_3254,2026-09-28T06:30:08.000Z,3.5,7.22,38.7,5.63,6.63,119,GOOD
rd_408,ses_3254,2026-09-28T06:30:16.000Z,3.62,7.76,38.8,5.62,6.65,131,GOOD
rd_409,ses_3254,2026-09-28T06:30:24.000Z,3.53,8.29,38.7,5.63,6.63,128,GOOD
rd_410,ses_3254,2026-09-28T06:30:32.000Z,3.41,8.80,38.7,5.63,6.64,133,GOOD
rd_411,ses_3254,2026-09-28T06:30:40.000Z,3.44,9.32,38.8,5.67,6.64,121,GOOD
rd_412,ses_3254,2026-09-28T06:30:48.000Z,3.26,9.81,38.8,5.66,6.65,133,GOOD
rd_413,ses_3254,2026-09-28T06:30:56.000Z,2.86,10.24,38.9,5.67,6.65,120,GOOD
rd_414,ses_3254,2026-09-28T06:31:04.000Z,2.45,10.61,38.9,5.67,6.63,120,GOOD
rd_415,ses_3254,2026-09-28T06:31:12.000Z,2.04,10.91,38.7,5.65,6.63,125,GOOD
rd_416,ses_3254,2026-09-28T06:31:20.000Z,1.63,11.16,38.8,5.63,6.62,131,GOOD
rd_417,ses_3254,2026-09-28T06:31:28.000Z,1.22,11.34,38.8,5.65,6.65,119,GOOD
rd_418,ses_3254,2026-09-28T06:31:36.000Z,0.82,11.46,38.8,5.67,6.63,118,GOOD
rd_419,ses_3254,2026-09-28T06:31:44.000Z,0.41,11.52,38.9,5.69,6.65,117,GOOD
rd_420,ses_3254,2026-09-28T06:31:52.000Z,0.05,11.53,38.8,5.63,6.64,123,GOOD
rd_421,ses_3255,2026-09-28T06:27:00.000Z,0.05,0.01,38.5,5.40,6.68,113,GOOD
rd_422,ses_3255,2026-09-28T06:27:08.000Z,0.69,0.11,38.4,5.41,6.66,110,GOOD
rd_423,ses_3255,2026-09-28T06:27:16.000Z,1.37,0.32,38.5,5.39,6.67,118,GOOD
rd_424,ses_3255,2026-09-28T06:27:24.000Z,2.06,0.63,38.4,5.37,6.65,109,GOOD
rd_425,ses_3255,2026-09-28T06:27:32.000Z,2.74,1.04,38.5,5.40,6.67,110,GOOD
rd_426,ses_3255,2026-09-28T06:27:40.000Z,3.43,1.55,38.5,5.40,6.66,109,GOOD
rd_427,ses_3255,2026-09-28T06:27:48.000Z,3.88,2.13,38.5,5.39,6.65,117,GOOD
rd_428,ses_3255,2026-09-28T06:27:56.000Z,3.98,2.73,38.5,5.40,6.65,112,GOOD
rd_429,ses_3255,2026-09-28T06:28:04.000Z,3.84,3.31,38.5,5.38,6.66,109,GOOD
rd_430,ses_3255,2026-09-28T06:28:12.000Z,3.95,3.90,38.6,5.40,6.64,121,GOOD
rd_431,ses_3255,2026-09-28T06:28:20.000Z,3.96,4.49,38.5,5.39,6.67,121,GOOD
rd_432,ses_3255,2026-09-28T06:28:28.000Z,3.85,5.07,38.4,5.39,6.66,113,GOOD
rd_433,ses_3255,2026-09-28T06:28:36.000Z,3.84,5.65,38.4,5.43,6.65,113,GOOD
rd_434,ses_3255,2026-09-28T06:28:44.000Z,3.86,6.22,38.5,5.37,6.68,119,GOOD
rd_435,ses_3255,2026-09-28T06:28:52.000Z,4.11,6.84,38.6,5.40,6.66,118,GOOD
rd_436,ses_3255,2026-09-28T06:29:00.000Z,4.08,7.45,38.4,5.38,6.68,111,GOOD
rd_437,ses_3255,2026-09-28T06:29:08.000Z,3.95,8.05,38.6,5.39,6.67,120,GOOD
rd_438,ses_3255,2026-09-28T06:29:16.000Z,4.01,8.65,38.5,5.43,6.65,111,GOOD
rd_439,ses_3255,2026-09-28T06:29:24.000Z,4.06,9.26,38.5,5.44,6.66,113,GOOD
rd_440,ses_3255,2026-09-28T06:29:32.000Z,4.08,9.87,38.5,5.42,6.67,115,GOOD
rd_441,ses_3255,2026-09-28T06:29:40.000Z,4.1,10.48,38.6,5.39,6.64,111,GOOD
rd_442,ses_3255,2026-09-28T06:29:48.000Z,3.66,11.03,38.6,5.45,6.65,120,GOOD
rd_443,ses_3255,2026-09-28T06:29:56.000Z,3.2,11.51,38.5,5.42,6.64,119,GOOD
rd_444,ses_3255,2026-09-28T06:30:04.000Z,2.74,11.92,38.6,5.37,6.68,114,GOOD
rd_445,ses_3255,2026-09-28T06:30:12.000Z,2.29,12.27,38.6,5.37,6.68,117,GOOD
rd_446,ses_3255,2026-09-28T06:30:20.000Z,1.83,12.54,38.5,5.44,6.64,109,GOOD
rd_447,ses_3255,2026-09-28T06:30:28.000Z,1.37,12.75,38.4,5.37,6.68,112,GOOD
rd_448,ses_3255,2026-09-28T06:30:36.000Z,0.91,12.88,38.5,5.38,6.64,120,GOOD
rd_449,ses_3255,2026-09-28T06:30:44.000Z,0.46,12.95,38.5,5.43,6.65,116,GOOD
rd_450,ses_3255,2026-09-28T06:30:52.000Z,0.05,12.96,38.6,5.38,6.68,113,GOOD
rd_451,ses_3256,2026-09-28T06:42:00.000Z,0.05,0.01,38.7,5.59,6.60,135,GOOD
rd_452,ses_3256,2026-09-28T06:42:08.000Z,0.57,0.09,38.5,5.61,6.63,126,GOOD
rd_453,ses_3256,2026-09-28T06:42:16.000Z,1.14,0.26,38.7,5.63,6.61,134,GOOD
rd_454,ses_3256,2026-09-28T06:42:24.000Z,1.72,0.52,38.7,5.60,6.60,134,GOOD
rd_455,ses_3256,2026-09-28T06:42:32.000Z,2.29,0.87,38.6,5.59,6.60,134,GOOD
rd_456,ses_3256,2026-09-28T06:42:40.000Z,2.86,1.29,38.6,5.59,6.61,138,GOOD
rd_457,ses_3256,2026-09-28T06:42:48.000Z,3.22,1.78,38.6,5.62,6.63,134,GOOD
rd_458,ses_3256,2026-09-28T06:42:56.000Z,3.2,2.26,38.7,5.57,6.60,131,GOOD
rd_459,ses_3256,2026-09-28T06:43:04.000Z,3.18,2.73,38.6,5.61,6.61,128,GOOD
rd_460,ses_3256,2026-09-28T06:43:12.000Z,3.35,3.24,38.6,5.62,6.59,133,GOOD
rd_461,ses_3256,2026-09-28T06:43:20.000Z,3.21,3.72,38.5,5.59,6.61,132,GOOD
rd_462,ses_3256,2026-09-28T06:43:28.000Z,3.21,4.20,38.6,5.64,6.62,127,GOOD
rd_463,ses_3256,2026-09-28T06:43:36.000Z,3.37,4.71,38.6,5.62,6.63,134,GOOD
rd_464,ses_3256,2026-09-28T06:43:44.000Z,3.37,5.21,38.6,5.64,6.63,125,GOOD
rd_465,ses_3256,2026-09-28T06:43:52.000Z,3.37,5.72,38.6,5.58,6.59,128,GOOD
rd_466,ses_3256,2026-09-28T06:44:00.000Z,3.39,6.22,38.7,5.60,6.60,126,GOOD
rd_467,ses_3256,2026-09-28T06:44:08.000Z,3.41,6.74,38.7,5.64,6.59,135,GOOD
rd_468,ses_3256,2026-09-28T06:44:16.000Z,3.19,7.21,38.6,5.63,6.59,130,GOOD
rd_469,ses_3256,2026-09-28T06:44:24.000Z,3.28,7.71,38.6,5.60,6.62,124,GOOD
rd_470,ses_3256,2026-09-28T06:44:32.000Z,3.44,8.22,38.5,5.58,6.60,131,GOOD
rd_471,ses_3256,2026-09-28T06:44:40.000Z,3.27,8.71,38.7,5.60,6.62,130,GOOD
rd_472,ses_3256,2026-09-28T06:44:48.000Z,3.05,9.17,38.6,5.60,6.62,136,GOOD
rd_473,ses_3256,2026-09-28T06:44:56.000Z,2.67,9.57,38.6,5.65,6.63,128,GOOD
rd_474,ses_3256,2026-09-28T06:45:04.000Z,2.29,9.91,38.5,5.64,6.62,135,GOOD
rd_475,ses_3256,2026-09-28T06:45:12.000Z,1.91,10.20,38.5,5.60,6.59,124,GOOD
rd_476,ses_3256,2026-09-28T06:45:20.000Z,1.53,10.43,38.6,5.62,6.62,130,GOOD
rd_477,ses_3256,2026-09-28T06:45:28.000Z,1.14,10.60,38.6,5.61,6.61,132,GOOD
rd_478,ses_3256,2026-09-28T06:45:36.000Z,0.76,10.72,38.7,5.62,6.61,139,GOOD
rd_479,ses_3256,2026-09-28T06:45:44.000Z,0.38,10.77,38.5,5.59,6.61,125,GOOD
rd_480,ses_3256,2026-09-28T06:45:52.000Z,0.05,10.78,38.6,5.62,6.62,130,GOOD
rd_481,ses_3257,2026-09-28T06:38:00.000Z,0.05,0.01,38.6,5.61,6.66,135,GOOD
rd_482,ses_3257,2026-09-28T06:38:08.000Z,0.62,0.10,38.7,5.62,6.68,144,GOOD
rd_483,ses_3257,2026-09-28T06:38:16.000Z,1.24,0.29,38.6,5.67,6.68,144,GOOD
rd_484,ses_3257,2026-09-28T06:38:24.000Z,1.87,0.57,38.5,5.63,6.68,141,GOOD
rd_485,ses_3257,2026-09-28T06:38:32.000Z,2.49,0.94,38.5,5.63,6.66,135,GOOD
rd_486,ses_3257,2026-09-28T06:38:40.000Z,3.11,1.41,38.6,5.65,6.69,144,GOOD
rd_487,ses_3257,2026-09-28T06:38:48.000Z,3.53,1.94,38.5,5.61,6.66,139,GOOD
rd_488,ses_3257,2026-09-28T06:38:56.000Z,3.74,2.50,38.5,5.66,6.66,147,GOOD
rd_489,ses_3257,2026-09-28T06:39:04.000Z,3.49,3.02,38.6,5.61,6.65,142,GOOD
rd_490,ses_3257,2026-09-28T06:39:12.000Z,3.58,3.56,38.5,5.66,6.67,144,GOOD
rd_491,ses_3257,2026-09-28T06:39:20.000Z,3.63,4.10,38.7,5.62,6.67,144,GOOD
rd_492,ses_3257,2026-09-28T06:39:28.000Z,3.58,4.64,38.6,5.60,6.69,135,GOOD
rd_493,ses_3257,2026-09-28T06:39:36.000Z,3.66,5.19,38.6,5.67,6.69,140,GOOD
rd_494,ses_3257,2026-09-28T06:39:44.000Z,3.56,5.72,38.7,5.62,6.66,148,GOOD
rd_495,ses_3257,2026-09-28T06:39:52.000Z,3.75,6.28,38.6,5.61,6.67,138,GOOD
rd_496,ses_3257,2026-09-28T06:40:00.000Z,3.67,6.84,38.5,5.68,6.69,150,GOOD
rd_497,ses_3257,2026-09-28T06:40:08.000Z,3.67,7.39,38.6,5.64,6.67,148,GOOD
rd_498,ses_3257,2026-09-28T06:40:16.000Z,3.56,7.92,38.6,5.68,6.69,137,GOOD
rd_499,ses_3257,2026-09-28T06:40:24.000Z,3.65,8.47,38.7,5.60,6.66,137,GOOD
rd_500,ses_3257,2026-09-28T06:40:32.000Z,3.52,9.00,38.6,5.61,6.66,147,GOOD
rd_501,ses_3257,2026-09-28T06:40:40.000Z,3.58,9.53,38.7,5.63,6.66,139,GOOD
rd_502,ses_3257,2026-09-28T06:40:48.000Z,3.32,10.03,38.6,5.68,6.67,141,GOOD
rd_503,ses_3257,2026-09-28T06:40:56.000Z,2.9,10.47,38.5,5.64,6.66,144,GOOD
rd_504,ses_3257,2026-09-28T06:41:04.000Z,2.49,10.84,38.6,5.62,6.66,147,GOOD
rd_505,ses_3257,2026-09-28T06:41:12.000Z,2.07,11.15,38.5,5.63,6.68,136,GOOD
rd_506,ses_3257,2026-09-28T06:41:20.000Z,1.66,11.40,38.6,5.63,6.65,140,GOOD
rd_507,ses_3257,2026-09-28T06:41:28.000Z,1.24,11.58,38.6,5.67,6.65,143,GOOD
rd_508,ses_3257,2026-09-28T06:41:36.000Z,0.83,11.71,38.5,5.66,6.67,142,GOOD
rd_509,ses_3257,2026-09-28T06:41:44.000Z,0.41,11.77,38.7,5.63,6.68,143,GOOD
rd_510,ses_3257,2026-09-28T06:41:52.000Z,0.05,11.78,38.7,5.61,6.67,139,GOOD
rd_511,ses_3258,2026-09-28T07:23:00.000Z,0.05,0.01,38.3,5.50,6.67,138,GOOD
rd_512,ses_3258,2026-09-28T07:23:08.000Z,0.71,0.11,38.4,5.47,6.68,134,GOOD
rd_513,ses_3258,2026-09-28T07:23:16.000Z,1.41,0.33,38.5,5.46,6.65,132,GOOD
rd_514,ses_3258,2026-09-28T07:23:24.000Z,2.12,0.64,38.5,5.47,6.65,130,GOOD
rd_515,ses_3258,2026-09-28T07:23:32.000Z,2.82,1.07,38.4,5.49,6.69,138,GOOD
rd_516,ses_3258,2026-09-28T07:23:40.000Z,3.53,1.60,38.3,5.44,6.66,138,GOOD
rd_517,ses_3258,2026-09-28T07:23:48.000Z,4.11,2.21,38.5,5.44,6.68,144,GOOD
rd_518,ses_3258,2026-09-28T07:23:56.000Z,3.96,2.81,38.5,5.47,6.65,142,GOOD
rd_519,ses_3258,2026-09-28T07:24:04.000Z,4.01,3.41,38.5,5.48,6.66,130,GOOD
rd_520,ses_3258,2026-09-28T07:24:12.000Z,4.06,4.02,38.3,5.48,6.67,145,GOOD
rd_521,ses_3258,2026-09-28T07:24:20.000Z,4.07,4.63,38.4,5.46,6.68,133,GOOD
rd_522,ses_3258,2026-09-28T07:24:28.000Z,4.04,5.23,38.4,5.47,6.66,143,GOOD
rd_523,ses_3258,2026-09-28T07:24:36.000Z,4.08,5.85,38.3,5.50,6.66,134,GOOD
rd_524,ses_3258,2026-09-28T07:24:44.000Z,4.2,6.48,38.4,5.43,6.68,134,GOOD
rd_525,ses_3258,2026-09-28T07:24:52.000Z,4.24,7.11,38.5,5.44,6.65,133,GOOD
rd_526,ses_3258,2026-09-28T07:25:00.000Z,4.21,7.74,38.4,5.48,6.67,144,GOOD
rd_527,ses_3258,2026-09-28T07:25:08.000Z,4,8.34,38.3,5.46,6.66,142,GOOD
rd_528,ses_3258,2026-09-28T07:25:16.000Z,4.05,8.95,38.4,5.49,6.68,142,GOOD
rd_529,ses_3258,2026-09-28T07:25:24.000Z,4.19,9.58,38.4,5.47,6.66,139,GOOD
rd_530,ses_3258,2026-09-28T07:25:32.000Z,4.17,10.20,38.4,5.48,6.67,144,GOOD
rd_531,ses_3258,2026-09-28T07:25:40.000Z,3.95,10.80,38.5,5.49,6.68,141,GOOD
rd_532,ses_3258,2026-09-28T07:25:48.000Z,3.76,11.36,38.3,5.49,6.65,130,GOOD
rd_533,ses_3258,2026-09-28T07:25:56.000Z,3.29,11.85,38.5,5.47,6.66,138,GOOD
rd_534,ses_3258,2026-09-28T07:26:04.000Z,2.82,12.28,38.5,5.50,6.66,144,GOOD
rd_535,ses_3258,2026-09-28T07:26:12.000Z,2.35,12.63,38.4,5.45,6.68,133,GOOD
rd_536,ses_3258,2026-09-28T07:26:20.000Z,1.88,12.91,38.5,5.50,6.67,137,GOOD
rd_537,ses_3258,2026-09-28T07:26:28.000Z,1.41,13.12,38.4,5.44,6.67,137,GOOD
rd_538,ses_3258,2026-09-28T07:26:36.000Z,0.94,13.26,38.5,5.47,6.68,143,GOOD
rd_539,ses_3258,2026-09-28T07:26:44.000Z,0.47,13.33,38.4,5.50,6.69,139,GOOD
rd_540,ses_3258,2026-09-28T07:26:52.000Z,0.05,13.34,38.4,5.49,6.68,139,GOOD
rd_541,ses_3259,2026-09-28T07:15:00.000Z,0.05,0.01,38.6,5.66,6.66,162,GOOD
rd_542,ses_3259,2026-09-28T07:15:08.000Z,0.61,0.10,38.6,5.61,6.65,153,GOOD
rd_543,ses_3259,2026-09-28T07:15:16.000Z,1.23,0.28,38.7,5.63,6.65,147,GOOD
rd_544,ses_3259,2026-09-28T07:15:24.000Z,1.84,0.56,38.6,5.61,6.64,160,GOOD
rd_545,ses_3259,2026-09-28T07:15:32.000Z,2.46,0.93,38.7,5.65,6.65,152,GOOD
rd_546,ses_3259,2026-09-28T07:15:40.000Z,3.07,1.39,38.5,5.64,6.65,150,GOOD
rd_547,ses_3259,2026-09-28T07:15:48.000Z,3.49,1.91,38.5,5.66,6.64,156,GOOD
rd_548,ses_3259,2026-09-28T07:15:56.000Z,3.67,2.46,38.7,5.64,6.65,148,GOOD
rd_549,ses_3259,2026-09-28T07:16:04.000Z,3.42,2.98,38.6,5.63,6.66,149,GOOD
rd_550,ses_3259,2026-09-28T07:16:12.000Z,3.46,3.50,38.6,5.61,6.63,158,GOOD
rd_551,ses_3259,2026-09-28T07:16:20.000Z,3.5,4.02,38.5,5.68,6.65,149,GOOD
rd_552,ses_3259,2026-09-28T07:16:28.000Z,3.65,4.57,38.6,5.67,6.66,154,GOOD
rd_553,ses_3259,2026-09-28T07:16:36.000Z,3.46,5.09,38.5,5.64,6.66,158,GOOD
rd_554,ses_3259,2026-09-28T07:16:44.000Z,3.46,5.61,38.6,5.67,6.64,152,GOOD
rd_555,ses_3259,2026-09-28T07:16:52.000Z,3.58,6.14,38.7,5.60,6.63,146,GOOD
rd_556,ses_3259,2026-09-28T07:17:00.000Z,3.44,6.66,38.5,5.61,6.64,153,GOOD
rd_557,ses_3259,2026-09-28T07:17:08.000Z,3.71,7.22,38.5,5.67,6.64,158,GOOD
rd_558,ses_3259,2026-09-28T07:17:16.000Z,3.46,7.73,38.6,5.62,6.67,154,GOOD
rd_559,ses_3259,2026-09-28T07:17:24.000Z,3.55,8.27,38.5,5.61,6.65,162,GOOD
rd_560,ses_3259,2026-09-28T07:17:32.000Z,3.52,8.79,38.7,5.67,6.66,159,GOOD
rd_561,ses_3259,2026-09-28T07:17:40.000Z,3.62,9.34,38.6,5.68,6.65,158,GOOD
rd_562,ses_3259,2026-09-28T07:17:48.000Z,3.27,9.83,38.5,5.65,6.65,157,GOOD
rd_563,ses_3259,2026-09-28T07:17:56.000Z,2.86,10.26,38.6,5.64,6.63,160,GOOD
rd_564,ses_3259,2026-09-28T07:18:04.000Z,2.46,10.63,38.6,5.66,6.63,157,GOOD
rd_565,ses_3259,2026-09-28T07:18:12.000Z,2.05,10.93,38.7,5.62,6.66,158,GOOD
rd_566,ses_3259,2026-09-28T07:18:20.000Z,1.64,11.18,38.6,5.60,6.67,155,GOOD
rd_567,ses_3259,2026-09-28T07:18:28.000Z,1.23,11.36,38.6,5.62,6.67,161,GOOD
rd_568,ses_3259,2026-09-28T07:18:36.000Z,0.82,11.49,38.6,5.65,6.63,158,GOOD
rd_569,ses_3259,2026-09-28T07:18:44.000Z,0.41,11.55,38.6,5.64,6.65,153,GOOD
rd_570,ses_3259,2026-09-28T07:18:52.000Z,0.05,11.56,38.6,5.64,6.64,154,GOOD
rd_571,ses_3260,2026-09-28T06:53:00.000Z,0.05,0.01,38.6,5.39,6.63,99,GOOD
rd_572,ses_3260,2026-09-28T06:53:08.000Z,0.66,0.11,38.7,5.40,6.62,103,GOOD
rd_573,ses_3260,2026-09-28T06:53:16.000Z,1.32,0.30,38.7,5.42,6.62,101,GOOD
rd_574,ses_3260,2026-09-28T06:53:24.000Z,1.98,0.60,38.6,5.38,6.63,99,GOOD
rd_575,ses_3260,2026-09-28T06:53:32.000Z,2.63,1.00,38.6,5.45,6.62,94,GOOD
rd_576,ses_3260,2026-09-28T06:53:40.000Z,3.29,1.49,38.5,5.41,6.63,97,GOOD
rd_577,ses_3260,2026-09-28T06:53:48.000Z,3.91,2.08,38.7,5.39,6.63,102,GOOD
rd_578,ses_3260,2026-09-28T06:53:56.000Z,3.71,2.63,38.7,5.41,6.63,96,GOOD
rd_579,ses_3260,2026-09-28T06:54:04.000Z,3.74,3.19,38.6,5.40,6.64,100,GOOD
rd_580,ses_3260,2026-09-28T06:54:12.000Z,3.7,3.75,38.6,5.43,6.63,95,GOOD
rd_581,ses_3260,2026-09-28T06:54:20.000Z,3.8,4.32,38.6,5.43,6.65,93,GOOD
rd_582,ses_3260,2026-09-28T06:54:28.000Z,3.77,4.88,38.6,5.38,6.66,93,GOOD
rd_583,ses_3260,2026-09-28T06:54:36.000Z,3.77,5.45,38.5,5.39,6.63,96,GOOD
rd_584,ses_3260,2026-09-28T06:54:44.000Z,3.77,6.01,38.5,5.43,6.64,96,GOOD
rd_585,ses_3260,2026-09-28T06:54:52.000Z,3.85,6.59,38.5,5.40,6.66,98,GOOD
rd_586,ses_3260,2026-09-28T06:55:00.000Z,3.93,7.18,38.6,5.45,6.64,97,GOOD
rd_587,ses_3260,2026-09-28T06:55:08.000Z,3.7,7.74,38.6,5.40,6.65,94,GOOD
rd_588,ses_3260,2026-09-28T06:55:16.000Z,3.77,8.30,38.5,5.43,6.64,107,GOOD
rd_589,ses_3260,2026-09-28T06:55:24.000Z,3.96,8.90,38.6,5.39,6.64,103,GOOD
rd_590,ses_3260,2026-09-28T06:55:32.000Z,3.68,9.45,38.6,5.45,6.65,98,GOOD
rd_591,ses_3260,2026-09-28T06:55:40.000Z,3.88,10.03,38.6,5.40,6.63,109,GOOD
rd_592,ses_3260,2026-09-28T06:55:48.000Z,3.51,10.56,38.6,5.43,6.63,109,GOOD
rd_593,ses_3260,2026-09-28T06:55:56.000Z,3.07,11.02,38.6,5.40,6.62,105,GOOD
rd_594,ses_3260,2026-09-28T06:56:04.000Z,2.63,11.41,38.6,5.41,6.64,106,GOOD
rd_595,ses_3260,2026-09-28T06:56:12.000Z,2.2,11.74,38.6,5.42,6.65,102,GOOD
rd_596,ses_3260,2026-09-28T06:56:20.000Z,1.76,12.01,38.6,5.43,6.63,106,GOOD
rd_597,ses_3260,2026-09-28T06:56:28.000Z,1.32,12.20,38.6,5.42,6.62,100,GOOD
rd_598,ses_3260,2026-09-28T06:56:36.000Z,0.88,12.34,38.6,5.43,6.63,98,GOOD
rd_599,ses_3260,2026-09-28T06:56:44.000Z,0.44,12.40,38.5,5.39,6.63,93,GOOD
rd_600,ses_3260,2026-09-28T06:56:52.000Z,0.05,12.41,38.6,5.45,6.63,95,GOOD
rd_601,ses_3261,2026-09-28T06:44:00.000Z,0.05,0.01,38.8,6.16,6.75,179,GOOD
rd_602,ses_3261,2026-09-28T06:44:08.000Z,0.7,0.11,38.7,6.13,6.77,168,GOOD
rd_603,ses_3261,2026-09-28T06:44:16.000Z,1.4,0.32,38.6,6.13,6.74,181,GOOD
rd_604,ses_3261,2026-09-28T06:44:24.000Z,2.1,0.64,38.7,6.13,6.75,176,GOOD
rd_605,ses_3261,2026-09-28T06:44:32.000Z,2.8,1.06,38.8,6.15,6.75,169,GOOD
rd_606,ses_3261,2026-09-28T06:44:40.000Z,3.5,1.58,38.8,6.13,6.76,168,GOOD
rd_607,ses_3261,2026-09-28T06:44:48.000Z,3.97,2.18,38.7,6.11,6.77,170,GOOD
rd_608,ses_3261,2026-09-28T06:44:56.000Z,4.1,2.79,38.7,6.16,6.75,174,GOOD
rd_609,ses_3261,2026-09-28T06:45:04.000Z,4.08,3.40,38.8,6.18,6.76,179,GOOD
rd_610,ses_3261,2026-09-28T06:45:12.000Z,4.13,4.02,38.8,6.17,6.77,170,GOOD
rd_611,ses_3261,2026-09-28T06:45:20.000Z,4.14,4.65,38.7,6.17,6.76,176,GOOD
rd_612,ses_3261,2026-09-28T06:45:28.000Z,4.05,5.25,38.7,6.10,6.74,181,GOOD
rd_613,ses_3261,2026-09-28T06:45:36.000Z,4.15,5.88,38.7,6.13,6.76,178,GOOD
rd_614,ses_3261,2026-09-28T06:45:44.000Z,4.16,6.50,38.7,6.14,6.77,169,GOOD
rd_615,ses_3261,2026-09-28T06:45:52.000Z,3.96,7.09,38.6,6.13,6.74,175,GOOD
rd_616,ses_3261,2026-09-28T06:46:00.000Z,4.01,7.69,38.7,6.14,6.76,178,GOOD
rd_617,ses_3261,2026-09-28T06:46:08.000Z,4.15,8.32,38.7,6.11,6.75,168,GOOD
rd_618,ses_3261,2026-09-28T06:46:16.000Z,4.02,8.92,38.6,6.10,6.77,178,GOOD
rd_619,ses_3261,2026-09-28T06:46:24.000Z,3.98,9.52,38.8,6.17,6.76,169,GOOD
rd_620,ses_3261,2026-09-28T06:46:32.000Z,4.17,10.14,38.7,6.16,6.76,179,GOOD
rd_621,ses_3261,2026-09-28T06:46:40.000Z,4.03,10.75,38.7,6.14,6.78,174,GOOD
rd_622,ses_3261,2026-09-28T06:46:48.000Z,3.73,11.31,38.6,6.10,6.77,177,GOOD
rd_623,ses_3261,2026-09-28T06:46:56.000Z,3.27,11.80,38.7,6.16,6.77,169,GOOD
rd_624,ses_3261,2026-09-28T06:47:04.000Z,2.8,12.22,38.8,6.17,6.76,178,GOOD
rd_625,ses_3261,2026-09-28T06:47:12.000Z,2.33,12.57,38.8,6.12,6.75,177,GOOD
rd_626,ses_3261,2026-09-28T06:47:20.000Z,1.87,12.85,38.8,6.10,6.76,170,GOOD
rd_627,ses_3261,2026-09-28T06:47:28.000Z,1.4,13.06,38.7,6.12,6.74,175,GOOD
rd_628,ses_3261,2026-09-28T06:47:36.000Z,0.93,13.20,38.6,6.12,6.74,174,GOOD
rd_629,ses_3261,2026-09-28T06:47:44.000Z,0.47,13.27,38.8,6.15,6.75,177,GOOD
rd_630,ses_3261,2026-09-28T06:47:52.000Z,0.05,13.28,38.6,6.11,6.74,181,GOOD
rd_631,ses_3262,2026-09-28T07:01:00.000Z,0.05,0.01,38.9,6.26,6.73,191,GOOD
rd_632,ses_3262,2026-09-28T07:01:08.000Z,0.63,0.10,38.9,6.31,6.69,190,GOOD
rd_633,ses_3262,2026-09-28T07:01:16.000Z,1.27,0.29,38.9,6.26,6.71,188,GOOD
rd_634,ses_3262,2026-09-28T07:01:24.000Z,1.9,0.58,38.9,6.25,6.70,181,GOOD
rd_635,ses_3262,2026-09-28T07:01:32.000Z,2.53,0.96,38.9,6.31,6.70,181,GOOD
rd_636,ses_3262,2026-09-28T07:01:40.000Z,3.16,1.43,38.9,6.25,6.70,193,GOOD
rd_637,ses_3262,2026-09-28T07:01:48.000Z,3.81,2.00,38.8,6.29,6.71,183,GOOD
rd_638,ses_3262,2026-09-28T07:01:56.000Z,3.6,2.54,39.0,6.28,6.73,188,GOOD
rd_639,ses_3262,2026-09-28T07:02:04.000Z,3.65,3.09,38.8,6.28,6.70,192,GOOD
rd_640,ses_3262,2026-09-28T07:02:12.000Z,3.55,3.62,39.0,6.25,6.72,177,GOOD
rd_641,ses_3262,2026-09-28T07:02:20.000Z,3.53,4.15,38.9,6.31,6.71,185,GOOD
rd_642,ses_3262,2026-09-28T07:02:28.000Z,3.75,4.71,38.9,6.30,6.71,179,GOOD
rd_643,ses_3262,2026-09-28T07:02:36.000Z,3.76,5.28,38.9,6.31,6.71,186,GOOD
rd_644,ses_3262,2026-09-28T07:02:44.000Z,3.52,5.81,38.9,6.28,6.70,178,GOOD
rd_645,ses_3262,2026-09-28T07:02:52.000Z,3.79,6.38,38.9,6.29,6.72,180,GOOD
rd_646,ses_3262,2026-09-28T07:03:00.000Z,3.66,6.92,38.8,6.31,6.70,180,GOOD
rd_647,ses_3262,2026-09-28T07:03:08.000Z,3.79,7.49,38.9,6.25,6.72,187,GOOD
rd_648,ses_3262,2026-09-28T07:03:16.000Z,3.7,8.05,38.9,6.27,6.71,177,GOOD
rd_649,ses_3262,2026-09-28T07:03:24.000Z,3.53,8.58,38.9,6.28,6.70,192,GOOD
rd_650,ses_3262,2026-09-28T07:03:32.000Z,3.71,9.13,38.8,6.28,6.71,190,GOOD
rd_651,ses_3262,2026-09-28T07:03:40.000Z,3.56,9.67,38.9,6.28,6.69,183,GOOD
rd_652,ses_3262,2026-09-28T07:03:48.000Z,3.37,10.17,38.8,6.29,6.72,189,GOOD
rd_653,ses_3262,2026-09-28T07:03:56.000Z,2.95,10.62,38.9,6.24,6.71,186,GOOD
rd_654,ses_3262,2026-09-28T07:04:04.000Z,2.53,11.00,38.8,6.26,6.73,182,GOOD
rd_655,ses_3262,2026-09-28T07:04:12.000Z,2.11,11.31,39.0,6.29,6.72,189,GOOD
rd_656,ses_3262,2026-09-28T07:04:20.000Z,1.69,11.57,38.9,6.24,6.70,178,GOOD
rd_657,ses_3262,2026-09-28T07:04:28.000Z,1.27,11.76,38.9,6.31,6.71,182,GOOD
rd_658,ses_3262,2026-09-28T07:04:36.000Z,0.84,11.88,38.9,6.30,6.72,180,GOOD
rd_659,ses_3262,2026-09-28T07:04:44.000Z,0.42,11.94,39.0,6.26,6.70,189,GOOD
rd_660,ses_3262,2026-09-28T07:04:52.000Z,0.05,11.95,38.9,6.32,6.72,187,GOOD
rd_661,ses_3263,2026-09-28T06:41:00.000Z,0.05,0.01,38.9,6.09,6.77,180,GOOD
rd_662,ses_3263,2026-09-28T06:41:08.000Z,0.68,0.11,38.8,6.10,6.73,185,GOOD
rd_663,ses_3263,2026-09-28T06:41:16.000Z,1.37,0.32,38.9,6.11,6.75,177,GOOD
rd_664,ses_3263,2026-09-28T06:41:24.000Z,2.05,0.62,38.9,6.08,6.76,182,GOOD
rd_665,ses_3263,2026-09-28T06:41:32.000Z,2.73,1.03,38.8,6.11,6.75,180,GOOD
rd_666,ses_3263,2026-09-28T06:41:40.000Z,3.41,1.54,38.9,6.11,6.73,181,GOOD
rd_667,ses_3263,2026-09-28T06:41:48.000Z,3.84,2.12,38.9,6.07,6.73,176,GOOD
rd_668,ses_3263,2026-09-28T06:41:56.000Z,3.94,2.71,38.9,6.13,6.74,184,GOOD
rd_669,ses_3263,2026-09-28T06:42:04.000Z,3.92,3.30,39.0,6.11,6.77,176,GOOD
rd_670,ses_3263,2026-09-28T06:42:12.000Z,4.02,3.90,38.9,6.09,6.76,181,GOOD
rd_671,ses_3263,2026-09-28T06:42:20.000Z,3.86,4.48,38.9,6.10,6.75,176,GOOD
rd_672,ses_3263,2026-09-28T06:42:28.000Z,4.07,5.09,38.8,6.13,6.75,189,GOOD
rd_673,ses_3263,2026-09-28T06:42:36.000Z,3.89,5.67,39.0,6.10,6.76,190,GOOD
rd_674,ses_3263,2026-09-28T06:42:44.000Z,4.02,6.28,39.0,6.08,6.76,189,GOOD
rd_675,ses_3263,2026-09-28T06:42:52.000Z,3.9,6.86,39.0,6.08,6.77,184,GOOD
rd_676,ses_3263,2026-09-28T06:43:00.000Z,3.82,7.44,38.9,6.12,6.75,177,GOOD
rd_677,ses_3263,2026-09-28T06:43:08.000Z,4.09,8.05,39.0,6.12,6.77,176,GOOD
rd_678,ses_3263,2026-09-28T06:43:16.000Z,3.84,8.63,38.8,6.10,6.74,178,GOOD
rd_679,ses_3263,2026-09-28T06:43:24.000Z,3.94,9.22,38.9,6.08,6.74,179,GOOD
rd_680,ses_3263,2026-09-28T06:43:32.000Z,3.99,9.81,38.9,6.12,6.77,186,GOOD
rd_681,ses_3263,2026-09-28T06:43:40.000Z,4,10.41,38.8,6.08,6.75,189,GOOD
rd_682,ses_3263,2026-09-28T06:43:48.000Z,3.64,10.96,38.9,6.10,6.75,188,GOOD
rd_683,ses_3263,2026-09-28T06:43:56.000Z,3.19,11.44,39.0,6.11,6.77,186,GOOD
rd_684,ses_3263,2026-09-28T06:44:04.000Z,2.73,11.85,38.8,6.08,6.74,183,GOOD
rd_685,ses_3263,2026-09-28T06:44:12.000Z,2.28,12.19,38.9,6.08,6.76,186,GOOD
rd_686,ses_3263,2026-09-28T06:44:20.000Z,1.82,12.46,38.8,6.10,6.77,184,GOOD
rd_687,ses_3263,2026-09-28T06:44:28.000Z,1.37,12.67,38.8,6.11,6.76,185,GOOD
rd_688,ses_3263,2026-09-28T06:44:36.000Z,0.91,12.81,38.8,6.09,6.74,176,GOOD
rd_689,ses_3263,2026-09-28T06:44:44.000Z,0.46,12.87,38.9,6.10,6.75,176,GOOD
rd_690,ses_3263,2026-09-28T06:44:52.000Z,0.05,12.88,38.9,6.14,6.73,182,GOOD
rd_691,ses_3264,2026-09-28T07:19:00.000Z,0.05,0.01,38.7,6.26,6.71,209,GOOD
rd_692,ses_3264,2026-09-28T07:19:08.000Z,0.6,0.10,38.8,6.22,6.71,209,GOOD
rd_693,ses_3264,2026-09-28T07:19:16.000Z,1.19,0.28,38.9,6.25,6.73,215,GOOD
rd_694,ses_3264,2026-09-28T07:19:24.000Z,1.79,0.54,38.7,6.26,6.74,205,GOOD
rd_695,ses_3264,2026-09-28T07:19:32.000Z,2.39,0.90,38.9,6.23,6.71,210,GOOD
rd_696,ses_3264,2026-09-28T07:19:40.000Z,2.98,1.35,38.8,6.26,6.73,214,GOOD
rd_697,ses_3264,2026-09-28T07:19:48.000Z,3.33,1.85,38.8,6.23,6.71,204,GOOD
rd_698,ses_3264,2026-09-28T07:19:56.000Z,3.59,2.39,38.7,6.27,6.72,204,GOOD
rd_699,ses_3264,2026-09-28T07:20:04.000Z,3.4,2.90,38.9,6.25,6.71,211,GOOD
rd_700,ses_3264,2026-09-28T07:20:12.000Z,3.6,3.44,38.8,6.25,6.71,202,GOOD
rd_701,ses_3264,2026-09-28T07:20:20.000Z,3.36,3.94,38.7,6.24,6.71,205,GOOD
rd_702,ses_3264,2026-09-28T07:20:28.000Z,3.46,4.46,38.8,6.29,6.71,214,GOOD
rd_703,ses_3264,2026-09-28T07:20:36.000Z,3.41,4.97,38.8,6.27,6.71,205,GOOD
rd_704,ses_3264,2026-09-28T07:20:44.000Z,3.52,5.50,38.7,6.29,6.74,206,GOOD
rd_705,ses_3264,2026-09-28T07:20:52.000Z,3.57,6.04,38.8,6.25,6.71,207,GOOD
rd_706,ses_3264,2026-09-28T07:21:00.000Z,3.37,6.54,38.7,6.25,6.72,212,GOOD
rd_707,ses_3264,2026-09-28T07:21:08.000Z,3.44,7.06,38.8,6.28,6.70,208,GOOD
rd_708,ses_3264,2026-09-28T07:21:16.000Z,3.53,7.59,38.9,6.27,6.73,200,GOOD
rd_709,ses_3264,2026-09-28T07:21:24.000Z,3.58,8.12,38.8,6.21,6.74,200,GOOD
rd_710,ses_3264,2026-09-28T07:21:32.000Z,3.57,8.66,38.9,6.22,6.73,214,GOOD
rd_711,ses_3264,2026-09-28T07:21:40.000Z,3.39,9.17,38.9,6.22,6.74,199,GOOD
rd_712,ses_3264,2026-09-28T07:21:48.000Z,3.18,9.64,38.8,6.25,6.72,203,GOOD
rd_713,ses_3264,2026-09-28T07:21:56.000Z,2.78,10.06,38.8,6.24,6.72,200,GOOD
rd_714,ses_3264,2026-09-28T07:22:04.000Z,2.39,10.42,38.7,6.23,6.73,205,GOOD
rd_715,ses_3264,2026-09-28T07:22:12.000Z,1.99,10.72,38.8,6.24,6.70,208,GOOD
rd_716,ses_3264,2026-09-28T07:22:20.000Z,1.59,10.96,38.7,6.26,6.73,204,GOOD
rd_717,ses_3264,2026-09-28T07:22:28.000Z,1.19,11.14,38.8,6.26,6.70,202,GOOD
rd_718,ses_3264,2026-09-28T07:22:36.000Z,0.8,11.26,38.8,6.28,6.73,214,GOOD
rd_719,ses_3264,2026-09-28T07:22:44.000Z,0.4,11.32,38.9,6.29,6.72,212,GOOD
rd_720,ses_3264,2026-09-28T07:22:52.000Z,0.05,11.32,38.7,6.29,6.73,201,GOOD
rd_721,ses_3265,2026-09-28T06:07:00.000Z,0.05,0.01,38.9,6.02,6.74,224,GOOD
rd_722,ses_3265,2026-09-28T06:07:08.000Z,0.63,0.10,38.7,5.96,6.73,219,GOOD
rd_723,ses_3265,2026-09-28T06:07:16.000Z,1.27,0.29,38.7,6.02,6.75,223,GOOD
rd_724,ses_3265,2026-09-28T06:07:24.000Z,1.9,0.58,38.9,5.97,6.72,216,GOOD
rd_725,ses_3265,2026-09-28T06:07:32.000Z,2.53,0.96,38.8,5.97,6.75,210,GOOD
rd_726,ses_3265,2026-09-28T06:07:40.000Z,3.16,1.43,38.8,6.00,6.71,213,GOOD
rd_727,ses_3265,2026-09-28T06:07:48.000Z,3.68,1.98,38.8,5.97,6.72,215,GOOD
rd_728,ses_3265,2026-09-28T06:07:56.000Z,3.69,2.54,38.8,5.99,6.73,218,GOOD
rd_729,ses_3265,2026-09-28T06:08:04.000Z,3.76,3.10,38.7,6.02,6.73,217,GOOD
rd_730,ses_3265,2026-09-28T06:08:12.000Z,3.63,3.64,38.7,5.98,6.75,213,GOOD
rd_731,ses_3265,2026-09-28T06:08:20.000Z,3.79,4.21,38.8,5.99,6.71,217,GOOD
rd_732,ses_3265,2026-09-28T06:08:28.000Z,3.54,4.74,38.8,6.01,6.73,219,GOOD
rd_733,ses_3265,2026-09-28T06:08:36.000Z,3.52,5.27,38.7,5.96,6.71,214,GOOD
rd_734,ses_3265,2026-09-28T06:08:44.000Z,3.68,5.82,38.9,5.96,6.74,210,GOOD
rd_735,ses_3265,2026-09-28T06:08:52.000Z,3.63,6.37,38.7,5.99,6.75,210,GOOD
rd_736,ses_3265,2026-09-28T06:09:00.000Z,3.75,6.93,38.8,6.00,6.74,216,GOOD
rd_737,ses_3265,2026-09-28T06:09:08.000Z,3.67,7.48,38.8,6.02,6.71,224,GOOD
rd_738,ses_3265,2026-09-28T06:09:16.000Z,3.69,8.04,38.7,5.99,6.72,217,GOOD
rd_739,ses_3265,2026-09-28T06:09:24.000Z,3.79,8.60,38.7,5.96,6.72,218,GOOD
rd_740,ses_3265,2026-09-28T06:09:32.000Z,3.8,9.17,38.7,5.97,6.73,217,GOOD
rd_741,ses_3265,2026-09-28T06:09:40.000Z,3.6,9.71,38.8,5.98,6.71,220,GOOD
rd_742,ses_3265,2026-09-28T06:09:48.000Z,3.37,10.22,38.9,6.02,6.74,216,GOOD
rd_743,ses_3265,2026-09-28T06:09:56.000Z,2.95,10.66,38.8,5.97,6.75,213,GOOD
rd_744,ses_3265,2026-09-28T06:10:04.000Z,2.53,11.04,38.9,6.01,6.74,222,GOOD
rd_745,ses_3265,2026-09-28T06:10:12.000Z,2.11,11.36,38.8,6.02,6.72,217,GOOD
rd_746,ses_3265,2026-09-28T06:10:20.000Z,1.69,11.61,38.8,6.00,6.73,215,GOOD
rd_747,ses_3265,2026-09-28T06:10:28.000Z,1.27,11.80,38.9,5.99,6.74,211,GOOD
rd_748,ses_3265,2026-09-28T06:10:36.000Z,0.84,11.93,38.7,6.00,6.73,214,GOOD
rd_749,ses_3265,2026-09-28T06:10:44.000Z,0.42,11.99,38.8,5.96,6.72,215,GOOD
rd_750,ses_3265,2026-09-28T06:10:52.000Z,0.05,12.00,38.8,5.97,6.72,212,GOOD
rd_751,ses_3266,2026-09-28T07:16:00.000Z,0.05,0.01,39.3,7.10,7.10,1005,GOOD
rd_752,ses_3266,2026-09-28T07:16:08.000Z,0.7,0.11,39.4,7.09,7.10,991,GOOD
rd_753,ses_3266,2026-09-28T07:16:16.000Z,1.4,0.32,39.3,7.08,7.10,1001,GOOD
rd_754,ses_3266,2026-09-28T07:16:24.000Z,2.11,0.64,39.5,7.10,7.09,997,GOOD
rd_755,ses_3266,2026-09-28T07:16:32.000Z,2.81,1.06,39.4,7.09,7.10,1004,GOOD
rd_756,ses_3266,2026-09-28T07:16:40.000Z,3.51,1.59,39.3,7.09,7.08,998,GOOD
rd_757,ses_3266,2026-09-28T07:16:48.000Z,4.02,2.19,39.4,7.08,7.08,996,GOOD
rd_758,ses_3266,2026-09-28T07:16:56.000Z,4,2.79,39.4,7.08,7.10,999,GOOD
rd_759,ses_3266,2026-09-28T07:17:04.000Z,4.02,3.39,39.3,7.06,7.08,996,GOOD
rd_760,ses_3266,2026-09-28T07:17:12.000Z,4.1,4.01,39.4,7.08,7.08,995,GOOD
rd_761,ses_3266,2026-09-28T07:17:20.000Z,4.18,4.63,39.4,7.07,7.07,989,GOOD
rd_762,ses_3266,2026-09-28T07:17:28.000Z,3.99,5.23,39.4,7.05,7.07,998,GOOD
rd_763,ses_3266,2026-09-28T07:17:36.000Z,4.04,5.84,39.4,7.09,7.10,990,GOOD
rd_764,ses_3266,2026-09-28T07:17:44.000Z,4.14,6.46,39.4,7.07,7.11,999,GOOD
rd_765,ses_3266,2026-09-28T07:17:52.000Z,3.92,7.05,39.5,7.09,7.07,997,GOOD
rd_766,ses_3266,2026-09-28T07:18:00.000Z,4.14,7.67,39.4,7.12,7.08,998,GOOD
rd_767,ses_3266,2026-09-28T07:18:08.000Z,4.04,8.28,39.4,7.05,7.09,1002,GOOD
rd_768,ses_3266,2026-09-28T07:18:16.000Z,3.92,8.86,39.3,7.05,7.07,994,GOOD
rd_769,ses_3266,2026-09-28T07:18:24.000Z,4.03,9.47,39.4,7.12,7.09,996,GOOD
rd_770,ses_3266,2026-09-28T07:18:32.000Z,4.13,10.09,39.4,7.10,7.07,997,GOOD
rd_771,ses_3266,2026-09-28T07:18:40.000Z,4.21,10.72,39.3,7.11,7.09,998,GOOD
rd_772,ses_3266,2026-09-28T07:18:48.000Z,3.74,11.28,39.3,7.09,7.07,994,GOOD
rd_773,ses_3266,2026-09-28T07:18:56.000Z,3.27,11.77,39.5,7.07,7.11,1002,GOOD
rd_774,ses_3266,2026-09-28T07:19:04.000Z,2.81,12.19,39.4,7.09,7.10,994,GOOD
rd_775,ses_3266,2026-09-28T07:19:12.000Z,2.34,12.54,39.4,7.10,7.08,1003,GOOD
rd_776,ses_3266,2026-09-28T07:19:20.000Z,1.87,12.82,39.5,7.07,7.08,1004,GOOD
rd_777,ses_3266,2026-09-28T07:19:28.000Z,1.4,13.03,39.5,7.05,7.07,991,GOOD
rd_778,ses_3266,2026-09-28T07:19:36.000Z,0.94,13.17,39.3,7.05,7.08,1004,GOOD
rd_779,ses_3266,2026-09-28T07:19:44.000Z,0.47,13.24,39.4,7.07,7.10,999,GOOD
rd_780,ses_3266,2026-09-28T07:19:52.000Z,0.05,13.25,39.5,7.06,7.09,990,GOOD
rd_781,ses_3267,2026-09-28T07:15:00.000Z,0.05,0.01,39.3,7.23,7.09,899,GOOD
rd_782,ses_3267,2026-09-28T07:15:08.000Z,0.62,0.10,39.3,7.22,7.09,899,GOOD
rd_783,ses_3267,2026-09-28T07:15:16.000Z,1.24,0.29,39.2,7.20,7.11,900,GOOD
rd_784,ses_3267,2026-09-28T07:15:24.000Z,1.86,0.57,39.3,7.24,7.09,893,GOOD
rd_785,ses_3267,2026-09-28T07:15:32.000Z,2.48,0.94,39.2,7.24,7.09,906,GOOD
rd_786,ses_3267,2026-09-28T07:15:40.000Z,3.1,1.40,39.3,7.23,7.12,898,GOOD
rd_787,ses_3267,2026-09-28T07:15:48.000Z,3.48,1.92,39.4,7.19,7.11,905,GOOD
rd_788,ses_3267,2026-09-28T07:15:56.000Z,3.54,2.46,39.3,7.25,7.11,905,GOOD
rd_789,ses_3267,2026-09-28T07:16:04.000Z,3.73,3.01,39.3,7.21,7.10,896,GOOD
rd_790,ses_3267,2026-09-28T07:16:12.000Z,3.72,3.57,39.4,7.21,7.10,893,GOOD
rd_791,ses_3267,2026-09-28T07:16:20.000Z,3.53,4.10,39.4,7.25,7.11,907,GOOD
rd_792,ses_3267,2026-09-28T07:16:28.000Z,3.74,4.66,39.4,7.21,7.10,893,GOOD
rd_793,ses_3267,2026-09-28T07:16:36.000Z,3.46,5.18,39.2,7.24,7.10,893,GOOD
rd_794,ses_3267,2026-09-28T07:16:44.000Z,3.45,5.70,39.3,7.25,7.11,903,GOOD
rd_795,ses_3267,2026-09-28T07:16:52.000Z,3.48,6.22,39.3,7.20,7.08,900,GOOD
rd_796,ses_3267,2026-09-28T07:17:00.000Z,3.72,6.78,39.3,7.20,7.11,896,GOOD
rd_797,ses_3267,2026-09-28T07:17:08.000Z,3.71,7.34,39.3,7.20,7.10,898,GOOD
rd_798,ses_3267,2026-09-28T07:17:16.000Z,3.55,7.87,39.2,7.23,7.11,893,GOOD
rd_799,ses_3267,2026-09-28T07:17:24.000Z,3.52,8.40,39.3,7.26,7.09,902,GOOD
rd_800,ses_3267,2026-09-28T07:17:32.000Z,3.69,8.95,39.3,7.24,7.09,898,GOOD
rd_801,ses_3267,2026-09-28T07:17:40.000Z,3.53,9.48,39.2,7.20,7.11,900,GOOD
rd_802,ses_3267,2026-09-28T07:17:48.000Z,3.31,9.98,39.3,7.21,7.09,900,GOOD
rd_803,ses_3267,2026-09-28T07:17:56.000Z,2.9,10.41,39.4,7.23,7.11,901,GOOD
rd_804,ses_3267,2026-09-28T07:18:04.000Z,2.48,10.78,39.3,7.23,7.12,906,GOOD
rd_805,ses_3267,2026-09-28T07:18:12.000Z,2.07,11.09,39.2,7.23,7.11,906,GOOD
rd_806,ses_3267,2026-09-28T07:18:20.000Z,1.66,11.34,39.4,7.22,7.10,906,GOOD
rd_807,ses_3267,2026-09-28T07:18:28.000Z,1.24,11.53,39.4,7.18,7.09,904,GOOD
rd_808,ses_3267,2026-09-28T07:18:36.000Z,0.83,11.65,39.2,7.25,7.12,907,GOOD
rd_809,ses_3267,2026-09-28T07:18:44.000Z,0.41,11.71,39.3,7.23,7.10,899,GOOD
rd_810,ses_3267,2026-09-28T07:18:52.000Z,0.05,11.72,39.3,7.26,7.10,894,GOOD
rd_811,ses_3268,2026-09-28T07:13:00.000Z,0.05,0.01,39.4,7.17,7.13,1013,GOOD
rd_812,ses_3268,2026-09-28T07:13:08.000Z,0.64,0.10,39.3,7.18,7.13,1025,GOOD
rd_813,ses_3268,2026-09-28T07:13:16.000Z,1.29,0.30,39.5,7.17,7.13,1028,GOOD
rd_814,ses_3268,2026-09-28T07:13:24.000Z,1.93,0.59,39.4,7.17,7.12,1024,GOOD
rd_815,ses_3268,2026-09-28T07:13:32.000Z,2.57,0.97,39.4,7.12,7.12,1023,GOOD
rd_816,ses_3268,2026-09-28T07:13:40.000Z,3.22,1.46,39.4,7.14,7.13,1019,GOOD
rd_817,ses_3268,2026-09-28T07:13:48.000Z,3.73,2.01,39.4,7.16,7.12,1020,GOOD
rd_818,ses_3268,2026-09-28T07:13:56.000Z,3.87,2.59,39.5,7.13,7.12,1013,GOOD
rd_819,ses_3268,2026-09-28T07:14:04.000Z,3.86,3.17,39.3,7.14,7.12,1028,GOOD
rd_820,ses_3268,2026-09-28T07:14:12.000Z,3.67,3.72,39.4,7.14,7.14,1022,GOOD
rd_821,ses_3268,2026-09-28T07:14:20.000Z,3.74,4.29,39.4,7.13,7.13,1021,GOOD
rd_822,ses_3268,2026-09-28T07:14:28.000Z,3.72,4.84,39.5,7.16,7.11,1027,GOOD
rd_823,ses_3268,2026-09-28T07:14:36.000Z,3.75,5.41,39.5,7.15,7.12,1016,GOOD
rd_824,ses_3268,2026-09-28T07:14:44.000Z,3.61,5.95,39.4,7.12,7.14,1013,GOOD
rd_825,ses_3268,2026-09-28T07:14:52.000Z,3.79,6.52,39.5,7.13,7.13,1028,GOOD
rd_826,ses_3268,2026-09-28T07:15:00.000Z,3.83,7.09,39.4,7.16,7.12,1028,GOOD
rd_827,ses_3268,2026-09-28T07:15:08.000Z,3.88,7.67,39.4,7.11,7.13,1021,GOOD
rd_828,ses_3268,2026-09-28T07:15:16.000Z,3.84,8.25,39.3,7.14,7.14,1017,GOOD
rd_829,ses_3268,2026-09-28T07:15:24.000Z,3.71,8.80,39.4,7.12,7.11,1027,GOOD
rd_830,ses_3268,2026-09-28T07:15:32.000Z,3.69,9.36,39.5,7.15,7.14,1024,GOOD
rd_831,ses_3268,2026-09-28T07:15:40.000Z,3.59,9.90,39.4,7.15,7.13,1023,GOOD
rd_832,ses_3268,2026-09-28T07:15:48.000Z,3.43,10.41,39.4,7.13,7.11,1015,GOOD
rd_833,ses_3268,2026-09-28T07:15:56.000Z,3,10.86,39.4,7.16,7.13,1014,GOOD
rd_834,ses_3268,2026-09-28T07:16:04.000Z,2.57,11.25,39.5,7.16,7.13,1025,GOOD
rd_835,ses_3268,2026-09-28T07:16:12.000Z,2.14,11.57,39.3,7.18,7.13,1018,GOOD
rd_836,ses_3268,2026-09-28T07:16:20.000Z,1.71,11.82,39.5,7.13,7.12,1016,GOOD
rd_837,ses_3268,2026-09-28T07:16:28.000Z,1.29,12.02,39.5,7.15,7.15,1016,GOOD
rd_838,ses_3268,2026-09-28T07:16:36.000Z,0.86,12.15,39.3,7.15,7.15,1015,GOOD
rd_839,ses_3268,2026-09-28T07:16:44.000Z,0.43,12.21,39.3,7.18,7.11,1022,GOOD
rd_840,ses_3268,2026-09-28T07:16:52.000Z,0.05,12.22,39.5,7.16,7.11,1021,GOOD
rd_841,ses_3269,2026-09-28T06:48:00.000Z,0.05,0.01,39.5,7.38,7.17,897,GOOD
rd_842,ses_3269,2026-09-28T06:48:08.000Z,0.7,0.11,39.4,7.40,7.15,898,GOOD
rd_843,ses_3269,2026-09-28T06:48:16.000Z,1.4,0.32,39.3,7.35,7.16,901,GOOD
rd_844,ses_3269,2026-09-28T06:48:24.000Z,2.1,0.64,39.4,7.37,7.17,894,GOOD
rd_845,ses_3269,2026-09-28T06:48:32.000Z,2.8,1.06,39.4,7.40,7.17,898,GOOD
rd_846,ses_3269,2026-09-28T06:48:40.000Z,3.5,1.58,39.4,7.38,7.18,905,GOOD
rd_847,ses_3269,2026-09-28T06:48:48.000Z,3.92,2.17,39.3,7.39,7.15,903,GOOD
rd_848,ses_3269,2026-09-28T06:48:56.000Z,4.09,2.78,39.4,7.35,7.17,897,GOOD
rd_849,ses_3269,2026-09-28T06:49:04.000Z,4.05,3.39,39.4,7.39,7.17,907,GOOD
rd_850,ses_3269,2026-09-28T06:49:12.000Z,4.05,4.00,39.5,7.36,7.16,900,GOOD
rd_851,ses_3269,2026-09-28T06:49:20.000Z,4.03,4.60,39.5,7.40,7.15,903,GOOD
rd_852,ses_3269,2026-09-28T06:49:28.000Z,4.12,5.22,39.4,7.41,7.14,898,GOOD
rd_853,ses_3269,2026-09-28T06:49:36.000Z,4.13,5.84,39.5,7.39,7.17,901,GOOD
rd_854,ses_3269,2026-09-28T06:49:44.000Z,4.06,6.45,39.4,7.38,7.16,903,GOOD
rd_855,ses_3269,2026-09-28T06:49:52.000Z,4.13,7.07,39.4,7.41,7.16,906,GOOD
rd_856,ses_3269,2026-09-28T06:50:00.000Z,3.92,7.66,39.5,7.35,7.16,903,GOOD
rd_857,ses_3269,2026-09-28T06:50:08.000Z,4.13,8.28,39.4,7.39,7.16,895,GOOD
rd_858,ses_3269,2026-09-28T06:50:16.000Z,4.07,8.89,39.4,7.38,7.14,906,GOOD
rd_859,ses_3269,2026-09-28T06:50:24.000Z,3.99,9.49,39.5,7.38,7.14,897,GOOD
rd_860,ses_3269,2026-09-28T06:50:32.000Z,4.07,10.10,39.5,7.34,7.17,908,GOOD
rd_861,ses_3269,2026-09-28T06:50:40.000Z,3.92,10.68,39.3,7.33,7.14,896,GOOD
rd_862,ses_3269,2026-09-28T06:50:48.000Z,3.73,11.24,39.3,7.39,7.15,895,GOOD
rd_863,ses_3269,2026-09-28T06:50:56.000Z,3.27,11.73,39.5,7.38,7.18,897,GOOD
rd_864,ses_3269,2026-09-28T06:51:04.000Z,2.8,12.15,39.4,7.37,7.16,902,GOOD
rd_865,ses_3269,2026-09-28T06:51:12.000Z,2.33,12.50,39.3,7.40,7.17,898,GOOD
rd_866,ses_3269,2026-09-28T06:51:20.000Z,1.87,12.78,39.3,7.34,7.17,897,GOOD
rd_867,ses_3269,2026-09-28T06:51:28.000Z,1.4,12.99,39.4,7.40,7.18,900,GOOD
rd_868,ses_3269,2026-09-28T06:51:36.000Z,0.93,13.13,39.4,7.35,7.14,901,GOOD
rd_869,ses_3269,2026-09-28T06:51:44.000Z,0.47,13.20,39.4,7.34,7.15,904,GOOD
rd_870,ses_3269,2026-09-28T06:51:52.000Z,0.05,13.21,39.4,7.34,7.17,905,GOOD
rd_871,ses_3270,2026-09-28T07:15:00.000Z,0.05,0.01,39.4,6.98,7.07,868,GOOD
rd_872,ses_3270,2026-09-28T07:15:08.000Z,0.64,0.10,39.4,6.99,7.06,877,GOOD
rd_873,ses_3270,2026-09-28T07:15:16.000Z,1.27,0.29,39.5,7.06,7.08,873,GOOD
rd_874,ses_3270,2026-09-28T07:15:24.000Z,1.91,0.58,39.4,7.04,7.05,877,GOOD
rd_875,ses_3270,2026-09-28T07:15:32.000Z,2.54,0.96,39.4,7.05,7.06,874,GOOD
rd_876,ses_3270,2026-09-28T07:15:40.000Z,3.18,1.44,39.4,7.00,7.07,879,GOOD
rd_877,ses_3270,2026-09-28T07:15:48.000Z,3.57,1.97,39.3,7.00,7.08,868,GOOD
rd_878,ses_3270,2026-09-28T07:15:56.000Z,3.66,2.52,39.5,7.00,7.05,866,GOOD
rd_879,ses_3270,2026-09-28T07:16:04.000Z,3.8,3.09,39.3,7.00,7.06,877,GOOD
rd_880,ses_3270,2026-09-28T07:16:12.000Z,3.61,3.63,39.4,6.99,7.08,877,GOOD
rd_881,ses_3270,2026-09-28T07:16:20.000Z,3.82,4.21,39.5,7.05,7.08,872,GOOD
rd_882,ses_3270,2026-09-28T07:16:28.000Z,3.68,4.76,39.3,7.02,7.06,873,GOOD
rd_883,ses_3270,2026-09-28T07:16:36.000Z,3.6,5.30,39.4,7.00,7.06,878,GOOD
rd_884,ses_3270,2026-09-28T07:16:44.000Z,3.69,5.85,39.5,6.99,7.07,867,GOOD
rd_885,ses_3270,2026-09-28T07:16:52.000Z,3.65,6.40,39.3,7.01,7.08,873,GOOD
rd_886,ses_3270,2026-09-28T07:17:00.000Z,3.6,6.94,39.4,7.02,7.06,879,GOOD
rd_887,ses_3270,2026-09-28T07:17:08.000Z,3.65,7.49,39.4,7.04,7.09,875,GOOD
rd_888,ses_3270,2026-09-28T07:17:16.000Z,3.59,8.03,39.3,7.06,7.09,880,GOOD
rd_889,ses_3270,2026-09-28T07:17:24.000Z,3.73,8.59,39.3,6.98,7.06,867,GOOD
rd_890,ses_3270,2026-09-28T07:17:32.000Z,3.64,9.13,39.3,7.01,7.06,880,GOOD
rd_891,ses_3270,2026-09-28T07:17:40.000Z,3.63,9.68,39.5,7.02,7.08,867,GOOD
rd_892,ses_3270,2026-09-28T07:17:48.000Z,3.39,10.18,39.4,6.99,7.07,872,GOOD
rd_893,ses_3270,2026-09-28T07:17:56.000Z,2.97,10.63,39.3,6.99,7.08,868,GOOD
rd_894,ses_3270,2026-09-28T07:18:04.000Z,2.54,11.01,39.5,7.06,7.06,867,GOOD
rd_895,ses_3270,2026-09-28T07:18:12.000Z,2.12,11.33,39.3,7.00,7.07,875,GOOD
rd_896,ses_3270,2026-09-28T07:18:20.000Z,1.7,11.58,39.4,7.03,7.07,874,GOOD
rd_897,ses_3270,2026-09-28T07:18:28.000Z,1.27,11.77,39.3,7.01,7.06,869,GOOD
rd_898,ses_3270,2026-09-28T07:18:36.000Z,0.85,11.90,39.4,7.03,7.07,871,GOOD
rd_899,ses_3270,2026-09-28T07:18:44.000Z,0.42,11.97,39.3,6.99,7.08,868,GOOD
rd_900,ses_3270,2026-09-28T07:18:52.000Z,0.05,11.97,39.4,7.01,7.06,875,GOOD
rd_901,ses_3271,2026-09-28T17:20:00.000Z,0.05,0.01,38.7,5.61,6.69,101,GOOD
rd_902,ses_3271,2026-09-28T17:20:08.000Z,0.64,0.10,38.7,5.60,6.65,104,GOOD
rd_903,ses_3271,2026-09-28T17:20:16.000Z,1.27,0.29,38.7,5.57,6.67,108,GOOD
rd_904,ses_3271,2026-09-28T17:20:24.000Z,1.91,0.58,38.7,5.56,6.68,114,GOOD
rd_905,ses_3271,2026-09-28T17:20:32.000Z,2.54,0.96,38.7,5.58,6.69,101,GOOD
rd_906,ses_3271,2026-09-28T17:20:40.000Z,3.18,1.44,38.7,5.59,6.66,111,GOOD
rd_907,ses_3271,2026-09-28T17:20:48.000Z,3.74,2.00,38.8,5.62,6.67,114,GOOD
rd_908,ses_3271,2026-09-28T17:20:56.000Z,3.71,2.56,38.7,5.58,6.67,107,GOOD
rd_909,ses_3271,2026-09-28T17:21:04.000Z,3.77,3.12,38.6,5.59,6.68,104,GOOD
rd_910,ses_3271,2026-09-28T17:21:12.000Z,3.63,3.67,38.8,5.61,6.65,104,GOOD
rd_911,ses_3271,2026-09-28T17:21:20.000Z,3.59,4.20,38.6,5.56,6.67,106,GOOD
rd_912,ses_3271,2026-09-28T17:21:28.000Z,3.74,4.77,38.8,5.59,6.69,104,GOOD
rd_913,ses_3271,2026-09-28T17:21:36.000Z,3.55,5.30,38.6,5.57,6.66,101,GOOD
rd_914,ses_3271,2026-09-28T17:21:44.000Z,3.76,5.86,38.8,5.60,6.68,103,GOOD
rd_915,ses_3271,2026-09-28T17:21:52.000Z,3.74,6.42,38.8,5.63,6.67,103,GOOD
rd_916,ses_3271,2026-09-28T17:22:00.000Z,3.78,6.99,38.6,5.62,6.66,109,GOOD
rd_917,ses_3271,2026-09-28T17:22:08.000Z,3.64,7.54,38.8,5.59,6.68,112,GOOD
rd_918,ses_3271,2026-09-28T17:22:16.000Z,3.62,8.08,38.8,5.57,6.67,109,GOOD
rd_919,ses_3271,2026-09-28T17:22:24.000Z,3.78,8.65,38.6,5.59,6.68,98,GOOD
rd_920,ses_3271,2026-09-28T17:22:32.000Z,3.7,9.20,38.6,5.62,6.65,110,GOOD
rd_921,ses_3271,2026-09-28T17:22:40.000Z,3.67,9.75,38.6,5.60,6.68,104,GOOD
rd_922,ses_3271,2026-09-28T17:22:48.000Z,3.39,10.26,38.6,5.62,6.66,113,GOOD
rd_923,ses_3271,2026-09-28T17:22:56.000Z,2.97,10.71,38.7,5.60,6.67,106,GOOD
rd_924,ses_3271,2026-09-28T17:23:04.000Z,2.54,11.09,38.6,5.58,6.66,110,GOOD
rd_925,ses_3271,2026-09-28T17:23:12.000Z,2.12,11.40,38.6,5.63,6.67,99,GOOD
rd_926,ses_3271,2026-09-28T17:23:20.000Z,1.7,11.66,38.6,5.56,6.68,107,GOOD
rd_927,ses_3271,2026-09-28T17:23:28.000Z,1.27,11.85,38.8,5.60,6.66,101,GOOD
rd_928,ses_3271,2026-09-28T17:23:36.000Z,0.85,11.98,38.8,5.60,6.65,113,GOOD
rd_929,ses_3271,2026-09-28T17:23:44.000Z,0.42,12.04,38.7,5.56,6.69,106,GOOD
rd_930,ses_3271,2026-09-28T17:23:52.000Z,0.05,12.05,38.7,5.57,6.66,106,GOOD
rd_931,ses_3272,2026-09-28T17:15:00.000Z,0.05,0.01,38.7,5.71,6.68,115,GOOD
rd_932,ses_3272,2026-09-28T17:15:08.000Z,0.67,0.11,38.7,5.77,6.68,115,GOOD
rd_933,ses_3272,2026-09-28T17:15:16.000Z,1.35,0.31,38.7,5.76,6.70,122,GOOD
rd_934,ses_3272,2026-09-28T17:15:24.000Z,2.02,0.61,38.6,5.70,6.66,115,GOOD
rd_935,ses_3272,2026-09-28T17:15:32.000Z,2.7,1.02,38.7,5.75,6.70,108,GOOD
rd_936,ses_3272,2026-09-28T17:15:40.000Z,3.37,1.52,38.6,5.71,6.69,117,GOOD
rd_937,ses_3272,2026-09-28T17:15:48.000Z,4.01,2.13,38.8,5.78,6.67,111,GOOD
rd_938,ses_3272,2026-09-28T17:15:56.000Z,4.01,2.73,38.6,5.76,6.67,118,GOOD
rd_939,ses_3272,2026-09-28T17:16:04.000Z,4.05,3.33,38.6,5.71,6.66,116,GOOD
rd_940,ses_3272,2026-09-28T17:16:12.000Z,3.79,3.90,38.8,5.76,6.69,108,GOOD
rd_941,ses_3272,2026-09-28T17:16:20.000Z,3.88,4.48,38.7,5.71,6.67,106,GOOD
rd_942,ses_3272,2026-09-28T17:16:28.000Z,3.99,5.08,38.8,5.74,6.68,111,GOOD
rd_943,ses_3272,2026-09-28T17:16:36.000Z,3.77,5.65,38.7,5.74,6.70,119,GOOD
rd_944,ses_3272,2026-09-28T17:16:44.000Z,3.96,6.24,38.7,5.73,6.67,115,GOOD
rd_945,ses_3272,2026-09-28T17:16:52.000Z,4.05,6.85,38.7,5.76,6.67,107,GOOD
rd_946,ses_3272,2026-09-28T17:17:00.000Z,3.9,7.44,38.7,5.74,6.68,109,GOOD
rd_947,ses_3272,2026-09-28T17:17:08.000Z,3.94,8.03,38.6,5.73,6.68,108,GOOD
rd_948,ses_3272,2026-09-28T17:17:16.000Z,3.81,8.60,38.8,5.73,6.68,108,GOOD
rd_949,ses_3272,2026-09-28T17:17:24.000Z,3.8,9.17,38.7,5.70,6.68,119,GOOD
rd_950,ses_3272,2026-09-28T17:17:32.000Z,3.82,9.74,38.8,5.70,6.67,118,GOOD
rd_951,ses_3272,2026-09-28T17:17:40.000Z,4.02,10.34,38.7,5.76,6.69,108,GOOD
rd_952,ses_3272,2026-09-28T17:17:48.000Z,3.6,10.88,38.6,5.77,6.66,114,GOOD
rd_953,ses_3272,2026-09-28T17:17:56.000Z,3.15,11.36,38.8,5.78,6.68,108,GOOD
rd_954,ses_3272,2026-09-28T17:18:04.000Z,2.7,11.76,38.8,5.72,6.69,108,GOOD
rd_955,ses_3272,2026-09-28T17:18:12.000Z,2.25,12.10,38.8,5.74,6.68,109,GOOD
rd_956,ses_3272,2026-09-28T17:18:20.000Z,1.8,12.37,38.7,5.74,6.70,121,GOOD
rd_957,ses_3272,2026-09-28T17:18:28.000Z,1.35,12.57,38.7,5.77,6.67,119,GOOD
rd_958,ses_3272,2026-09-28T17:18:36.000Z,0.9,12.71,38.6,5.72,6.67,109,GOOD
rd_959,ses_3272,2026-09-28T17:18:44.000Z,0.45,12.77,38.7,5.77,6.70,109,GOOD
rd_960,ses_3272,2026-09-28T17:18:52.000Z,0.05,12.78,38.7,5.75,6.67,109,GOOD
rd_961,ses_3273,2026-09-28T17:02:00.000Z,0.05,0.01,38.5,5.48,6.68,101,GOOD
rd_962,ses_3273,2026-09-28T17:02:08.000Z,0.61,0.10,38.5,5.50,6.67,96,GOOD
rd_963,ses_3273,2026-09-28T17:02:16.000Z,1.21,0.28,38.6,5.48,6.66,102,GOOD
rd_964,ses_3273,2026-09-28T17:02:24.000Z,1.82,0.55,38.5,5.42,6.65,109,GOOD
rd_965,ses_3273,2026-09-28T17:02:32.000Z,2.42,0.92,38.6,5.49,6.64,104,GOOD
rd_966,ses_3273,2026-09-28T17:02:40.000Z,3.03,1.37,38.6,5.45,6.68,100,GOOD
rd_967,ses_3273,2026-09-28T17:02:48.000Z,3.5,1.90,38.6,5.44,6.65,107,GOOD
rd_968,ses_3273,2026-09-28T17:02:56.000Z,3.45,2.41,38.6,5.48,6.67,111,GOOD
rd_969,ses_3273,2026-09-28T17:03:04.000Z,3.64,2.96,38.6,5.49,6.67,99,GOOD
rd_970,ses_3273,2026-09-28T17:03:12.000Z,3.48,3.48,38.7,5.48,6.66,106,GOOD
rd_971,ses_3273,2026-09-28T17:03:20.000Z,3.59,4.02,38.6,5.44,6.68,106,GOOD
rd_972,ses_3273,2026-09-28T17:03:28.000Z,3.36,4.52,38.6,5.49,6.66,106,GOOD
rd_973,ses_3273,2026-09-28T17:03:36.000Z,3.63,5.07,38.7,5.45,6.66,110,GOOD
rd_974,ses_3273,2026-09-28T17:03:44.000Z,3.38,5.58,38.6,5.49,6.66,96,GOOD
rd_975,ses_3273,2026-09-28T17:03:52.000Z,3.64,6.12,38.6,5.47,6.67,105,GOOD
rd_976,ses_3273,2026-09-28T17:04:00.000Z,3.53,6.65,38.5,5.49,6.67,102,GOOD
rd_977,ses_3273,2026-09-28T17:04:08.000Z,3.37,7.16,38.7,5.44,6.65,98,GOOD
rd_978,ses_3273,2026-09-28T17:04:16.000Z,3.44,7.67,38.6,5.44,6.67,109,GOOD
rd_979,ses_3273,2026-09-28T17:04:24.000Z,3.62,8.22,38.7,5.49,6.68,105,GOOD
rd_980,ses_3273,2026-09-28T17:04:32.000Z,3.4,8.73,38.5,5.45,6.68,98,GOOD
rd_981,ses_3273,2026-09-28T17:04:40.000Z,3.39,9.23,38.6,5.49,6.67,110,GOOD
rd_982,ses_3273,2026-09-28T17:04:48.000Z,3.23,9.72,38.5,5.44,6.66,107,GOOD
rd_983,ses_3273,2026-09-28T17:04:56.000Z,2.82,10.14,38.5,5.42,6.66,98,GOOD
rd_984,ses_3273,2026-09-28T17:05:04.000Z,2.42,10.50,38.6,5.48,6.67,108,GOOD
rd_985,ses_3273,2026-09-28T17:05:12.000Z,2.02,10.81,38.6,5.45,6.66,101,GOOD
rd_986,ses_3273,2026-09-28T17:05:20.000Z,1.61,11.05,38.6,5.48,6.65,99,GOOD
rd_987,ses_3273,2026-09-28T17:05:28.000Z,1.21,11.23,38.7,5.44,6.64,102,GOOD
rd_988,ses_3273,2026-09-28T17:05:36.000Z,0.81,11.35,38.6,5.48,6.67,107,GOOD
rd_989,ses_3273,2026-09-28T17:05:44.000Z,0.4,11.41,38.7,5.43,6.66,111,GOOD
rd_990,ses_3273,2026-09-28T17:05:52.000Z,0.05,11.42,38.5,5.44,6.65,107,GOOD
rd_991,ses_3274,2026-09-28T18:09:00.000Z,0.05,0.01,38.4,5.64,6.65,128,GOOD
rd_992,ses_3274,2026-09-28T18:09:08.000Z,0.66,0.11,38.6,5.62,6.67,120,GOOD
rd_993,ses_3274,2026-09-28T18:09:16.000Z,1.33,0.31,38.6,5.58,6.66,128,GOOD
rd_994,ses_3274,2026-09-28T18:09:24.000Z,1.99,0.60,38.4,5.60,6.66,124,GOOD
rd_995,ses_3274,2026-09-28T18:09:32.000Z,2.66,1.00,38.5,5.60,6.64,131,GOOD
rd_996,ses_3274,2026-09-28T18:09:40.000Z,3.32,1.50,38.6,5.59,6.66,129,GOOD
rd_997,ses_3274,2026-09-28T18:09:48.000Z,3.78,2.07,38.6,5.64,6.65,121,GOOD
rd_998,ses_3274,2026-09-28T18:09:56.000Z,3.86,2.65,38.5,5.62,6.66,121,GOOD
rd_999,ses_3274,2026-09-28T18:10:04.000Z,3.74,3.21,38.5,5.60,6.66,120,GOOD
rd_1000,ses_3274,2026-09-28T18:10:12.000Z,3.89,3.79,38.5,5.61,6.66,122,GOOD
rd_1001,ses_3274,2026-09-28T18:10:20.000Z,3.88,4.37,38.4,5.58,6.68,129,GOOD
rd_1002,ses_3274,2026-09-28T18:10:28.000Z,3.86,4.95,38.4,5.59,6.67,119,GOOD
rd_1003,ses_3274,2026-09-28T18:10:36.000Z,3.77,5.52,38.5,5.59,6.67,119,GOOD
rd_1004,ses_3274,2026-09-28T18:10:44.000Z,3.73,6.08,38.5,5.64,6.65,117,GOOD
rd_1005,ses_3274,2026-09-28T18:10:52.000Z,3.74,6.64,38.6,5.58,6.64,131,GOOD
rd_1006,ses_3274,2026-09-28T18:11:00.000Z,3.92,7.23,38.4,5.61,6.64,123,GOOD
rd_1007,ses_3274,2026-09-28T18:11:08.000Z,3.75,7.79,38.5,5.64,6.66,124,GOOD
rd_1008,ses_3274,2026-09-28T18:11:16.000Z,3.85,8.37,38.6,5.62,6.67,120,GOOD
rd_1009,ses_3274,2026-09-28T18:11:24.000Z,3.96,8.96,38.6,5.57,6.67,120,GOOD
rd_1010,ses_3274,2026-09-28T18:11:32.000Z,3.71,9.52,38.6,5.63,6.68,125,GOOD
rd_1011,ses_3274,2026-09-28T18:11:40.000Z,3.73,10.08,38.6,5.58,6.67,116,GOOD
rd_1012,ses_3274,2026-09-28T18:11:48.000Z,3.54,10.61,38.6,5.60,6.66,123,GOOD
rd_1013,ses_3274,2026-09-28T18:11:56.000Z,3.1,11.07,38.5,5.58,6.67,131,GOOD
rd_1014,ses_3274,2026-09-28T18:12:04.000Z,2.66,11.47,38.4,5.64,6.64,129,GOOD
rd_1015,ses_3274,2026-09-28T18:12:12.000Z,2.21,11.80,38.5,5.62,6.65,126,GOOD
rd_1016,ses_3274,2026-09-28T18:12:20.000Z,1.77,12.07,38.6,5.61,6.66,131,GOOD
rd_1017,ses_3274,2026-09-28T18:12:28.000Z,1.33,12.27,38.6,5.61,6.65,116,GOOD
rd_1018,ses_3274,2026-09-28T18:12:36.000Z,0.89,12.40,38.5,5.62,6.68,116,GOOD
rd_1019,ses_3274,2026-09-28T18:12:44.000Z,0.44,12.47,38.5,5.62,6.65,122,GOOD
rd_1020,ses_3274,2026-09-28T18:12:52.000Z,0.05,12.48,38.5,5.58,6.66,118,GOOD
rd_1021,ses_3275,2026-09-28T18:19:00.000Z,0.05,0.01,38.6,5.42,6.66,131,GOOD
rd_1022,ses_3275,2026-09-28T18:19:08.000Z,0.72,0.12,38.6,5.46,6.65,137,GOOD
rd_1023,ses_3275,2026-09-28T18:19:16.000Z,1.43,0.33,38.7,5.40,6.67,123,GOOD
rd_1024,ses_3275,2026-09-28T18:19:24.000Z,2.15,0.65,38.7,5.46,6.65,124,GOOD
rd_1025,ses_3275,2026-09-28T18:19:32.000Z,2.86,1.08,38.7,5.41,6.69,126,GOOD
rd_1026,ses_3275,2026-09-28T18:19:40.000Z,3.58,1.62,38.7,5.39,6.66,134,GOOD
rd_1027,ses_3275,2026-09-28T18:19:48.000Z,4.16,2.24,38.7,5.47,6.66,135,GOOD
rd_1028,ses_3275,2026-09-28T18:19:56.000Z,4.11,2.86,38.8,5.41,6.68,136,GOOD
rd_1029,ses_3275,2026-09-28T18:20:04.000Z,4.21,3.49,38.7,5.44,6.67,123,GOOD
rd_1030,ses_3275,2026-09-28T18:20:12.000Z,4.14,4.11,38.7,5.40,6.65,135,GOOD
rd_1031,ses_3275,2026-09-28T18:20:20.000Z,4.05,4.72,38.8,5.44,6.68,129,GOOD
rd_1032,ses_3275,2026-09-28T18:20:28.000Z,4.29,5.36,38.7,5.47,6.68,124,GOOD
rd_1033,ses_3275,2026-09-28T18:20:36.000Z,4.23,6.00,38.7,5.43,6.68,133,GOOD
rd_1034,ses_3275,2026-09-28T18:20:44.000Z,4.01,6.60,38.7,5.42,6.65,133,GOOD
rd_1035,ses_3275,2026-09-28T18:20:52.000Z,4.16,7.22,38.8,5.46,6.68,136,GOOD
rd_1036,ses_3275,2026-09-28T18:21:00.000Z,4.18,7.85,38.6,5.44,6.68,138,GOOD
rd_1037,ses_3275,2026-09-28T18:21:08.000Z,4.26,8.49,38.7,5.41,6.68,133,GOOD
rd_1038,ses_3275,2026-09-28T18:21:16.000Z,4.15,9.11,38.6,5.44,6.66,134,GOOD
rd_1039,ses_3275,2026-09-28T18:21:24.000Z,4.13,9.73,38.7,5.44,6.69,125,GOOD
rd_1040,ses_3275,2026-09-28T18:21:32.000Z,4.28,10.37,38.8,5.39,6.66,139,GOOD
rd_1041,ses_3275,2026-09-28T18:21:40.000Z,4.01,10.97,38.6,5.44,6.66,137,GOOD
rd_1042,ses_3275,2026-09-28T18:21:48.000Z,3.82,11.55,38.7,5.40,6.65,125,GOOD
rd_1043,ses_3275,2026-09-28T18:21:56.000Z,3.34,12.05,38.8,5.43,6.68,136,GOOD
rd_1044,ses_3275,2026-09-28T18:22:04.000Z,2.86,12.48,38.8,5.41,6.67,127,GOOD
rd_1045,ses_3275,2026-09-28T18:22:12.000Z,2.39,12.84,38.7,5.41,6.67,134,GOOD
rd_1046,ses_3275,2026-09-28T18:22:20.000Z,1.91,13.12,38.7,5.41,6.67,137,GOOD
rd_1047,ses_3275,2026-09-28T18:22:28.000Z,1.43,13.34,38.7,5.44,6.67,125,GOOD
rd_1048,ses_3275,2026-09-28T18:22:36.000Z,0.95,13.48,38.7,5.40,6.69,137,GOOD
rd_1049,ses_3275,2026-09-28T18:22:44.000Z,0.48,13.55,38.8,5.44,6.68,127,GOOD
rd_1050,ses_3275,2026-09-28T18:22:52.000Z,0.05,13.56,38.7,5.44,6.68,127,GOOD
rd_1051,ses_3276,2026-09-28T17:06:00.000Z,0.05,0.01,38.4,5.57,6.66,134,GOOD
rd_1052,ses_3276,2026-09-28T17:06:08.000Z,0.61,0.10,38.5,5.55,6.66,139,GOOD
rd_1053,ses_3276,2026-09-28T17:06:16.000Z,1.21,0.28,38.5,5.59,6.67,136,GOOD
rd_1054,ses_3276,2026-09-28T17:06:24.000Z,1.82,0.55,38.6,5.54,6.67,132,GOOD
rd_1055,ses_3276,2026-09-28T17:06:32.000Z,2.43,0.92,38.4,5.61,6.66,140,GOOD
rd_1056,ses_3276,2026-09-28T17:06:40.000Z,3.03,1.37,38.5,5.60,6.67,127,GOOD
rd_1057,ses_3276,2026-09-28T17:06:48.000Z,3.48,1.89,38.4,5.59,6.67,136,GOOD
rd_1058,ses_3276,2026-09-28T17:06:56.000Z,3.62,2.44,38.5,5.55,6.66,126,GOOD
rd_1059,ses_3276,2026-09-28T17:07:04.000Z,3.41,2.95,38.4,5.54,6.65,138,GOOD
rd_1060,ses_3276,2026-09-28T17:07:12.000Z,3.48,3.47,38.5,5.56,6.65,134,GOOD
rd_1061,ses_3276,2026-09-28T17:07:20.000Z,3.65,4.02,38.4,5.59,6.65,139,GOOD
rd_1062,ses_3276,2026-09-28T17:07:28.000Z,3.42,4.53,38.6,5.61,6.67,137,GOOD
rd_1063,ses_3276,2026-09-28T17:07:36.000Z,3.66,5.08,38.6,5.56,6.65,126,GOOD
rd_1064,ses_3276,2026-09-28T17:07:44.000Z,3.55,5.61,38.5,5.57,6.65,131,GOOD
rd_1065,ses_3276,2026-09-28T17:07:52.000Z,3.41,6.12,38.5,5.57,6.64,130,GOOD
rd_1066,ses_3276,2026-09-28T17:08:00.000Z,3.45,6.64,38.5,5.56,6.66,129,GOOD
rd_1067,ses_3276,2026-09-28T17:08:08.000Z,3.5,7.17,38.4,5.60,6.64,133,GOOD
rd_1068,ses_3276,2026-09-28T17:08:16.000Z,3.38,7.67,38.6,5.57,6.65,136,GOOD
rd_1069,ses_3276,2026-09-28T17:08:24.000Z,3.44,8.19,38.5,5.57,6.67,132,GOOD
rd_1070,ses_3276,2026-09-28T17:08:32.000Z,3.55,8.72,38.6,5.60,6.64,128,GOOD
rd_1071,ses_3276,2026-09-28T17:08:40.000Z,3.38,9.23,38.5,5.54,6.64,129,GOOD
rd_1072,ses_3276,2026-09-28T17:08:48.000Z,3.24,9.72,38.6,5.57,6.65,128,GOOD
rd_1073,ses_3276,2026-09-28T17:08:56.000Z,2.83,10.14,38.4,5.57,6.66,136,GOOD
rd_1074,ses_3276,2026-09-28T17:09:04.000Z,2.43,10.50,38.5,5.56,6.66,139,GOOD
rd_1075,ses_3276,2026-09-28T17:09:12.000Z,2.02,10.81,38.6,5.56,6.66,129,GOOD
rd_1076,ses_3276,2026-09-28T17:09:20.000Z,1.62,11.05,38.5,5.58,6.64,136,GOOD
rd_1077,ses_3276,2026-09-28T17:09:28.000Z,1.21,11.23,38.6,5.54,6.64,138,GOOD
rd_1078,ses_3276,2026-09-28T17:09:36.000Z,0.81,11.35,38.4,5.54,6.67,131,GOOD
rd_1079,ses_3276,2026-09-28T17:09:44.000Z,0.4,11.41,38.4,5.61,6.63,125,GOOD
rd_1080,ses_3276,2026-09-28T17:09:52.000Z,0.05,11.42,38.6,5.57,6.64,129,GOOD
rd_1081,ses_3277,2026-09-28T17:48:00.000Z,0.05,0.01,38.5,5.64,6.65,138,GOOD
rd_1082,ses_3277,2026-09-28T17:48:08.000Z,0.69,0.11,38.5,5.60,6.64,136,GOOD
rd_1083,ses_3277,2026-09-28T17:48:16.000Z,1.37,0.32,38.6,5.63,6.67,146,GOOD
rd_1084,ses_3277,2026-09-28T17:48:24.000Z,2.06,0.63,38.6,5.62,6.65,143,GOOD
rd_1085,ses_3277,2026-09-28T17:48:32.000Z,2.74,1.04,38.5,5.68,6.66,146,GOOD
rd_1086,ses_3277,2026-09-28T17:48:40.000Z,3.43,1.55,38.5,5.64,6.66,144,GOOD
rd_1087,ses_3277,2026-09-28T17:48:48.000Z,3.98,2.15,38.4,5.64,6.65,150,GOOD
rd_1088,ses_3277,2026-09-28T17:48:56.000Z,3.9,2.73,38.6,5.66,6.67,146,GOOD
rd_1089,ses_3277,2026-09-28T17:49:04.000Z,4.11,3.35,38.5,5.61,6.64,145,GOOD
rd_1090,ses_3277,2026-09-28T17:49:12.000Z,4.1,3.96,38.5,5.60,6.65,149,GOOD
rd_1091,ses_3277,2026-09-28T17:49:20.000Z,4.03,4.57,38.6,5.65,6.64,145,GOOD
rd_1092,ses_3277,2026-09-28T17:49:28.000Z,4,5.17,38.4,5.61,6.64,136,GOOD
rd_1093,ses_3277,2026-09-28T17:49:36.000Z,3.98,5.77,38.6,5.63,6.66,146,GOOD
rd_1094,ses_3277,2026-09-28T17:49:44.000Z,4.11,6.38,38.5,5.67,6.67,143,GOOD
rd_1095,ses_3277,2026-09-28T17:49:52.000Z,3.95,6.98,38.4,5.64,6.65,146,GOOD
rd_1096,ses_3277,2026-09-28T17:50:00.000Z,3.91,7.56,38.5,5.65,6.63,145,GOOD
rd_1097,ses_3277,2026-09-28T17:50:08.000Z,3.9,8.15,38.4,5.64,6.65,140,GOOD
rd_1098,ses_3277,2026-09-28T17:50:16.000Z,4.05,8.75,38.5,5.62,6.67,135,GOOD
rd_1099,ses_3277,2026-09-28T17:50:24.000Z,3.86,9.33,38.5,5.61,6.66,135,GOOD
rd_1100,ses_3277,2026-09-28T17:50:32.000Z,4.07,9.94,38.5,5.67,6.64,138,GOOD
rd_1101,ses_3277,2026-09-28T17:50:40.000Z,4.06,10.55,38.4,5.67,6.64,139,GOOD
rd_1102,ses_3277,2026-09-28T17:50:48.000Z,3.66,11.10,38.5,5.61,6.63,145,GOOD
rd_1103,ses_3277,2026-09-28T17:50:56.000Z,3.2,11.58,38.5,5.67,6.66,142,GOOD
rd_1104,ses_3277,2026-09-28T17:51:04.000Z,2.74,11.99,38.4,5.61,6.65,138,GOOD
rd_1105,ses_3277,2026-09-28T17:51:12.000Z,2.29,12.34,38.4,5.66,6.64,137,GOOD
rd_1106,ses_3277,2026-09-28T17:51:20.000Z,1.83,12.61,38.6,5.65,6.64,146,GOOD
rd_1107,ses_3277,2026-09-28T17:51:28.000Z,1.37,12.82,38.5,5.65,6.63,147,GOOD
rd_1108,ses_3277,2026-09-28T17:51:36.000Z,0.91,12.95,38.6,5.66,6.66,136,GOOD
rd_1109,ses_3277,2026-09-28T17:51:44.000Z,0.46,13.02,38.4,5.61,6.66,143,GOOD
rd_1110,ses_3277,2026-09-28T17:51:52.000Z,0.05,13.03,38.6,5.67,6.63,140,GOOD
rd_1111,ses_3278,2026-09-28T17:30:00.000Z,0.05,0.01,38.7,5.58,6.65,137,GOOD
rd_1112,ses_3278,2026-09-28T17:30:08.000Z,0.59,0.10,38.5,5.55,6.63,141,GOOD
rd_1113,ses_3278,2026-09-28T17:30:16.000Z,1.19,0.27,38.7,5.53,6.66,127,GOOD
rd_1114,ses_3278,2026-09-28T17:30:24.000Z,1.78,0.54,38.5,5.53,6.65,140,GOOD
rd_1115,ses_3278,2026-09-28T17:30:32.000Z,2.38,0.90,38.5,5.54,6.66,140,GOOD
rd_1116,ses_3278,2026-09-28T17:30:40.000Z,2.97,1.34,38.7,5.58,6.65,128,GOOD
rd_1117,ses_3278,2026-09-28T17:30:48.000Z,3.43,1.86,38.5,5.54,6.64,127,GOOD
rd_1118,ses_3278,2026-09-28T17:30:56.000Z,3.49,2.38,38.6,5.54,6.66,135,GOOD
rd_1119,ses_3278,2026-09-28T17:31:04.000Z,3.39,2.89,38.6,5.57,6.67,139,GOOD
rd_1120,ses_3278,2026-09-28T17:31:12.000Z,3.42,3.40,38.5,5.58,6.64,140,GOOD
rd_1121,ses_3278,2026-09-28T17:31:20.000Z,3.53,3.93,38.5,5.58,6.65,141,GOOD
rd_1122,ses_3278,2026-09-28T17:31:28.000Z,3.58,4.47,38.6,5.55,6.66,139,GOOD
rd_1123,ses_3278,2026-09-28T17:31:36.000Z,3.49,4.99,38.7,5.55,6.65,127,GOOD
rd_1124,ses_3278,2026-09-28T17:31:44.000Z,3.39,5.50,38.7,5.55,6.65,131,GOOD
rd_1125,ses_3278,2026-09-28T17:31:52.000Z,3.34,6.00,38.6,5.56,6.65,136,GOOD
rd_1126,ses_3278,2026-09-28T17:32:00.000Z,3.32,6.50,38.7,5.57,6.64,135,GOOD
rd_1127,ses_3278,2026-09-28T17:32:08.000Z,3.42,7.01,38.7,5.58,6.65,130,GOOD
rd_1128,ses_3278,2026-09-28T17:32:16.000Z,3.5,7.54,38.6,5.58,6.64,142,GOOD
rd_1129,ses_3278,2026-09-28T17:32:24.000Z,3.39,8.05,38.7,5.56,6.64,130,GOOD
rd_1130,ses_3278,2026-09-28T17:32:32.000Z,3.49,8.57,38.5,5.55,6.66,127,GOOD
rd_1131,ses_3278,2026-09-28T17:32:40.000Z,3.34,9.07,38.7,5.52,6.64,136,GOOD
rd_1132,ses_3278,2026-09-28T17:32:48.000Z,3.17,9.55,38.5,5.53,6.66,138,GOOD
rd_1133,ses_3278,2026-09-28T17:32:56.000Z,2.78,9.96,38.5,5.57,6.66,137,GOOD
rd_1134,ses_3278,2026-09-28T17:33:04.000Z,2.38,10.32,38.7,5.58,6.65,138,GOOD
rd_1135,ses_3278,2026-09-28T17:33:12.000Z,1.98,10.62,38.7,5.58,6.64,130,GOOD
rd_1136,ses_3278,2026-09-28T17:33:20.000Z,1.59,10.86,38.7,5.53,6.67,131,GOOD
rd_1137,ses_3278,2026-09-28T17:33:28.000Z,1.19,11.04,38.7,5.52,6.63,132,GOOD
rd_1138,ses_3278,2026-09-28T17:33:36.000Z,0.79,11.15,38.6,5.53,6.67,135,GOOD
rd_1139,ses_3278,2026-09-28T17:33:44.000Z,0.4,11.21,38.7,5.57,6.64,140,GOOD
rd_1140,ses_3278,2026-09-28T17:33:52.000Z,0.05,11.22,38.7,5.52,6.67,136,GOOD
rd_1141,ses_3279,2026-09-28T17:00:00.000Z,0.05,0.01,38.4,5.60,6.67,144,GOOD
rd_1142,ses_3279,2026-09-28T17:00:08.000Z,0.63,0.10,38.4,5.65,6.68,150,GOOD
rd_1143,ses_3279,2026-09-28T17:00:16.000Z,1.26,0.29,38.4,5.67,6.67,141,GOOD
rd_1144,ses_3279,2026-09-28T17:00:24.000Z,1.89,0.57,38.4,5.63,6.66,154,GOOD
rd_1145,ses_3279,2026-09-28T17:00:32.000Z,2.52,0.95,38.3,5.60,6.67,151,GOOD
rd_1146,ses_3279,2026-09-28T17:00:40.000Z,3.16,1.43,38.3,5.60,6.67,149,GOOD
rd_1147,ses_3279,2026-09-28T17:00:48.000Z,3.79,1.99,38.3,5.63,6.65,141,GOOD
rd_1148,ses_3279,2026-09-28T17:00:56.000Z,3.66,2.54,38.4,5.62,6.67,141,GOOD
rd_1149,ses_3279,2026-09-28T17:01:04.000Z,3.66,3.09,38.4,5.62,6.68,150,GOOD
rd_1150,ses_3279,2026-09-28T17:01:12.000Z,3.66,3.64,38.4,5.67,6.68,142,GOOD
rd_1151,ses_3279,2026-09-28T17:01:20.000Z,3.65,4.19,38.3,5.65,6.66,147,GOOD
rd_1152,ses_3279,2026-09-28T17:01:28.000Z,3.76,4.75,38.5,5.60,6.66,150,GOOD
rd_1153,ses_3279,2026-09-28T17:01:36.000Z,3.6,5.29,38.4,5.64,6.66,146,GOOD
rd_1154,ses_3279,2026-09-28T17:01:44.000Z,3.65,5.84,38.5,5.59,6.66,141,GOOD
rd_1155,ses_3279,2026-09-28T17:01:52.000Z,3.55,6.37,38.4,5.64,6.67,141,GOOD
rd_1156,ses_3279,2026-09-28T17:02:00.000Z,3.76,6.94,38.3,5.61,6.67,149,GOOD
rd_1157,ses_3279,2026-09-28T17:02:08.000Z,3.67,7.49,38.4,5.64,6.67,152,GOOD
rd_1158,ses_3279,2026-09-28T17:02:16.000Z,3.73,8.05,38.4,5.65,6.66,148,GOOD
rd_1159,ses_3279,2026-09-28T17:02:24.000Z,3.63,8.59,38.4,5.64,6.68,143,GOOD
rd_1160,ses_3279,2026-09-28T17:02:32.000Z,3.76,9.16,38.4,5.60,6.67,147,GOOD
rd_1161,ses_3279,2026-09-28T17:02:40.000Z,3.74,9.72,38.4,5.67,6.67,154,GOOD
rd_1162,ses_3279,2026-09-28T17:02:48.000Z,3.37,10.22,38.5,5.65,6.66,140,GOOD
rd_1163,ses_3279,2026-09-28T17:02:56.000Z,2.94,10.66,38.4,5.64,6.66,144,GOOD
rd_1164,ses_3279,2026-09-28T17:03:04.000Z,2.52,11.04,38.3,5.60,6.68,147,GOOD
rd_1165,ses_3279,2026-09-28T17:03:12.000Z,2.1,11.36,38.4,5.61,6.67,151,GOOD
rd_1166,ses_3279,2026-09-28T17:03:20.000Z,1.68,11.61,38.4,5.63,6.68,154,GOOD
rd_1167,ses_3279,2026-09-28T17:03:28.000Z,1.26,11.80,38.4,5.60,6.67,143,GOOD
rd_1168,ses_3279,2026-09-28T17:03:36.000Z,0.84,11.92,38.5,5.61,6.68,149,GOOD
rd_1169,ses_3279,2026-09-28T17:03:44.000Z,0.42,11.99,38.5,5.62,6.65,145,GOOD
rd_1170,ses_3279,2026-09-28T17:03:52.000Z,0.05,11.99,38.3,5.67,6.67,151,GOOD
rd_1171,ses_3280,2026-09-28T17:32:00.000Z,0.05,0.01,38.4,5.47,6.69,101,GOOD
rd_1172,ses_3280,2026-09-28T17:32:08.000Z,0.7,0.11,38.6,5.48,6.68,103,GOOD
rd_1173,ses_3280,2026-09-28T17:32:16.000Z,1.41,0.32,38.5,5.46,6.70,90,GOOD
rd_1174,ses_3280,2026-09-28T17:32:24.000Z,2.11,0.64,38.4,5.46,6.68,89,GOOD
rd_1175,ses_3280,2026-09-28T17:32:32.000Z,2.81,1.06,38.6,5.50,6.70,93,GOOD
rd_1176,ses_3280,2026-09-28T17:32:40.000Z,3.52,1.59,38.5,5.43,6.69,92,GOOD
rd_1177,ses_3280,2026-09-28T17:32:48.000Z,3.96,2.18,38.5,5.42,6.71,105,GOOD
rd_1178,ses_3280,2026-09-28T17:32:56.000Z,4.13,2.80,38.5,5.44,6.70,100,GOOD
rd_1179,ses_3280,2026-09-28T17:33:04.000Z,4.06,3.41,38.5,5.50,6.68,92,GOOD
rd_1180,ses_3280,2026-09-28T17:33:12.000Z,4.19,4.04,38.4,5.50,6.69,95,GOOD
rd_1181,ses_3280,2026-09-28T17:33:20.000Z,4.1,4.66,38.5,5.42,6.69,102,GOOD
rd_1182,ses_3280,2026-09-28T17:33:28.000Z,4.07,5.27,38.5,5.47,6.69,102,GOOD
rd_1183,ses_3280,2026-09-28T17:33:36.000Z,4.07,5.88,38.4,5.44,6.70,102,GOOD
rd_1184,ses_3280,2026-09-28T17:33:44.000Z,4.2,6.51,38.6,5.45,6.71,101,GOOD
rd_1185,ses_3280,2026-09-28T17:33:52.000Z,3.93,7.10,38.5,5.43,6.67,102,GOOD
rd_1186,ses_3280,2026-09-28T17:34:00.000Z,4.18,7.72,38.5,5.48,6.68,91,GOOD
rd_1187,ses_3280,2026-09-28T17:34:08.000Z,3.96,8.32,38.4,5.43,6.70,90,GOOD
rd_1188,ses_3280,2026-09-28T17:34:16.000Z,4.01,8.92,38.6,5.50,6.71,98,GOOD
rd_1189,ses_3280,2026-09-28T17:34:24.000Z,3.98,9.52,38.4,5.49,6.67,102,GOOD
rd_1190,ses_3280,2026-09-28T17:34:32.000Z,4.08,10.13,38.6,5.44,6.69,90,GOOD
rd_1191,ses_3280,2026-09-28T17:34:40.000Z,4.02,10.73,38.6,5.45,6.67,95,GOOD
rd_1192,ses_3280,2026-09-28T17:34:48.000Z,3.75,11.29,38.4,5.44,6.70,93,GOOD
rd_1193,ses_3280,2026-09-28T17:34:56.000Z,3.28,11.79,38.5,5.43,6.69,101,GOOD
rd_1194,ses_3280,2026-09-28T17:35:04.000Z,2.81,12.21,38.4,5.46,6.69,98,GOOD
rd_1195,ses_3280,2026-09-28T17:35:12.000Z,2.34,12.56,38.5,5.47,6.70,104,GOOD
rd_1196,ses_3280,2026-09-28T17:35:20.000Z,1.88,12.84,38.6,5.46,6.68,102,GOOD
rd_1197,ses_3280,2026-09-28T17:35:28.000Z,1.41,13.05,38.4,5.49,6.70,96,GOOD
rd_1198,ses_3280,2026-09-28T17:35:36.000Z,0.94,13.19,38.5,5.43,6.68,91,GOOD
rd_1199,ses_3280,2026-09-28T17:35:44.000Z,0.47,13.26,38.4,5.46,6.68,95,GOOD
rd_1200,ses_3280,2026-09-28T17:35:52.000Z,0.05,13.27,38.6,5.43,6.70,94,GOOD
rd_1201,ses_3281,2026-09-28T17:58:00.000Z,0.05,0.01,38.6,5.56,6.67,90,GOOD
rd_1202,ses_3281,2026-09-28T17:58:08.000Z,0.62,0.10,38.6,5.58,6.68,84,GOOD
rd_1203,ses_3281,2026-09-28T17:58:16.000Z,1.23,0.29,38.7,5.60,6.65,82,GOOD
rd_1204,ses_3281,2026-09-28T17:58:24.000Z,1.85,0.56,38.7,5.55,6.68,83,GOOD
rd_1205,ses_3281,2026-09-28T17:58:32.000Z,2.46,0.93,38.7,5.56,6.67,92,GOOD
rd_1206,ses_3281,2026-09-28T17:58:40.000Z,3.08,1.39,38.8,5.59,6.65,93,GOOD
rd_1207,ses_3281,2026-09-28T17:58:48.000Z,3.52,1.92,38.7,5.61,6.66,93,GOOD
rd_1208,ses_3281,2026-09-28T17:58:56.000Z,3.47,2.44,38.7,5.58,6.65,81,GOOD
rd_1209,ses_3281,2026-09-28T17:59:04.000Z,3.53,2.97,38.7,5.58,6.64,79,GOOD
rd_1210,ses_3281,2026-09-28T17:59:12.000Z,3.7,3.53,38.8,5.58,6.65,92,GOOD
rd_1211,ses_3281,2026-09-28T17:59:20.000Z,3.63,4.07,38.7,5.62,6.66,81,GOOD
rd_1212,ses_3281,2026-09-28T17:59:28.000Z,3.43,4.59,38.6,5.59,6.67,94,GOOD
rd_1213,ses_3281,2026-09-28T17:59:36.000Z,3.54,5.12,38.8,5.60,6.68,81,GOOD
rd_1214,ses_3281,2026-09-28T17:59:44.000Z,3.62,5.66,38.6,5.63,6.64,90,GOOD
rd_1215,ses_3281,2026-09-28T17:59:52.000Z,3.55,6.19,38.8,5.59,6.67,80,GOOD
rd_1216,ses_3281,2026-09-28T18:00:00.000Z,3.68,6.74,38.6,5.60,6.65,95,GOOD
rd_1217,ses_3281,2026-09-28T18:00:08.000Z,3.52,7.27,38.7,5.58,6.67,91,GOOD
rd_1218,ses_3281,2026-09-28T18:00:16.000Z,3.59,7.81,38.7,5.58,6.66,86,GOOD
rd_1219,ses_3281,2026-09-28T18:00:24.000Z,3.47,8.33,38.7,5.61,6.64,83,GOOD
rd_1220,ses_3281,2026-09-28T18:00:32.000Z,3.42,8.84,38.8,5.59,6.65,84,GOOD
rd_1221,ses_3281,2026-09-28T18:00:40.000Z,3.61,9.39,38.6,5.59,6.67,92,GOOD
rd_1222,ses_3281,2026-09-28T18:00:48.000Z,3.28,9.88,38.6,5.58,6.66,82,GOOD
rd_1223,ses_3281,2026-09-28T18:00:56.000Z,2.87,10.31,38.6,5.62,6.65,86,GOOD
rd_1224,ses_3281,2026-09-28T18:01:04.000Z,2.46,10.68,38.7,5.56,6.65,87,GOOD
rd_1225,ses_3281,2026-09-28T18:01:12.000Z,2.05,10.98,38.8,5.63,6.67,85,GOOD
rd_1226,ses_3281,2026-09-28T18:01:20.000Z,1.64,11.23,38.8,5.60,6.66,84,GOOD
rd_1227,ses_3281,2026-09-28T18:01:28.000Z,1.23,11.41,38.6,5.59,6.65,80,GOOD
rd_1228,ses_3281,2026-09-28T18:01:36.000Z,0.82,11.54,38.7,5.63,6.66,86,GOOD
rd_1229,ses_3281,2026-09-28T18:01:44.000Z,0.41,11.60,38.7,5.55,6.65,84,GOOD
rd_1230,ses_3281,2026-09-28T18:01:52.000Z,0.05,11.61,38.7,5.57,6.65,88,GOOD
rd_1231,ses_3282,2026-09-28T17:07:00.000Z,0.05,0.01,38.4,5.71,6.67,118,GOOD
rd_1232,ses_3282,2026-09-28T17:07:08.000Z,0.65,0.11,38.5,5.70,6.70,114,GOOD
rd_1233,ses_3282,2026-09-28T17:07:16.000Z,1.3,0.30,38.4,5.74,6.67,114,GOOD
rd_1234,ses_3282,2026-09-28T17:07:24.000Z,1.95,0.59,38.5,5.71,6.69,119,GOOD
rd_1235,ses_3282,2026-09-28T17:07:32.000Z,2.6,0.98,38.4,5.75,6.68,109,GOOD
rd_1236,ses_3282,2026-09-28T17:07:40.000Z,3.25,1.47,38.5,5.72,6.67,114,GOOD
rd_1237,ses_3282,2026-09-28T17:07:48.000Z,3.87,2.05,38.4,5.74,6.67,115,GOOD
rd_1238,ses_3282,2026-09-28T17:07:56.000Z,3.73,2.61,38.4,5.72,6.67,117,GOOD
rd_1239,ses_3282,2026-09-28T17:08:04.000Z,3.72,3.17,38.6,5.69,6.70,116,GOOD
rd_1240,ses_3282,2026-09-28T17:08:12.000Z,3.67,3.72,38.4,5.75,6.70,122,GOOD
rd_1241,ses_3282,2026-09-28T17:08:20.000Z,3.74,4.28,38.4,5.75,6.69,112,GOOD
rd_1242,ses_3282,2026-09-28T17:08:28.000Z,3.74,4.84,38.5,5.74,6.69,112,GOOD
rd_1243,ses_3282,2026-09-28T17:08:36.000Z,3.83,5.42,38.5,5.70,6.69,110,GOOD
rd_1244,ses_3282,2026-09-28T17:08:44.000Z,3.81,5.99,38.4,5.69,6.69,117,GOOD
rd_1245,ses_3282,2026-09-28T17:08:52.000Z,3.71,6.54,38.5,5.74,6.69,115,GOOD
rd_1246,ses_3282,2026-09-28T17:09:00.000Z,3.7,7.10,38.6,5.69,6.67,109,GOOD
rd_1247,ses_3282,2026-09-28T17:09:08.000Z,3.79,7.67,38.4,5.69,6.70,110,GOOD
rd_1248,ses_3282,2026-09-28T17:09:16.000Z,3.83,8.24,38.4,5.70,6.67,117,GOOD
rd_1249,ses_3282,2026-09-28T17:09:24.000Z,3.75,8.80,38.6,5.74,6.69,121,GOOD
rd_1250,ses_3282,2026-09-28T17:09:32.000Z,3.87,9.38,38.6,5.70,6.66,112,GOOD
rd_1251,ses_3282,2026-09-28T17:09:40.000Z,3.77,9.95,38.5,5.72,6.66,117,GOOD
rd_1252,ses_3282,2026-09-28T17:09:48.000Z,3.47,10.47,38.5,5.70,6.69,120,GOOD
rd_1253,ses_3282,2026-09-28T17:09:56.000Z,3.03,10.92,38.4,5.72,6.67,120,GOOD
rd_1254,ses_3282,2026-09-28T17:10:04.000Z,2.6,11.31,38.5,5.71,6.69,113,GOOD
rd_1255,ses_3282,2026-09-28T17:10:12.000Z,2.17,11.64,38.4,5.71,6.66,120,GOOD
rd_1256,ses_3282,2026-09-28T17:10:20.000Z,1.73,11.90,38.4,5.69,6.67,108,GOOD
rd_1257,ses_3282,2026-09-28T17:10:28.000Z,1.3,12.09,38.4,5.71,6.68,123,GOOD
rd_1258,ses_3282,2026-09-28T17:10:36.000Z,0.87,12.23,38.5,5.71,6.69,112,GOOD
rd_1259,ses_3282,2026-09-28T17:10:44.000Z,0.43,12.29,38.5,5.68,6.68,112,GOOD
rd_1260,ses_3282,2026-09-28T17:10:52.000Z,0.05,12.30,38.5,5.68,6.68,107,GOOD
rd_1261,ses_3283,2026-09-28T18:04:00.000Z,0.05,0.01,38.5,5.50,6.68,107,GOOD
rd_1262,ses_3283,2026-09-28T18:04:08.000Z,0.7,0.11,38.6,5.44,6.66,106,GOOD
rd_1263,ses_3283,2026-09-28T18:04:16.000Z,1.4,0.32,38.5,5.45,6.69,100,GOOD
rd_1264,ses_3283,2026-09-28T18:04:24.000Z,2.11,0.64,38.5,5.48,6.66,103,GOOD
rd_1265,ses_3283,2026-09-28T18:04:32.000Z,2.81,1.06,38.6,5.44,6.68,116,GOOD
rd_1266,ses_3283,2026-09-28T18:04:40.000Z,3.51,1.59,38.6,5.47,6.69,106,GOOD
rd_1267,ses_3283,2026-09-28T18:04:48.000Z,4.09,2.20,38.4,5.50,6.67,111,GOOD
rd_1268,ses_3283,2026-09-28T18:04:56.000Z,4.08,2.81,38.4,5.43,6.67,103,GOOD
rd_1269,ses_3283,2026-09-28T18:05:04.000Z,4.06,3.42,38.5,5.48,6.65,102,GOOD
rd_1270,ses_3283,2026-09-28T18:05:12.000Z,4.06,4.03,38.6,5.45,6.68,102,GOOD
rd_1271,ses_3283,2026-09-28T18:05:20.000Z,4.16,4.65,38.4,5.45,6.67,112,GOOD
rd_1272,ses_3283,2026-09-28T18:05:28.000Z,3.94,5.25,38.4,5.47,6.68,107,GOOD
rd_1273,ses_3283,2026-09-28T18:05:36.000Z,4.16,5.87,38.5,5.51,6.67,113,GOOD
rd_1274,ses_3283,2026-09-28T18:05:44.000Z,4.1,6.48,38.6,5.46,6.68,100,GOOD
rd_1275,ses_3283,2026-09-28T18:05:52.000Z,4.13,7.10,38.6,5.50,6.67,101,GOOD
rd_1276,ses_3283,2026-09-28T18:06:00.000Z,4.16,7.73,38.6,5.48,6.69,106,GOOD
rd_1277,ses_3283,2026-09-28T18:06:08.000Z,4.01,8.33,38.4,5.51,6.68,113,GOOD
rd_1278,ses_3283,2026-09-28T18:06:16.000Z,4.11,8.95,38.5,5.44,6.68,107,GOOD
rd_1279,ses_3283,2026-09-28T18:06:24.000Z,4.13,9.57,38.4,5.44,6.67,114,GOOD
rd_1280,ses_3283,2026-09-28T18:06:32.000Z,4.21,10.20,38.4,5.47,6.66,105,GOOD
rd_1281,ses_3283,2026-09-28T18:06:40.000Z,4.1,10.81,38.5,5.43,6.67,103,GOOD
rd_1282,ses_3283,2026-09-28T18:06:48.000Z,3.74,11.37,38.5,5.51,6.68,106,GOOD
rd_1283,ses_3283,2026-09-28T18:06:56.000Z,3.27,11.86,38.5,5.49,6.68,110,GOOD
rd_1284,ses_3283,2026-09-28T18:07:04.000Z,2.81,12.29,38.5,5.48,6.66,103,GOOD
rd_1285,ses_3283,2026-09-28T18:07:12.000Z,2.34,12.64,38.5,5.43,6.66,101,GOOD
rd_1286,ses_3283,2026-09-28T18:07:20.000Z,1.87,12.92,38.4,5.49,6.68,115,GOOD
rd_1287,ses_3283,2026-09-28T18:07:28.000Z,1.4,13.13,38.5,5.48,6.67,110,GOOD
rd_1288,ses_3283,2026-09-28T18:07:36.000Z,0.94,13.27,38.6,5.49,6.67,114,GOOD
rd_1289,ses_3283,2026-09-28T18:07:44.000Z,0.47,13.34,38.5,5.46,6.68,115,GOOD
rd_1290,ses_3283,2026-09-28T18:07:52.000Z,0.05,13.35,38.5,5.48,6.68,114,GOOD
rd_1291,ses_3284,2026-09-28T17:06:00.000Z,0.05,0.01,38.6,5.68,6.63,109,GOOD
rd_1292,ses_3284,2026-09-28T17:06:08.000Z,0.62,0.10,38.7,5.66,6.64,106,GOOD
rd_1293,ses_3284,2026-09-28T17:06:16.000Z,1.24,0.29,38.7,5.64,6.63,116,GOOD
rd_1294,ses_3284,2026-09-28T17:06:24.000Z,1.86,0.57,38.8,5.62,6.62,104,GOOD
rd_1295,ses_3284,2026-09-28T17:06:32.000Z,2.48,0.94,38.7,5.68,6.65,105,GOOD
rd_1296,ses_3284,2026-09-28T17:06:40.000Z,3.1,1.40,38.7,5.69,6.64,108,GOOD
rd_1297,ses_3284,2026-09-28T17:06:48.000Z,3.67,1.95,38.8,5.67,6.63,114,GOOD
rd_1298,ses_3284,2026-09-28T17:06:56.000Z,3.64,2.50,38.7,5.62,6.63,107,GOOD
rd_1299,ses_3284,2026-09-28T17:07:04.000Z,3.7,3.05,38.8,5.61,6.62,105,GOOD
rd_1300,ses_3284,2026-09-28T17:07:12.000Z,3.69,3.61,38.6,5.63,6.64,107,GOOD
rd_1301,ses_3284,2026-09-28T17:07:20.000Z,3.75,4.17,38.6,5.64,6.65,103,GOOD
rd_1302,ses_3284,2026-09-28T17:07:28.000Z,3.6,4.71,38.7,5.69,6.64,104,GOOD
rd_1303,ses_3284,2026-09-28T17:07:36.000Z,3.72,5.27,38.6,5.66,6.64,112,GOOD
rd_1304,ses_3284,2026-09-28T17:07:44.000Z,3.46,5.79,38.7,5.68,6.62,114,GOOD
rd_1305,ses_3284,2026-09-28T17:07:52.000Z,3.7,6.34,38.8,5.68,6.66,109,GOOD
rd_1306,ses_3284,2026-09-28T17:08:00.000Z,3.74,6.90,38.6,5.67,6.63,116,GOOD
rd_1307,ses_3284,2026-09-28T17:08:08.000Z,3.57,7.44,38.6,5.68,6.65,116,GOOD
rd_1308,ses_3284,2026-09-28T17:08:16.000Z,3.49,7.96,38.6,5.67,6.65,111,GOOD
rd_1309,ses_3284,2026-09-28T17:08:24.000Z,3.59,8.50,38.6,5.67,6.63,115,GOOD
rd_1310,ses_3284,2026-09-28T17:08:32.000Z,3.62,9.04,38.6,5.64,6.65,103,GOOD
rd_1311,ses_3284,2026-09-28T17:08:40.000Z,3.66,9.59,38.7,5.61,6.66,112,GOOD
rd_1312,ses_3284,2026-09-28T17:08:48.000Z,3.31,10.09,38.7,5.64,6.66,109,GOOD
rd_1313,ses_3284,2026-09-28T17:08:56.000Z,2.9,10.52,38.7,5.67,6.63,103,GOOD
rd_1314,ses_3284,2026-09-28T17:09:04.000Z,2.48,10.90,38.6,5.63,6.63,116,GOOD
rd_1315,ses_3284,2026-09-28T17:09:12.000Z,2.07,11.21,38.7,5.62,6.63,107,GOOD
rd_1316,ses_3284,2026-09-28T17:09:20.000Z,1.66,11.46,38.8,5.61,6.62,105,GOOD
rd_1317,ses_3284,2026-09-28T17:09:28.000Z,1.24,11.64,38.8,5.62,6.63,110,GOOD
rd_1318,ses_3284,2026-09-28T17:09:36.000Z,0.83,11.77,38.7,5.66,6.63,113,GOOD
rd_1319,ses_3284,2026-09-28T17:09:44.000Z,0.41,11.83,38.8,5.65,6.66,108,GOOD
rd_1320,ses_3284,2026-09-28T17:09:52.000Z,0.05,11.83,38.8,5.61,6.66,112,GOOD
rd_1321,ses_3285,2026-09-28T18:27:00.000Z,0.05,0.01,38.3,5.50,6.66,127,GOOD
rd_1322,ses_3285,2026-09-28T18:27:08.000Z,0.66,0.11,38.4,5.53,6.66,129,GOOD
rd_1323,ses_3285,2026-09-28T18:27:16.000Z,1.31,0.30,38.5,5.48,6.68,137,GOOD
rd_1324,ses_3285,2026-09-28T18:27:24.000Z,1.97,0.60,38.3,5.47,6.69,134,GOOD
rd_1325,ses_3285,2026-09-28T18:27:32.000Z,2.63,0.99,38.3,5.51,6.68,128,GOOD
rd_1326,ses_3285,2026-09-28T18:27:40.000Z,3.28,1.48,38.4,5.50,6.66,129,GOOD
rd_1327,ses_3285,2026-09-28T18:27:48.000Z,3.87,2.07,38.5,5.47,6.67,129,GOOD
rd_1328,ses_3285,2026-09-28T18:27:56.000Z,3.7,2.62,38.5,5.46,6.66,136,GOOD
rd_1329,ses_3285,2026-09-28T18:28:04.000Z,3.68,3.17,38.4,5.48,6.67,129,GOOD
rd_1330,ses_3285,2026-09-28T18:28:12.000Z,3.75,3.74,38.4,5.53,6.67,125,GOOD
rd_1331,ses_3285,2026-09-28T18:28:20.000Z,3.67,4.29,38.4,5.54,6.69,136,GOOD
rd_1332,ses_3285,2026-09-28T18:28:28.000Z,3.82,4.86,38.3,5.50,6.66,138,GOOD
rd_1333,ses_3285,2026-09-28T18:28:36.000Z,3.8,5.43,38.3,5.48,6.68,135,GOOD
rd_1334,ses_3285,2026-09-28T18:28:44.000Z,3.7,5.98,38.4,5.48,6.68,125,GOOD
rd_1335,ses_3285,2026-09-28T18:28:52.000Z,3.77,6.55,38.4,5.53,6.67,125,GOOD
rd_1336,ses_3285,2026-09-28T18:29:00.000Z,3.73,7.11,38.4,5.46,6.67,126,GOOD
rd_1337,ses_3285,2026-09-28T18:29:08.000Z,3.83,7.68,38.4,5.52,6.68,127,GOOD
rd_1338,ses_3285,2026-09-28T18:29:16.000Z,3.88,8.27,38.3,5.52,6.68,125,GOOD
rd_1339,ses_3285,2026-09-28T18:29:24.000Z,3.94,8.86,38.3,5.50,6.66,134,GOOD
rd_1340,ses_3285,2026-09-28T18:29:32.000Z,3.85,9.43,38.3,5.51,6.66,139,GOOD
rd_1341,ses_3285,2026-09-28T18:29:40.000Z,3.92,10.02,38.4,5.49,6.65,131,GOOD
rd_1342,ses_3285,2026-09-28T18:29:48.000Z,3.5,10.55,38.5,5.49,6.67,139,GOOD
rd_1343,ses_3285,2026-09-28T18:29:56.000Z,3.07,11.01,38.5,5.51,6.69,137,GOOD
rd_1344,ses_3285,2026-09-28T18:30:04.000Z,2.63,11.40,38.3,5.46,6.65,136,GOOD
rd_1345,ses_3285,2026-09-28T18:30:12.000Z,2.19,11.73,38.4,5.51,6.67,137,GOOD
rd_1346,ses_3285,2026-09-28T18:30:20.000Z,1.75,11.99,38.4,5.53,6.67,128,GOOD
rd_1347,ses_3285,2026-09-28T18:30:28.000Z,1.31,12.19,38.4,5.53,6.69,128,GOOD
rd_1348,ses_3285,2026-09-28T18:30:36.000Z,0.88,12.32,38.4,5.53,6.66,131,GOOD
rd_1349,ses_3285,2026-09-28T18:30:44.000Z,0.44,12.39,38.3,5.49,6.68,128,GOOD
rd_1350,ses_3285,2026-09-28T18:30:52.000Z,0.05,12.39,38.4,5.49,6.67,130,GOOD
rd_1351,ses_3286,2026-09-28T17:58:00.000Z,0.05,0.01,38.5,5.52,6.61,117,GOOD
rd_1352,ses_3286,2026-09-28T17:58:08.000Z,0.57,0.09,38.4,5.53,6.61,120,GOOD
rd_1353,ses_3286,2026-09-28T17:58:16.000Z,1.14,0.26,38.5,5.53,6.60,128,GOOD
rd_1354,ses_3286,2026-09-28T17:58:24.000Z,1.72,0.52,38.4,5.52,6.60,124,GOOD
rd_1355,ses_3286,2026-09-28T17:58:32.000Z,2.29,0.87,38.5,5.57,6.59,116,GOOD
rd_1356,ses_3286,2026-09-28T17:58:40.000Z,2.86,1.29,38.4,5.51,6.60,127,GOOD
rd_1357,ses_3286,2026-09-28T17:58:48.000Z,3.22,1.78,38.4,5.57,6.60,128,GOOD
rd_1358,ses_3286,2026-09-28T17:58:56.000Z,3.23,2.26,38.5,5.56,6.60,127,GOOD
rd_1359,ses_3286,2026-09-28T17:59:04.000Z,3.24,2.75,38.6,5.55,6.59,121,GOOD
rd_1360,ses_3286,2026-09-28T17:59:12.000Z,3.46,3.27,38.5,5.55,6.60,129,GOOD
rd_1361,ses_3286,2026-09-28T17:59:20.000Z,3.18,3.74,38.5,5.56,6.61,130,GOOD
rd_1362,ses_3286,2026-09-28T17:59:28.000Z,3.33,4.24,38.6,5.51,6.59,120,GOOD
rd_1363,ses_3286,2026-09-28T17:59:36.000Z,3.31,4.74,38.5,5.50,6.59,116,GOOD
rd_1364,ses_3286,2026-09-28T17:59:44.000Z,3.23,5.22,38.4,5.50,6.62,120,GOOD
rd_1365,ses_3286,2026-09-28T17:59:52.000Z,3.2,5.70,38.5,5.58,6.62,124,GOOD
rd_1366,ses_3286,2026-09-28T18:00:00.000Z,3.22,6.19,38.5,5.56,6.60,128,GOOD
rd_1367,ses_3286,2026-09-28T18:00:08.000Z,3.32,6.69,38.5,5.51,6.62,118,GOOD
rd_1368,ses_3286,2026-09-28T18:00:16.000Z,3.33,7.18,38.4,5.51,6.60,121,GOOD
rd_1369,ses_3286,2026-09-28T18:00:24.000Z,3.46,7.70,38.5,5.51,6.61,123,GOOD
rd_1370,ses_3286,2026-09-28T18:00:32.000Z,3.43,8.22,38.5,5.51,6.62,125,GOOD
rd_1371,ses_3286,2026-09-28T18:00:40.000Z,3.43,8.73,38.4,5.58,6.62,128,GOOD
rd_1372,ses_3286,2026-09-28T18:00:48.000Z,3.05,9.19,38.5,5.52,6.62,117,GOOD
rd_1373,ses_3286,2026-09-28T18:00:56.000Z,2.67,9.59,38.5,5.55,6.62,123,GOOD
rd_1374,ses_3286,2026-09-28T18:01:04.000Z,2.29,9.93,38.6,5.51,6.63,128,GOOD
rd_1375,ses_3286,2026-09-28T18:01:12.000Z,1.91,10.22,38.5,5.50,6.62,120,GOOD
rd_1376,ses_3286,2026-09-28T18:01:20.000Z,1.53,10.45,38.5,5.57,6.62,122,GOOD
rd_1377,ses_3286,2026-09-28T18:01:28.000Z,1.14,10.62,38.4,5.50,6.60,121,GOOD
rd_1378,ses_3286,2026-09-28T18:01:36.000Z,0.76,10.74,38.5,5.51,6.59,129,GOOD
rd_1379,ses_3286,2026-09-28T18:01:44.000Z,0.38,10.79,38.5,5.54,6.62,119,GOOD
rd_1380,ses_3286,2026-09-28T18:01:52.000Z,0.05,10.80,38.5,5.54,6.63,131,GOOD
rd_1381,ses_3287,2026-09-28T17:41:00.000Z,0.05,0.01,38.6,5.63,6.65,135,GOOD
rd_1382,ses_3287,2026-09-28T17:41:08.000Z,0.65,0.11,38.7,5.69,6.65,144,GOOD
rd_1383,ses_3287,2026-09-28T17:41:16.000Z,1.3,0.30,38.6,5.64,6.65,137,GOOD
rd_1384,ses_3287,2026-09-28T17:41:24.000Z,1.94,0.59,38.5,5.62,6.63,142,GOOD
rd_1385,ses_3287,2026-09-28T17:41:32.000Z,2.59,0.98,38.6,5.64,6.65,136,GOOD
rd_1386,ses_3287,2026-09-28T17:41:40.000Z,3.24,1.47,38.5,5.66,6.66,145,GOOD
rd_1387,ses_3287,2026-09-28T17:41:48.000Z,3.79,2.03,38.5,5.64,6.66,143,GOOD
rd_1388,ses_3287,2026-09-28T17:41:56.000Z,3.8,2.60,38.6,5.69,6.66,146,GOOD
rd_1389,ses_3287,2026-09-28T17:42:04.000Z,3.62,3.15,38.6,5.64,6.64,150,GOOD
rd_1390,ses_3287,2026-09-28T17:42:12.000Z,3.79,3.72,38.7,5.63,6.66,136,GOOD
rd_1391,ses_3287,2026-09-28T17:42:20.000Z,3.64,4.26,38.7,5.69,6.63,148,GOOD
rd_1392,ses_3287,2026-09-28T17:42:28.000Z,3.74,4.82,38.5,5.64,6.64,138,GOOD
rd_1393,ses_3287,2026-09-28T17:42:36.000Z,3.7,5.38,38.6,5.62,6.66,137,GOOD
rd_1394,ses_3287,2026-09-28T17:42:44.000Z,3.89,5.96,38.7,5.68,6.67,143,GOOD
rd_1395,ses_3287,2026-09-28T17:42:52.000Z,3.71,6.52,38.7,5.68,6.66,146,GOOD
rd_1396,ses_3287,2026-09-28T17:43:00.000Z,3.78,7.08,38.6,5.67,6.66,146,GOOD
rd_1397,ses_3287,2026-09-28T17:43:08.000Z,3.8,7.65,38.6,5.67,6.64,144,GOOD
rd_1398,ses_3287,2026-09-28T17:43:16.000Z,3.72,8.21,38.5,5.66,6.67,144,GOOD
rd_1399,ses_3287,2026-09-28T17:43:24.000Z,3.63,8.76,38.6,5.63,6.67,134,GOOD
rd_1400,ses_3287,2026-09-28T17:43:32.000Z,3.64,9.30,38.6,5.62,6.67,135,GOOD
rd_1401,ses_3287,2026-09-28T17:43:40.000Z,3.89,9.89,38.5,5.63,6.66,134,GOOD
rd_1402,ses_3287,2026-09-28T17:43:48.000Z,3.46,10.41,38.7,5.62,6.64,146,GOOD
rd_1403,ses_3287,2026-09-28T17:43:56.000Z,3.03,10.86,38.5,5.65,6.63,141,GOOD
rd_1404,ses_3287,2026-09-28T17:44:04.000Z,2.59,11.25,38.6,5.70,6.67,144,GOOD
rd_1405,ses_3287,2026-09-28T17:44:12.000Z,2.16,11.57,38.6,5.62,6.63,142,GOOD
rd_1406,ses_3287,2026-09-28T17:44:20.000Z,1.73,11.83,38.7,5.66,6.65,145,GOOD
rd_1407,ses_3287,2026-09-28T17:44:28.000Z,1.3,12.03,38.7,5.66,6.67,139,GOOD
rd_1408,ses_3287,2026-09-28T17:44:36.000Z,0.86,12.16,38.5,5.64,6.66,146,GOOD
rd_1409,ses_3287,2026-09-28T17:44:44.000Z,0.43,12.22,38.5,5.65,6.63,138,GOOD
rd_1410,ses_3287,2026-09-28T17:44:52.000Z,0.05,12.23,38.5,5.69,6.63,141,GOOD
rd_1411,ses_3288,2026-09-28T17:43:00.000Z,0.05,0.01,38.4,5.52,6.69,158,GOOD
rd_1412,ses_3288,2026-09-28T17:43:08.000Z,0.7,0.11,38.6,5.49,6.66,155,GOOD
rd_1413,ses_3288,2026-09-28T17:43:16.000Z,1.4,0.32,38.5,5.52,6.68,152,GOOD
rd_1414,ses_3288,2026-09-28T17:43:24.000Z,2.1,0.64,38.4,5.51,6.69,156,GOOD
rd_1415,ses_3288,2026-09-28T17:43:32.000Z,2.8,1.06,38.4,5.50,6.66,155,GOOD
rd_1416,ses_3288,2026-09-28T17:43:40.000Z,3.5,1.58,38.6,5.53,6.68,157,GOOD
rd_1417,ses_3288,2026-09-28T17:43:48.000Z,3.93,2.17,38.6,5.50,6.68,159,GOOD
rd_1418,ses_3288,2026-09-28T17:43:56.000Z,4.2,2.80,38.5,5.52,6.69,154,GOOD
rd_1419,ses_3288,2026-09-28T17:44:04.000Z,3.91,3.39,38.6,5.50,6.67,154,GOOD
rd_1420,ses_3288,2026-09-28T17:44:12.000Z,3.97,3.98,38.6,5.53,6.70,151,GOOD
rd_1421,ses_3288,2026-09-28T17:44:20.000Z,4.14,4.60,38.4,5.51,6.67,155,GOOD
rd_1422,ses_3288,2026-09-28T17:44:28.000Z,4.06,5.21,38.5,5.47,6.67,150,GOOD
rd_1423,ses_3288,2026-09-28T17:44:36.000Z,4.11,5.83,38.5,5.53,6.69,162,GOOD
rd_1424,ses_3288,2026-09-28T17:44:44.000Z,4.02,6.43,38.6,5.52,6.67,150,GOOD
rd_1425,ses_3288,2026-09-28T17:44:52.000Z,4,7.03,38.4,5.51,6.70,153,GOOD
rd_1426,ses_3288,2026-09-28T17:45:00.000Z,4.06,7.64,38.5,5.48,6.69,159,GOOD
rd_1427,ses_3288,2026-09-28T17:45:08.000Z,4.06,8.25,38.5,5.49,6.70,151,GOOD
rd_1428,ses_3288,2026-09-28T17:45:16.000Z,3.99,8.85,38.5,5.50,6.68,151,GOOD
rd_1429,ses_3288,2026-09-28T17:45:24.000Z,4.14,9.47,38.4,5.53,6.68,152,GOOD
rd_1430,ses_3288,2026-09-28T17:45:32.000Z,3.95,10.06,38.6,5.52,6.70,159,GOOD
rd_1431,ses_3288,2026-09-28T17:45:40.000Z,3.91,10.65,38.5,5.47,6.69,155,GOOD
rd_1432,ses_3288,2026-09-28T17:45:48.000Z,3.73,11.21,38.6,5.49,6.70,155,GOOD
rd_1433,ses_3288,2026-09-28T17:45:56.000Z,3.27,11.70,38.5,5.46,6.67,149,GOOD
rd_1434,ses_3288,2026-09-28T17:46:04.000Z,2.8,12.12,38.5,5.45,6.70,159,GOOD
rd_1435,ses_3288,2026-09-28T17:46:12.000Z,2.33,12.47,38.4,5.51,6.68,152,GOOD
rd_1436,ses_3288,2026-09-28T17:46:20.000Z,1.87,12.75,38.4,5.51,6.68,160,GOOD
rd_1437,ses_3288,2026-09-28T17:46:28.000Z,1.4,12.96,38.6,5.52,6.69,159,GOOD
rd_1438,ses_3288,2026-09-28T17:46:36.000Z,0.93,13.10,38.5,5.50,6.69,151,GOOD
rd_1439,ses_3288,2026-09-28T17:46:44.000Z,0.47,13.17,38.5,5.46,6.69,160,GOOD
rd_1440,ses_3288,2026-09-28T17:46:52.000Z,0.05,13.18,38.5,5.50,6.68,151,GOOD
rd_1441,ses_3289,2026-09-28T18:25:00.000Z,0.05,0.01,38.8,5.56,6.65,149,GOOD
rd_1442,ses_3289,2026-09-28T18:25:08.000Z,0.61,0.10,38.6,5.55,6.66,142,GOOD
rd_1443,ses_3289,2026-09-28T18:25:16.000Z,1.22,0.28,38.7,5.55,6.63,146,GOOD
rd_1444,ses_3289,2026-09-28T18:25:24.000Z,1.83,0.56,38.6,5.57,6.65,144,GOOD
rd_1445,ses_3289,2026-09-28T18:25:32.000Z,2.43,0.92,38.8,5.60,6.66,144,GOOD
rd_1446,ses_3289,2026-09-28T18:25:40.000Z,3.04,1.38,38.6,5.59,6.67,141,GOOD
rd_1447,ses_3289,2026-09-28T18:25:48.000Z,3.49,1.90,38.6,5.60,6.67,137,GOOD
rd_1448,ses_3289,2026-09-28T18:25:56.000Z,3.66,2.45,38.7,5.59,6.64,153,GOOD
rd_1449,ses_3289,2026-09-28T18:26:04.000Z,3.43,2.96,38.6,5.59,6.63,147,GOOD
rd_1450,ses_3289,2026-09-28T18:26:12.000Z,3.53,3.49,38.7,5.57,6.67,141,GOOD
rd_1451,ses_3289,2026-09-28T18:26:20.000Z,3.66,4.04,38.8,5.58,6.66,142,GOOD
rd_1452,ses_3289,2026-09-28T18:26:28.000Z,3.39,4.55,38.7,5.60,6.63,139,GOOD
rd_1453,ses_3289,2026-09-28T18:26:36.000Z,3.45,5.07,38.7,5.60,6.67,150,GOOD
rd_1454,ses_3289,2026-09-28T18:26:44.000Z,3.38,5.58,38.8,5.57,6.64,146,GOOD
rd_1455,ses_3289,2026-09-28T18:26:52.000Z,3.59,6.11,38.8,5.61,6.66,143,GOOD
rd_1456,ses_3289,2026-09-28T18:27:00.000Z,3.63,6.66,38.7,5.56,6.63,142,GOOD
rd_1457,ses_3289,2026-09-28T18:27:08.000Z,3.57,7.19,38.8,5.59,6.65,149,GOOD
rd_1458,ses_3289,2026-09-28T18:27:16.000Z,3.46,7.71,38.6,5.58,6.66,152,GOOD
rd_1459,ses_3289,2026-09-28T18:27:24.000Z,3.57,8.25,38.6,5.59,6.64,140,GOOD
rd_1460,ses_3289,2026-09-28T18:27:32.000Z,3.6,8.79,38.7,5.55,6.63,139,GOOD
rd_1461,ses_3289,2026-09-28T18:27:40.000Z,3.53,9.32,38.7,5.56,6.66,150,GOOD
rd_1462,ses_3289,2026-09-28T18:27:48.000Z,3.25,9.81,38.7,5.60,6.65,141,GOOD
rd_1463,ses_3289,2026-09-28T18:27:56.000Z,2.84,10.23,38.8,5.59,6.65,144,GOOD
rd_1464,ses_3289,2026-09-28T18:28:04.000Z,2.43,10.60,38.7,5.54,6.65,141,GOOD
rd_1465,ses_3289,2026-09-28T18:28:12.000Z,2.03,10.90,38.7,5.55,6.66,145,GOOD
rd_1466,ses_3289,2026-09-28T18:28:20.000Z,1.62,11.14,38.7,5.56,6.63,141,GOOD
rd_1467,ses_3289,2026-09-28T18:28:28.000Z,1.22,11.33,38.7,5.55,6.65,144,GOOD
rd_1468,ses_3289,2026-09-28T18:28:36.000Z,0.81,11.45,38.7,5.60,6.66,152,GOOD
rd_1469,ses_3289,2026-09-28T18:28:44.000Z,0.41,11.51,38.8,5.55,6.64,139,GOOD
rd_1470,ses_3289,2026-09-28T18:28:52.000Z,0.05,11.52,38.7,5.58,6.65,137,GOOD
rd_1471,ses_3290,2026-09-28T18:16:00.000Z,0.05,0.01,38.6,5.43,6.66,85,GOOD
rd_1472,ses_3290,2026-09-28T18:16:08.000Z,0.65,0.11,38.7,5.44,6.69,87,GOOD
rd_1473,ses_3290,2026-09-28T18:16:16.000Z,1.29,0.30,38.7,5.44,6.68,80,GOOD
rd_1474,ses_3290,2026-09-28T18:16:24.000Z,1.94,0.59,38.7,5.47,6.66,91,GOOD
rd_1475,ses_3290,2026-09-28T18:16:32.000Z,2.59,0.98,38.7,5.43,6.69,93,GOOD
rd_1476,ses_3290,2026-09-28T18:16:40.000Z,3.23,1.46,38.7,5.42,6.69,89,GOOD
rd_1477,ses_3290,2026-09-28T18:16:48.000Z,3.62,2.01,38.6,5.44,6.68,79,GOOD
rd_1478,ses_3290,2026-09-28T18:16:56.000Z,3.88,2.59,38.7,5.46,6.68,82,GOOD
rd_1479,ses_3290,2026-09-28T18:17:04.000Z,3.65,3.13,38.7,5.40,6.70,88,GOOD
rd_1480,ses_3290,2026-09-28T18:17:12.000Z,3.68,3.69,38.7,5.40,6.67,93,GOOD
rd_1481,ses_3290,2026-09-28T18:17:20.000Z,3.7,4.24,38.8,5.42,6.69,80,GOOD
rd_1482,ses_3290,2026-09-28T18:17:28.000Z,3.85,4.82,38.8,5.44,6.68,86,GOOD
rd_1483,ses_3290,2026-09-28T18:17:36.000Z,3.73,5.38,38.8,5.44,6.66,90,GOOD
rd_1484,ses_3290,2026-09-28T18:17:44.000Z,3.71,5.94,38.7,5.43,6.67,87,GOOD
rd_1485,ses_3290,2026-09-28T18:17:52.000Z,3.67,6.49,38.7,5.42,6.70,84,GOOD
rd_1486,ses_3290,2026-09-28T18:18:00.000Z,3.72,7.04,38.7,5.42,6.69,85,GOOD
rd_1487,ses_3290,2026-09-28T18:18:08.000Z,3.79,7.61,38.8,5.46,6.68,81,GOOD
rd_1488,ses_3290,2026-09-28T18:18:16.000Z,3.87,8.19,38.7,5.46,6.66,81,GOOD
rd_1489,ses_3290,2026-09-28T18:18:24.000Z,3.6,8.73,38.7,5.40,6.70,83,GOOD
rd_1490,ses_3290,2026-09-28T18:18:32.000Z,3.67,9.28,38.8,5.44,6.68,86,GOOD
rd_1491,ses_3290,2026-09-28T18:18:40.000Z,3.68,9.84,38.7,5.39,6.66,82,GOOD
rd_1492,ses_3290,2026-09-28T18:18:48.000Z,3.45,10.35,38.8,5.42,6.68,77,GOOD
rd_1493,ses_3290,2026-09-28T18:18:56.000Z,3.02,10.81,38.8,5.43,6.67,85,GOOD
rd_1494,ses_3290,2026-09-28T18:19:04.000Z,2.59,11.19,38.7,5.43,6.67,82,GOOD
rd_1495,ses_3290,2026-09-28T18:19:12.000Z,2.16,11.52,38.7,5.42,6.67,79,GOOD
rd_1496,ses_3290,2026-09-28T18:19:20.000Z,1.72,11.78,38.6,5.45,6.68,78,GOOD
rd_1497,ses_3290,2026-09-28T18:19:28.000Z,1.29,11.97,38.6,5.45,6.68,91,GOOD
rd_1498,ses_3290,2026-09-28T18:19:36.000Z,0.86,12.10,38.8,5.42,6.66,78,GOOD
rd_1499,ses_3290,2026-09-28T18:19:44.000Z,0.43,12.16,38.8,5.41,6.68,91,GOOD
rd_1500,ses_3290,2026-09-28T18:19:52.000Z,0.05,12.17,38.8,5.47,6.69,87,GOOD
rd_1501,ses_3291,2026-09-28T17:22:00.000Z,0.05,0.01,38.8,6.15,6.80,185,GOOD
rd_1502,ses_3291,2026-09-28T17:22:08.000Z,0.7,0.11,38.7,6.11,6.79,174,GOOD
rd_1503,ses_3291,2026-09-28T17:22:16.000Z,1.41,0.32,38.8,6.11,6.78,181,GOOD
rd_1504,ses_3291,2026-09-28T17:22:24.000Z,2.11,0.64,38.8,6.12,6.80,183,GOOD
rd_1505,ses_3291,2026-09-28T17:22:32.000Z,2.81,1.06,38.8,6.15,6.81,179,GOOD
rd_1506,ses_3291,2026-09-28T17:22:40.000Z,3.52,1.59,38.7,6.10,6.79,179,GOOD
rd_1507,ses_3291,2026-09-28T17:22:48.000Z,4.09,2.20,38.7,6.16,6.78,171,GOOD
rd_1508,ses_3291,2026-09-28T17:22:56.000Z,4.17,2.83,38.8,6.12,6.79,185,GOOD
rd_1509,ses_3291,2026-09-28T17:23:04.000Z,4.18,3.46,38.6,6.14,6.82,178,GOOD
rd_1510,ses_3291,2026-09-28T17:23:12.000Z,4.16,4.08,38.7,6.15,6.81,176,GOOD
rd_1511,ses_3291,2026-09-28T17:23:20.000Z,4,4.68,38.8,6.11,6.78,182,GOOD
rd_1512,ses_3291,2026-09-28T17:23:28.000Z,3.95,5.27,38.6,6.11,6.80,186,GOOD
rd_1513,ses_3291,2026-09-28T17:23:36.000Z,4,5.87,38.7,6.09,6.78,176,GOOD
rd_1514,ses_3291,2026-09-28T17:23:44.000Z,4.22,6.51,38.8,6.12,6.79,186,GOOD
rd_1515,ses_3291,2026-09-28T17:23:52.000Z,4.08,7.12,38.6,6.13,6.79,185,GOOD
rd_1516,ses_3291,2026-09-28T17:24:00.000Z,3.96,7.71,38.6,6.11,6.82,174,GOOD
rd_1517,ses_3291,2026-09-28T17:24:08.000Z,4.18,8.34,38.7,6.13,6.80,172,GOOD
rd_1518,ses_3291,2026-09-28T17:24:16.000Z,4.04,8.94,38.8,6.15,6.82,180,GOOD
rd_1519,ses_3291,2026-09-28T17:24:24.000Z,4.12,9.56,38.6,6.16,6.79,181,GOOD
rd_1520,ses_3291,2026-09-28T17:24:32.000Z,3.94,10.15,38.7,6.10,6.81,184,GOOD
rd_1521,ses_3291,2026-09-28T17:24:40.000Z,3.98,10.75,38.6,6.10,6.80,172,GOOD
rd_1522,ses_3291,2026-09-28T17:24:48.000Z,3.75,11.31,38.7,6.10,6.82,179,GOOD
rd_1523,ses_3291,2026-09-28T17:24:56.000Z,3.28,11.80,38.7,6.09,6.80,178,GOOD
rd_1524,ses_3291,2026-09-28T17:25:04.000Z,2.81,12.23,38.7,6.14,6.81,180,GOOD
rd_1525,ses_3291,2026-09-28T17:25:12.000Z,2.34,12.58,38.6,6.15,6.78,172,GOOD
rd_1526,ses_3291,2026-09-28T17:25:20.000Z,1.88,12.86,38.6,6.09,6.79,182,GOOD
rd_1527,ses_3291,2026-09-28T17:25:28.000Z,1.41,13.07,38.7,6.16,6.81,174,GOOD
rd_1528,ses_3291,2026-09-28T17:25:36.000Z,0.94,13.21,38.7,6.10,6.81,174,GOOD
rd_1529,ses_3291,2026-09-28T17:25:44.000Z,0.47,13.28,38.8,6.16,6.81,177,GOOD
rd_1530,ses_3291,2026-09-28T17:25:52.000Z,0.05,13.29,38.8,6.15,6.81,185,GOOD
rd_1531,ses_3292,2026-09-28T17:33:00.000Z,0.05,0.01,39.0,6.33,6.73,174,GOOD
rd_1532,ses_3292,2026-09-28T17:33:08.000Z,0.62,0.10,38.8,6.34,6.72,178,GOOD
rd_1533,ses_3292,2026-09-28T17:33:16.000Z,1.24,0.29,38.8,6.33,6.73,175,GOOD
rd_1534,ses_3292,2026-09-28T17:33:24.000Z,1.87,0.57,38.8,6.30,6.72,175,GOOD
rd_1535,ses_3292,2026-09-28T17:33:32.000Z,2.49,0.94,38.8,6.30,6.71,178,GOOD
rd_1536,ses_3292,2026-09-28T17:33:40.000Z,3.11,1.41,38.9,6.30,6.72,173,GOOD
rd_1537,ses_3292,2026-09-28T17:33:48.000Z,3.7,1.96,38.9,6.29,6.71,176,GOOD
rd_1538,ses_3292,2026-09-28T17:33:56.000Z,3.6,2.50,39.0,6.28,6.72,170,GOOD
rd_1539,ses_3292,2026-09-28T17:34:04.000Z,3.71,3.06,39.0,6.31,6.74,181,GOOD
rd_1540,ses_3292,2026-09-28T17:34:12.000Z,3.59,3.60,38.9,6.30,6.73,176,GOOD
rd_1541,ses_3292,2026-09-28T17:34:20.000Z,3.72,4.15,38.8,6.30,6.72,184,GOOD
rd_1542,ses_3292,2026-09-28T17:34:28.000Z,3.49,4.68,39.0,6.30,6.73,183,GOOD
rd_1543,ses_3292,2026-09-28T17:34:36.000Z,3.5,5.20,38.9,6.34,6.73,170,GOOD
rd_1544,ses_3292,2026-09-28T17:34:44.000Z,3.72,5.76,38.9,6.33,6.73,178,GOOD
rd_1545,ses_3292,2026-09-28T17:34:52.000Z,3.46,6.28,39.0,6.35,6.75,181,GOOD
rd_1546,ses_3292,2026-09-28T17:35:00.000Z,3.53,6.81,38.9,6.31,6.73,174,GOOD
rd_1547,ses_3292,2026-09-28T17:35:08.000Z,3.58,7.35,38.8,6.32,6.73,175,GOOD
rd_1548,ses_3292,2026-09-28T17:35:16.000Z,3.55,7.88,38.8,6.36,6.72,185,GOOD
rd_1549,ses_3292,2026-09-28T17:35:24.000Z,3.51,8.41,38.9,6.35,6.73,179,GOOD
rd_1550,ses_3292,2026-09-28T17:35:32.000Z,3.58,8.94,39.0,6.33,6.73,181,GOOD
rd_1551,ses_3292,2026-09-28T17:35:40.000Z,3.61,9.48,38.9,6.29,6.74,181,GOOD
rd_1552,ses_3292,2026-09-28T17:35:48.000Z,3.32,9.98,38.8,6.32,6.74,178,GOOD
rd_1553,ses_3292,2026-09-28T17:35:56.000Z,2.9,10.42,39.0,6.34,6.72,180,GOOD
rd_1554,ses_3292,2026-09-28T17:36:04.000Z,2.49,10.79,38.9,6.35,6.72,182,GOOD
rd_1555,ses_3292,2026-09-28T17:36:12.000Z,2.07,11.10,38.9,6.32,6.72,178,GOOD
rd_1556,ses_3292,2026-09-28T17:36:20.000Z,1.66,11.35,38.9,6.28,6.73,178,GOOD
rd_1557,ses_3292,2026-09-28T17:36:28.000Z,1.24,11.54,38.9,6.36,6.73,179,GOOD
rd_1558,ses_3292,2026-09-28T17:36:36.000Z,0.83,11.66,38.8,6.28,6.74,182,GOOD
rd_1559,ses_3292,2026-09-28T17:36:44.000Z,0.41,11.72,39.0,6.34,6.73,180,GOOD
rd_1560,ses_3292,2026-09-28T17:36:52.000Z,0.05,11.73,38.8,6.34,6.74,173,GOOD
rd_1561,ses_3293,2026-09-28T18:23:00.000Z,0.05,0.01,38.9,6.11,6.80,203,GOOD
rd_1562,ses_3293,2026-09-28T18:23:08.000Z,0.68,0.11,38.9,6.13,6.79,205,GOOD
rd_1563,ses_3293,2026-09-28T18:23:16.000Z,1.36,0.31,38.8,6.11,6.78,210,GOOD
rd_1564,ses_3293,2026-09-28T18:23:24.000Z,2.04,0.62,38.9,6.11,6.78,205,GOOD
rd_1565,ses_3293,2026-09-28T18:23:32.000Z,2.72,1.03,38.8,6.10,6.77,207,GOOD
rd_1566,ses_3293,2026-09-28T18:23:40.000Z,3.4,1.54,38.9,6.13,6.78,208,GOOD
rd_1567,ses_3293,2026-09-28T18:23:48.000Z,4.02,2.14,38.8,6.14,6.78,201,GOOD
rd_1568,ses_3293,2026-09-28T18:23:56.000Z,3.96,2.73,38.9,6.15,6.79,205,GOOD
rd_1569,ses_3293,2026-09-28T18:24:04.000Z,4.04,3.34,38.9,6.11,6.81,196,GOOD
rd_1570,ses_3293,2026-09-28T18:24:12.000Z,4.06,3.95,39.0,6.12,6.77,200,GOOD
rd_1571,ses_3293,2026-09-28T18:24:20.000Z,3.97,4.54,38.9,6.17,6.78,201,GOOD
rd_1572,ses_3293,2026-09-28T18:24:28.000Z,4.06,5.15,38.8,6.14,6.78,195,GOOD
rd_1573,ses_3293,2026-09-28T18:24:36.000Z,3.92,5.74,38.9,6.12,6.79,202,GOOD
rd_1574,ses_3293,2026-09-28T18:24:44.000Z,3.9,6.33,39.0,6.13,6.81,204,GOOD
rd_1575,ses_3293,2026-09-28T18:24:52.000Z,3.94,6.92,38.8,6.11,6.78,201,GOOD
rd_1576,ses_3293,2026-09-28T18:25:00.000Z,3.87,7.50,39.0,6.18,6.79,197,GOOD
rd_1577,ses_3293,2026-09-28T18:25:08.000Z,4.02,8.10,39.0,6.12,6.77,206,GOOD
rd_1578,ses_3293,2026-09-28T18:25:16.000Z,3.96,8.70,38.9,6.15,6.79,204,GOOD
rd_1579,ses_3293,2026-09-28T18:25:24.000Z,3.82,9.27,38.8,6.13,6.79,203,GOOD
rd_1580,ses_3293,2026-09-28T18:25:32.000Z,4.06,9.88,38.9,6.16,6.78,207,GOOD
rd_1581,ses_3293,2026-09-28T18:25:40.000Z,3.89,10.46,38.8,6.17,6.77,204,GOOD
rd_1582,ses_3293,2026-09-28T18:25:48.000Z,3.62,11.00,39.0,6.18,6.77,199,GOOD
rd_1583,ses_3293,2026-09-28T18:25:56.000Z,3.17,11.48,39.0,6.10,6.79,199,GOOD
rd_1584,ses_3293,2026-09-28T18:26:04.000Z,2.72,11.89,38.9,6.15,6.79,196,GOOD
rd_1585,ses_3293,2026-09-28T18:26:12.000Z,2.26,12.23,38.9,6.17,6.78,197,GOOD
rd_1586,ses_3293,2026-09-28T18:26:20.000Z,1.81,12.50,38.8,6.17,6.81,198,GOOD
rd_1587,ses_3293,2026-09-28T18:26:28.000Z,1.36,12.70,39.0,6.18,6.79,202,GOOD
rd_1588,ses_3293,2026-09-28T18:26:36.000Z,0.91,12.84,38.9,6.11,6.80,199,GOOD
rd_1589,ses_3293,2026-09-28T18:26:44.000Z,0.45,12.91,38.8,6.17,6.77,210,GOOD
rd_1590,ses_3293,2026-09-28T18:26:52.000Z,0.05,12.91,39.0,6.11,6.79,195,GOOD
rd_1591,ses_3294,2026-09-28T17:58:00.000Z,0.05,0.01,38.7,6.18,6.75,210,GOOD
rd_1592,ses_3294,2026-09-28T17:58:08.000Z,0.6,0.10,38.8,6.21,6.74,210,GOOD
rd_1593,ses_3294,2026-09-28T17:58:16.000Z,1.2,0.28,38.7,6.20,6.74,211,GOOD
rd_1594,ses_3294,2026-09-28T17:58:24.000Z,1.81,0.55,38.8,6.18,6.74,208,GOOD
rd_1595,ses_3294,2026-09-28T17:58:32.000Z,2.41,0.91,38.7,6.19,6.74,205,GOOD
rd_1596,ses_3294,2026-09-28T17:58:40.000Z,3.01,1.36,38.8,6.22,6.73,213,GOOD
rd_1597,ses_3294,2026-09-28T17:58:48.000Z,3.54,1.89,38.7,6.21,6.75,214,GOOD
rd_1598,ses_3294,2026-09-28T17:58:56.000Z,3.64,2.44,38.8,6.18,6.75,212,GOOD
rd_1599,ses_3294,2026-09-28T17:59:04.000Z,3.45,2.96,38.8,6.24,6.76,215,GOOD
rd_1600,ses_3294,2026-09-28T17:59:12.000Z,3.46,3.48,38.8,6.20,6.73,206,GOOD
rd_1601,ses_3294,2026-09-28T17:59:20.000Z,3.55,4.01,38.9,6.17,6.73,217,GOOD
rd_1602,ses_3294,2026-09-28T17:59:28.000Z,3.44,4.52,38.9,6.20,6.73,216,GOOD
rd_1603,ses_3294,2026-09-28T17:59:36.000Z,3.51,5.05,38.8,6.20,6.74,210,GOOD
rd_1604,ses_3294,2026-09-28T17:59:44.000Z,3.63,5.59,38.8,6.20,6.74,207,GOOD
rd_1605,ses_3294,2026-09-28T17:59:52.000Z,3.55,6.13,38.7,6.23,6.75,216,GOOD
rd_1606,ses_3294,2026-09-28T18:00:00.000Z,3.55,6.66,38.9,6.18,6.75,206,GOOD
rd_1607,ses_3294,2026-09-28T18:00:08.000Z,3.52,7.19,38.8,6.23,6.76,215,GOOD
rd_1608,ses_3294,2026-09-28T18:00:16.000Z,3.57,7.72,38.9,6.22,6.75,212,GOOD
rd_1609,ses_3294,2026-09-28T18:00:24.000Z,3.62,8.27,38.8,6.20,6.76,205,GOOD
rd_1610,ses_3294,2026-09-28T18:00:32.000Z,3.59,8.80,38.9,6.23,6.76,215,GOOD
rd_1611,ses_3294,2026-09-28T18:00:40.000Z,3.44,9.32,38.8,6.19,6.74,210,GOOD
rd_1612,ses_3294,2026-09-28T18:00:48.000Z,3.21,9.80,38.7,6.21,6.76,215,GOOD
rd_1613,ses_3294,2026-09-28T18:00:56.000Z,2.81,10.22,38.7,6.20,6.75,214,GOOD
rd_1614,ses_3294,2026-09-28T18:01:04.000Z,2.41,10.59,38.8,6.21,6.75,215,GOOD
rd_1615,ses_3294,2026-09-28T18:01:12.000Z,2.01,10.89,38.7,6.18,6.75,210,GOOD
rd_1616,ses_3294,2026-09-28T18:01:20.000Z,1.6,11.13,38.8,6.19,6.72,210,GOOD
rd_1617,ses_3294,2026-09-28T18:01:28.000Z,1.2,11.31,38.9,6.17,6.72,204,GOOD
rd_1618,ses_3294,2026-09-28T18:01:36.000Z,0.8,11.43,38.8,6.19,6.72,216,GOOD
rd_1619,ses_3294,2026-09-28T18:01:44.000Z,0.4,11.49,38.8,6.23,6.75,213,GOOD
rd_1620,ses_3294,2026-09-28T18:01:52.000Z,0.05,11.49,38.9,6.23,6.75,206,GOOD
rd_1621,ses_3295,2026-09-28T17:45:00.000Z,0.05,0.01,38.6,6.11,6.73,209,GOOD
rd_1622,ses_3295,2026-09-28T17:45:08.000Z,0.66,0.11,38.8,6.07,6.74,214,GOOD
rd_1623,ses_3295,2026-09-28T17:45:16.000Z,1.31,0.30,38.7,6.05,6.74,203,GOOD
rd_1624,ses_3295,2026-09-28T17:45:24.000Z,1.97,0.60,38.8,6.03,6.73,209,GOOD
rd_1625,ses_3295,2026-09-28T17:45:32.000Z,2.62,0.99,38.8,6.06,6.74,214,GOOD
rd_1626,ses_3295,2026-09-28T17:45:40.000Z,3.28,1.48,38.8,6.07,6.74,215,GOOD
rd_1627,ses_3295,2026-09-28T17:45:48.000Z,3.66,2.03,38.6,6.05,6.75,211,GOOD
rd_1628,ses_3295,2026-09-28T17:45:56.000Z,3.67,2.58,38.6,6.10,6.74,216,GOOD
rd_1629,ses_3295,2026-09-28T17:46:04.000Z,3.81,3.15,38.7,6.05,6.75,217,GOOD
rd_1630,ses_3295,2026-09-28T17:46:12.000Z,3.71,3.71,38.7,6.10,6.73,214,GOOD
rd_1631,ses_3295,2026-09-28T17:46:20.000Z,3.94,4.30,38.6,6.07,6.76,204,GOOD
rd_1632,ses_3295,2026-09-28T17:46:28.000Z,3.76,4.87,38.8,6.06,6.72,211,GOOD
rd_1633,ses_3295,2026-09-28T17:46:36.000Z,3.92,5.45,38.7,6.08,6.75,206,GOOD
rd_1634,ses_3295,2026-09-28T17:46:44.000Z,3.74,6.02,38.8,6.08,6.72,205,GOOD
rd_1635,ses_3295,2026-09-28T17:46:52.000Z,3.84,6.59,38.8,6.04,6.74,212,GOOD
rd_1636,ses_3295,2026-09-28T17:47:00.000Z,3.91,7.18,38.8,6.07,6.73,201,GOOD
rd_1637,ses_3295,2026-09-28T17:47:08.000Z,3.69,7.73,38.7,6.08,6.72,208,GOOD
rd_1638,ses_3295,2026-09-28T17:47:16.000Z,3.87,8.31,38.6,6.04,6.72,213,GOOD
rd_1639,ses_3295,2026-09-28T17:47:24.000Z,3.76,8.88,38.7,6.04,6.74,203,GOOD
rd_1640,ses_3295,2026-09-28T17:47:32.000Z,3.87,9.46,38.7,6.09,6.73,215,GOOD
rd_1641,ses_3295,2026-09-28T17:47:40.000Z,3.95,10.05,38.8,6.09,6.75,213,GOOD
rd_1642,ses_3295,2026-09-28T17:47:48.000Z,3.49,10.57,38.7,6.09,6.73,209,GOOD
rd_1643,ses_3295,2026-09-28T17:47:56.000Z,3.06,11.03,38.6,6.06,6.72,202,GOOD
rd_1644,ses_3295,2026-09-28T17:48:04.000Z,2.62,11.42,38.6,6.09,6.72,204,GOOD
rd_1645,ses_3295,2026-09-28T17:48:12.000Z,2.18,11.75,38.7,6.05,6.74,206,GOOD
rd_1646,ses_3295,2026-09-28T17:48:20.000Z,1.75,12.01,38.6,6.08,6.74,212,GOOD
rd_1647,ses_3295,2026-09-28T17:48:28.000Z,1.31,12.21,38.7,6.08,6.72,205,GOOD
rd_1648,ses_3295,2026-09-28T17:48:36.000Z,0.87,12.34,38.7,6.05,6.75,208,GOOD
rd_1649,ses_3295,2026-09-28T17:48:44.000Z,0.44,12.41,38.7,6.05,6.73,216,GOOD
rd_1650,ses_3295,2026-09-28T17:48:52.000Z,0.05,12.41,38.6,6.07,6.73,208,GOOD
rd_1651,ses_3296,2026-09-28T18:24:00.000Z,0.05,0.01,39.6,7.11,7.10,1015,GOOD
rd_1652,ses_3296,2026-09-28T18:24:08.000Z,0.69,0.11,39.7,7.17,7.09,1017,GOOD
rd_1653,ses_3296,2026-09-28T18:24:16.000Z,1.38,0.32,39.7,7.13,7.09,1019,GOOD
rd_1654,ses_3296,2026-09-28T18:24:24.000Z,2.07,0.63,39.6,7.16,7.13,1013,GOOD
rd_1655,ses_3296,2026-09-28T18:24:32.000Z,2.76,1.04,39.7,7.12,7.12,1015,GOOD
rd_1656,ses_3296,2026-09-28T18:24:40.000Z,3.45,1.56,39.6,7.15,7.13,1012,GOOD
rd_1657,ses_3296,2026-09-28T18:24:48.000Z,4.02,2.16,39.6,7.16,7.10,1010,GOOD
rd_1658,ses_3296,2026-09-28T18:24:56.000Z,4.02,2.77,39.6,7.13,7.10,1016,GOOD
rd_1659,ses_3296,2026-09-28T18:25:04.000Z,3.91,3.35,39.6,7.10,7.13,1007,GOOD
rd_1660,ses_3296,2026-09-28T18:25:12.000Z,4.07,3.96,39.5,7.16,7.11,1008,GOOD
rd_1661,ses_3296,2026-09-28T18:25:20.000Z,4.07,4.57,39.7,7.16,7.12,1013,GOOD
rd_1662,ses_3296,2026-09-28T18:25:28.000Z,3.93,5.16,39.7,7.12,7.13,1011,GOOD
rd_1663,ses_3296,2026-09-28T18:25:36.000Z,4.1,5.78,39.5,7.18,7.13,1006,GOOD
rd_1664,ses_3296,2026-09-28T18:25:44.000Z,3.86,6.36,39.6,7.11,7.10,1015,GOOD
rd_1665,ses_3296,2026-09-28T18:25:52.000Z,4.05,6.96,39.6,7.15,7.11,1015,GOOD
rd_1666,ses_3296,2026-09-28T18:26:00.000Z,4.1,7.58,39.6,7.17,7.13,1020,GOOD
rd_1667,ses_3296,2026-09-28T18:26:08.000Z,4.14,8.20,39.7,7.13,7.12,1015,GOOD
rd_1668,ses_3296,2026-09-28T18:26:16.000Z,3.93,8.79,39.5,7.13,7.10,1019,GOOD
rd_1669,ses_3296,2026-09-28T18:26:24.000Z,3.92,9.38,39.6,7.14,7.12,1013,GOOD
rd_1670,ses_3296,2026-09-28T18:26:32.000Z,4,9.98,39.5,7.10,7.12,1016,GOOD
rd_1671,ses_3296,2026-09-28T18:26:40.000Z,4.06,10.59,39.5,7.12,7.10,1006,GOOD
rd_1672,ses_3296,2026-09-28T18:26:48.000Z,3.68,11.14,39.6,7.14,7.13,1015,GOOD
rd_1673,ses_3296,2026-09-28T18:26:56.000Z,3.22,11.62,39.7,7.13,7.13,1011,GOOD
rd_1674,ses_3296,2026-09-28T18:27:04.000Z,2.76,12.04,39.6,7.18,7.11,1020,GOOD
rd_1675,ses_3296,2026-09-28T18:27:12.000Z,2.3,12.38,39.6,7.12,7.12,1020,GOOD
rd_1676,ses_3296,2026-09-28T18:27:20.000Z,1.84,12.66,39.5,7.13,7.10,1006,GOOD
rd_1677,ses_3296,2026-09-28T18:27:28.000Z,1.38,12.86,39.6,7.16,7.12,1007,GOOD
rd_1678,ses_3296,2026-09-28T18:27:36.000Z,0.92,13.00,39.6,7.18,7.09,1014,GOOD
rd_1679,ses_3296,2026-09-28T18:27:44.000Z,0.46,13.07,39.6,7.12,7.11,1016,GOOD
rd_1680,ses_3296,2026-09-28T18:27:52.000Z,0.05,13.08,39.7,7.18,7.10,1021,GOOD
rd_1681,ses_3297,2026-09-28T17:33:00.000Z,0.05,0.01,39.4,7.21,7.12,976,GOOD
rd_1682,ses_3297,2026-09-28T17:33:08.000Z,0.6,0.10,39.5,7.27,7.10,980,GOOD
rd_1683,ses_3297,2026-09-28T17:33:16.000Z,1.2,0.28,39.4,7.25,7.12,975,GOOD
rd_1684,ses_3297,2026-09-28T17:33:24.000Z,1.81,0.55,39.3,7.21,7.11,983,GOOD
rd_1685,ses_3297,2026-09-28T17:33:32.000Z,2.41,0.91,39.4,7.21,7.11,980,GOOD
rd_1686,ses_3297,2026-09-28T17:33:40.000Z,3.01,1.36,39.5,7.26,7.09,984,GOOD
rd_1687,ses_3297,2026-09-28T17:33:48.000Z,3.38,1.87,39.3,7.24,7.09,975,GOOD
rd_1688,ses_3297,2026-09-28T17:33:56.000Z,3.42,2.38,39.4,7.22,7.12,984,GOOD
rd_1689,ses_3297,2026-09-28T17:34:04.000Z,3.51,2.91,39.4,7.20,7.11,986,GOOD
rd_1690,ses_3297,2026-09-28T17:34:12.000Z,3.43,3.42,39.4,7.25,7.09,971,GOOD
rd_1691,ses_3297,2026-09-28T17:34:20.000Z,3.56,3.96,39.3,7.23,7.09,971,GOOD
rd_1692,ses_3297,2026-09-28T17:34:28.000Z,3.5,4.48,39.3,7.27,7.09,976,GOOD
rd_1693,ses_3297,2026-09-28T17:34:36.000Z,3.62,5.03,39.4,7.25,7.11,981,GOOD
rd_1694,ses_3297,2026-09-28T17:34:44.000Z,3.51,5.55,39.5,7.26,7.08,982,GOOD
rd_1695,ses_3297,2026-09-28T17:34:52.000Z,3.58,6.09,39.3,7.25,7.10,975,GOOD
rd_1696,ses_3297,2026-09-28T17:35:00.000Z,3.54,6.62,39.4,7.23,7.12,975,GOOD
rd_1697,ses_3297,2026-09-28T17:35:08.000Z,3.36,7.12,39.3,7.24,7.09,977,GOOD
rd_1698,ses_3297,2026-09-28T17:35:16.000Z,3.5,7.65,39.4,7.27,7.11,984,GOOD
rd_1699,ses_3297,2026-09-28T17:35:24.000Z,3.6,8.19,39.4,7.21,7.10,981,GOOD
rd_1700,ses_3297,2026-09-28T17:35:32.000Z,3.39,8.70,39.3,7.20,7.11,986,GOOD
rd_1701,ses_3297,2026-09-28T17:35:40.000Z,3.39,9.21,39.5,7.24,7.11,978,GOOD
rd_1702,ses_3297,2026-09-28T17:35:48.000Z,3.21,9.69,39.3,7.24,7.11,979,GOOD
rd_1703,ses_3297,2026-09-28T17:35:56.000Z,2.81,10.11,39.3,7.21,7.11,985,GOOD
rd_1704,ses_3297,2026-09-28T17:36:04.000Z,2.41,10.47,39.5,7.25,7.10,979,GOOD
rd_1705,ses_3297,2026-09-28T17:36:12.000Z,2.01,10.77,39.3,7.22,7.08,978,GOOD
rd_1706,ses_3297,2026-09-28T17:36:20.000Z,1.6,11.01,39.3,7.21,7.12,986,GOOD
rd_1707,ses_3297,2026-09-28T17:36:28.000Z,1.2,11.19,39.5,7.19,7.10,971,GOOD
rd_1708,ses_3297,2026-09-28T17:36:36.000Z,0.8,11.31,39.5,7.23,7.12,979,GOOD
rd_1709,ses_3297,2026-09-28T17:36:44.000Z,0.4,11.37,39.3,7.21,7.11,973,GOOD
rd_1710,ses_3297,2026-09-28T17:36:52.000Z,0.05,11.38,39.5,7.24,7.09,981,GOOD
rd_1711,ses_3298,2026-09-28T18:16:00.000Z,0.05,0.01,39.7,7.06,7.09,986,GOOD
rd_1712,ses_3298,2026-09-28T18:16:08.000Z,0.66,0.11,39.5,7.08,7.11,978,GOOD
rd_1713,ses_3298,2026-09-28T18:16:16.000Z,1.32,0.30,39.6,7.11,7.10,987,GOOD
rd_1714,ses_3298,2026-09-28T18:16:24.000Z,1.99,0.60,39.7,7.11,7.12,986,GOOD
rd_1715,ses_3298,2026-09-28T18:16:32.000Z,2.65,1.00,39.6,7.04,7.10,975,GOOD
rd_1716,ses_3298,2026-09-28T18:16:40.000Z,3.31,1.50,39.7,7.05,7.11,983,GOOD
rd_1717,ses_3298,2026-09-28T18:16:48.000Z,3.76,2.06,39.7,7.06,7.11,979,GOOD
rd_1718,ses_3298,2026-09-28T18:16:56.000Z,3.72,2.62,39.6,7.12,7.09,987,GOOD
rd_1719,ses_3298,2026-09-28T18:17:04.000Z,3.87,3.20,39.6,7.12,7.12,981,GOOD
rd_1720,ses_3298,2026-09-28T18:17:12.000Z,3.8,3.77,39.6,7.05,7.11,987,GOOD
rd_1721,ses_3298,2026-09-28T18:17:20.000Z,3.91,4.36,39.6,7.08,7.10,981,GOOD
rd_1722,ses_3298,2026-09-28T18:17:28.000Z,3.98,4.95,39.7,7.10,7.10,986,GOOD
rd_1723,ses_3298,2026-09-28T18:17:36.000Z,3.97,5.55,39.6,7.09,7.12,977,GOOD
rd_1724,ses_3298,2026-09-28T18:17:44.000Z,3.81,6.12,39.6,7.05,7.13,975,GOOD
rd_1725,ses_3298,2026-09-28T18:17:52.000Z,3.75,6.68,39.6,7.07,7.10,978,GOOD
rd_1726,ses_3298,2026-09-28T18:18:00.000Z,3.73,7.24,39.5,7.04,7.11,975,GOOD
rd_1727,ses_3298,2026-09-28T18:18:08.000Z,3.73,7.80,39.5,7.07,7.12,972,GOOD
rd_1728,ses_3298,2026-09-28T18:18:16.000Z,3.71,8.36,39.7,7.10,7.13,986,GOOD
rd_1729,ses_3298,2026-09-28T18:18:24.000Z,3.72,8.92,39.6,7.10,7.09,983,GOOD
rd_1730,ses_3298,2026-09-28T18:18:32.000Z,3.71,9.47,39.6,7.05,7.12,974,GOOD
rd_1731,ses_3298,2026-09-28T18:18:40.000Z,3.77,10.04,39.5,7.07,7.11,975,GOOD
rd_1732,ses_3298,2026-09-28T18:18:48.000Z,3.53,10.57,39.7,7.09,7.12,985,GOOD
rd_1733,ses_3298,2026-09-28T18:18:56.000Z,3.09,11.03,39.6,7.06,7.12,987,GOOD
rd_1734,ses_3298,2026-09-28T18:19:04.000Z,2.65,11.43,39.6,7.10,7.11,975,GOOD
rd_1735,ses_3298,2026-09-28T18:19:12.000Z,2.21,11.76,39.7,7.05,7.13,983,GOOD
rd_1736,ses_3298,2026-09-28T18:19:20.000Z,1.77,12.03,39.6,7.04,7.10,986,GOOD
rd_1737,ses_3298,2026-09-28T18:19:28.000Z,1.32,12.22,39.6,7.08,7.11,973,GOOD
rd_1738,ses_3298,2026-09-28T18:19:36.000Z,0.88,12.36,39.6,7.04,7.11,985,GOOD
rd_1739,ses_3298,2026-09-28T18:19:44.000Z,0.44,12.42,39.7,7.07,7.12,979,GOOD
rd_1740,ses_3298,2026-09-28T18:19:52.000Z,0.05,12.43,39.5,7.08,7.10,984,GOOD
rd_1741,ses_3299,2026-09-28T17:23:00.000Z,0.05,0.01,39.6,7.26,7.12,941,GOOD
rd_1742,ses_3299,2026-09-28T17:23:08.000Z,0.71,0.11,39.7,7.24,7.12,944,GOOD
rd_1743,ses_3299,2026-09-28T17:23:16.000Z,1.42,0.33,39.5,7.27,7.15,942,GOOD
rd_1744,ses_3299,2026-09-28T17:23:24.000Z,2.14,0.65,39.6,7.24,7.13,932,GOOD
rd_1745,ses_3299,2026-09-28T17:23:32.000Z,2.85,1.08,39.7,7.28,7.14,939,GOOD
rd_1746,ses_3299,2026-09-28T17:23:40.000Z,3.56,1.61,39.6,7.29,7.12,938,GOOD
rd_1747,ses_3299,2026-09-28T17:23:48.000Z,4.15,2.23,39.6,7.29,7.13,940,GOOD
rd_1748,ses_3299,2026-09-28T17:23:56.000Z,3.98,2.83,39.6,7.29,7.14,929,GOOD
rd_1749,ses_3299,2026-09-28T17:24:04.000Z,4.21,3.46,39.6,7.24,7.14,939,GOOD
rd_1750,ses_3299,2026-09-28T17:24:12.000Z,4.15,4.08,39.5,7.30,7.12,943,GOOD
rd_1751,ses_3299,2026-09-28T17:24:20.000Z,4.03,4.69,39.5,7.28,7.13,935,GOOD
rd_1752,ses_3299,2026-09-28T17:24:28.000Z,4.17,5.31,39.5,7.25,7.11,930,GOOD
rd_1753,ses_3299,2026-09-28T17:24:36.000Z,4.25,5.95,39.5,7.24,7.15,935,GOOD
rd_1754,ses_3299,2026-09-28T17:24:44.000Z,4.02,6.55,39.5,7.30,7.14,929,GOOD
rd_1755,ses_3299,2026-09-28T17:24:52.000Z,4.05,7.16,39.5,7.27,7.11,938,GOOD
rd_1756,ses_3299,2026-09-28T17:25:00.000Z,4.15,7.78,39.5,7.30,7.14,929,GOOD
rd_1757,ses_3299,2026-09-28T17:25:08.000Z,4.22,8.42,39.7,7.24,7.14,941,GOOD
rd_1758,ses_3299,2026-09-28T17:25:16.000Z,4.16,9.04,39.6,7.27,7.12,942,GOOD
rd_1759,ses_3299,2026-09-28T17:25:24.000Z,4.26,9.68,39.6,7.28,7.12,942,GOOD
rd_1760,ses_3299,2026-09-28T17:25:32.000Z,4.12,10.30,39.7,7.28,7.13,930,GOOD
rd_1761,ses_3299,2026-09-28T17:25:40.000Z,4.16,10.92,39.6,7.23,7.13,937,GOOD
rd_1762,ses_3299,2026-09-28T17:25:48.000Z,3.8,11.49,39.5,7.24,7.12,944,GOOD
rd_1763,ses_3299,2026-09-28T17:25:56.000Z,3.32,11.99,39.6,7.26,7.14,930,GOOD
rd_1764,ses_3299,2026-09-28T17:26:04.000Z,2.85,12.42,39.6,7.26,7.14,938,GOOD
rd_1765,ses_3299,2026-09-28T17:26:12.000Z,2.37,12.77,39.6,7.23,7.14,937,GOOD
rd_1766,ses_3299,2026-09-28T17:26:20.000Z,1.9,13.06,39.5,7.25,7.15,945,GOOD
rd_1767,ses_3299,2026-09-28T17:26:28.000Z,1.42,13.27,39.6,7.23,7.12,934,GOOD
rd_1768,ses_3299,2026-09-28T17:26:36.000Z,0.95,13.41,39.6,7.24,7.14,932,GOOD
rd_1769,ses_3299,2026-09-28T17:26:44.000Z,0.47,13.48,39.7,7.29,7.11,931,GOOD
rd_1770,ses_3299,2026-09-28T17:26:52.000Z,0.05,13.49,39.6,7.29,7.14,935,GOOD
rd_1771,ses_3300,2026-09-28T17:55:00.000Z,0.05,0.01,39.3,7.06,7.07,797,GOOD
rd_1772,ses_3300,2026-09-28T17:55:08.000Z,0.63,0.10,39.3,6.99,7.05,799,GOOD
rd_1773,ses_3300,2026-09-28T17:55:16.000Z,1.27,0.29,39.4,7.07,7.08,800,GOOD
rd_1774,ses_3300,2026-09-28T17:55:24.000Z,1.9,0.58,39.4,7.01,7.09,807,GOOD
rd_1775,ses_3300,2026-09-28T17:55:32.000Z,2.54,0.96,39.2,7.03,7.06,801,GOOD
rd_1776,ses_3300,2026-09-28T17:55:40.000Z,3.17,1.43,39.3,7.05,7.09,795,GOOD
rd_1777,ses_3300,2026-09-28T17:55:48.000Z,3.69,1.99,39.4,7.07,7.09,808,GOOD
rd_1778,ses_3300,2026-09-28T17:55:56.000Z,3.81,2.56,39.4,6.99,7.09,802,GOOD
rd_1779,ses_3300,2026-09-28T17:56:04.000Z,3.56,3.09,39.2,7.01,7.07,795,GOOD
rd_1780,ses_3300,2026-09-28T17:56:12.000Z,3.71,3.65,39.3,7.04,7.07,804,GOOD
rd_1781,ses_3300,2026-09-28T17:56:20.000Z,3.63,4.19,39.3,7.02,7.07,798,GOOD
rd_1782,ses_3300,2026-09-28T17:56:28.000Z,3.58,4.73,39.4,7.06,7.05,793,GOOD
rd_1783,ses_3300,2026-09-28T17:56:36.000Z,3.68,5.28,39.3,7.00,7.07,801,GOOD
rd_1784,ses_3300,2026-09-28T17:56:44.000Z,3.75,5.85,39.2,7.01,7.06,804,GOOD
rd_1785,ses_3300,2026-09-28T17:56:52.000Z,3.64,6.39,39.3,7.00,7.07,798,GOOD
rd_1786,ses_3300,2026-09-28T17:57:00.000Z,3.58,6.93,39.4,7.03,7.08,801,GOOD
rd_1787,ses_3300,2026-09-28T17:57:08.000Z,3.73,7.49,39.3,7.05,7.05,797,GOOD
rd_1788,ses_3300,2026-09-28T17:57:16.000Z,3.67,8.04,39.2,7.03,7.07,803,GOOD
rd_1789,ses_3300,2026-09-28T17:57:24.000Z,3.81,8.61,39.2,7.03,7.09,795,GOOD
rd_1790,ses_3300,2026-09-28T17:57:32.000Z,3.77,9.18,39.2,6.99,7.06,805,GOOD
rd_1791,ses_3300,2026-09-28T17:57:40.000Z,3.73,9.73,39.2,7.05,7.06,808,GOOD
rd_1792,ses_3300,2026-09-28T17:57:48.000Z,3.38,10.24,39.3,7.03,7.06,806,GOOD
rd_1793,ses_3300,2026-09-28T17:57:56.000Z,2.96,10.69,39.3,7.05,7.08,801,GOOD
rd_1794,ses_3300,2026-09-28T17:58:04.000Z,2.54,11.07,39.2,7.07,7.07,801,GOOD
rd_1795,ses_3300,2026-09-28T17:58:12.000Z,2.11,11.38,39.3,7.06,7.08,796,GOOD
rd_1796,ses_3300,2026-09-28T17:58:20.000Z,1.69,11.64,39.3,7.06,7.08,804,GOOD
rd_1797,ses_3300,2026-09-28T17:58:28.000Z,1.27,11.83,39.2,7.07,7.07,805,GOOD
rd_1798,ses_3300,2026-09-28T17:58:36.000Z,0.85,11.96,39.4,7.03,7.07,797,GOOD
rd_1799,ses_3300,2026-09-28T17:58:44.000Z,0.42,12.02,39.4,7.03,7.09,796,GOOD
rd_1800,ses_3300,2026-09-28T17:58:52.000Z,0.05,12.03,39.3,7.03,7.06,805,GOOD
rd_1801,ses_3301,2026-09-29T06:07:00.000Z,0.05,0.01,38.8,5.60,6.67,83,GOOD
rd_1802,ses_3301,2026-09-29T06:07:08.000Z,0.63,0.10,38.8,5.60,6.63,82,GOOD
rd_1803,ses_3301,2026-09-29T06:07:16.000Z,1.26,0.29,38.8,5.63,6.66,92,GOOD
rd_1804,ses_3301,2026-09-29T06:07:24.000Z,1.88,0.57,38.7,5.60,6.63,86,GOOD
rd_1805,ses_3301,2026-09-29T06:07:32.000Z,2.51,0.95,38.6,5.60,6.67,94,GOOD
rd_1806,ses_3301,2026-09-29T06:07:40.000Z,3.14,1.42,38.7,5.61,6.65,92,GOOD
rd_1807,ses_3301,2026-09-29T06:07:48.000Z,3.72,1.98,38.7,5.66,6.65,88,GOOD
rd_1808,ses_3301,2026-09-29T06:07:56.000Z,3.77,2.54,38.7,5.59,6.65,85,GOOD
rd_1809,ses_3301,2026-09-29T06:08:04.000Z,3.75,3.11,38.7,5.60,6.63,93,GOOD
rd_1810,ses_3301,2026-09-29T06:08:12.000Z,3.76,3.67,38.8,5.67,6.64,89,GOOD
rd_1811,ses_3301,2026-09-29T06:08:20.000Z,3.71,4.23,38.7,5.61,6.64,81,GOOD
rd_1812,ses_3301,2026-09-29T06:08:28.000Z,3.69,4.78,38.7,5.60,6.66,88,GOOD
rd_1813,ses_3301,2026-09-29T06:08:36.000Z,3.57,5.32,38.7,5.62,6.64,82,GOOD
rd_1814,ses_3301,2026-09-29T06:08:44.000Z,3.69,5.87,38.6,5.66,6.66,84,GOOD
rd_1815,ses_3301,2026-09-29T06:08:52.000Z,3.74,6.43,38.6,5.64,6.67,84,GOOD
rd_1816,ses_3301,2026-09-29T06:09:00.000Z,3.61,6.97,38.7,5.64,6.64,85,GOOD
rd_1817,ses_3301,2026-09-29T06:09:08.000Z,3.79,7.54,38.8,5.62,6.66,95,GOOD
rd_1818,ses_3301,2026-09-29T06:09:16.000Z,3.64,8.09,38.8,5.66,6.67,93,GOOD
rd_1819,ses_3301,2026-09-29T06:09:24.000Z,3.5,8.61,38.7,5.65,6.66,84,GOOD
rd_1820,ses_3301,2026-09-29T06:09:32.000Z,3.55,9.14,38.8,5.64,6.66,95,GOOD
rd_1821,ses_3301,2026-09-29T06:09:40.000Z,3.53,9.67,38.8,5.59,6.64,81,GOOD
rd_1822,ses_3301,2026-09-29T06:09:48.000Z,3.35,10.18,38.6,5.66,6.65,84,GOOD
rd_1823,ses_3301,2026-09-29T06:09:56.000Z,2.93,10.62,38.7,5.59,6.67,89,GOOD
rd_1824,ses_3301,2026-09-29T06:10:04.000Z,2.51,10.99,38.7,5.60,6.66,82,GOOD
rd_1825,ses_3301,2026-09-29T06:10:12.000Z,2.09,11.31,38.7,5.64,6.65,81,GOOD
rd_1826,ses_3301,2026-09-29T06:10:20.000Z,1.67,11.56,38.7,5.60,6.64,87,GOOD
rd_1827,ses_3301,2026-09-29T06:10:28.000Z,1.26,11.75,38.7,5.64,6.66,94,GOOD
rd_1828,ses_3301,2026-09-29T06:10:36.000Z,0.84,11.87,38.7,5.60,6.64,94,GOOD
rd_1829,ses_3301,2026-09-29T06:10:44.000Z,0.42,11.93,38.6,5.64,6.65,87,GOOD
rd_1830,ses_3301,2026-09-29T06:10:52.000Z,0.05,11.94,38.7,5.60,6.67,94,GOOD
rd_1831,ses_3302,2026-09-29T06:30:00.000Z,0.05,0.01,38.7,5.74,6.69,112,GOOD
rd_1832,ses_3302,2026-09-29T06:30:08.000Z,0.68,0.11,38.8,5.74,6.66,107,GOOD
rd_1833,ses_3302,2026-09-29T06:30:16.000Z,1.36,0.31,38.7,5.69,6.69,111,GOOD
rd_1834,ses_3302,2026-09-29T06:30:24.000Z,2.04,0.62,38.8,5.69,6.67,104,GOOD
rd_1835,ses_3302,2026-09-29T06:30:32.000Z,2.72,1.03,38.8,5.73,6.70,101,GOOD
rd_1836,ses_3302,2026-09-29T06:30:40.000Z,3.41,1.54,38.8,5.75,6.67,101,GOOD
rd_1837,ses_3302,2026-09-29T06:30:48.000Z,3.91,2.13,38.9,5.69,6.68,109,GOOD
rd_1838,ses_3302,2026-09-29T06:30:56.000Z,3.95,2.72,38.8,5.72,6.67,109,GOOD
rd_1839,ses_3302,2026-09-29T06:31:04.000Z,3.91,3.30,38.9,5.75,6.69,109,GOOD
rd_1840,ses_3302,2026-09-29T06:31:12.000Z,4.06,3.91,38.8,5.71,6.68,107,GOOD
rd_1841,ses_3302,2026-09-29T06:31:20.000Z,4.1,4.53,38.8,5.75,6.68,97,GOOD
rd_1842,ses_3302,2026-09-29T06:31:28.000Z,3.89,5.11,38.9,5.72,6.68,102,GOOD
rd_1843,ses_3302,2026-09-29T06:31:36.000Z,3.81,5.68,38.8,5.69,6.67,103,GOOD
rd_1844,ses_3302,2026-09-29T06:31:44.000Z,3.94,6.27,38.7,5.74,6.67,106,GOOD
rd_1845,ses_3302,2026-09-29T06:31:52.000Z,3.94,6.87,38.7,5.75,6.69,108,GOOD
rd_1846,ses_3302,2026-09-29T06:32:00.000Z,3.8,7.44,38.9,5.70,6.67,102,GOOD
rd_1847,ses_3302,2026-09-29T06:32:08.000Z,4.01,8.04,38.8,5.75,6.70,105,GOOD
rd_1848,ses_3302,2026-09-29T06:32:16.000Z,4.05,8.64,38.8,5.73,6.66,104,GOOD
rd_1849,ses_3302,2026-09-29T06:32:24.000Z,4.09,9.26,38.9,5.73,6.66,110,GOOD
rd_1850,ses_3302,2026-09-29T06:32:32.000Z,3.95,9.85,38.9,5.71,6.68,98,GOOD
rd_1851,ses_3302,2026-09-29T06:32:40.000Z,3.94,10.44,38.8,5.70,6.67,111,GOOD
rd_1852,ses_3302,2026-09-29T06:32:48.000Z,3.63,10.99,38.7,5.70,6.69,98,GOOD
rd_1853,ses_3302,2026-09-29T06:32:56.000Z,3.18,11.46,38.9,5.72,6.68,99,GOOD
rd_1854,ses_3302,2026-09-29T06:33:04.000Z,2.72,11.87,38.9,5.71,6.68,110,GOOD
rd_1855,ses_3302,2026-09-29T06:33:12.000Z,2.27,12.21,38.8,5.75,6.69,113,GOOD
rd_1856,ses_3302,2026-09-29T06:33:20.000Z,1.82,12.48,38.8,5.74,6.70,109,GOOD
rd_1857,ses_3302,2026-09-29T06:33:28.000Z,1.36,12.69,38.7,5.70,6.70,105,GOOD
rd_1858,ses_3302,2026-09-29T06:33:36.000Z,0.91,12.82,38.8,5.75,6.68,98,GOOD
rd_1859,ses_3302,2026-09-29T06:33:44.000Z,0.45,12.89,38.9,5.71,6.68,104,GOOD
rd_1860,ses_3302,2026-09-29T06:33:52.000Z,0.05,12.90,38.7,5.74,6.70,105,GOOD
rd_1861,ses_3303,2026-09-29T06:44:00.000Z,0.05,0.01,38.5,5.57,6.61,126,GOOD
rd_1862,ses_3303,2026-09-29T06:44:08.000Z,0.61,0.10,38.5,5.58,6.61,128,GOOD
rd_1863,ses_3303,2026-09-29T06:44:16.000Z,1.21,0.28,38.5,5.57,6.63,128,GOOD
rd_1864,ses_3303,2026-09-29T06:44:24.000Z,1.82,0.55,38.5,5.60,6.63,124,GOOD
rd_1865,ses_3303,2026-09-29T06:44:32.000Z,2.42,0.92,38.5,5.56,6.63,114,GOOD
rd_1866,ses_3303,2026-09-29T06:44:40.000Z,3.03,1.37,38.6,5.60,6.62,128,GOOD
rd_1867,ses_3303,2026-09-29T06:44:48.000Z,3.38,1.88,38.5,5.52,6.62,121,GOOD
rd_1868,ses_3303,2026-09-29T06:44:56.000Z,3.44,2.39,38.6,5.56,6.64,117,GOOD
rd_1869,ses_3303,2026-09-29T06:45:04.000Z,3.46,2.91,38.5,5.58,6.64,128,GOOD
rd_1870,ses_3303,2026-09-29T06:45:12.000Z,3.36,3.42,38.4,5.56,6.63,123,GOOD
rd_1871,ses_3303,2026-09-29T06:45:20.000Z,3.4,3.93,38.5,5.53,6.64,128,GOOD
rd_1872,ses_3303,2026-09-29T06:45:28.000Z,3.38,4.43,38.5,5.55,6.64,120,GOOD
rd_1873,ses_3303,2026-09-29T06:45:36.000Z,3.46,4.95,38.4,5.56,6.64,119,GOOD
rd_1874,ses_3303,2026-09-29T06:45:44.000Z,3.5,5.48,38.6,5.54,6.63,124,GOOD
rd_1875,ses_3303,2026-09-29T06:45:52.000Z,3.57,6.01,38.5,5.55,6.65,119,GOOD
rd_1876,ses_3303,2026-09-29T06:46:00.000Z,3.38,6.52,38.6,5.55,6.63,120,GOOD
rd_1877,ses_3303,2026-09-29T06:46:08.000Z,3.47,7.04,38.4,5.53,6.64,114,GOOD
rd_1878,ses_3303,2026-09-29T06:46:16.000Z,3.58,7.58,38.5,5.59,6.61,122,GOOD
rd_1879,ses_3303,2026-09-29T06:46:24.000Z,3.44,8.09,38.5,5.58,6.62,127,GOOD
rd_1880,ses_3303,2026-09-29T06:46:32.000Z,3.6,8.63,38.4,5.57,6.65,121,GOOD
rd_1881,ses_3303,2026-09-29T06:46:40.000Z,3.49,9.16,38.4,5.58,6.62,128,GOOD
rd_1882,ses_3303,2026-09-29T06:46:48.000Z,3.23,9.64,38.6,5.57,6.64,127,GOOD
rd_1883,ses_3303,2026-09-29T06:46:56.000Z,2.82,10.07,38.6,5.57,6.63,114,GOOD
rd_1884,ses_3303,2026-09-29T06:47:04.000Z,2.42,10.43,38.5,5.54,6.64,123,GOOD
rd_1885,ses_3303,2026-09-29T06:47:12.000Z,2.02,10.73,38.6,5.56,6.62,127,GOOD
rd_1886,ses_3303,2026-09-29T06:47:20.000Z,1.61,10.97,38.5,5.59,6.64,121,GOOD
rd_1887,ses_3303,2026-09-29T06:47:28.000Z,1.21,11.15,38.6,5.60,6.62,116,GOOD
rd_1888,ses_3303,2026-09-29T06:47:36.000Z,0.81,11.28,38.6,5.55,6.61,127,GOOD
rd_1889,ses_3303,2026-09-29T06:47:44.000Z,0.4,11.34,38.5,5.56,6.62,122,GOOD
rd_1890,ses_3303,2026-09-29T06:47:52.000Z,0.05,11.34,38.5,5.57,6.65,128,GOOD
rd_1891,ses_3304,2026-09-29T06:58:00.000Z,0.05,0.01,38.6,5.63,6.65,110,GOOD
rd_1892,ses_3304,2026-09-29T06:58:08.000Z,0.64,0.10,38.6,5.59,6.65,103,GOOD
rd_1893,ses_3304,2026-09-29T06:58:16.000Z,1.29,0.30,38.5,5.61,6.64,105,GOOD
rd_1894,ses_3304,2026-09-29T06:58:24.000Z,1.93,0.59,38.6,5.65,6.66,101,GOOD
rd_1895,ses_3304,2026-09-29T06:58:32.000Z,2.58,0.97,38.6,5.60,6.65,109,GOOD
rd_1896,ses_3304,2026-09-29T06:58:40.000Z,3.22,1.46,38.5,5.63,6.65,106,GOOD
rd_1897,ses_3304,2026-09-29T06:58:48.000Z,3.67,2.01,38.6,5.61,6.64,103,GOOD
rd_1898,ses_3304,2026-09-29T06:58:56.000Z,3.76,2.57,38.6,5.63,6.63,108,GOOD
rd_1899,ses_3304,2026-09-29T06:59:04.000Z,3.77,3.14,38.5,5.63,6.66,102,GOOD
rd_1900,ses_3304,2026-09-29T06:59:12.000Z,3.85,3.71,38.6,5.65,6.64,101,GOOD
rd_1901,ses_3304,2026-09-29T06:59:20.000Z,3.72,4.27,38.5,5.64,6.66,111,GOOD
rd_1902,ses_3304,2026-09-29T06:59:28.000Z,3.88,4.85,38.6,5.64,6.63,100,GOOD
rd_1903,ses_3304,2026-09-29T06:59:36.000Z,3.75,5.42,38.5,5.64,6.66,109,GOOD
rd_1904,ses_3304,2026-09-29T06:59:44.000Z,3.8,5.99,38.5,5.61,6.67,109,GOOD
rd_1905,ses_3304,2026-09-29T06:59:52.000Z,3.86,6.57,38.5,5.61,6.66,112,GOOD
rd_1906,ses_3304,2026-09-29T07:00:00.000Z,3.84,7.14,38.7,5.64,6.65,102,GOOD
rd_1907,ses_3304,2026-09-29T07:00:08.000Z,3.77,7.71,38.6,5.58,6.66,113,GOOD
rd_1908,ses_3304,2026-09-29T07:00:16.000Z,3.63,8.25,38.6,5.60,6.64,110,GOOD
rd_1909,ses_3304,2026-09-29T07:00:24.000Z,3.69,8.80,38.7,5.61,6.65,110,GOOD
rd_1910,ses_3304,2026-09-29T07:00:32.000Z,3.6,9.34,38.6,5.61,6.64,108,GOOD
rd_1911,ses_3304,2026-09-29T07:00:40.000Z,3.72,9.90,38.5,5.65,6.65,111,GOOD
rd_1912,ses_3304,2026-09-29T07:00:48.000Z,3.44,10.42,38.6,5.62,6.65,101,GOOD
rd_1913,ses_3304,2026-09-29T07:00:56.000Z,3.01,10.87,38.7,5.64,6.63,110,GOOD
rd_1914,ses_3304,2026-09-29T07:01:04.000Z,2.58,11.26,38.7,5.60,6.67,104,GOOD
rd_1915,ses_3304,2026-09-29T07:01:12.000Z,2.15,11.58,38.6,5.59,6.65,107,GOOD
rd_1916,ses_3304,2026-09-29T07:01:20.000Z,1.72,11.84,38.7,5.60,6.67,106,GOOD
rd_1917,ses_3304,2026-09-29T07:01:28.000Z,1.29,12.03,38.6,5.62,6.64,113,GOOD
rd_1918,ses_3304,2026-09-29T07:01:36.000Z,0.86,12.16,38.6,5.61,6.66,114,GOOD
rd_1919,ses_3304,2026-09-29T07:01:44.000Z,0.43,12.22,38.5,5.62,6.64,110,GOOD
rd_1920,ses_3304,2026-09-29T07:01:52.000Z,0.05,12.23,38.6,5.60,6.64,111,GOOD
rd_1921,ses_3305,2026-09-29T06:22:00.000Z,0.05,0.01,38.6,5.45,6.70,117,GOOD
rd_1922,ses_3305,2026-09-29T06:22:08.000Z,0.71,0.11,38.7,5.42,6.71,124,GOOD
rd_1923,ses_3305,2026-09-29T06:22:16.000Z,1.43,0.33,38.8,5.44,6.68,125,GOOD
rd_1924,ses_3305,2026-09-29T06:22:24.000Z,2.14,0.65,38.7,5.47,6.67,128,GOOD
rd_1925,ses_3305,2026-09-29T06:22:32.000Z,2.86,1.08,38.6,5.42,6.71,122,GOOD
rd_1926,ses_3305,2026-09-29T06:22:40.000Z,3.57,1.61,38.8,5.43,6.70,120,GOOD
rd_1927,ses_3305,2026-09-29T06:22:48.000Z,4.23,2.25,38.7,5.41,6.69,124,GOOD
rd_1928,ses_3305,2026-09-29T06:22:56.000Z,3.99,2.85,38.7,5.43,6.67,119,GOOD
rd_1929,ses_3305,2026-09-29T06:23:04.000Z,4,3.45,38.8,5.45,6.70,125,GOOD
rd_1930,ses_3305,2026-09-29T06:23:12.000Z,4.09,4.06,38.8,5.48,6.69,119,GOOD
rd_1931,ses_3305,2026-09-29T06:23:20.000Z,4.04,4.67,38.6,5.42,6.69,121,GOOD
rd_1932,ses_3305,2026-09-29T06:23:28.000Z,4.27,5.31,38.6,5.43,6.68,119,GOOD
rd_1933,ses_3305,2026-09-29T06:23:36.000Z,4.07,5.92,38.6,5.44,6.69,119,GOOD
rd_1934,ses_3305,2026-09-29T06:23:44.000Z,4.12,6.54,38.7,5.46,6.69,128,GOOD
rd_1935,ses_3305,2026-09-29T06:23:52.000Z,4.05,7.14,38.8,5.45,6.68,117,GOOD
rd_1936,ses_3305,2026-09-29T06:24:00.000Z,4,7.74,38.7,5.40,6.69,131,GOOD
rd_1937,ses_3305,2026-09-29T06:24:08.000Z,4.25,8.38,38.7,5.45,6.68,127,GOOD
rd_1938,ses_3305,2026-09-29T06:24:16.000Z,4.07,8.99,38.7,5.41,6.69,130,GOOD
rd_1939,ses_3305,2026-09-29T06:24:24.000Z,4.15,9.61,38.7,5.44,6.67,127,GOOD
rd_1940,ses_3305,2026-09-29T06:24:32.000Z,4.06,10.22,38.7,5.45,6.69,124,GOOD
rd_1941,ses_3305,2026-09-29T06:24:40.000Z,4.24,10.86,38.6,5.43,6.69,128,GOOD
rd_1942,ses_3305,2026-09-29T06:24:48.000Z,3.81,11.43,38.7,5.47,6.70,128,GOOD
rd_1943,ses_3305,2026-09-29T06:24:56.000Z,3.33,11.93,38.7,5.48,6.69,125,GOOD
rd_1944,ses_3305,2026-09-29T06:25:04.000Z,2.86,12.36,38.8,5.45,6.71,117,GOOD
rd_1945,ses_3305,2026-09-29T06:25:12.000Z,2.38,12.72,38.7,5.45,6.69,122,GOOD
rd_1946,ses_3305,2026-09-29T06:25:20.000Z,1.9,13.00,38.8,5.42,6.69,128,GOOD
rd_1947,ses_3305,2026-09-29T06:25:28.000Z,1.43,13.21,38.7,5.48,6.69,126,GOOD
rd_1948,ses_3305,2026-09-29T06:25:36.000Z,0.95,13.36,38.7,5.40,6.68,128,GOOD
rd_1949,ses_3305,2026-09-29T06:25:44.000Z,0.48,13.43,38.8,5.42,6.68,124,GOOD
rd_1950,ses_3305,2026-09-29T06:25:52.000Z,0.05,13.44,38.7,5.45,6.70,125,GOOD
rd_1951,ses_3306,2026-09-29T07:18:00.000Z,0.05,0.01,38.4,5.61,6.61,143,GOOD
rd_1952,ses_3306,2026-09-29T07:18:08.000Z,0.63,0.10,38.5,5.55,6.61,147,GOOD
rd_1953,ses_3306,2026-09-29T07:18:16.000Z,1.26,0.29,38.6,5.63,6.62,135,GOOD
rd_1954,ses_3306,2026-09-29T07:18:24.000Z,1.89,0.57,38.5,5.56,6.61,140,GOOD
rd_1955,ses_3306,2026-09-29T07:18:32.000Z,2.52,0.95,38.4,5.56,6.63,141,GOOD
rd_1956,ses_3306,2026-09-29T07:18:40.000Z,3.15,1.43,38.6,5.59,6.64,148,GOOD
rd_1957,ses_3306,2026-09-29T07:18:48.000Z,3.62,1.97,38.4,5.57,6.63,147,GOOD
rd_1958,ses_3306,2026-09-29T07:18:56.000Z,3.66,2.52,38.6,5.58,6.61,136,GOOD
rd_1959,ses_3306,2026-09-29T07:19:04.000Z,3.8,3.09,38.5,5.59,6.64,139,GOOD
rd_1960,ses_3306,2026-09-29T07:19:12.000Z,3.66,3.64,38.5,5.61,6.60,146,GOOD
rd_1961,ses_3306,2026-09-29T07:19:20.000Z,3.64,4.18,38.5,5.56,6.61,141,GOOD
rd_1962,ses_3306,2026-09-29T07:19:28.000Z,3.67,4.73,38.6,5.60,6.63,133,GOOD
rd_1963,ses_3306,2026-09-29T07:19:36.000Z,3.59,5.27,38.5,5.60,6.62,142,GOOD
rd_1964,ses_3306,2026-09-29T07:19:44.000Z,3.7,5.83,38.5,5.57,6.62,142,GOOD
rd_1965,ses_3306,2026-09-29T07:19:52.000Z,3.69,6.38,38.6,5.61,6.64,132,GOOD
rd_1966,ses_3306,2026-09-29T07:20:00.000Z,3.78,6.95,38.5,5.62,6.61,141,GOOD
rd_1967,ses_3306,2026-09-29T07:20:08.000Z,3.66,7.50,38.4,5.57,6.63,145,GOOD
rd_1968,ses_3306,2026-09-29T07:20:16.000Z,3.63,8.04,38.6,5.62,6.61,142,GOOD
rd_1969,ses_3306,2026-09-29T07:20:24.000Z,3.64,8.59,38.5,5.57,6.63,145,GOOD
rd_1970,ses_3306,2026-09-29T07:20:32.000Z,3.69,9.14,38.6,5.62,6.61,139,GOOD
rd_1971,ses_3306,2026-09-29T07:20:40.000Z,3.57,9.67,38.5,5.62,6.61,142,GOOD
rd_1972,ses_3306,2026-09-29T07:20:48.000Z,3.36,10.18,38.5,5.60,6.63,132,GOOD
rd_1973,ses_3306,2026-09-29T07:20:56.000Z,2.94,10.62,38.5,5.61,6.64,139,GOOD
rd_1974,ses_3306,2026-09-29T07:21:04.000Z,2.52,11.00,38.6,5.61,6.61,140,GOOD
rd_1975,ses_3306,2026-09-29T07:21:12.000Z,2.1,11.31,38.5,5.58,6.61,143,GOOD
rd_1976,ses_3306,2026-09-29T07:21:20.000Z,1.68,11.56,38.5,5.57,6.61,140,GOOD
rd_1977,ses_3306,2026-09-29T07:21:28.000Z,1.26,11.75,38.5,5.59,6.62,146,GOOD
rd_1978,ses_3306,2026-09-29T07:21:36.000Z,0.84,11.88,38.4,5.61,6.63,143,GOOD
rd_1979,ses_3306,2026-09-29T07:21:44.000Z,0.42,11.94,38.4,5.60,6.61,143,GOOD
rd_1980,ses_3306,2026-09-29T07:21:52.000Z,0.05,11.95,38.6,5.56,6.62,137,GOOD
rd_1981,ses_3307,2026-09-29T06:05:00.000Z,0.05,0.01,38.5,5.70,6.70,153,GOOD
rd_1982,ses_3307,2026-09-29T06:05:08.000Z,0.67,0.11,38.6,5.73,6.68,149,GOOD
rd_1983,ses_3307,2026-09-29T06:05:16.000Z,1.34,0.31,38.5,5.68,6.69,151,GOOD
rd_1984,ses_3307,2026-09-29T06:05:24.000Z,2.02,0.61,38.5,5.72,6.68,147,GOOD
rd_1985,ses_3307,2026-09-29T06:05:32.000Z,2.69,1.02,38.5,5.74,6.69,140,GOOD
rd_1986,ses_3307,2026-09-29T06:05:40.000Z,3.36,1.52,38.5,5.76,6.68,141,GOOD
rd_1987,ses_3307,2026-09-29T06:05:48.000Z,3.8,2.09,38.5,5.75,6.68,144,GOOD
rd_1988,ses_3307,2026-09-29T06:05:56.000Z,3.95,2.68,38.5,5.69,6.69,151,GOOD
rd_1989,ses_3307,2026-09-29T06:06:04.000Z,3.87,3.26,38.5,5.69,6.68,139,GOOD
rd_1990,ses_3307,2026-09-29T06:06:12.000Z,3.92,3.85,38.5,5.71,6.70,141,GOOD
rd_1991,ses_3307,2026-09-29T06:06:20.000Z,3.92,4.44,38.5,5.73,6.68,138,GOOD
rd_1992,ses_3307,2026-09-29T06:06:28.000Z,3.86,5.02,38.6,5.70,6.71,150,GOOD
rd_1993,ses_3307,2026-09-29T06:06:36.000Z,3.93,5.61,38.4,5.72,6.68,146,GOOD
rd_1994,ses_3307,2026-09-29T06:06:44.000Z,4.04,6.21,38.4,5.75,6.67,152,GOOD
rd_1995,ses_3307,2026-09-29T06:06:52.000Z,3.9,6.80,38.4,5.73,6.69,145,GOOD
rd_1996,ses_3307,2026-09-29T06:07:00.000Z,3.85,7.38,38.5,5.74,6.70,148,GOOD
rd_1997,ses_3307,2026-09-29T06:07:08.000Z,3.98,7.97,38.5,5.72,6.67,144,GOOD
rd_1998,ses_3307,2026-09-29T06:07:16.000Z,3.91,8.56,38.6,5.72,6.69,148,GOOD
rd_1999,ses_3307,2026-09-29T06:07:24.000Z,3.76,9.12,38.5,5.74,6.68,151,GOOD
rd_2000,ses_3307,2026-09-29T06:07:32.000Z,3.88,9.71,38.4,5.75,6.69,147,GOOD
rd_2001,ses_3307,2026-09-29T06:07:40.000Z,3.79,10.27,38.5,5.72,6.70,148,GOOD
rd_2002,ses_3307,2026-09-29T06:07:48.000Z,3.59,10.81,38.5,5.72,6.67,140,GOOD
rd_2003,ses_3307,2026-09-29T06:07:56.000Z,3.14,11.28,38.4,5.70,6.70,140,GOOD
rd_2004,ses_3307,2026-09-29T06:08:04.000Z,2.69,11.69,38.6,5.75,6.68,152,GOOD
rd_2005,ses_3307,2026-09-29T06:08:12.000Z,2.24,12.02,38.5,5.76,6.69,139,GOOD
rd_2006,ses_3307,2026-09-29T06:08:20.000Z,1.79,12.29,38.5,5.70,6.69,150,GOOD
rd_2007,ses_3307,2026-09-29T06:08:28.000Z,1.34,12.49,38.5,5.72,6.68,147,GOOD
rd_2008,ses_3307,2026-09-29T06:08:36.000Z,0.9,12.63,38.6,5.72,6.69,144,GOOD
rd_2009,ses_3307,2026-09-29T06:08:44.000Z,0.45,12.69,38.6,5.75,6.71,141,GOOD
rd_2010,ses_3307,2026-09-29T06:08:52.000Z,0.05,12.70,38.4,5.71,6.70,145,GOOD
rd_2011,ses_3308,2026-09-29T06:45:00.000Z,0.05,0.01,38.6,5.57,6.62,156,GOOD
rd_2012,ses_3308,2026-09-29T06:45:08.000Z,0.58,0.09,38.7,5.57,6.61,144,GOOD
rd_2013,ses_3308,2026-09-29T06:45:16.000Z,1.15,0.27,38.8,5.56,6.62,155,GOOD
rd_2014,ses_3308,2026-09-29T06:45:24.000Z,1.73,0.53,38.7,5.53,6.62,155,GOOD
rd_2015,ses_3308,2026-09-29T06:45:32.000Z,2.3,0.87,38.8,5.57,6.61,152,GOOD
rd_2016,ses_3308,2026-09-29T06:45:40.000Z,2.88,1.30,38.6,5.51,6.64,154,GOOD
rd_2017,ses_3308,2026-09-29T06:45:48.000Z,3.43,1.82,38.8,5.51,6.65,152,GOOD
rd_2018,ses_3308,2026-09-29T06:45:56.000Z,3.22,2.30,38.8,5.55,6.64,147,GOOD
rd_2019,ses_3308,2026-09-29T06:46:04.000Z,3.28,2.79,38.7,5.53,6.64,144,GOOD
rd_2020,ses_3308,2026-09-29T06:46:12.000Z,3.26,3.28,38.7,5.57,6.64,155,GOOD
rd_2021,ses_3308,2026-09-29T06:46:20.000Z,3.36,3.79,38.6,5.57,6.62,154,GOOD
rd_2022,ses_3308,2026-09-29T06:46:28.000Z,3.25,4.27,38.7,5.55,6.64,149,GOOD
rd_2023,ses_3308,2026-09-29T06:46:36.000Z,3.24,4.76,38.8,5.57,6.63,153,GOOD
rd_2024,ses_3308,2026-09-29T06:46:44.000Z,3.22,5.24,38.8,5.51,6.65,145,GOOD
rd_2025,ses_3308,2026-09-29T06:46:52.000Z,3.41,5.75,38.7,5.51,6.63,156,GOOD
rd_2026,ses_3308,2026-09-29T06:47:00.000Z,3.32,6.25,38.6,5.52,6.64,158,GOOD
rd_2027,ses_3308,2026-09-29T06:47:08.000Z,3.3,6.75,38.7,5.57,6.62,145,GOOD
rd_2028,ses_3308,2026-09-29T06:47:16.000Z,3.38,7.25,38.7,5.57,6.64,152,GOOD
rd_2029,ses_3308,2026-09-29T06:47:24.000Z,3.37,7.76,38.6,5.53,6.62,145,GOOD
rd_2030,ses_3308,2026-09-29T06:47:32.000Z,3.32,8.26,38.6,5.56,6.65,145,GOOD
rd_2031,ses_3308,2026-09-29T06:47:40.000Z,3.44,8.77,38.7,5.54,6.62,149,GOOD
rd_2032,ses_3308,2026-09-29T06:47:48.000Z,3.07,9.23,38.7,5.55,6.64,143,GOOD
rd_2033,ses_3308,2026-09-29T06:47:56.000Z,2.69,9.64,38.7,5.58,6.63,157,GOOD
rd_2034,ses_3308,2026-09-29T06:48:04.000Z,2.3,9.98,38.7,5.56,6.63,150,GOOD
rd_2035,ses_3308,2026-09-29T06:48:12.000Z,1.92,10.27,38.8,5.52,6.64,149,GOOD
rd_2036,ses_3308,2026-09-29T06:48:20.000Z,1.54,10.50,38.6,5.55,6.64,145,GOOD
rd_2037,ses_3308,2026-09-29T06:48:28.000Z,1.15,10.67,38.6,5.56,6.64,143,GOOD
rd_2038,ses_3308,2026-09-29T06:48:36.000Z,0.77,10.79,38.7,5.50,6.62,149,GOOD
rd_2039,ses_3308,2026-09-29T06:48:44.000Z,0.38,10.85,38.7,5.51,6.62,144,GOOD
rd_2040,ses_3308,2026-09-29T06:48:52.000Z,0.05,10.85,38.8,5.55,6.64,148,GOOD
rd_2041,ses_3309,2026-09-29T06:50:00.000Z,0.05,0.01,38.5,5.63,6.63,162,GOOD
rd_2042,ses_3309,2026-09-29T06:50:08.000Z,0.64,0.10,38.5,5.65,6.63,155,GOOD
rd_2043,ses_3309,2026-09-29T06:50:16.000Z,1.28,0.30,38.3,5.63,6.64,152,GOOD
rd_2044,ses_3309,2026-09-29T06:50:24.000Z,1.92,0.58,38.4,5.63,6.63,152,GOOD
rd_2045,ses_3309,2026-09-29T06:50:32.000Z,2.57,0.97,38.4,5.66,6.61,155,GOOD
rd_2046,ses_3309,2026-09-29T06:50:40.000Z,3.21,1.45,38.3,5.65,6.63,156,GOOD
rd_2047,ses_3309,2026-09-29T06:50:48.000Z,3.75,2.01,38.5,5.66,6.61,158,GOOD
rd_2048,ses_3309,2026-09-29T06:50:56.000Z,3.82,2.59,38.5,5.62,6.63,153,GOOD
rd_2049,ses_3309,2026-09-29T06:51:04.000Z,3.71,3.14,38.5,5.63,6.62,153,GOOD
rd_2050,ses_3309,2026-09-29T06:51:12.000Z,3.73,3.70,38.4,5.62,6.61,154,GOOD
rd_2051,ses_3309,2026-09-29T06:51:20.000Z,3.59,4.24,38.4,5.65,6.62,168,GOOD
rd_2052,ses_3309,2026-09-29T06:51:28.000Z,3.76,4.80,38.5,5.61,6.63,167,GOOD
rd_2053,ses_3309,2026-09-29T06:51:36.000Z,3.68,5.36,38.4,5.62,6.63,154,GOOD
rd_2054,ses_3309,2026-09-29T06:51:44.000Z,3.71,5.91,38.5,5.65,6.64,156,GOOD
rd_2055,ses_3309,2026-09-29T06:51:52.000Z,3.83,6.49,38.4,5.64,6.62,163,GOOD
rd_2056,ses_3309,2026-09-29T06:52:00.000Z,3.79,7.06,38.3,5.61,6.63,153,GOOD
rd_2057,ses_3309,2026-09-29T06:52:08.000Z,3.69,7.61,38.3,5.62,6.64,162,GOOD
rd_2058,ses_3309,2026-09-29T06:52:16.000Z,3.72,8.17,38.4,5.64,6.64,158,GOOD
rd_2059,ses_3309,2026-09-29T06:52:24.000Z,3.81,8.74,38.4,5.59,6.61,153,GOOD
rd_2060,ses_3309,2026-09-29T06:52:32.000Z,3.7,9.29,38.4,5.61,6.64,156,GOOD
rd_2061,ses_3309,2026-09-29T06:52:40.000Z,3.59,9.83,38.3,5.61,6.65,155,GOOD
rd_2062,ses_3309,2026-09-29T06:52:48.000Z,3.42,10.35,38.5,5.63,6.61,154,GOOD
rd_2063,ses_3309,2026-09-29T06:52:56.000Z,2.99,10.79,38.5,5.66,6.62,166,GOOD
rd_2064,ses_3309,2026-09-29T06:53:04.000Z,2.57,11.18,38.3,5.61,6.62,167,GOOD
rd_2065,ses_3309,2026-09-29T06:53:12.000Z,2.14,11.50,38.3,5.62,6.62,161,GOOD
rd_2066,ses_3309,2026-09-29T06:53:20.000Z,1.71,11.76,38.3,5.62,6.62,155,GOOD
rd_2067,ses_3309,2026-09-29T06:53:28.000Z,1.28,11.95,38.4,5.60,6.62,166,GOOD
rd_2068,ses_3309,2026-09-29T06:53:36.000Z,0.86,12.08,38.4,5.63,6.61,158,GOOD
rd_2069,ses_3309,2026-09-29T06:53:44.000Z,0.43,12.14,38.5,5.62,6.62,166,GOOD
rd_2070,ses_3309,2026-09-29T06:53:52.000Z,0.05,12.15,38.3,5.65,6.64,161,GOOD
rd_2071,ses_3310,2026-09-29T06:14:00.000Z,0.05,0.01,38.6,5.49,6.67,90,GOOD
rd_2072,ses_3310,2026-09-29T06:14:08.000Z,0.71,0.11,38.6,5.47,6.68,95,GOOD
rd_2073,ses_3310,2026-09-29T06:14:16.000Z,1.41,0.33,38.6,5.50,6.69,98,GOOD
rd_2074,ses_3310,2026-09-29T06:14:24.000Z,2.12,0.64,38.6,5.45,6.66,103,GOOD
rd_2075,ses_3310,2026-09-29T06:14:32.000Z,2.83,1.07,38.6,5.45,6.67,90,GOOD
rd_2076,ses_3310,2026-09-29T06:14:40.000Z,3.53,1.60,38.4,5.49,6.68,101,GOOD
rd_2077,ses_3310,2026-09-29T06:14:48.000Z,4.01,2.20,38.6,5.49,6.66,99,GOOD
rd_2078,ses_3310,2026-09-29T06:14:56.000Z,4.22,2.83,38.4,5.48,6.65,98,GOOD
rd_2079,ses_3310,2026-09-29T06:15:04.000Z,4.2,3.46,38.5,5.48,6.66,102,GOOD
rd_2080,ses_3310,2026-09-29T06:15:12.000Z,4.16,4.09,38.4,5.44,6.67,89,GOOD
rd_2081,ses_3310,2026-09-29T06:15:20.000Z,4.17,4.71,38.5,5.47,6.69,103,GOOD
rd_2082,ses_3310,2026-09-29T06:15:28.000Z,3.96,5.31,38.5,5.43,6.69,90,GOOD
rd_2083,ses_3310,2026-09-29T06:15:36.000Z,4.2,5.94,38.6,5.44,6.67,89,GOOD
rd_2084,ses_3310,2026-09-29T06:15:44.000Z,4.13,6.55,38.5,5.42,6.68,98,GOOD
rd_2085,ses_3310,2026-09-29T06:15:52.000Z,3.98,7.15,38.6,5.44,6.65,101,GOOD
rd_2086,ses_3310,2026-09-29T06:16:00.000Z,3.95,7.74,38.5,5.49,6.66,98,GOOD
rd_2087,ses_3310,2026-09-29T06:16:08.000Z,3.99,8.34,38.6,5.49,6.66,92,GOOD
rd_2088,ses_3310,2026-09-29T06:16:16.000Z,4.12,8.96,38.6,5.46,6.69,103,GOOD
rd_2089,ses_3310,2026-09-29T06:16:24.000Z,4.19,9.59,38.4,5.43,6.66,95,GOOD
rd_2090,ses_3310,2026-09-29T06:16:32.000Z,4.14,10.21,38.5,5.43,6.66,97,GOOD
rd_2091,ses_3310,2026-09-29T06:16:40.000Z,4.1,10.83,38.6,5.43,6.65,90,GOOD
rd_2092,ses_3310,2026-09-29T06:16:48.000Z,3.77,11.39,38.5,5.43,6.67,98,GOOD
rd_2093,ses_3310,2026-09-29T06:16:56.000Z,3.3,11.89,38.5,5.46,6.68,99,GOOD
rd_2094,ses_3310,2026-09-29T06:17:04.000Z,2.83,12.31,38.4,5.43,6.66,95,GOOD
rd_2095,ses_3310,2026-09-29T06:17:12.000Z,2.36,12.66,38.5,5.45,6.67,89,GOOD
rd_2096,ses_3310,2026-09-29T06:17:20.000Z,1.89,12.95,38.4,5.48,6.65,98,GOOD
rd_2097,ses_3310,2026-09-29T06:17:28.000Z,1.41,13.16,38.4,5.45,6.68,103,GOOD
rd_2098,ses_3310,2026-09-29T06:17:36.000Z,0.94,13.30,38.4,5.50,6.67,97,GOOD
rd_2099,ses_3310,2026-09-29T06:17:44.000Z,0.47,13.37,38.4,5.46,6.66,96,GOOD
rd_2100,ses_3310,2026-09-29T06:17:52.000Z,0.05,13.38,38.5,5.49,6.68,92,GOOD
rd_2101,ses_3311,2026-09-29T07:14:00.000Z,0.05,0.01,38.8,5.64,6.61,104,GOOD
rd_2102,ses_3311,2026-09-29T07:14:08.000Z,0.59,0.10,38.8,5.58,6.60,100,GOOD
rd_2103,ses_3311,2026-09-29T07:14:16.000Z,1.18,0.27,38.7,5.66,6.61,107,GOOD
rd_2104,ses_3311,2026-09-29T07:14:24.000Z,1.77,0.54,38.7,5.66,6.60,109,GOOD
rd_2105,ses_3311,2026-09-29T07:14:32.000Z,2.36,0.89,38.6,5.64,6.61,102,GOOD
rd_2106,ses_3311,2026-09-29T07:14:40.000Z,2.95,1.33,38.7,5.59,6.59,100,GOOD
rd_2107,ses_3311,2026-09-29T07:14:48.000Z,3.33,1.83,38.7,5.63,6.59,107,GOOD
rd_2108,ses_3311,2026-09-29T07:14:56.000Z,3.45,2.35,38.7,5.62,6.60,105,GOOD
rd_2109,ses_3311,2026-09-29T07:15:04.000Z,3.33,2.85,38.7,5.61,6.60,107,GOOD
rd_2110,ses_3311,2026-09-29T07:15:12.000Z,3.35,3.35,38.7,5.66,6.60,101,GOOD
rd_2111,ses_3311,2026-09-29T07:15:20.000Z,3.56,3.89,38.7,5.65,6.62,101,GOOD
rd_2112,ses_3311,2026-09-29T07:15:28.000Z,3.34,4.39,38.7,5.62,6.60,103,GOOD
rd_2113,ses_3311,2026-09-29T07:15:36.000Z,3.37,4.89,38.7,5.65,6.61,98,GOOD
rd_2114,ses_3311,2026-09-29T07:15:44.000Z,3.4,5.40,38.8,5.58,6.59,97,GOOD
rd_2115,ses_3311,2026-09-29T07:15:52.000Z,3.53,5.93,38.7,5.64,6.62,103,GOOD
rd_2116,ses_3311,2026-09-29T07:16:00.000Z,3.44,6.45,38.8,5.58,6.61,109,GOOD
rd_2117,ses_3311,2026-09-29T07:16:08.000Z,3.4,6.96,38.7,5.61,6.60,111,GOOD
rd_2118,ses_3311,2026-09-29T07:16:16.000Z,3.42,7.47,38.8,5.66,6.62,101,GOOD
rd_2119,ses_3311,2026-09-29T07:16:24.000Z,3.51,8.00,38.7,5.65,6.61,101,GOOD
rd_2120,ses_3311,2026-09-29T07:16:32.000Z,3.5,8.52,38.6,5.66,6.59,107,GOOD
rd_2121,ses_3311,2026-09-29T07:16:40.000Z,3.35,9.03,38.7,5.63,6.60,102,GOOD
rd_2122,ses_3311,2026-09-29T07:16:48.000Z,3.14,9.50,38.7,5.59,6.63,101,GOOD
rd_2123,ses_3311,2026-09-29T07:16:56.000Z,2.75,9.91,38.7,5.64,6.60,108,GOOD
rd_2124,ses_3311,2026-09-29T07:17:04.000Z,2.36,10.26,38.7,5.64,6.61,104,GOOD
rd_2125,ses_3311,2026-09-29T07:17:12.000Z,1.97,10.56,38.6,5.60,6.61,99,GOOD
rd_2126,ses_3311,2026-09-29T07:17:20.000Z,1.57,10.80,38.8,5.59,6.60,107,GOOD
rd_2127,ses_3311,2026-09-29T07:17:28.000Z,1.18,10.97,38.8,5.62,6.62,106,GOOD
rd_2128,ses_3311,2026-09-29T07:17:36.000Z,0.79,11.09,38.8,5.66,6.60,102,GOOD
rd_2129,ses_3311,2026-09-29T07:17:44.000Z,0.39,11.15,38.8,5.59,6.62,102,GOOD
rd_2130,ses_3311,2026-09-29T07:17:52.000Z,0.05,11.16,38.7,5.62,6.60,110,GOOD
rd_2131,ses_3312,2026-09-29T06:59:00.000Z,0.05,0.01,38.7,5.63,6.63,106,GOOD
rd_2132,ses_3312,2026-09-29T06:59:08.000Z,0.64,0.10,38.6,5.69,6.64,104,GOOD
rd_2133,ses_3312,2026-09-29T06:59:16.000Z,1.28,0.30,38.6,5.69,6.64,107,GOOD
rd_2134,ses_3312,2026-09-29T06:59:24.000Z,1.92,0.58,38.6,5.64,6.64,109,GOOD
rd_2135,ses_3312,2026-09-29T06:59:32.000Z,2.57,0.97,38.6,5.63,6.62,111,GOOD
rd_2136,ses_3312,2026-09-29T06:59:40.000Z,3.21,1.45,38.7,5.63,6.63,105,GOOD
rd_2137,ses_3312,2026-09-29T06:59:48.000Z,3.69,2.00,38.6,5.66,6.63,115,GOOD
rd_2138,ses_3312,2026-09-29T06:59:56.000Z,3.86,2.58,38.6,5.67,6.63,116,GOOD
rd_2139,ses_3312,2026-09-29T07:00:04.000Z,3.7,3.14,38.6,5.66,6.62,114,GOOD
rd_2140,ses_3312,2026-09-29T07:00:12.000Z,3.81,3.71,38.7,5.65,6.65,115,GOOD
rd_2141,ses_3312,2026-09-29T07:00:20.000Z,3.82,4.28,38.6,5.63,6.63,116,GOOD
rd_2142,ses_3312,2026-09-29T07:00:28.000Z,3.62,4.83,38.7,5.68,6.63,111,GOOD
rd_2143,ses_3312,2026-09-29T07:00:36.000Z,3.81,5.40,38.5,5.66,6.64,115,GOOD
rd_2144,ses_3312,2026-09-29T07:00:44.000Z,3.61,5.94,38.6,5.66,6.62,108,GOOD
rd_2145,ses_3312,2026-09-29T07:00:52.000Z,3.59,6.48,38.6,5.66,6.61,105,GOOD
rd_2146,ses_3312,2026-09-29T07:01:00.000Z,3.82,7.05,38.6,5.68,6.61,111,GOOD
rd_2147,ses_3312,2026-09-29T07:01:08.000Z,3.63,7.59,38.6,5.68,6.63,109,GOOD
rd_2148,ses_3312,2026-09-29T07:01:16.000Z,3.57,8.13,38.7,5.64,6.61,111,GOOD
rd_2149,ses_3312,2026-09-29T07:01:24.000Z,3.66,8.68,38.7,5.64,6.62,110,GOOD
rd_2150,ses_3312,2026-09-29T07:01:32.000Z,3.58,9.22,38.7,5.66,6.62,119,GOOD
rd_2151,ses_3312,2026-09-29T07:01:40.000Z,3.71,9.77,38.5,5.63,6.63,107,GOOD
rd_2152,ses_3312,2026-09-29T07:01:48.000Z,3.42,10.29,38.6,5.65,6.64,114,GOOD
rd_2153,ses_3312,2026-09-29T07:01:56.000Z,2.99,10.73,38.5,5.68,6.63,105,GOOD
rd_2154,ses_3312,2026-09-29T07:02:04.000Z,2.57,11.12,38.6,5.65,6.64,116,GOOD
rd_2155,ses_3312,2026-09-29T07:02:12.000Z,2.14,11.44,38.7,5.65,6.62,114,GOOD
rd_2156,ses_3312,2026-09-29T07:02:20.000Z,1.71,11.70,38.6,5.62,6.61,113,GOOD
rd_2157,ses_3312,2026-09-29T07:02:28.000Z,1.28,11.89,38.7,5.63,6.63,118,GOOD
rd_2158,ses_3312,2026-09-29T07:02:36.000Z,0.86,12.02,38.5,5.62,6.62,105,GOOD
rd_2159,ses_3312,2026-09-29T07:02:44.000Z,0.43,12.08,38.5,5.69,6.63,107,GOOD
rd_2160,ses_3312,2026-09-29T07:02:52.000Z,0.05,12.09,38.6,5.65,6.65,105,GOOD
rd_2161,ses_3313,2026-09-29T06:44:00.000Z,0.05,0.01,38.5,5.52,6.71,120,GOOD
rd_2162,ses_3313,2026-09-29T06:44:08.000Z,0.7,0.11,38.4,5.52,6.71,122,GOOD
rd_2163,ses_3313,2026-09-29T06:44:16.000Z,1.41,0.32,38.5,5.52,6.71,115,GOOD
rd_2164,ses_3313,2026-09-29T06:44:24.000Z,2.11,0.64,38.4,5.53,6.70,116,GOOD
rd_2165,ses_3313,2026-09-29T06:44:32.000Z,2.81,1.06,38.5,5.55,6.69,115,GOOD
rd_2166,ses_3313,2026-09-29T06:44:40.000Z,3.52,1.59,38.5,5.53,6.72,110,GOOD
rd_2167,ses_3313,2026-09-29T06:44:48.000Z,3.95,2.18,38.4,5.55,6.70,113,GOOD
rd_2168,ses_3313,2026-09-29T06:44:56.000Z,4.02,2.79,38.5,5.49,6.71,109,GOOD
rd_2169,ses_3313,2026-09-29T06:45:04.000Z,3.99,3.38,38.5,5.56,6.71,110,GOOD
rd_2170,ses_3313,2026-09-29T06:45:12.000Z,4.05,3.99,38.4,5.56,6.69,123,GOOD
rd_2171,ses_3313,2026-09-29T06:45:20.000Z,3.97,4.59,38.6,5.56,6.72,111,GOOD
rd_2172,ses_3313,2026-09-29T06:45:28.000Z,4.05,5.19,38.5,5.52,6.71,117,GOOD
rd_2173,ses_3313,2026-09-29T06:45:36.000Z,4.01,5.80,38.6,5.51,6.69,108,GOOD
rd_2174,ses_3313,2026-09-29T06:45:44.000Z,3.94,6.39,38.5,5.56,6.69,123,GOOD
rd_2175,ses_3313,2026-09-29T06:45:52.000Z,4.01,6.99,38.6,5.53,6.71,116,GOOD
rd_2176,ses_3313,2026-09-29T06:46:00.000Z,4.22,7.62,38.6,5.50,6.70,116,GOOD
rd_2177,ses_3313,2026-09-29T06:46:08.000Z,4.18,8.25,38.6,5.53,6.70,124,GOOD
rd_2178,ses_3313,2026-09-29T06:46:16.000Z,4.17,8.87,38.4,5.54,6.69,111,GOOD
rd_2179,ses_3313,2026-09-29T06:46:24.000Z,4.03,9.48,38.6,5.52,6.71,113,GOOD
rd_2180,ses_3313,2026-09-29T06:46:32.000Z,4.1,10.09,38.5,5.49,6.70,114,GOOD
rd_2181,ses_3313,2026-09-29T06:46:40.000Z,4.16,10.72,38.5,5.51,6.69,121,GOOD
rd_2182,ses_3313,2026-09-29T06:46:48.000Z,3.75,11.28,38.5,5.55,6.70,116,GOOD
rd_2183,ses_3313,2026-09-29T06:46:56.000Z,3.28,11.77,38.6,5.52,6.70,117,GOOD
rd_2184,ses_3313,2026-09-29T06:47:04.000Z,2.81,12.19,38.5,5.51,6.72,120,GOOD
rd_2185,ses_3313,2026-09-29T06:47:12.000Z,2.34,12.54,38.6,5.57,6.70,115,GOOD
rd_2186,ses_3313,2026-09-29T06:47:20.000Z,1.88,12.83,38.4,5.52,6.69,124,GOOD
rd_2187,ses_3313,2026-09-29T06:47:28.000Z,1.41,13.04,38.5,5.55,6.68,123,GOOD
rd_2188,ses_3313,2026-09-29T06:47:36.000Z,0.94,13.18,38.6,5.55,6.71,118,GOOD
rd_2189,ses_3313,2026-09-29T06:47:44.000Z,0.47,13.25,38.5,5.50,6.70,120,GOOD
rd_2190,ses_3313,2026-09-29T06:47:52.000Z,0.05,13.26,38.6,5.49,6.70,111,GOOD
rd_2191,ses_3314,2026-09-29T06:56:00.000Z,0.05,0.01,38.7,5.58,6.61,119,GOOD
rd_2192,ses_3314,2026-09-29T06:56:08.000Z,0.61,0.10,38.7,5.59,6.64,128,GOOD
rd_2193,ses_3314,2026-09-29T06:56:16.000Z,1.22,0.28,38.8,5.63,6.61,115,GOOD
rd_2194,ses_3314,2026-09-29T06:56:24.000Z,1.83,0.56,38.8,5.57,6.60,120,GOOD
rd_2195,ses_3314,2026-09-29T06:56:32.000Z,2.44,0.92,38.8,5.61,6.62,126,GOOD
rd_2196,ses_3314,2026-09-29T06:56:40.000Z,3.05,1.38,38.8,5.64,6.61,127,GOOD
rd_2197,ses_3314,2026-09-29T06:56:48.000Z,3.67,1.93,38.7,5.62,6.63,123,GOOD
rd_2198,ses_3314,2026-09-29T06:56:56.000Z,3.65,2.48,38.7,5.61,6.61,123,GOOD
rd_2199,ses_3314,2026-09-29T06:57:04.000Z,3.59,3.02,38.7,5.63,6.63,123,GOOD
rd_2200,ses_3314,2026-09-29T06:57:12.000Z,3.69,3.57,38.6,5.62,6.60,126,GOOD
rd_2201,ses_3314,2026-09-29T06:57:20.000Z,3.55,4.10,38.6,5.62,6.60,122,GOOD
rd_2202,ses_3314,2026-09-29T06:57:28.000Z,3.41,4.61,38.8,5.57,6.62,125,GOOD
rd_2203,ses_3314,2026-09-29T06:57:36.000Z,3.64,5.16,38.7,5.58,6.62,126,GOOD
rd_2204,ses_3314,2026-09-29T06:57:44.000Z,3.41,5.67,38.7,5.59,6.62,118,GOOD
rd_2205,ses_3314,2026-09-29T06:57:52.000Z,3.5,6.20,38.7,5.61,6.64,123,GOOD
rd_2206,ses_3314,2026-09-29T06:58:00.000Z,3.46,6.72,38.7,5.59,6.60,127,GOOD
rd_2207,ses_3314,2026-09-29T06:58:08.000Z,3.52,7.24,38.8,5.60,6.62,124,GOOD
rd_2208,ses_3314,2026-09-29T06:58:16.000Z,3.46,7.76,38.8,5.62,6.61,123,GOOD
rd_2209,ses_3314,2026-09-29T06:58:24.000Z,3.5,8.29,38.8,5.59,6.61,123,GOOD
rd_2210,ses_3314,2026-09-29T06:58:32.000Z,3.4,8.80,38.7,5.63,6.63,124,GOOD
rd_2211,ses_3314,2026-09-29T06:58:40.000Z,3.52,9.33,38.7,5.61,6.60,125,GOOD
rd_2212,ses_3314,2026-09-29T06:58:48.000Z,3.26,9.81,38.7,5.59,6.64,117,GOOD
rd_2213,ses_3314,2026-09-29T06:58:56.000Z,2.85,10.24,38.8,5.63,6.62,118,GOOD
rd_2214,ses_3314,2026-09-29T06:59:04.000Z,2.44,10.61,38.7,5.62,6.61,121,GOOD
rd_2215,ses_3314,2026-09-29T06:59:12.000Z,2.03,10.91,38.7,5.62,6.62,127,GOOD
rd_2216,ses_3314,2026-09-29T06:59:20.000Z,1.63,11.16,38.7,5.62,6.64,117,GOOD
rd_2217,ses_3314,2026-09-29T06:59:28.000Z,1.22,11.34,38.8,5.62,6.60,128,GOOD
rd_2218,ses_3314,2026-09-29T06:59:36.000Z,0.81,11.46,38.8,5.64,6.60,128,GOOD
rd_2219,ses_3314,2026-09-29T06:59:44.000Z,0.41,11.52,38.7,5.63,6.60,119,GOOD
rd_2220,ses_3314,2026-09-29T06:59:52.000Z,0.05,11.53,38.8,5.57,6.62,122,GOOD
rd_2221,ses_3315,2026-09-29T06:07:00.000Z,0.05,0.01,38.6,5.48,6.65,122,GOOD
rd_2222,ses_3315,2026-09-29T06:07:08.000Z,0.68,0.11,38.6,5.49,6.62,111,GOOD
rd_2223,ses_3315,2026-09-29T06:07:16.000Z,1.35,0.31,38.5,5.50,6.65,125,GOOD
rd_2224,ses_3315,2026-09-29T06:07:24.000Z,2.03,0.62,38.7,5.49,6.66,119,GOOD
rd_2225,ses_3315,2026-09-29T06:07:32.000Z,2.7,1.02,38.5,5.52,6.65,122,GOOD
rd_2226,ses_3315,2026-09-29T06:07:40.000Z,3.38,1.53,38.6,5.47,6.63,120,GOOD
rd_2227,ses_3315,2026-09-29T06:07:48.000Z,3.87,2.11,38.5,5.53,6.65,111,GOOD
rd_2228,ses_3315,2026-09-29T06:07:56.000Z,3.82,2.68,38.7,5.50,6.66,112,GOOD
rd_2229,ses_3315,2026-09-29T06:08:04.000Z,3.9,3.27,38.5,5.54,6.63,119,GOOD
rd_2230,ses_3315,2026-09-29T06:08:12.000Z,3.99,3.87,38.6,5.53,6.64,113,GOOD
rd_2231,ses_3315,2026-09-29T06:08:20.000Z,3.97,4.46,38.6,5.51,6.63,115,GOOD
rd_2232,ses_3315,2026-09-29T06:08:28.000Z,3.82,5.03,38.6,5.49,6.62,114,GOOD
rd_2233,ses_3315,2026-09-29T06:08:36.000Z,4.06,5.64,38.7,5.54,6.64,117,GOOD
rd_2234,ses_3315,2026-09-29T06:08:44.000Z,3.81,6.21,38.6,5.49,6.63,120,GOOD
rd_2235,ses_3315,2026-09-29T06:08:52.000Z,3.87,6.80,38.6,5.52,6.63,113,GOOD
rd_2236,ses_3315,2026-09-29T06:09:00.000Z,3.94,7.39,38.7,5.52,6.63,117,GOOD
rd_2237,ses_3315,2026-09-29T06:09:08.000Z,4.02,7.99,38.6,5.49,6.64,114,GOOD
rd_2238,ses_3315,2026-09-29T06:09:16.000Z,3.92,8.58,38.5,5.49,6.64,109,GOOD
rd_2239,ses_3315,2026-09-29T06:09:24.000Z,3.89,9.16,38.7,5.48,6.65,117,GOOD
rd_2240,ses_3315,2026-09-29T06:09:32.000Z,3.81,9.73,38.6,5.54,6.63,125,GOOD
rd_2241,ses_3315,2026-09-29T06:09:40.000Z,3.89,10.32,38.5,5.48,6.63,114,GOOD
rd_2242,ses_3315,2026-09-29T06:09:48.000Z,3.6,10.86,38.6,5.49,6.63,110,GOOD
rd_2243,ses_3315,2026-09-29T06:09:56.000Z,3.15,11.33,38.7,5.53,6.62,125,GOOD
rd_2244,ses_3315,2026-09-29T06:10:04.000Z,2.7,11.73,38.5,5.49,6.63,111,GOOD
rd_2245,ses_3315,2026-09-29T06:10:12.000Z,2.25,12.07,38.7,5.50,6.63,122,GOOD
rd_2246,ses_3315,2026-09-29T06:10:20.000Z,1.8,12.34,38.7,5.50,6.62,122,GOOD
rd_2247,ses_3315,2026-09-29T06:10:28.000Z,1.35,12.54,38.7,5.49,6.66,110,GOOD
rd_2248,ses_3315,2026-09-29T06:10:36.000Z,0.9,12.68,38.6,5.54,6.66,119,GOOD
rd_2249,ses_3315,2026-09-29T06:10:44.000Z,0.45,12.75,38.7,5.50,6.65,111,GOOD
rd_2250,ses_3315,2026-09-29T06:10:52.000Z,0.05,12.75,38.5,5.51,6.63,116,GOOD
rd_2251,ses_3316,2026-09-29T06:00:00.000Z,0.05,0.01,38.6,5.59,6.63,118,GOOD
rd_2252,ses_3316,2026-09-29T06:00:08.000Z,0.58,0.09,38.6,5.55,6.60,130,GOOD
rd_2253,ses_3316,2026-09-29T06:00:16.000Z,1.15,0.27,38.6,5.57,6.62,127,GOOD
rd_2254,ses_3316,2026-09-29T06:00:24.000Z,1.73,0.53,38.6,5.54,6.62,129,GOOD
rd_2255,ses_3316,2026-09-29T06:00:32.000Z,2.3,0.87,38.6,5.57,6.64,131,GOOD
rd_2256,ses_3316,2026-09-29T06:00:40.000Z,2.88,1.30,38.5,5.56,6.62,119,GOOD
rd_2257,ses_3316,2026-09-29T06:00:48.000Z,3.4,1.81,38.6,5.61,6.61,128,GOOD
rd_2258,ses_3316,2026-09-29T06:00:56.000Z,3.27,2.30,38.6,5.60,6.61,127,GOOD
rd_2259,ses_3316,2026-09-29T06:01:04.000Z,3.19,2.78,38.6,5.62,6.64,126,GOOD
rd_2260,ses_3316,2026-09-29T06:01:12.000Z,3.39,3.29,38.6,5.56,6.61,133,GOOD
rd_2261,ses_3316,2026-09-29T06:01:20.000Z,3.2,3.77,38.5,5.60,6.62,124,GOOD
rd_2262,ses_3316,2026-09-29T06:01:28.000Z,3.35,4.27,38.6,5.60,6.62,124,GOOD
rd_2263,ses_3316,2026-09-29T06:01:36.000Z,3.43,4.79,38.6,5.60,6.63,132,GOOD
rd_2264,ses_3316,2026-09-29T06:01:44.000Z,3.36,5.29,38.6,5.61,6.64,123,GOOD
rd_2265,ses_3316,2026-09-29T06:01:52.000Z,3.32,5.79,38.6,5.60,6.61,126,GOOD
rd_2266,ses_3316,2026-09-29T06:02:00.000Z,3.29,6.28,38.7,5.59,6.63,120,GOOD
rd_2267,ses_3316,2026-09-29T06:02:08.000Z,3.4,6.79,38.7,5.62,6.60,126,GOOD
rd_2268,ses_3316,2026-09-29T06:02:16.000Z,3.38,7.30,38.6,5.55,6.61,131,GOOD
rd_2269,ses_3316,2026-09-29T06:02:24.000Z,3.24,7.79,38.6,5.60,6.61,131,GOOD
rd_2270,ses_3316,2026-09-29T06:02:32.000Z,3.3,8.28,38.6,5.61,6.63,125,GOOD
rd_2271,ses_3316,2026-09-29T06:02:40.000Z,3.22,8.76,38.6,5.58,6.61,125,GOOD
rd_2272,ses_3316,2026-09-29T06:02:48.000Z,3.07,9.22,38.6,5.56,6.62,125,GOOD
rd_2273,ses_3316,2026-09-29T06:02:56.000Z,2.69,9.63,38.6,5.59,6.63,131,GOOD
rd_2274,ses_3316,2026-09-29T06:03:04.000Z,2.3,9.97,38.6,5.60,6.63,126,GOOD
rd_2275,ses_3316,2026-09-29T06:03:12.000Z,1.92,10.26,38.7,5.60,6.63,132,GOOD
rd_2276,ses_3316,2026-09-29T06:03:20.000Z,1.54,10.49,38.6,5.59,6.61,121,GOOD
rd_2277,ses_3316,2026-09-29T06:03:28.000Z,1.15,10.66,38.5,5.56,6.63,126,GOOD
rd_2278,ses_3316,2026-09-29T06:03:36.000Z,0.77,10.78,38.7,5.61,6.63,128,GOOD
rd_2279,ses_3316,2026-09-29T06:03:44.000Z,0.38,10.84,38.7,5.59,6.62,133,GOOD
rd_2280,ses_3316,2026-09-29T06:03:52.000Z,0.05,10.85,38.5,5.57,6.60,129,GOOD
rd_2281,ses_3317,2026-09-29T06:39:00.000Z,0.05,0.01,38.6,5.69,6.67,136,GOOD
rd_2282,ses_3317,2026-09-29T06:39:08.000Z,0.64,0.10,38.7,5.67,6.66,147,GOOD
rd_2283,ses_3317,2026-09-29T06:39:16.000Z,1.29,0.30,38.6,5.73,6.63,139,GOOD
rd_2284,ses_3317,2026-09-29T06:39:24.000Z,1.93,0.59,38.7,5.69,6.65,141,GOOD
rd_2285,ses_3317,2026-09-29T06:39:32.000Z,2.57,0.97,38.6,5.69,6.67,144,GOOD
rd_2286,ses_3317,2026-09-29T06:39:40.000Z,3.22,1.46,38.7,5.73,6.64,146,GOOD
rd_2287,ses_3317,2026-09-29T06:39:48.000Z,3.77,2.02,38.7,5.70,6.64,136,GOOD
rd_2288,ses_3317,2026-09-29T06:39:56.000Z,3.75,2.58,38.7,5.66,6.65,135,GOOD
rd_2289,ses_3317,2026-09-29T06:40:04.000Z,3.75,3.15,38.7,5.73,6.67,136,GOOD
rd_2290,ses_3317,2026-09-29T06:40:12.000Z,3.7,3.70,38.6,5.71,6.65,145,GOOD
rd_2291,ses_3317,2026-09-29T06:40:20.000Z,3.68,4.25,38.6,5.71,6.65,138,GOOD
rd_2292,ses_3317,2026-09-29T06:40:28.000Z,3.71,4.81,38.6,5.73,6.66,137,GOOD
rd_2293,ses_3317,2026-09-29T06:40:36.000Z,3.67,5.36,38.7,5.72,6.63,136,GOOD
rd_2294,ses_3317,2026-09-29T06:40:44.000Z,3.86,5.94,38.7,5.72,6.64,148,GOOD
rd_2295,ses_3317,2026-09-29T06:40:52.000Z,3.84,6.51,38.8,5.69,6.66,139,GOOD
rd_2296,ses_3317,2026-09-29T06:41:00.000Z,3.85,7.09,38.7,5.71,6.65,133,GOOD
rd_2297,ses_3317,2026-09-29T06:41:08.000Z,3.78,7.66,38.7,5.71,6.66,141,GOOD
rd_2298,ses_3317,2026-09-29T06:41:16.000Z,3.85,8.24,38.8,5.69,6.66,149,GOOD
rd_2299,ses_3317,2026-09-29T06:41:24.000Z,3.82,8.81,38.8,5.70,6.66,144,GOOD
rd_2300,ses_3317,2026-09-29T06:41:32.000Z,3.61,9.35,38.7,5.70,6.67,142,GOOD
rd_2301,ses_3317,2026-09-29T06:41:40.000Z,3.82,9.92,38.6,5.71,6.64,141,GOOD
rd_2302,ses_3317,2026-09-29T06:41:48.000Z,3.43,10.44,38.8,5.69,6.65,148,GOOD
rd_2303,ses_3317,2026-09-29T06:41:56.000Z,3,10.89,38.7,5.71,6.67,148,GOOD
rd_2304,ses_3317,2026-09-29T06:42:04.000Z,2.57,11.27,38.8,5.70,6.66,139,GOOD
rd_2305,ses_3317,2026-09-29T06:42:12.000Z,2.14,11.59,38.7,5.67,6.67,143,GOOD
rd_2306,ses_3317,2026-09-29T06:42:20.000Z,1.71,11.85,38.8,5.66,6.64,135,GOOD
rd_2307,ses_3317,2026-09-29T06:42:28.000Z,1.29,12.04,38.6,5.72,6.65,136,GOOD
rd_2308,ses_3317,2026-09-29T06:42:36.000Z,0.86,12.17,38.7,5.67,6.64,147,GOOD
rd_2309,ses_3317,2026-09-29T06:42:44.000Z,0.43,12.24,38.6,5.72,6.66,142,GOOD
rd_2310,ses_3317,2026-09-29T06:42:52.000Z,0.05,12.25,38.6,5.71,6.67,145,GOOD
rd_2311,ses_3318,2026-09-29T07:30:00.000Z,0.05,0.01,38.5,5.45,6.67,157,GOOD
rd_2312,ses_3318,2026-09-29T07:30:08.000Z,0.7,0.11,38.5,5.53,6.67,158,GOOD
rd_2313,ses_3318,2026-09-29T07:30:16.000Z,1.4,0.32,38.6,5.46,6.71,149,GOOD
rd_2314,ses_3318,2026-09-29T07:30:24.000Z,2.1,0.64,38.5,5.51,6.69,152,GOOD
rd_2315,ses_3318,2026-09-29T07:30:32.000Z,2.8,1.06,38.6,5.53,6.70,152,GOOD
rd_2316,ses_3318,2026-09-29T07:30:40.000Z,3.5,1.58,38.7,5.49,6.68,160,GOOD
rd_2317,ses_3318,2026-09-29T07:30:48.000Z,4.07,2.19,38.6,5.47,6.71,161,GOOD
rd_2318,ses_3318,2026-09-29T07:30:56.000Z,4.08,2.81,38.7,5.48,6.70,150,GOOD
rd_2319,ses_3318,2026-09-29T07:31:04.000Z,4.2,3.44,38.7,5.46,6.70,159,GOOD
rd_2320,ses_3318,2026-09-29T07:31:12.000Z,4.1,4.05,38.6,5.48,6.68,148,GOOD
rd_2321,ses_3318,2026-09-29T07:31:20.000Z,4.06,4.66,38.6,5.51,6.68,153,GOOD
rd_2322,ses_3318,2026-09-29T07:31:28.000Z,4.08,5.27,38.7,5.47,6.70,162,GOOD
rd_2323,ses_3318,2026-09-29T07:31:36.000Z,4.07,5.88,38.6,5.49,6.69,156,GOOD
rd_2324,ses_3318,2026-09-29T07:31:44.000Z,4.07,6.49,38.5,5.45,6.70,147,GOOD
rd_2325,ses_3318,2026-09-29T07:31:52.000Z,3.91,7.08,38.5,5.50,6.68,150,GOOD
rd_2326,ses_3318,2026-09-29T07:32:00.000Z,4.01,7.68,38.5,5.51,6.67,153,GOOD
rd_2327,ses_3318,2026-09-29T07:32:08.000Z,3.99,8.28,38.5,5.50,6.71,152,GOOD
rd_2328,ses_3318,2026-09-29T07:32:16.000Z,4.07,8.89,38.6,5.48,6.70,149,GOOD
rd_2329,ses_3318,2026-09-29T07:32:24.000Z,4.21,9.52,38.6,5.50,6.69,151,GOOD
rd_2330,ses_3318,2026-09-29T07:32:32.000Z,3.92,10.11,38.5,5.52,6.69,149,GOOD
rd_2331,ses_3318,2026-09-29T07:32:40.000Z,3.93,10.70,38.6,5.48,6.70,153,GOOD
rd_2332,ses_3318,2026-09-29T07:32:48.000Z,3.73,11.26,38.6,5.52,6.70,148,GOOD
rd_2333,ses_3318,2026-09-29T07:32:56.000Z,3.27,11.75,38.7,5.53,6.68,155,GOOD
rd_2334,ses_3318,2026-09-29T07:33:04.000Z,2.8,12.17,38.6,5.46,6.69,150,GOOD
rd_2335,ses_3318,2026-09-29T07:33:12.000Z,2.33,12.52,38.6,5.47,6.68,151,GOOD
rd_2336,ses_3318,2026-09-29T07:33:20.000Z,1.87,12.80,38.6,5.50,6.69,149,GOOD
rd_2337,ses_3318,2026-09-29T07:33:28.000Z,1.4,13.01,38.6,5.47,6.70,158,GOOD
rd_2338,ses_3318,2026-09-29T07:33:36.000Z,0.93,13.15,38.6,5.46,6.70,156,GOOD
rd_2339,ses_3318,2026-09-29T07:33:44.000Z,0.47,13.22,38.7,5.49,6.70,148,GOOD
rd_2340,ses_3318,2026-09-29T07:33:52.000Z,0.05,13.23,38.7,5.48,6.68,151,GOOD
rd_2341,ses_3319,2026-09-29T06:05:00.000Z,0.05,0.01,38.6,5.68,6.63,149,GOOD
rd_2342,ses_3319,2026-09-29T06:05:08.000Z,0.59,0.10,38.6,5.68,6.66,155,GOOD
rd_2343,ses_3319,2026-09-29T06:05:16.000Z,1.19,0.27,38.6,5.66,6.65,154,GOOD
rd_2344,ses_3319,2026-09-29T06:05:24.000Z,1.78,0.54,38.7,5.64,6.64,161,GOOD
rd_2345,ses_3319,2026-09-29T06:05:32.000Z,2.38,0.90,38.6,5.68,6.63,158,GOOD
rd_2346,ses_3319,2026-09-29T06:05:40.000Z,2.97,1.34,38.7,5.66,6.66,162,GOOD
rd_2347,ses_3319,2026-09-29T06:05:48.000Z,3.52,1.87,38.6,5.67,6.65,147,GOOD
rd_2348,ses_3319,2026-09-29T06:05:56.000Z,3.32,2.37,38.6,5.70,6.62,156,GOOD
rd_2349,ses_3319,2026-09-29T06:06:04.000Z,3.46,2.89,38.7,5.70,6.66,149,GOOD
rd_2350,ses_3319,2026-09-29T06:06:12.000Z,3.52,3.42,38.6,5.68,6.64,154,GOOD
rd_2351,ses_3319,2026-09-29T06:06:20.000Z,3.49,3.94,38.5,5.65,6.64,149,GOOD
rd_2352,ses_3319,2026-09-29T06:06:28.000Z,3.57,4.48,38.6,5.71,6.63,149,GOOD
rd_2353,ses_3319,2026-09-29T06:06:36.000Z,3.44,4.99,38.5,5.66,6.64,147,GOOD
rd_2354,ses_3319,2026-09-29T06:06:44.000Z,3.44,5.51,38.7,5.69,6.65,152,GOOD
rd_2355,ses_3319,2026-09-29T06:06:52.000Z,3.42,6.02,38.5,5.65,6.66,149,GOOD
rd_2356,ses_3319,2026-09-29T06:07:00.000Z,3.52,6.55,38.6,5.65,6.62,158,GOOD
rd_2357,ses_3319,2026-09-29T06:07:08.000Z,3.56,7.08,38.6,5.70,6.63,160,GOOD
rd_2358,ses_3319,2026-09-29T06:07:16.000Z,3.56,7.62,38.5,5.69,6.66,151,GOOD
rd_2359,ses_3319,2026-09-29T06:07:24.000Z,3.55,8.15,38.7,5.67,6.63,155,GOOD
rd_2360,ses_3319,2026-09-29T06:07:32.000Z,3.32,8.65,38.6,5.65,6.63,157,GOOD
rd_2361,ses_3319,2026-09-29T06:07:40.000Z,3.44,9.16,38.5,5.70,6.65,160,GOOD
rd_2362,ses_3319,2026-09-29T06:07:48.000Z,3.17,9.64,38.6,5.69,6.62,159,GOOD
rd_2363,ses_3319,2026-09-29T06:07:56.000Z,2.78,10.06,38.6,5.65,6.62,150,GOOD
rd_2364,ses_3319,2026-09-29T06:08:04.000Z,2.38,10.41,38.6,5.63,6.64,162,GOOD
rd_2365,ses_3319,2026-09-29T06:08:12.000Z,1.98,10.71,38.7,5.64,6.65,156,GOOD
rd_2366,ses_3319,2026-09-29T06:08:20.000Z,1.59,10.95,38.5,5.70,6.65,150,GOOD
rd_2367,ses_3319,2026-09-29T06:08:28.000Z,1.19,11.13,38.6,5.65,6.65,151,GOOD
rd_2368,ses_3319,2026-09-29T06:08:36.000Z,0.79,11.25,38.6,5.64,6.64,151,GOOD
rd_2369,ses_3319,2026-09-29T06:08:44.000Z,0.4,11.31,38.6,5.63,6.66,162,GOOD
rd_2370,ses_3319,2026-09-29T06:08:52.000Z,0.05,11.31,38.6,5.67,6.65,158,GOOD
rd_2371,ses_3320,2026-09-29T06:10:00.000Z,0.05,0.01,38.6,5.41,6.67,98,GOOD
rd_2372,ses_3320,2026-09-29T06:10:08.000Z,0.65,0.11,38.6,5.39,6.66,99,GOOD
rd_2373,ses_3320,2026-09-29T06:10:16.000Z,1.3,0.30,38.5,5.43,6.69,95,GOOD
rd_2374,ses_3320,2026-09-29T06:10:24.000Z,1.96,0.59,38.5,5.41,6.69,93,GOOD
rd_2375,ses_3320,2026-09-29T06:10:32.000Z,2.61,0.99,38.5,5.45,6.68,95,GOOD
rd_2376,ses_3320,2026-09-29T06:10:40.000Z,3.26,1.47,38.7,5.40,6.66,102,GOOD
rd_2377,ses_3320,2026-09-29T06:10:48.000Z,3.68,2.03,38.6,5.43,6.67,105,GOOD
rd_2378,ses_3320,2026-09-29T06:10:56.000Z,3.89,2.61,38.6,5.44,6.67,105,GOOD
rd_2379,ses_3320,2026-09-29T06:11:04.000Z,3.67,3.16,38.6,5.38,6.67,91,GOOD
rd_2380,ses_3320,2026-09-29T06:11:12.000Z,3.86,3.74,38.5,5.40,6.65,105,GOOD
rd_2381,ses_3320,2026-09-29T06:11:20.000Z,3.79,4.31,38.6,5.42,6.66,107,GOOD
rd_2382,ses_3320,2026-09-29T06:11:28.000Z,3.85,4.89,38.6,5.45,6.69,95,GOOD
rd_2383,ses_3320,2026-09-29T06:11:36.000Z,3.82,5.46,38.6,5.43,6.67,103,GOOD
rd_2384,ses_3320,2026-09-29T06:11:44.000Z,3.86,6.04,38.6,5.45,6.65,99,GOOD
rd_2385,ses_3320,2026-09-29T06:11:52.000Z,3.88,6.62,38.6,5.38,6.67,104,GOOD
rd_2386,ses_3320,2026-09-29T06:12:00.000Z,3.74,7.18,38.7,5.44,6.67,95,GOOD
rd_2387,ses_3320,2026-09-29T06:12:08.000Z,3.65,7.73,38.6,5.46,6.66,100,GOOD
rd_2388,ses_3320,2026-09-29T06:12:16.000Z,3.76,8.29,38.5,5.40,6.69,91,GOOD
rd_2389,ses_3320,2026-09-29T06:12:24.000Z,3.92,8.88,38.6,5.39,6.66,95,GOOD
rd_2390,ses_3320,2026-09-29T06:12:32.000Z,3.7,9.43,38.6,5.45,6.69,97,GOOD
rd_2391,ses_3320,2026-09-29T06:12:40.000Z,3.85,10.01,38.7,5.41,6.68,107,GOOD
rd_2392,ses_3320,2026-09-29T06:12:48.000Z,3.48,10.53,38.6,5.40,6.68,101,GOOD
rd_2393,ses_3320,2026-09-29T06:12:56.000Z,3.04,10.99,38.5,5.40,6.67,101,GOOD
rd_2394,ses_3320,2026-09-29T06:13:04.000Z,2.61,11.38,38.6,5.44,6.65,101,GOOD
rd_2395,ses_3320,2026-09-29T06:13:12.000Z,2.17,11.71,38.7,5.44,6.67,104,GOOD
rd_2396,ses_3320,2026-09-29T06:13:20.000Z,1.74,11.97,38.6,5.39,6.67,92,GOOD
rd_2397,ses_3320,2026-09-29T06:13:28.000Z,1.3,12.16,38.7,5.40,6.67,101,GOOD
rd_2398,ses_3320,2026-09-29T06:13:36.000Z,0.87,12.29,38.7,5.45,6.67,96,GOOD
rd_2399,ses_3320,2026-09-29T06:13:44.000Z,0.43,12.36,38.5,5.41,6.67,107,GOOD
rd_2400,ses_3320,2026-09-29T06:13:52.000Z,0.05,12.37,38.6,5.43,6.69,92,GOOD
rd_2401,ses_3321,2026-09-29T06:11:00.000Z,0.05,0.01,38.7,6.18,6.80,179,GOOD
rd_2402,ses_3321,2026-09-29T06:11:08.000Z,0.71,0.11,38.7,6.19,6.80,179,GOOD
rd_2403,ses_3321,2026-09-29T06:11:16.000Z,1.42,0.33,38.8,6.14,6.82,181,GOOD
rd_2404,ses_3321,2026-09-29T06:11:24.000Z,2.13,0.65,38.7,6.21,6.82,168,GOOD
rd_2405,ses_3321,2026-09-29T06:11:32.000Z,2.83,1.07,38.6,6.18,6.81,181,GOOD
rd_2406,ses_3321,2026-09-29T06:11:40.000Z,3.54,1.60,38.6,6.19,6.81,168,GOOD
rd_2407,ses_3321,2026-09-29T06:11:48.000Z,4.12,2.22,38.8,6.18,6.82,176,GOOD
rd_2408,ses_3321,2026-09-29T06:11:56.000Z,4.08,2.83,38.6,6.14,6.82,167,GOOD
rd_2409,ses_3321,2026-09-29T06:12:04.000Z,4.05,3.44,38.8,6.13,6.81,170,GOOD
rd_2410,ses_3321,2026-09-29T06:12:12.000Z,4.16,4.06,38.8,6.17,6.82,172,GOOD
rd_2411,ses_3321,2026-09-29T06:12:20.000Z,4.21,4.69,38.7,6.14,6.79,167,GOOD
rd_2412,ses_3321,2026-09-29T06:12:28.000Z,3.98,5.29,38.7,6.19,6.82,178,GOOD
rd_2413,ses_3321,2026-09-29T06:12:36.000Z,4.15,5.91,38.7,6.20,6.82,169,GOOD
rd_2414,ses_3321,2026-09-29T06:12:44.000Z,4.19,6.54,38.7,6.19,6.83,180,GOOD
rd_2415,ses_3321,2026-09-29T06:12:52.000Z,4.12,7.16,38.6,6.14,6.83,173,GOOD
rd_2416,ses_3321,2026-09-29T06:13:00.000Z,4.05,7.77,38.8,6.17,6.82,175,GOOD
rd_2417,ses_3321,2026-09-29T06:13:08.000Z,4.17,8.39,38.8,6.14,6.79,169,GOOD
rd_2418,ses_3321,2026-09-29T06:13:16.000Z,4.05,9.00,38.8,6.19,6.80,171,GOOD
rd_2419,ses_3321,2026-09-29T06:13:24.000Z,4.2,9.63,38.7,6.17,6.79,182,GOOD
rd_2420,ses_3321,2026-09-29T06:13:32.000Z,4.06,10.24,38.6,6.18,6.82,168,GOOD
rd_2421,ses_3321,2026-09-29T06:13:40.000Z,4.25,10.88,38.7,6.19,6.81,181,GOOD
rd_2422,ses_3321,2026-09-29T06:13:48.000Z,3.78,11.45,38.6,6.16,6.80,170,GOOD
rd_2423,ses_3321,2026-09-29T06:13:56.000Z,3.31,11.94,38.8,6.16,6.83,177,GOOD
rd_2424,ses_3321,2026-09-29T06:14:04.000Z,2.83,12.37,38.7,6.19,6.81,168,GOOD
rd_2425,ses_3321,2026-09-29T06:14:12.000Z,2.36,12.72,38.8,6.19,6.79,166,GOOD
rd_2426,ses_3321,2026-09-29T06:14:20.000Z,1.89,13.00,38.7,6.14,6.82,172,GOOD
rd_2427,ses_3321,2026-09-29T06:14:28.000Z,1.42,13.22,38.7,6.15,6.80,170,GOOD
rd_2428,ses_3321,2026-09-29T06:14:36.000Z,0.94,13.36,38.7,6.14,6.83,173,GOOD
rd_2429,ses_3321,2026-09-29T06:14:44.000Z,0.47,13.43,38.6,6.15,6.81,172,GOOD
rd_2430,ses_3321,2026-09-29T06:14:52.000Z,0.05,13.44,38.6,6.17,6.81,180,GOOD
rd_2431,ses_3322,2026-09-29T06:04:00.000Z,0.05,0.01,38.7,6.32,6.76,182,GOOD
rd_2432,ses_3322,2026-09-29T06:04:08.000Z,0.62,0.10,38.8,6.32,6.74,174,GOOD
rd_2433,ses_3322,2026-09-29T06:04:16.000Z,1.24,0.29,38.8,6.32,6.74,173,GOOD
rd_2434,ses_3322,2026-09-29T06:04:24.000Z,1.86,0.57,38.7,6.32,6.72,179,GOOD
rd_2435,ses_3322,2026-09-29T06:04:32.000Z,2.48,0.94,38.8,6.33,6.72,187,GOOD
rd_2436,ses_3322,2026-09-29T06:04:40.000Z,3.1,1.40,38.8,6.28,6.74,178,GOOD
rd_2437,ses_3322,2026-09-29T06:04:48.000Z,3.47,1.92,38.8,6.34,6.74,179,GOOD
rd_2438,ses_3322,2026-09-29T06:04:56.000Z,3.69,2.48,38.9,6.32,6.73,183,GOOD
rd_2439,ses_3322,2026-09-29T06:05:04.000Z,3.64,3.02,38.9,6.27,6.72,184,GOOD
rd_2440,ses_3322,2026-09-29T06:05:12.000Z,3.71,3.58,38.8,6.31,6.76,189,GOOD
rd_2441,ses_3322,2026-09-29T06:05:20.000Z,3.47,4.10,38.8,6.33,6.74,186,GOOD
rd_2442,ses_3322,2026-09-29T06:05:28.000Z,3.68,4.65,38.8,6.29,6.73,177,GOOD
rd_2443,ses_3322,2026-09-29T06:05:36.000Z,3.74,5.21,38.8,6.33,6.75,182,GOOD
rd_2444,ses_3322,2026-09-29T06:05:44.000Z,3.47,5.73,38.8,6.29,6.76,188,GOOD
rd_2445,ses_3322,2026-09-29T06:05:52.000Z,3.68,6.29,38.9,6.29,6.73,174,GOOD
rd_2446,ses_3322,2026-09-29T06:06:00.000Z,3.73,6.84,38.8,6.31,6.73,178,GOOD
rd_2447,ses_3322,2026-09-29T06:06:08.000Z,3.6,7.38,38.8,6.33,6.76,183,GOOD
rd_2448,ses_3322,2026-09-29T06:06:16.000Z,3.5,7.91,38.8,6.28,6.72,187,GOOD
rd_2449,ses_3322,2026-09-29T06:06:24.000Z,3.68,8.46,38.8,6.33,6.74,184,GOOD
rd_2450,ses_3322,2026-09-29T06:06:32.000Z,3.5,8.99,38.8,6.33,6.75,183,GOOD
rd_2451,ses_3322,2026-09-29T06:06:40.000Z,3.69,9.54,38.8,6.28,6.74,180,GOOD
rd_2452,ses_3322,2026-09-29T06:06:48.000Z,3.31,10.04,38.7,6.33,6.72,180,GOOD
rd_2453,ses_3322,2026-09-29T06:06:56.000Z,2.9,10.47,38.8,6.28,6.72,178,GOOD
rd_2454,ses_3322,2026-09-29T06:07:04.000Z,2.48,10.84,38.8,6.29,6.74,187,GOOD
rd_2455,ses_3322,2026-09-29T06:07:12.000Z,2.07,11.15,38.8,6.26,6.73,175,GOOD
rd_2456,ses_3322,2026-09-29T06:07:20.000Z,1.66,11.40,38.8,6.30,6.73,184,GOOD
rd_2457,ses_3322,2026-09-29T06:07:28.000Z,1.24,11.59,38.8,6.32,6.75,183,GOOD
rd_2458,ses_3322,2026-09-29T06:07:36.000Z,0.83,11.71,38.9,6.27,6.75,184,GOOD
rd_2459,ses_3322,2026-09-29T06:07:44.000Z,0.41,11.78,38.9,6.33,6.73,182,GOOD
rd_2460,ses_3322,2026-09-29T06:07:52.000Z,0.05,11.78,38.8,6.33,6.76,178,GOOD
rd_2461,ses_3323,2026-09-29T07:26:00.000Z,0.05,0.01,38.9,6.09,6.76,188,GOOD
rd_2462,ses_3323,2026-09-29T07:26:08.000Z,0.67,0.11,39.0,6.10,6.76,185,GOOD
rd_2463,ses_3323,2026-09-29T07:26:16.000Z,1.35,0.31,38.9,6.04,6.77,191,GOOD
rd_2464,ses_3323,2026-09-29T07:26:24.000Z,2.02,0.61,39.0,6.10,6.74,178,GOOD
rd_2465,ses_3323,2026-09-29T07:26:32.000Z,2.7,1.02,38.9,6.03,6.74,180,GOOD
rd_2466,ses_3323,2026-09-29T07:26:40.000Z,3.37,1.52,39.0,6.03,6.77,184,GOOD
rd_2467,ses_3323,2026-09-29T07:26:48.000Z,3.92,2.11,38.9,6.04,6.76,178,GOOD
rd_2468,ses_3323,2026-09-29T07:26:56.000Z,4.06,2.72,38.8,6.04,6.78,192,GOOD
rd_2469,ses_3323,2026-09-29T07:27:04.000Z,4.05,3.33,39.0,6.09,6.77,189,GOOD
rd_2470,ses_3323,2026-09-29T07:27:12.000Z,3.93,3.92,38.9,6.10,6.74,180,GOOD
rd_2471,ses_3323,2026-09-29T07:27:20.000Z,4.06,4.53,38.9,6.06,6.76,180,GOOD
rd_2472,ses_3323,2026-09-29T07:27:28.000Z,3.91,5.11,39.0,6.07,6.75,190,GOOD
rd_2473,ses_3323,2026-09-29T07:27:36.000Z,3.88,5.70,39.0,6.06,6.78,188,GOOD
rd_2474,ses_3323,2026-09-29T07:27:44.000Z,3.77,6.26,38.9,6.11,6.76,184,GOOD
rd_2475,ses_3323,2026-09-29T07:27:52.000Z,4.04,6.87,38.8,6.05,6.77,184,GOOD
rd_2476,ses_3323,2026-09-29T07:28:00.000Z,3.91,7.45,38.9,6.09,6.76,187,GOOD
rd_2477,ses_3323,2026-09-29T07:28:08.000Z,3.88,8.04,39.0,6.06,6.75,190,GOOD
rd_2478,ses_3323,2026-09-29T07:28:16.000Z,3.82,8.61,39.0,6.08,6.74,182,GOOD
rd_2479,ses_3323,2026-09-29T07:28:24.000Z,3.89,9.19,39.0,6.06,6.77,178,GOOD
rd_2480,ses_3323,2026-09-29T07:28:32.000Z,3.88,9.77,38.8,6.05,6.76,191,GOOD
rd_2481,ses_3323,2026-09-29T07:28:40.000Z,3.79,10.34,38.9,6.04,6.77,182,GOOD
rd_2482,ses_3323,2026-09-29T07:28:48.000Z,3.6,10.88,38.9,6.09,6.77,187,GOOD
rd_2483,ses_3323,2026-09-29T07:28:56.000Z,3.15,11.36,39.0,6.05,6.75,190,GOOD
rd_2484,ses_3323,2026-09-29T07:29:04.000Z,2.7,11.76,39.0,6.09,6.76,178,GOOD
rd_2485,ses_3323,2026-09-29T07:29:12.000Z,2.25,12.10,38.8,6.06,6.74,181,GOOD
rd_2486,ses_3323,2026-09-29T07:29:20.000Z,1.8,12.37,39.0,6.10,6.75,192,GOOD
rd_2487,ses_3323,2026-09-29T07:29:28.000Z,1.35,12.57,38.8,6.11,6.76,181,GOOD
rd_2488,ses_3323,2026-09-29T07:29:36.000Z,0.9,12.71,38.8,6.08,6.78,189,GOOD
rd_2489,ses_3323,2026-09-29T07:29:44.000Z,0.45,12.77,38.9,6.04,6.77,180,GOOD
rd_2490,ses_3323,2026-09-29T07:29:52.000Z,0.05,12.78,38.8,6.05,6.77,185,GOOD
rd_2491,ses_3324,2026-09-29T07:06:00.000Z,0.05,0.01,38.7,6.25,6.71,210,GOOD
rd_2492,ses_3324,2026-09-29T07:06:08.000Z,0.6,0.10,38.7,6.23,6.72,202,GOOD
rd_2493,ses_3324,2026-09-29T07:06:16.000Z,1.19,0.28,38.7,6.22,6.74,214,GOOD
rd_2494,ses_3324,2026-09-29T07:06:24.000Z,1.79,0.54,38.6,6.26,6.73,211,GOOD
rd_2495,ses_3324,2026-09-29T07:06:32.000Z,2.39,0.90,38.7,6.23,6.71,209,GOOD
rd_2496,ses_3324,2026-09-29T07:06:40.000Z,2.98,1.35,38.7,6.24,6.73,207,GOOD
rd_2497,ses_3324,2026-09-29T07:06:48.000Z,3.51,1.88,38.8,6.23,6.72,211,GOOD
rd_2498,ses_3324,2026-09-29T07:06:56.000Z,3.38,2.38,38.8,6.26,6.73,212,GOOD
rd_2499,ses_3324,2026-09-29T07:07:04.000Z,3.38,2.89,38.7,6.26,6.71,209,GOOD
rd_2500,ses_3324,2026-09-29T07:07:12.000Z,3.56,3.42,38.7,6.23,6.72,213,GOOD
rd_2501,ses_3324,2026-09-29T07:07:20.000Z,3.37,3.93,38.6,6.23,6.72,214,GOOD
rd_2502,ses_3324,2026-09-29T07:07:28.000Z,3.56,4.46,38.7,6.19,6.74,216,GOOD
rd_2503,ses_3324,2026-09-29T07:07:36.000Z,3.46,4.98,38.7,6.24,6.72,213,GOOD
rd_2504,ses_3324,2026-09-29T07:07:44.000Z,3.53,5.51,38.7,6.22,6.74,201,GOOD
rd_2505,ses_3324,2026-09-29T07:07:52.000Z,3.43,6.03,38.7,6.24,6.74,213,GOOD
rd_2506,ses_3324,2026-09-29T07:08:00.000Z,3.55,6.56,38.8,6.25,6.74,203,GOOD
rd_2507,ses_3324,2026-09-29T07:08:08.000Z,3.48,7.08,38.7,6.25,6.73,214,GOOD
rd_2508,ses_3324,2026-09-29T07:08:16.000Z,3.59,7.62,38.7,6.25,6.71,206,GOOD
rd_2509,ses_3324,2026-09-29T07:08:24.000Z,3.38,8.13,38.8,6.21,6.74,217,GOOD
rd_2510,ses_3324,2026-09-29T07:08:32.000Z,3.5,8.65,38.7,6.21,6.73,208,GOOD
rd_2511,ses_3324,2026-09-29T07:08:40.000Z,3.54,9.18,38.6,6.22,6.72,201,GOOD
rd_2512,ses_3324,2026-09-29T07:08:48.000Z,3.18,9.66,38.8,6.21,6.74,215,GOOD
rd_2513,ses_3324,2026-09-29T07:08:56.000Z,2.78,10.08,38.8,6.23,6.72,211,GOOD
rd_2514,ses_3324,2026-09-29T07:09:04.000Z,2.39,10.44,38.6,6.22,6.71,212,GOOD
rd_2515,ses_3324,2026-09-29T07:09:12.000Z,1.99,10.73,38.6,6.23,6.72,216,GOOD
rd_2516,ses_3324,2026-09-29T07:09:20.000Z,1.59,10.97,38.6,6.19,6.73,216,GOOD
rd_2517,ses_3324,2026-09-29T07:09:28.000Z,1.19,11.15,38.7,6.25,6.72,205,GOOD
rd_2518,ses_3324,2026-09-29T07:09:36.000Z,0.8,11.27,38.8,6.27,6.72,215,GOOD
rd_2519,ses_3324,2026-09-29T07:09:44.000Z,0.4,11.33,38.7,6.19,6.71,211,GOOD
rd_2520,ses_3324,2026-09-29T07:09:52.000Z,0.05,11.34,38.8,6.25,6.75,213,GOOD
rd_2521,ses_3325,2026-09-29T06:57:00.000Z,0.05,0.01,39.0,6.14,6.74,224,GOOD
rd_2522,ses_3325,2026-09-29T06:57:08.000Z,0.63,0.10,39.0,6.14,6.73,219,GOOD
rd_2523,ses_3325,2026-09-29T06:57:16.000Z,1.27,0.29,38.9,6.09,6.73,220,GOOD
rd_2524,ses_3325,2026-09-29T06:57:24.000Z,1.9,0.58,38.8,6.10,6.73,229,GOOD
rd_2525,ses_3325,2026-09-29T06:57:32.000Z,2.54,0.96,38.8,6.13,6.73,221,GOOD
rd_2526,ses_3325,2026-09-29T06:57:40.000Z,3.17,1.43,38.9,6.08,6.74,223,GOOD
rd_2527,ses_3325,2026-09-29T06:57:48.000Z,3.73,1.99,38.9,6.09,6.75,219,GOOD
rd_2528,ses_3325,2026-09-29T06:57:56.000Z,3.61,2.54,38.9,6.11,6.72,228,GOOD
rd_2529,ses_3325,2026-09-29T06:58:04.000Z,3.53,3.06,39.0,6.08,6.75,231,GOOD
rd_2530,ses_3325,2026-09-29T06:58:12.000Z,3.58,3.60,38.8,6.08,6.73,225,GOOD
rd_2531,ses_3325,2026-09-29T06:58:20.000Z,3.75,4.16,38.8,6.12,6.76,222,GOOD
rd_2532,ses_3325,2026-09-29T06:58:28.000Z,3.63,4.71,38.8,6.08,6.74,217,GOOD
rd_2533,ses_3325,2026-09-29T06:58:36.000Z,3.64,5.25,38.9,6.13,6.74,233,GOOD
rd_2534,ses_3325,2026-09-29T06:58:44.000Z,3.75,5.82,39.0,6.13,6.74,232,GOOD
rd_2535,ses_3325,2026-09-29T06:58:52.000Z,3.68,6.37,38.9,6.12,6.73,228,GOOD
rd_2536,ses_3325,2026-09-29T06:59:00.000Z,3.68,6.92,38.8,6.07,6.75,233,GOOD
rd_2537,ses_3325,2026-09-29T06:59:08.000Z,3.75,7.48,38.9,6.07,6.74,221,GOOD
rd_2538,ses_3325,2026-09-29T06:59:16.000Z,3.75,8.05,38.9,6.14,6.73,228,GOOD
rd_2539,ses_3325,2026-09-29T06:59:24.000Z,3.6,8.59,39.0,6.12,6.73,218,GOOD
rd_2540,ses_3325,2026-09-29T06:59:32.000Z,3.8,9.16,39.0,6.11,6.72,217,GOOD
rd_2541,ses_3325,2026-09-29T06:59:40.000Z,3.66,9.70,38.9,6.10,6.73,224,GOOD
rd_2542,ses_3325,2026-09-29T06:59:48.000Z,3.38,10.21,38.9,6.13,6.76,224,GOOD
rd_2543,ses_3325,2026-09-29T06:59:56.000Z,2.96,10.66,38.9,6.13,6.73,223,GOOD
rd_2544,ses_3325,2026-09-29T07:00:04.000Z,2.54,11.04,39.0,6.08,6.72,224,GOOD
rd_2545,ses_3325,2026-09-29T07:00:12.000Z,2.11,11.35,38.8,6.14,6.74,224,GOOD
rd_2546,ses_3325,2026-09-29T07:00:20.000Z,1.69,11.61,39.0,6.12,6.73,225,GOOD
rd_2547,ses_3325,2026-09-29T07:00:28.000Z,1.27,11.80,38.8,6.11,6.73,219,GOOD
rd_2548,ses_3325,2026-09-29T07:00:36.000Z,0.85,11.92,38.9,6.11,6.74,223,GOOD
rd_2549,ses_3325,2026-09-29T07:00:44.000Z,0.42,11.99,38.9,6.09,6.74,222,GOOD
rd_2550,ses_3325,2026-09-29T07:00:52.000Z,0.05,12.00,38.8,6.07,6.74,226,GOOD
rd_2551,ses_3326,2026-09-29T06:26:00.000Z,0.05,0.01,39.5,7.13,7.15,913,GOOD
rd_2552,ses_3326,2026-09-29T06:26:08.000Z,0.69,0.11,39.5,7.14,7.16,916,GOOD
rd_2553,ses_3326,2026-09-29T06:26:16.000Z,1.38,0.32,39.6,7.09,7.16,916,GOOD
rd_2554,ses_3326,2026-09-29T06:26:24.000Z,2.07,0.63,39.5,7.12,7.15,912,GOOD
rd_2555,ses_3326,2026-09-29T06:26:32.000Z,2.76,1.04,39.5,7.11,7.16,917,GOOD
rd_2556,ses_3326,2026-09-29T06:26:40.000Z,3.45,1.56,39.6,7.10,7.16,908,GOOD
rd_2557,ses_3326,2026-09-29T06:26:48.000Z,4.05,2.17,39.5,7.11,7.15,912,GOOD
rd_2558,ses_3326,2026-09-29T06:26:56.000Z,3.92,2.76,39.5,7.12,7.12,914,GOOD
rd_2559,ses_3326,2026-09-29T06:27:04.000Z,3.97,3.35,39.5,7.12,7.12,920,GOOD
rd_2560,ses_3326,2026-09-29T06:27:12.000Z,4.06,3.96,39.4,7.08,7.13,910,GOOD
rd_2561,ses_3326,2026-09-29T06:27:20.000Z,3.87,4.54,39.5,7.14,7.15,917,GOOD
rd_2562,ses_3326,2026-09-29T06:27:28.000Z,4.12,5.16,39.6,7.14,7.14,909,GOOD
rd_2563,ses_3326,2026-09-29T06:27:36.000Z,3.88,5.74,39.4,7.10,7.15,918,GOOD
rd_2564,ses_3326,2026-09-29T06:27:44.000Z,4.14,6.36,39.5,7.10,7.13,911,GOOD
rd_2565,ses_3326,2026-09-29T06:27:52.000Z,3.9,6.95,39.4,7.09,7.15,913,GOOD
rd_2566,ses_3326,2026-09-29T06:28:00.000Z,3.9,7.53,39.4,7.14,7.13,921,GOOD
rd_2567,ses_3326,2026-09-29T06:28:08.000Z,4.1,8.15,39.5,7.12,7.14,909,GOOD
rd_2568,ses_3326,2026-09-29T06:28:16.000Z,3.96,8.74,39.4,7.08,7.13,917,GOOD
rd_2569,ses_3326,2026-09-29T06:28:24.000Z,3.9,9.33,39.6,7.08,7.14,915,GOOD
rd_2570,ses_3326,2026-09-29T06:28:32.000Z,3.96,9.92,39.6,7.11,7.14,919,GOOD
rd_2571,ses_3326,2026-09-29T06:28:40.000Z,4.14,10.54,39.4,7.14,7.13,911,GOOD
rd_2572,ses_3326,2026-09-29T06:28:48.000Z,3.68,11.09,39.6,7.14,7.13,918,GOOD
rd_2573,ses_3326,2026-09-29T06:28:56.000Z,3.22,11.58,39.5,7.12,7.14,917,GOOD
rd_2574,ses_3326,2026-09-29T06:29:04.000Z,2.76,11.99,39.5,7.13,7.13,919,GOOD
rd_2575,ses_3326,2026-09-29T06:29:12.000Z,2.3,12.33,39.6,7.14,7.16,914,GOOD
rd_2576,ses_3326,2026-09-29T06:29:20.000Z,1.84,12.61,39.6,7.11,7.14,909,GOOD
rd_2577,ses_3326,2026-09-29T06:29:28.000Z,1.38,12.82,39.5,7.15,7.15,917,GOOD
rd_2578,ses_3326,2026-09-29T06:29:36.000Z,0.92,12.96,39.5,7.14,7.15,912,GOOD
rd_2579,ses_3326,2026-09-29T06:29:44.000Z,0.46,13.02,39.5,7.13,7.13,917,GOOD
rd_2580,ses_3326,2026-09-29T06:29:52.000Z,0.05,13.03,39.4,7.10,7.13,917,GOOD
rd_2581,ses_3327,2026-09-29T06:24:00.000Z,0.05,0.01,39.2,7.28,7.03,974,GOOD
rd_2582,ses_3327,2026-09-29T06:24:08.000Z,0.62,0.10,39.1,7.31,7.04,975,GOOD
rd_2583,ses_3327,2026-09-29T06:24:16.000Z,1.23,0.29,39.3,7.27,7.05,973,GOOD
rd_2584,ses_3327,2026-09-29T06:24:24.000Z,1.85,0.56,39.2,7.34,7.05,974,GOOD
rd_2585,ses_3327,2026-09-29T06:24:32.000Z,2.47,0.93,39.1,7.27,7.03,980,GOOD
rd_2586,ses_3327,2026-09-29T06:24:40.000Z,3.09,1.40,39.1,7.27,7.06,977,GOOD
rd_2587,ses_3327,2026-09-29T06:24:48.000Z,3.72,1.95,39.3,7.33,7.05,971,GOOD
rd_2588,ses_3327,2026-09-29T06:24:56.000Z,3.63,2.50,39.2,7.30,7.03,967,GOOD
rd_2589,ses_3327,2026-09-29T06:25:04.000Z,3.55,3.03,39.3,7.32,7.06,982,GOOD
rd_2590,ses_3327,2026-09-29T06:25:12.000Z,3.54,3.56,39.2,7.33,7.04,979,GOOD
rd_2591,ses_3327,2026-09-29T06:25:20.000Z,3.5,4.09,39.3,7.32,7.06,968,GOOD
rd_2592,ses_3327,2026-09-29T06:25:28.000Z,3.46,4.61,39.2,7.30,7.07,970,GOOD
rd_2593,ses_3327,2026-09-29T06:25:36.000Z,3.61,5.15,39.1,7.31,7.05,969,GOOD
rd_2594,ses_3327,2026-09-29T06:25:44.000Z,3.58,5.69,39.1,7.31,7.07,981,GOOD
rd_2595,ses_3327,2026-09-29T06:25:52.000Z,3.67,6.24,39.2,7.31,7.03,967,GOOD
rd_2596,ses_3327,2026-09-29T06:26:00.000Z,3.55,6.77,39.3,7.32,7.06,974,GOOD
rd_2597,ses_3327,2026-09-29T06:26:08.000Z,3.61,7.31,39.2,7.33,7.05,972,GOOD
rd_2598,ses_3327,2026-09-29T06:26:16.000Z,3.52,7.84,39.2,7.30,7.06,970,GOOD
rd_2599,ses_3327,2026-09-29T06:26:24.000Z,3.59,8.38,39.2,7.29,7.05,979,GOOD
rd_2600,ses_3327,2026-09-29T06:26:32.000Z,3.68,8.93,39.3,7.33,7.03,972,GOOD
rd_2601,ses_3327,2026-09-29T06:26:40.000Z,3.54,9.46,39.2,7.34,7.06,977,GOOD
rd_2602,ses_3327,2026-09-29T06:26:48.000Z,3.29,9.95,39.1,7.31,7.06,974,GOOD
rd_2603,ses_3327,2026-09-29T06:26:56.000Z,2.88,10.38,39.2,7.26,7.06,979,GOOD
rd_2604,ses_3327,2026-09-29T06:27:04.000Z,2.47,10.76,39.1,7.30,7.05,977,GOOD
rd_2605,ses_3327,2026-09-29T06:27:12.000Z,2.06,11.06,39.1,7.27,7.05,982,GOOD
rd_2606,ses_3327,2026-09-29T06:27:20.000Z,1.65,11.31,39.3,7.31,7.05,971,GOOD
rd_2607,ses_3327,2026-09-29T06:27:28.000Z,1.23,11.50,39.2,7.33,7.07,971,GOOD
rd_2608,ses_3327,2026-09-29T06:27:36.000Z,0.82,11.62,39.2,7.27,7.05,969,GOOD
rd_2609,ses_3327,2026-09-29T06:27:44.000Z,0.41,11.68,39.3,7.31,7.06,974,GOOD
rd_2610,ses_3327,2026-09-29T06:27:52.000Z,0.05,11.69,39.2,7.31,7.06,978,GOOD
rd_2611,ses_3328,2026-09-29T06:33:00.000Z,0.05,0.01,39.4,7.13,7.07,959,GOOD
rd_2612,ses_3328,2026-09-29T06:33:08.000Z,0.66,0.11,39.4,7.10,7.06,952,GOOD
rd_2613,ses_3328,2026-09-29T06:33:16.000Z,1.32,0.30,39.3,7.08,7.09,947,GOOD
rd_2614,ses_3328,2026-09-29T06:33:24.000Z,1.98,0.60,39.4,7.11,7.07,956,GOOD
rd_2615,ses_3328,2026-09-29T06:33:32.000Z,2.63,1.00,39.4,7.10,7.06,953,GOOD
rd_2616,ses_3328,2026-09-29T06:33:40.000Z,3.29,1.49,39.5,7.12,7.08,954,GOOD
rd_2617,ses_3328,2026-09-29T06:33:48.000Z,3.94,2.08,39.4,7.10,7.08,951,GOOD
rd_2618,ses_3328,2026-09-29T06:33:56.000Z,3.85,2.66,39.4,7.12,7.08,950,GOOD
rd_2619,ses_3328,2026-09-29T06:34:04.000Z,3.93,3.25,39.3,7.08,7.06,952,GOOD
rd_2620,ses_3328,2026-09-29T06:34:12.000Z,3.93,3.84,39.3,7.09,7.08,947,GOOD
rd_2621,ses_3328,2026-09-29T06:34:20.000Z,3.96,4.43,39.4,7.14,7.05,958,GOOD
rd_2622,ses_3328,2026-09-29T06:34:28.000Z,3.72,4.99,39.4,7.13,7.07,951,GOOD
rd_2623,ses_3328,2026-09-29T06:34:36.000Z,3.69,5.54,39.3,7.13,7.07,958,GOOD
rd_2624,ses_3328,2026-09-29T06:34:44.000Z,3.8,6.11,39.4,7.11,7.08,958,GOOD
rd_2625,ses_3328,2026-09-29T06:34:52.000Z,3.91,6.70,39.4,7.11,7.05,952,GOOD
rd_2626,ses_3328,2026-09-29T06:35:00.000Z,3.87,7.28,39.3,7.11,7.07,945,GOOD
rd_2627,ses_3328,2026-09-29T06:35:08.000Z,3.76,7.84,39.5,7.08,7.05,943,GOOD
rd_2628,ses_3328,2026-09-29T06:35:16.000Z,3.76,8.41,39.5,7.09,7.08,952,GOOD
rd_2629,ses_3328,2026-09-29T06:35:24.000Z,3.71,8.96,39.3,7.14,7.08,958,GOOD
rd_2630,ses_3328,2026-09-29T06:35:32.000Z,3.67,9.51,39.5,7.08,7.08,943,GOOD
rd_2631,ses_3328,2026-09-29T06:35:40.000Z,3.88,10.10,39.4,7.12,7.09,945,GOOD
rd_2632,ses_3328,2026-09-29T06:35:48.000Z,3.51,10.62,39.4,7.15,7.07,956,GOOD
rd_2633,ses_3328,2026-09-29T06:35:56.000Z,3.07,11.08,39.5,7.09,7.06,953,GOOD
rd_2634,ses_3328,2026-09-29T06:36:04.000Z,2.63,11.48,39.4,7.07,7.08,954,GOOD
rd_2635,ses_3328,2026-09-29T06:36:12.000Z,2.2,11.81,39.4,7.14,7.08,951,GOOD
rd_2636,ses_3328,2026-09-29T06:36:20.000Z,1.76,12.07,39.3,7.11,7.06,956,GOOD
rd_2637,ses_3328,2026-09-29T06:36:28.000Z,1.32,12.27,39.3,7.13,7.07,958,GOOD
rd_2638,ses_3328,2026-09-29T06:36:36.000Z,0.88,12.40,39.5,7.12,7.09,951,GOOD
rd_2639,ses_3328,2026-09-29T06:36:44.000Z,0.44,12.47,39.4,7.09,7.06,944,GOOD
rd_2640,ses_3328,2026-09-29T06:36:52.000Z,0.05,12.48,39.3,7.13,7.09,949,GOOD
rd_2641,ses_3329,2026-09-29T06:29:00.000Z,0.05,0.01,39.4,7.30,7.11,989,GOOD
rd_2642,ses_3329,2026-09-29T06:29:08.000Z,0.69,0.11,39.5,7.34,7.10,995,GOOD
rd_2643,ses_3329,2026-09-29T06:29:16.000Z,1.38,0.32,39.5,7.33,7.12,992,GOOD
rd_2644,ses_3329,2026-09-29T06:29:24.000Z,2.07,0.63,39.4,7.36,7.09,988,GOOD
rd_2645,ses_3329,2026-09-29T06:29:32.000Z,2.77,1.04,39.4,7.36,7.09,1001,GOOD
rd_2646,ses_3329,2026-09-29T06:29:40.000Z,3.46,1.56,39.5,7.36,7.13,987,GOOD
rd_2647,ses_3329,2026-09-29T06:29:48.000Z,3.94,2.15,39.6,7.32,7.10,1001,GOOD
rd_2648,ses_3329,2026-09-29T06:29:56.000Z,4.13,2.77,39.5,7.31,7.10,993,GOOD
rd_2649,ses_3329,2026-09-29T06:30:04.000Z,3.86,3.35,39.5,7.37,7.10,1000,GOOD
rd_2650,ses_3329,2026-09-29T06:30:12.000Z,3.92,3.94,39.4,7.34,7.10,989,GOOD
rd_2651,ses_3329,2026-09-29T06:30:20.000Z,4.03,4.54,39.5,7.34,7.09,987,GOOD
rd_2652,ses_3329,2026-09-29T06:30:28.000Z,3.89,5.13,39.6,7.32,7.13,1000,GOOD
rd_2653,ses_3329,2026-09-29T06:30:36.000Z,3.87,5.71,39.6,7.34,7.10,998,GOOD
rd_2654,ses_3329,2026-09-29T06:30:44.000Z,4.13,6.33,39.4,7.33,7.09,1002,GOOD
rd_2655,ses_3329,2026-09-29T06:30:52.000Z,3.93,6.92,39.6,7.31,7.12,1001,GOOD
rd_2656,ses_3329,2026-09-29T06:31:00.000Z,3.99,7.52,39.4,7.34,7.11,999,GOOD
rd_2657,ses_3329,2026-09-29T06:31:08.000Z,3.94,8.11,39.5,7.31,7.13,999,GOOD
rd_2658,ses_3329,2026-09-29T06:31:16.000Z,4,8.71,39.5,7.36,7.11,1003,GOOD
rd_2659,ses_3329,2026-09-29T06:31:24.000Z,4.02,9.31,39.5,7.32,7.12,987,GOOD
rd_2660,ses_3329,2026-09-29T06:31:32.000Z,3.97,9.91,39.6,7.30,7.12,1003,GOOD
rd_2661,ses_3329,2026-09-29T06:31:40.000Z,4.04,10.51,39.5,7.30,7.09,990,GOOD
rd_2662,ses_3329,2026-09-29T06:31:48.000Z,3.69,11.07,39.4,7.35,7.11,996,GOOD
rd_2663,ses_3329,2026-09-29T06:31:56.000Z,3.23,11.55,39.5,7.35,7.11,995,GOOD
rd_2664,ses_3329,2026-09-29T06:32:04.000Z,2.77,11.97,39.5,7.30,7.11,994,GOOD
rd_2665,ses_3329,2026-09-29T06:32:12.000Z,2.3,12.31,39.4,7.35,7.09,1002,GOOD
rd_2666,ses_3329,2026-09-29T06:32:20.000Z,1.84,12.59,39.5,7.32,7.11,995,GOOD
rd_2667,ses_3329,2026-09-29T06:32:28.000Z,1.38,12.79,39.5,7.34,7.11,998,GOOD
rd_2668,ses_3329,2026-09-29T06:32:36.000Z,0.92,12.93,39.5,7.34,7.09,994,GOOD
rd_2669,ses_3329,2026-09-29T06:32:44.000Z,0.46,13.00,39.6,7.36,7.11,996,GOOD
rd_2670,ses_3329,2026-09-29T06:32:52.000Z,0.05,13.01,39.4,7.35,7.12,991,GOOD
rd_2671,ses_3330,2026-09-29T06:54:00.000Z,0.05,0.01,39.4,6.96,7.09,899,GOOD
rd_2672,ses_3330,2026-09-29T06:54:08.000Z,0.63,0.10,39.3,6.93,7.09,904,GOOD
rd_2673,ses_3330,2026-09-29T06:54:16.000Z,1.27,0.29,39.3,6.92,7.06,904,GOOD
rd_2674,ses_3330,2026-09-29T06:54:24.000Z,1.9,0.58,39.4,6.98,7.06,900,GOOD
rd_2675,ses_3330,2026-09-29T06:54:32.000Z,2.53,0.96,39.2,6.98,7.07,902,GOOD
rd_2676,ses_3330,2026-09-29T06:54:40.000Z,3.16,1.43,39.3,6.97,7.05,901,GOOD
rd_2677,ses_3330,2026-09-29T06:54:48.000Z,3.81,2.00,39.3,6.93,7.07,896,GOOD
rd_2678,ses_3330,2026-09-29T06:54:56.000Z,3.81,2.57,39.3,6.99,7.09,899,GOOD
rd_2679,ses_3330,2026-09-29T06:55:04.000Z,3.71,3.13,39.4,6.99,7.05,907,GOOD
rd_2680,ses_3330,2026-09-29T06:55:12.000Z,3.76,3.69,39.3,6.97,7.08,907,GOOD
rd_2681,ses_3330,2026-09-29T06:55:20.000Z,3.58,4.23,39.4,6.93,7.05,899,GOOD
rd_2682,ses_3330,2026-09-29T06:55:28.000Z,3.55,4.76,39.4,6.95,7.06,899,GOOD
rd_2683,ses_3330,2026-09-29T06:55:36.000Z,3.77,5.33,39.3,6.94,7.08,901,GOOD
rd_2684,ses_3330,2026-09-29T06:55:44.000Z,3.58,5.87,39.3,6.97,7.07,905,GOOD
rd_2685,ses_3330,2026-09-29T06:55:52.000Z,3.82,6.44,39.4,6.97,7.06,902,GOOD
rd_2686,ses_3330,2026-09-29T06:56:00.000Z,3.77,7.00,39.2,6.93,7.07,897,GOOD
rd_2687,ses_3330,2026-09-29T06:56:08.000Z,3.72,7.56,39.3,6.92,7.09,910,GOOD
rd_2688,ses_3330,2026-09-29T06:56:16.000Z,3.53,8.09,39.4,6.97,7.07,908,GOOD
rd_2689,ses_3330,2026-09-29T06:56:24.000Z,3.76,8.66,39.2,6.95,7.08,905,GOOD
rd_2690,ses_3330,2026-09-29T06:56:32.000Z,3.8,9.23,39.3,6.93,7.08,905,GOOD
rd_2691,ses_3330,2026-09-29T06:56:40.000Z,3.73,9.79,39.3,6.99,7.09,905,GOOD
rd_2692,ses_3330,2026-09-29T06:56:48.000Z,3.37,10.29,39.3,6.94,7.09,902,GOOD
rd_2693,ses_3330,2026-09-29T06:56:56.000Z,2.95,10.73,39.3,6.95,7.05,902,GOOD
rd_2694,ses_3330,2026-09-29T06:57:04.000Z,2.53,11.11,39.3,6.99,7.05,902,GOOD
rd_2695,ses_3330,2026-09-29T06:57:12.000Z,2.11,11.43,39.3,6.99,7.06,910,GOOD
rd_2696,ses_3330,2026-09-29T06:57:20.000Z,1.69,11.68,39.3,6.92,7.08,909,GOOD
rd_2697,ses_3330,2026-09-29T06:57:28.000Z,1.27,11.87,39.3,6.95,7.07,897,GOOD
rd_2698,ses_3330,2026-09-29T06:57:36.000Z,0.84,12.00,39.3,6.99,7.08,902,GOOD
rd_2699,ses_3330,2026-09-29T06:57:44.000Z,0.42,12.06,39.2,6.96,7.09,906,GOOD
rd_2700,ses_3330,2026-09-29T06:57:52.000Z,0.05,12.07,39.2,6.93,7.05,899,GOOD
rd_2701,ses_3331,2026-09-29T17:15:00.000Z,0.05,0.01,38.5,5.56,6.63,87,GOOD
rd_2702,ses_3331,2026-09-29T17:15:08.000Z,0.65,0.11,38.5,5.58,6.60,82,GOOD
rd_2703,ses_3331,2026-09-29T17:15:16.000Z,1.31,0.30,38.5,5.51,6.60,87,GOOD
rd_2704,ses_3331,2026-09-29T17:15:24.000Z,1.96,0.60,38.5,5.52,6.62,80,GOOD
rd_2705,ses_3331,2026-09-29T17:15:32.000Z,2.61,0.99,38.6,5.51,6.63,81,GOOD
rd_2706,ses_3331,2026-09-29T17:15:40.000Z,3.27,1.48,38.6,5.56,6.62,79,GOOD
rd_2707,ses_3331,2026-09-29T17:15:48.000Z,3.81,2.05,38.5,5.55,6.63,93,GOOD
rd_2708,ses_3331,2026-09-29T17:15:56.000Z,3.83,2.62,38.6,5.54,6.61,87,GOOD
rd_2709,ses_3331,2026-09-29T17:16:04.000Z,3.71,3.18,38.4,5.55,6.60,81,GOOD
rd_2710,ses_3331,2026-09-29T17:16:12.000Z,3.79,3.75,38.6,5.52,6.61,87,GOOD
rd_2711,ses_3331,2026-09-29T17:16:20.000Z,3.85,4.33,38.4,5.54,6.60,91,GOOD
rd_2712,ses_3331,2026-09-29T17:16:28.000Z,3.72,4.88,38.5,5.54,6.61,90,GOOD
rd_2713,ses_3331,2026-09-29T17:16:36.000Z,3.75,5.45,38.6,5.55,6.60,79,GOOD
rd_2714,ses_3331,2026-09-29T17:16:44.000Z,3.93,6.04,38.5,5.55,6.61,86,GOOD
rd_2715,ses_3331,2026-09-29T17:16:52.000Z,3.81,6.61,38.4,5.57,6.63,81,GOOD
rd_2716,ses_3331,2026-09-29T17:17:00.000Z,3.84,7.18,38.4,5.57,6.61,86,GOOD
rd_2717,ses_3331,2026-09-29T17:17:08.000Z,3.92,7.77,38.5,5.55,6.62,92,GOOD
rd_2718,ses_3331,2026-09-29T17:17:16.000Z,3.78,8.34,38.4,5.52,6.61,91,GOOD
rd_2719,ses_3331,2026-09-29T17:17:24.000Z,3.64,8.88,38.6,5.53,6.60,90,GOOD
rd_2720,ses_3331,2026-09-29T17:17:32.000Z,3.91,9.47,38.5,5.53,6.60,81,GOOD
rd_2721,ses_3331,2026-09-29T17:17:40.000Z,3.72,10.03,38.4,5.57,6.61,84,GOOD
rd_2722,ses_3331,2026-09-29T17:17:48.000Z,3.49,10.55,38.6,5.57,6.61,91,GOOD
rd_2723,ses_3331,2026-09-29T17:17:56.000Z,3.05,11.01,38.6,5.56,6.64,83,GOOD
rd_2724,ses_3331,2026-09-29T17:18:04.000Z,2.61,11.40,38.5,5.57,6.63,83,GOOD
rd_2725,ses_3331,2026-09-29T17:18:12.000Z,2.18,11.73,38.5,5.55,6.63,80,GOOD
rd_2726,ses_3331,2026-09-29T17:18:20.000Z,1.74,11.99,38.4,5.58,6.63,93,GOOD
rd_2727,ses_3331,2026-09-29T17:18:28.000Z,1.31,12.19,38.5,5.51,6.63,78,GOOD
rd_2728,ses_3331,2026-09-29T17:18:36.000Z,0.87,12.32,38.5,5.55,6.63,82,GOOD
rd_2729,ses_3331,2026-09-29T17:18:44.000Z,0.44,12.38,38.4,5.54,6.60,88,GOOD
rd_2730,ses_3331,2026-09-29T17:18:52.000Z,0.05,12.39,38.6,5.58,6.60,79,GOOD
rd_2731,ses_3332,2026-09-29T18:24:00.000Z,0.05,0.01,38.8,5.69,6.66,110,GOOD
rd_2732,ses_3332,2026-09-29T18:24:08.000Z,0.68,0.11,38.7,5.71,6.68,115,GOOD
rd_2733,ses_3332,2026-09-29T18:24:16.000Z,1.37,0.32,38.6,5.75,6.68,105,GOOD
rd_2734,ses_3332,2026-09-29T18:24:24.000Z,2.05,0.62,38.8,5.70,6.66,111,GOOD
rd_2735,ses_3332,2026-09-29T18:24:32.000Z,2.73,1.03,38.8,5.70,6.69,106,GOOD
rd_2736,ses_3332,2026-09-29T18:24:40.000Z,3.41,1.54,38.8,5.71,6.70,116,GOOD
rd_2737,ses_3332,2026-09-29T18:24:48.000Z,3.99,2.14,38.7,5.73,6.70,106,GOOD
rd_2738,ses_3332,2026-09-29T18:24:56.000Z,3.93,2.73,38.7,5.70,6.69,113,GOOD
rd_2739,ses_3332,2026-09-29T18:25:04.000Z,3.98,3.33,38.7,5.74,6.69,105,GOOD
rd_2740,ses_3332,2026-09-29T18:25:12.000Z,3.81,3.90,38.7,5.74,6.67,106,GOOD
rd_2741,ses_3332,2026-09-29T18:25:20.000Z,3.91,4.49,38.7,5.77,6.67,110,GOOD
rd_2742,ses_3332,2026-09-29T18:25:28.000Z,4.05,5.09,38.6,5.76,6.66,117,GOOD
rd_2743,ses_3332,2026-09-29T18:25:36.000Z,3.97,5.69,38.7,5.69,6.67,104,GOOD
rd_2744,ses_3332,2026-09-29T18:25:44.000Z,3.97,6.29,38.6,5.70,6.68,116,GOOD
rd_2745,ses_3332,2026-09-29T18:25:52.000Z,3.82,6.86,38.7,5.75,6.69,106,GOOD
rd_2746,ses_3332,2026-09-29T18:26:00.000Z,3.86,7.44,38.7,5.75,6.69,115,GOOD
rd_2747,ses_3332,2026-09-29T18:26:08.000Z,4.05,8.04,38.7,5.76,6.68,110,GOOD
rd_2748,ses_3332,2026-09-29T18:26:16.000Z,4,8.64,38.7,5.75,6.69,112,GOOD
rd_2749,ses_3332,2026-09-29T18:26:24.000Z,4.07,9.25,38.8,5.72,6.67,114,GOOD
rd_2750,ses_3332,2026-09-29T18:26:32.000Z,4.07,9.87,38.7,5.70,6.70,108,GOOD
rd_2751,ses_3332,2026-09-29T18:26:40.000Z,3.99,10.46,38.7,5.73,6.67,109,GOOD
rd_2752,ses_3332,2026-09-29T18:26:48.000Z,3.64,11.01,38.7,5.76,6.67,119,GOOD
rd_2753,ses_3332,2026-09-29T18:26:56.000Z,3.19,11.49,38.8,5.70,6.69,109,GOOD
rd_2754,ses_3332,2026-09-29T18:27:04.000Z,2.73,11.90,38.8,5.77,6.67,109,GOOD
rd_2755,ses_3332,2026-09-29T18:27:12.000Z,2.28,12.24,38.8,5.73,6.69,111,GOOD
rd_2756,ses_3332,2026-09-29T18:27:20.000Z,1.82,12.51,38.7,5.75,6.67,115,GOOD
rd_2757,ses_3332,2026-09-29T18:27:28.000Z,1.37,12.72,38.7,5.72,6.66,119,GOOD
rd_2758,ses_3332,2026-09-29T18:27:36.000Z,0.91,12.85,38.7,5.71,6.68,114,GOOD
rd_2759,ses_3332,2026-09-29T18:27:44.000Z,0.46,12.92,38.6,5.70,6.67,111,GOOD
rd_2760,ses_3332,2026-09-29T18:27:52.000Z,0.05,12.93,38.7,5.73,6.70,113,GOOD
rd_2761,ses_3333,2026-09-29T17:08:00.000Z,0.05,0.01,38.5,5.49,6.64,113,GOOD
rd_2762,ses_3333,2026-09-29T17:08:08.000Z,0.62,0.10,38.5,5.47,6.65,114,GOOD
rd_2763,ses_3333,2026-09-29T17:08:16.000Z,1.24,0.29,38.5,5.51,6.63,109,GOOD
rd_2764,ses_3333,2026-09-29T17:08:24.000Z,1.86,0.57,38.5,5.51,6.64,105,GOOD
rd_2765,ses_3333,2026-09-29T17:08:32.000Z,2.48,0.94,38.5,5.48,6.65,108,GOOD
rd_2766,ses_3333,2026-09-29T17:08:40.000Z,3.1,1.40,38.6,5.46,6.64,104,GOOD
rd_2767,ses_3333,2026-09-29T17:08:48.000Z,3.55,1.93,38.5,5.48,6.65,109,GOOD
rd_2768,ses_3333,2026-09-29T17:08:56.000Z,3.45,2.45,38.6,5.49,6.66,109,GOOD
rd_2769,ses_3333,2026-09-29T17:09:04.000Z,3.52,2.98,38.6,5.48,6.67,118,GOOD
rd_2770,ses_3333,2026-09-29T17:09:12.000Z,3.74,3.54,38.6,5.51,6.66,107,GOOD
rd_2771,ses_3333,2026-09-29T17:09:20.000Z,3.57,4.08,38.5,5.48,6.66,107,GOOD
rd_2772,ses_3333,2026-09-29T17:09:28.000Z,3.57,4.61,38.6,5.52,6.66,115,GOOD
rd_2773,ses_3333,2026-09-29T17:09:36.000Z,3.63,5.16,38.5,5.45,6.65,117,GOOD
rd_2774,ses_3333,2026-09-29T17:09:44.000Z,3.58,5.69,38.6,5.50,6.65,112,GOOD
rd_2775,ses_3333,2026-09-29T17:09:52.000Z,3.75,6.26,38.5,5.47,6.66,108,GOOD
rd_2776,ses_3333,2026-09-29T17:10:00.000Z,3.54,6.79,38.5,5.48,6.64,111,GOOD
rd_2777,ses_3333,2026-09-29T17:10:08.000Z,3.69,7.34,38.5,5.47,6.65,106,GOOD
rd_2778,ses_3333,2026-09-29T17:10:16.000Z,3.66,7.89,38.5,5.47,6.66,118,GOOD
rd_2779,ses_3333,2026-09-29T17:10:24.000Z,3.65,8.44,38.4,5.47,6.63,113,GOOD
rd_2780,ses_3333,2026-09-29T17:10:32.000Z,3.75,9.00,38.5,5.47,6.67,112,GOOD
rd_2781,ses_3333,2026-09-29T17:10:40.000Z,3.5,9.53,38.5,5.49,6.66,108,GOOD
rd_2782,ses_3333,2026-09-29T17:10:48.000Z,3.31,10.02,38.5,5.45,6.65,115,GOOD
rd_2783,ses_3333,2026-09-29T17:10:56.000Z,2.9,10.46,38.4,5.51,6.63,116,GOOD
rd_2784,ses_3333,2026-09-29T17:11:04.000Z,2.48,10.83,38.6,5.46,6.67,113,GOOD
rd_2785,ses_3333,2026-09-29T17:11:12.000Z,2.07,11.14,38.5,5.45,6.63,106,GOOD
rd_2786,ses_3333,2026-09-29T17:11:20.000Z,1.66,11.39,38.4,5.52,6.64,112,GOOD
rd_2787,ses_3333,2026-09-29T17:11:28.000Z,1.24,11.57,38.6,5.50,6.63,110,GOOD
rd_2788,ses_3333,2026-09-29T17:11:36.000Z,0.83,11.70,38.4,5.47,6.64,116,GOOD
rd_2789,ses_3333,2026-09-29T17:11:44.000Z,0.41,11.76,38.4,5.52,6.63,107,GOOD
rd_2790,ses_3333,2026-09-29T17:11:52.000Z,0.05,11.77,38.5,5.48,6.67,115,GOOD
rd_2791,ses_3334,2026-09-29T18:08:00.000Z,0.05,0.01,38.7,5.57,6.64,118,GOOD
rd_2792,ses_3334,2026-09-29T18:08:08.000Z,0.66,0.11,38.6,5.54,6.66,113,GOOD
rd_2793,ses_3334,2026-09-29T18:08:16.000Z,1.31,0.30,38.6,5.60,6.64,116,GOOD
rd_2794,ses_3334,2026-09-29T18:08:24.000Z,1.97,0.60,38.7,5.59,6.65,110,GOOD
rd_2795,ses_3334,2026-09-29T18:08:32.000Z,2.62,0.99,38.7,5.61,6.65,119,GOOD
rd_2796,ses_3334,2026-09-29T18:08:40.000Z,3.28,1.48,38.6,5.61,6.66,117,GOOD
rd_2797,ses_3334,2026-09-29T18:08:48.000Z,3.76,2.05,38.7,5.61,6.67,123,GOOD
rd_2798,ses_3334,2026-09-29T18:08:56.000Z,3.9,2.63,38.8,5.56,6.67,120,GOOD
rd_2799,ses_3334,2026-09-29T18:09:04.000Z,3.8,3.20,38.7,5.61,6.65,119,GOOD
rd_2800,ses_3334,2026-09-29T18:09:12.000Z,3.94,3.79,38.7,5.60,6.68,111,GOOD
rd_2801,ses_3334,2026-09-29T18:09:20.000Z,3.82,4.37,38.6,5.58,6.66,117,GOOD
rd_2802,ses_3334,2026-09-29T18:09:28.000Z,3.9,4.95,38.6,5.61,6.68,112,GOOD
rd_2803,ses_3334,2026-09-29T18:09:36.000Z,3.82,5.52,38.7,5.55,6.66,117,GOOD
rd_2804,ses_3334,2026-09-29T18:09:44.000Z,3.79,6.09,38.8,5.60,6.66,111,GOOD
rd_2805,ses_3334,2026-09-29T18:09:52.000Z,3.9,6.68,38.7,5.56,6.68,116,GOOD
rd_2806,ses_3334,2026-09-29T18:10:00.000Z,3.85,7.26,38.6,5.55,6.65,123,GOOD
rd_2807,ses_3334,2026-09-29T18:10:08.000Z,3.75,7.82,38.7,5.55,6.68,117,GOOD
rd_2808,ses_3334,2026-09-29T18:10:16.000Z,3.77,8.38,38.8,5.60,6.64,120,GOOD
rd_2809,ses_3334,2026-09-29T18:10:24.000Z,3.75,8.95,38.8,5.55,6.67,121,GOOD
rd_2810,ses_3334,2026-09-29T18:10:32.000Z,3.84,9.52,38.6,5.62,6.67,118,GOOD
rd_2811,ses_3334,2026-09-29T18:10:40.000Z,3.82,10.10,38.8,5.55,6.67,115,GOOD
rd_2812,ses_3334,2026-09-29T18:10:48.000Z,3.49,10.62,38.7,5.56,6.64,116,GOOD
rd_2813,ses_3334,2026-09-29T18:10:56.000Z,3.06,11.08,38.7,5.61,6.65,119,GOOD
rd_2814,ses_3334,2026-09-29T18:11:04.000Z,2.62,11.47,38.8,5.59,6.64,111,GOOD
rd_2815,ses_3334,2026-09-29T18:11:12.000Z,2.18,11.80,38.6,5.59,6.65,126,GOOD
rd_2816,ses_3334,2026-09-29T18:11:20.000Z,1.75,12.06,38.8,5.55,6.68,119,GOOD
rd_2817,ses_3334,2026-09-29T18:11:28.000Z,1.31,12.26,38.8,5.62,6.67,116,GOOD
rd_2818,ses_3334,2026-09-29T18:11:36.000Z,0.87,12.39,38.6,5.62,6.68,114,GOOD
rd_2819,ses_3334,2026-09-29T18:11:44.000Z,0.44,12.45,38.8,5.56,6.66,110,GOOD
rd_2820,ses_3334,2026-09-29T18:11:52.000Z,0.05,12.46,38.6,5.56,6.66,115,GOOD
rd_2821,ses_3335,2026-09-29T17:01:00.000Z,0.05,0.01,38.7,5.50,6.71,130,GOOD
rd_2822,ses_3335,2026-09-29T17:01:08.000Z,0.7,0.11,38.6,5.49,6.70,130,GOOD
rd_2823,ses_3335,2026-09-29T17:01:16.000Z,1.4,0.32,38.7,5.48,6.68,133,GOOD
rd_2824,ses_3335,2026-09-29T17:01:24.000Z,2.09,0.64,38.8,5.45,6.71,128,GOOD
rd_2825,ses_3335,2026-09-29T17:01:32.000Z,2.79,1.05,38.6,5.47,6.72,135,GOOD
rd_2826,ses_3335,2026-09-29T17:01:40.000Z,3.49,1.58,38.6,5.51,6.70,130,GOOD
rd_2827,ses_3335,2026-09-29T17:01:48.000Z,4.15,2.20,38.8,5.50,6.70,134,GOOD
rd_2828,ses_3335,2026-09-29T17:01:56.000Z,4.07,2.81,38.7,5.52,6.69,129,GOOD
rd_2829,ses_3335,2026-09-29T17:02:04.000Z,4.02,3.41,38.6,5.46,6.70,132,GOOD
rd_2830,ses_3335,2026-09-29T17:02:12.000Z,4.16,4.04,38.7,5.51,6.70,132,GOOD
rd_2831,ses_3335,2026-09-29T17:02:20.000Z,4.1,4.65,38.6,5.51,6.70,129,GOOD
rd_2832,ses_3335,2026-09-29T17:02:28.000Z,4.05,5.26,38.8,5.46,6.70,135,GOOD
rd_2833,ses_3335,2026-09-29T17:02:36.000Z,3.96,5.85,38.8,5.46,6.72,125,GOOD
rd_2834,ses_3335,2026-09-29T17:02:44.000Z,4.11,6.47,38.7,5.53,6.71,127,GOOD
rd_2835,ses_3335,2026-09-29T17:02:52.000Z,4.03,7.08,38.8,5.46,6.69,132,GOOD
rd_2836,ses_3335,2026-09-29T17:03:00.000Z,4,7.68,38.8,5.51,6.68,129,GOOD
rd_2837,ses_3335,2026-09-29T17:03:08.000Z,4.17,8.30,38.7,5.46,6.69,129,GOOD
rd_2838,ses_3335,2026-09-29T17:03:16.000Z,4.03,8.91,38.8,5.52,6.71,126,GOOD
rd_2839,ses_3335,2026-09-29T17:03:24.000Z,4.17,9.53,38.6,5.50,6.72,135,GOOD
rd_2840,ses_3335,2026-09-29T17:03:32.000Z,4.11,10.15,38.7,5.52,6.72,130,GOOD
rd_2841,ses_3335,2026-09-29T17:03:40.000Z,3.92,10.74,38.7,5.49,6.68,137,GOOD
rd_2842,ses_3335,2026-09-29T17:03:48.000Z,3.72,11.29,38.7,5.52,6.70,132,GOOD
rd_2843,ses_3335,2026-09-29T17:03:56.000Z,3.26,11.78,38.7,5.46,6.69,132,GOOD
rd_2844,ses_3335,2026-09-29T17:04:04.000Z,2.79,12.20,38.7,5.51,6.69,130,GOOD
rd_2845,ses_3335,2026-09-29T17:04:12.000Z,2.33,12.55,38.7,5.47,6.72,127,GOOD
rd_2846,ses_3335,2026-09-29T17:04:20.000Z,1.86,12.83,38.7,5.52,6.70,129,GOOD
rd_2847,ses_3335,2026-09-29T17:04:28.000Z,1.4,13.04,38.7,5.46,6.70,132,GOOD
rd_2848,ses_3335,2026-09-29T17:04:36.000Z,0.93,13.18,38.7,5.51,6.71,135,GOOD
rd_2849,ses_3335,2026-09-29T17:04:44.000Z,0.47,13.25,38.6,5.49,6.69,135,GOOD
rd_2850,ses_3335,2026-09-29T17:04:52.000Z,0.05,13.26,38.6,5.50,6.71,129,GOOD
rd_2851,ses_3336,2026-09-29T17:36:00.000Z,0.05,0.01,38.4,5.56,6.67,122,GOOD
rd_2852,ses_3336,2026-09-29T17:36:08.000Z,0.62,0.10,38.4,5.53,6.66,130,GOOD
rd_2853,ses_3336,2026-09-29T17:36:16.000Z,1.25,0.29,38.5,5.52,6.67,124,GOOD
rd_2854,ses_3336,2026-09-29T17:36:24.000Z,1.87,0.57,38.5,5.51,6.66,127,GOOD
rd_2855,ses_3336,2026-09-29T17:36:32.000Z,2.5,0.94,38.4,5.54,6.67,129,GOOD
rd_2856,ses_3336,2026-09-29T17:36:40.000Z,3.12,1.41,38.5,5.57,6.68,126,GOOD
rd_2857,ses_3336,2026-09-29T17:36:48.000Z,3.56,1.95,38.3,5.53,6.66,120,GOOD
rd_2858,ses_3336,2026-09-29T17:36:56.000Z,3.77,2.51,38.4,5.51,6.67,129,GOOD
rd_2859,ses_3336,2026-09-29T17:37:04.000Z,3.75,3.07,38.4,5.53,6.66,117,GOOD
rd_2860,ses_3336,2026-09-29T17:37:12.000Z,3.53,3.60,38.3,5.52,6.68,123,GOOD
rd_2861,ses_3336,2026-09-29T17:37:20.000Z,3.66,4.15,38.4,5.57,6.67,122,GOOD
rd_2862,ses_3336,2026-09-29T17:37:28.000Z,3.74,4.71,38.5,5.55,6.68,125,GOOD
rd_2863,ses_3336,2026-09-29T17:37:36.000Z,3.73,5.27,38.5,5.51,6.66,123,GOOD
rd_2864,ses_3336,2026-09-29T17:37:44.000Z,3.48,5.79,38.3,5.57,6.66,121,GOOD
rd_2865,ses_3336,2026-09-29T17:37:52.000Z,3.53,6.32,38.5,5.57,6.69,122,GOOD
rd_2866,ses_3336,2026-09-29T17:38:00.000Z,3.49,6.85,38.4,5.53,6.68,132,GOOD
rd_2867,ses_3336,2026-09-29T17:38:08.000Z,3.69,7.40,38.4,5.51,6.69,126,GOOD
rd_2868,ses_3336,2026-09-29T17:38:16.000Z,3.73,7.96,38.4,5.52,6.67,120,GOOD
rd_2869,ses_3336,2026-09-29T17:38:24.000Z,3.67,8.51,38.4,5.56,6.65,128,GOOD
rd_2870,ses_3336,2026-09-29T17:38:32.000Z,3.67,9.06,38.4,5.51,6.67,125,GOOD
rd_2871,ses_3336,2026-09-29T17:38:40.000Z,3.54,9.59,38.4,5.53,6.69,119,GOOD
rd_2872,ses_3336,2026-09-29T17:38:48.000Z,3.33,10.09,38.5,5.50,6.67,117,GOOD
rd_2873,ses_3336,2026-09-29T17:38:56.000Z,2.91,10.53,38.4,5.52,6.68,127,GOOD
rd_2874,ses_3336,2026-09-29T17:39:04.000Z,2.5,10.90,38.3,5.54,6.66,118,GOOD
rd_2875,ses_3336,2026-09-29T17:39:12.000Z,2.08,11.22,38.4,5.52,6.67,128,GOOD
rd_2876,ses_3336,2026-09-29T17:39:20.000Z,1.66,11.46,38.4,5.54,6.66,126,GOOD
rd_2877,ses_3336,2026-09-29T17:39:28.000Z,1.25,11.65,38.3,5.58,6.66,123,GOOD
rd_2878,ses_3336,2026-09-29T17:39:36.000Z,0.83,11.78,38.4,5.57,6.66,127,GOOD
rd_2879,ses_3336,2026-09-29T17:39:44.000Z,0.42,11.84,38.4,5.55,6.68,118,GOOD
rd_2880,ses_3336,2026-09-29T17:39:52.000Z,0.05,11.85,38.3,5.58,6.69,128,GOOD
rd_2881,ses_3337,2026-09-29T17:11:00.000Z,0.05,0.01,38.6,5.73,6.65,153,GOOD
rd_2882,ses_3337,2026-09-29T17:11:08.000Z,0.69,0.11,38.7,5.66,6.65,155,GOOD
rd_2883,ses_3337,2026-09-29T17:11:16.000Z,1.38,0.32,38.8,5.72,6.62,152,GOOD
rd_2884,ses_3337,2026-09-29T17:11:24.000Z,2.06,0.63,38.7,5.70,6.66,151,GOOD
rd_2885,ses_3337,2026-09-29T17:11:32.000Z,2.75,1.04,38.7,5.67,6.65,147,GOOD
rd_2886,ses_3337,2026-09-29T17:11:40.000Z,3.44,1.56,38.8,5.67,6.64,150,GOOD
rd_2887,ses_3337,2026-09-29T17:11:48.000Z,3.92,2.14,38.6,5.72,6.66,151,GOOD
rd_2888,ses_3337,2026-09-29T17:11:56.000Z,4.1,2.76,38.7,5.68,6.62,148,GOOD
rd_2889,ses_3337,2026-09-29T17:12:04.000Z,3.96,3.35,38.6,5.73,6.64,142,GOOD
rd_2890,ses_3337,2026-09-29T17:12:12.000Z,3.93,3.94,38.6,5.66,6.65,144,GOOD
rd_2891,ses_3337,2026-09-29T17:12:20.000Z,3.94,4.53,38.8,5.70,6.65,153,GOOD
rd_2892,ses_3337,2026-09-29T17:12:28.000Z,3.85,5.11,38.8,5.66,6.65,149,GOOD
rd_2893,ses_3337,2026-09-29T17:12:36.000Z,3.87,5.69,38.7,5.68,6.63,157,GOOD
rd_2894,ses_3337,2026-09-29T17:12:44.000Z,3.86,6.27,38.6,5.69,6.64,151,GOOD
rd_2895,ses_3337,2026-09-29T17:12:52.000Z,3.98,6.87,38.7,5.68,6.63,156,GOOD
rd_2896,ses_3337,2026-09-29T17:13:00.000Z,3.97,7.46,38.6,5.69,6.63,149,GOOD
rd_2897,ses_3337,2026-09-29T17:13:08.000Z,4.13,8.08,38.7,5.67,6.62,155,GOOD
rd_2898,ses_3337,2026-09-29T17:13:16.000Z,4.01,8.68,38.8,5.71,6.65,156,GOOD
rd_2899,ses_3337,2026-09-29T17:13:24.000Z,4.03,9.29,38.6,5.67,6.63,148,GOOD
rd_2900,ses_3337,2026-09-29T17:13:32.000Z,4.09,9.90,38.7,5.68,6.64,146,GOOD
rd_2901,ses_3337,2026-09-29T17:13:40.000Z,3.94,10.49,38.6,5.68,6.65,148,GOOD
rd_2902,ses_3337,2026-09-29T17:13:48.000Z,3.67,11.04,38.6,5.71,6.66,157,GOOD
rd_2903,ses_3337,2026-09-29T17:13:56.000Z,3.21,11.52,38.8,5.68,6.62,149,GOOD
rd_2904,ses_3337,2026-09-29T17:14:04.000Z,2.75,11.94,38.7,5.66,6.64,142,GOOD
rd_2905,ses_3337,2026-09-29T17:14:12.000Z,2.29,12.28,38.8,5.71,6.63,155,GOOD
rd_2906,ses_3337,2026-09-29T17:14:20.000Z,1.83,12.55,38.7,5.69,6.62,146,GOOD
rd_2907,ses_3337,2026-09-29T17:14:28.000Z,1.38,12.76,38.7,5.70,6.66,144,GOOD
rd_2908,ses_3337,2026-09-29T17:14:36.000Z,0.92,12.90,38.7,5.68,6.65,155,GOOD
rd_2909,ses_3337,2026-09-29T17:14:44.000Z,0.46,12.97,38.7,5.66,6.64,144,GOOD
rd_2910,ses_3337,2026-09-29T17:14:52.000Z,0.05,12.98,38.6,5.72,6.62,145,GOOD
rd_2911,ses_3338,2026-09-29T17:04:00.000Z,0.05,0.01,38.8,5.45,6.61,142,GOOD
rd_2912,ses_3338,2026-09-29T17:04:08.000Z,0.58,0.09,38.7,5.46,6.59,152,GOOD
rd_2913,ses_3338,2026-09-29T17:04:16.000Z,1.16,0.27,38.8,5.41,6.60,143,GOOD
rd_2914,ses_3338,2026-09-29T17:04:24.000Z,1.74,0.53,38.7,5.47,6.59,146,GOOD
rd_2915,ses_3338,2026-09-29T17:04:32.000Z,2.32,0.88,38.7,5.47,6.62,148,GOOD
rd_2916,ses_3338,2026-09-29T17:04:40.000Z,2.91,1.31,38.8,5.46,6.59,146,GOOD
rd_2917,ses_3338,2026-09-29T17:04:48.000Z,3.44,1.83,38.8,5.42,6.59,151,GOOD
rd_2918,ses_3338,2026-09-29T17:04:56.000Z,3.34,2.33,38.7,5.44,6.59,150,GOOD
rd_2919,ses_3338,2026-09-29T17:05:04.000Z,3.38,2.84,38.7,5.47,6.61,143,GOOD
rd_2920,ses_3338,2026-09-29T17:05:12.000Z,3.41,3.35,38.6,5.48,6.59,144,GOOD
rd_2921,ses_3338,2026-09-29T17:05:20.000Z,3.32,3.85,38.7,5.43,6.61,148,GOOD
rd_2922,ses_3338,2026-09-29T17:05:28.000Z,3.25,4.33,38.8,5.47,6.60,139,GOOD
rd_2923,ses_3338,2026-09-29T17:05:36.000Z,3.39,4.84,38.7,5.46,6.58,148,GOOD
rd_2924,ses_3338,2026-09-29T17:05:44.000Z,3.29,5.34,38.7,5.41,6.61,146,GOOD
rd_2925,ses_3338,2026-09-29T17:05:52.000Z,3.51,5.86,38.7,5.46,6.61,139,GOOD
rd_2926,ses_3338,2026-09-29T17:06:00.000Z,3.37,6.37,38.7,5.49,6.58,152,GOOD
rd_2927,ses_3338,2026-09-29T17:06:08.000Z,3.27,6.86,38.6,5.45,6.58,146,GOOD
rd_2928,ses_3338,2026-09-29T17:06:16.000Z,3.37,7.36,38.6,5.44,6.60,144,GOOD
rd_2929,ses_3338,2026-09-29T17:06:24.000Z,3.29,7.86,38.7,5.47,6.59,153,GOOD
rd_2930,ses_3338,2026-09-29T17:06:32.000Z,3.52,8.39,38.7,5.47,6.58,141,GOOD
rd_2931,ses_3338,2026-09-29T17:06:40.000Z,3.49,8.91,38.7,5.42,6.61,138,GOOD
rd_2932,ses_3338,2026-09-29T17:06:48.000Z,3.1,9.38,38.7,5.48,6.59,151,GOOD
rd_2933,ses_3338,2026-09-29T17:06:56.000Z,2.71,9.78,38.7,5.41,6.59,145,GOOD
rd_2934,ses_3338,2026-09-29T17:07:04.000Z,2.32,10.13,38.7,5.45,6.58,141,GOOD
rd_2935,ses_3338,2026-09-29T17:07:12.000Z,1.94,10.42,38.8,5.42,6.59,152,GOOD
rd_2936,ses_3338,2026-09-29T17:07:20.000Z,1.55,10.65,38.7,5.45,6.61,150,GOOD
rd_2937,ses_3338,2026-09-29T17:07:28.000Z,1.16,10.83,38.7,5.46,6.61,141,GOOD
rd_2938,ses_3338,2026-09-29T17:07:36.000Z,0.77,10.94,38.8,5.44,6.58,152,GOOD
rd_2939,ses_3338,2026-09-29T17:07:44.000Z,0.39,11.00,38.7,5.47,6.61,151,GOOD
rd_2940,ses_3338,2026-09-29T17:07:52.000Z,0.05,11.01,38.8,5.48,6.60,141,GOOD
rd_2941,ses_3339,2026-09-29T18:08:00.000Z,0.05,0.01,38.4,5.63,6.61,172,GOOD
rd_2942,ses_3339,2026-09-29T18:08:08.000Z,0.64,0.10,38.5,5.66,6.63,162,GOOD
rd_2943,ses_3339,2026-09-29T18:08:16.000Z,1.29,0.30,38.5,5.63,6.61,162,GOOD
rd_2944,ses_3339,2026-09-29T18:08:24.000Z,1.93,0.59,38.5,5.63,6.64,161,GOOD
rd_2945,ses_3339,2026-09-29T18:08:32.000Z,2.58,0.97,38.5,5.67,6.62,169,GOOD
rd_2946,ses_3339,2026-09-29T18:08:40.000Z,3.22,1.46,38.4,5.61,6.63,159,GOOD
rd_2947,ses_3339,2026-09-29T18:08:48.000Z,3.74,2.02,38.4,5.62,6.61,161,GOOD
rd_2948,ses_3339,2026-09-29T18:08:56.000Z,3.87,2.60,38.5,5.63,6.64,173,GOOD
rd_2949,ses_3339,2026-09-29T18:09:04.000Z,3.78,3.17,38.6,5.62,6.62,172,GOOD
rd_2950,ses_3339,2026-09-29T18:09:12.000Z,3.73,3.72,38.5,5.62,6.64,171,GOOD
rd_2951,ses_3339,2026-09-29T18:09:20.000Z,3.66,4.27,38.4,5.64,6.64,167,GOOD
rd_2952,ses_3339,2026-09-29T18:09:28.000Z,3.78,4.84,38.5,5.63,6.62,163,GOOD
rd_2953,ses_3339,2026-09-29T18:09:36.000Z,3.76,5.40,38.5,5.62,6.61,171,GOOD
rd_2954,ses_3339,2026-09-29T18:09:44.000Z,3.61,5.95,38.5,5.64,6.63,164,GOOD
rd_2955,ses_3339,2026-09-29T18:09:52.000Z,3.76,6.51,38.5,5.68,6.60,169,GOOD
rd_2956,ses_3339,2026-09-29T18:10:00.000Z,3.72,7.07,38.4,5.66,6.63,171,GOOD
rd_2957,ses_3339,2026-09-29T18:10:08.000Z,3.66,7.62,38.5,5.63,6.63,161,GOOD
rd_2958,ses_3339,2026-09-29T18:10:16.000Z,3.7,8.17,38.6,5.62,6.63,171,GOOD
rd_2959,ses_3339,2026-09-29T18:10:24.000Z,3.77,8.74,38.4,5.62,6.62,164,GOOD
rd_2960,ses_3339,2026-09-29T18:10:32.000Z,3.66,9.29,38.5,5.68,6.63,158,GOOD
rd_2961,ses_3339,2026-09-29T18:10:40.000Z,3.84,9.86,38.5,5.65,6.61,161,GOOD
rd_2962,ses_3339,2026-09-29T18:10:48.000Z,3.44,10.38,38.5,5.64,6.63,166,GOOD
rd_2963,ses_3339,2026-09-29T18:10:56.000Z,3.01,10.83,38.5,5.64,6.62,162,GOOD
rd_2964,ses_3339,2026-09-29T18:11:04.000Z,2.58,11.22,38.5,5.65,6.60,165,GOOD
rd_2965,ses_3339,2026-09-29T18:11:12.000Z,2.15,11.54,38.6,5.61,6.63,172,GOOD
rd_2966,ses_3339,2026-09-29T18:11:20.000Z,1.72,11.80,38.6,5.63,6.64,158,GOOD
rd_2967,ses_3339,2026-09-29T18:11:28.000Z,1.29,11.99,38.6,5.64,6.61,170,GOOD
rd_2968,ses_3339,2026-09-29T18:11:36.000Z,0.86,12.12,38.4,5.66,6.62,158,GOOD
rd_2969,ses_3339,2026-09-29T18:11:44.000Z,0.43,12.18,38.5,5.62,6.62,167,GOOD
rd_2970,ses_3339,2026-09-29T18:11:52.000Z,0.05,12.19,38.6,5.61,6.60,164,GOOD
rd_2971,ses_3340,2026-09-29T17:59:00.000Z,0.05,0.01,38.5,5.45,6.65,103,GOOD
rd_2972,ses_3340,2026-09-29T17:59:08.000Z,0.69,0.11,38.6,5.47,6.65,93,GOOD
rd_2973,ses_3340,2026-09-29T17:59:16.000Z,1.38,0.32,38.6,5.50,6.65,98,GOOD
rd_2974,ses_3340,2026-09-29T17:59:24.000Z,2.06,0.63,38.7,5.52,6.66,99,GOOD
rd_2975,ses_3340,2026-09-29T17:59:32.000Z,2.75,1.04,38.5,5.51,6.65,99,GOOD
rd_2976,ses_3340,2026-09-29T17:59:40.000Z,3.44,1.56,38.6,5.47,6.67,98,GOOD
rd_2977,ses_3340,2026-09-29T17:59:48.000Z,4.1,2.17,38.5,5.53,6.68,97,GOOD
rd_2978,ses_3340,2026-09-29T17:59:56.000Z,4.07,2.78,38.7,5.45,6.66,96,GOOD
rd_2979,ses_3340,2026-09-29T18:00:04.000Z,4.09,3.39,38.5,5.48,6.64,90,GOOD
rd_2980,ses_3340,2026-09-29T18:00:12.000Z,3.9,3.98,38.7,5.51,6.65,94,GOOD
rd_2981,ses_3340,2026-09-29T18:00:20.000Z,4.05,4.59,38.6,5.51,6.66,101,GOOD
rd_2982,ses_3340,2026-09-29T18:00:28.000Z,4.11,5.20,38.5,5.51,6.64,100,GOOD
rd_2983,ses_3340,2026-09-29T18:00:36.000Z,3.91,5.79,38.6,5.53,6.66,99,GOOD
rd_2984,ses_3340,2026-09-29T18:00:44.000Z,4.05,6.40,38.5,5.45,6.67,93,GOOD
rd_2985,ses_3340,2026-09-29T18:00:52.000Z,4.1,7.01,38.7,5.52,6.66,96,GOOD
rd_2986,ses_3340,2026-09-29T18:01:00.000Z,3.96,7.61,38.6,5.51,6.66,90,GOOD
rd_2987,ses_3340,2026-09-29T18:01:08.000Z,3.88,8.19,38.5,5.46,6.66,101,GOOD
rd_2988,ses_3340,2026-09-29T18:01:16.000Z,3.94,8.78,38.7,5.47,6.65,93,GOOD
rd_2989,ses_3340,2026-09-29T18:01:24.000Z,3.89,9.36,38.6,5.48,6.68,93,GOOD
rd_2990,ses_3340,2026-09-29T18:01:32.000Z,3.91,9.95,38.6,5.46,6.65,92,GOOD
rd_2991,ses_3340,2026-09-29T18:01:40.000Z,3.88,10.53,38.6,5.46,6.65,89,GOOD
rd_2992,ses_3340,2026-09-29T18:01:48.000Z,3.67,11.08,38.7,5.47,6.65,93,GOOD
rd_2993,ses_3340,2026-09-29T18:01:56.000Z,3.21,11.56,38.5,5.47,6.65,94,GOOD
rd_2994,ses_3340,2026-09-29T18:02:04.000Z,2.75,11.98,38.7,5.45,6.65,103,GOOD
rd_2995,ses_3340,2026-09-29T18:02:12.000Z,2.29,12.32,38.5,5.49,6.67,95,GOOD
rd_2996,ses_3340,2026-09-29T18:02:20.000Z,1.83,12.59,38.7,5.50,6.68,102,GOOD
rd_2997,ses_3340,2026-09-29T18:02:28.000Z,1.38,12.80,38.6,5.48,6.66,98,GOOD
rd_2998,ses_3340,2026-09-29T18:02:36.000Z,0.92,12.94,38.7,5.48,6.67,91,GOOD
rd_2999,ses_3340,2026-09-29T18:02:44.000Z,0.46,13.01,38.5,5.52,6.65,91,GOOD
rd_3000,ses_3340,2026-09-29T18:02:52.000Z,0.05,13.02,38.6,5.48,6.68,100,GOOD
rd_3001,ses_3341,2026-09-29T17:27:00.000Z,0.05,0.01,38.7,5.59,6.64,94,GOOD
rd_3002,ses_3341,2026-09-29T17:27:08.000Z,0.62,0.10,38.6,5.53,6.63,98,GOOD
rd_3003,ses_3341,2026-09-29T17:27:16.000Z,1.23,0.29,38.7,5.58,6.67,98,GOOD
rd_3004,ses_3341,2026-09-29T17:27:24.000Z,1.85,0.56,38.8,5.55,6.65,90,GOOD
rd_3005,ses_3341,2026-09-29T17:27:32.000Z,2.46,0.93,38.6,5.54,6.64,93,GOOD
rd_3006,ses_3341,2026-09-29T17:27:40.000Z,3.08,1.39,38.6,5.54,6.64,104,GOOD
rd_3007,ses_3341,2026-09-29T17:27:48.000Z,3.54,1.92,38.7,5.53,6.66,98,GOOD
rd_3008,ses_3341,2026-09-29T17:27:56.000Z,3.64,2.47,38.7,5.52,6.65,98,GOOD
rd_3009,ses_3341,2026-09-29T17:28:04.000Z,3.55,3.00,38.7,5.56,6.67,96,GOOD
rd_3010,ses_3341,2026-09-29T17:28:12.000Z,3.5,3.53,38.6,5.59,6.67,104,GOOD
rd_3011,ses_3341,2026-09-29T17:28:20.000Z,3.55,4.06,38.7,5.58,6.65,102,GOOD
rd_3012,ses_3341,2026-09-29T17:28:28.000Z,3.66,4.61,38.8,5.58,6.67,104,GOOD
rd_3013,ses_3341,2026-09-29T17:28:36.000Z,3.6,5.15,38.8,5.52,6.64,100,GOOD
rd_3014,ses_3341,2026-09-29T17:28:44.000Z,3.72,5.71,38.6,5.59,6.65,99,GOOD
rd_3015,ses_3341,2026-09-29T17:28:52.000Z,3.64,6.25,38.7,5.58,6.63,89,GOOD
rd_3016,ses_3341,2026-09-29T17:29:00.000Z,3.56,6.79,38.7,5.59,6.66,100,GOOD
rd_3017,ses_3341,2026-09-29T17:29:08.000Z,3.71,7.34,38.8,5.53,6.66,89,GOOD
rd_3018,ses_3341,2026-09-29T17:29:16.000Z,3.48,7.87,38.6,5.53,6.65,92,GOOD
rd_3019,ses_3341,2026-09-29T17:29:24.000Z,3.66,8.42,38.6,5.56,6.67,96,GOOD
rd_3020,ses_3341,2026-09-29T17:29:32.000Z,3.53,8.94,38.8,5.59,6.64,102,GOOD
rd_3021,ses_3341,2026-09-29T17:29:40.000Z,3.66,9.49,38.7,5.52,6.65,93,GOOD
rd_3022,ses_3341,2026-09-29T17:29:48.000Z,3.28,9.99,38.8,5.51,6.66,94,GOOD
rd_3023,ses_3341,2026-09-29T17:29:56.000Z,2.87,10.42,38.8,5.57,6.67,101,GOOD
rd_3024,ses_3341,2026-09-29T17:30:04.000Z,2.46,10.79,38.8,5.56,6.64,89,GOOD
rd_3025,ses_3341,2026-09-29T17:30:12.000Z,2.05,11.09,38.7,5.52,6.66,93,GOOD
rd_3026,ses_3341,2026-09-29T17:30:20.000Z,1.64,11.34,38.7,5.55,6.64,94,GOOD
rd_3027,ses_3341,2026-09-29T17:30:28.000Z,1.23,11.52,38.7,5.51,6.64,103,GOOD
rd_3028,ses_3341,2026-09-29T17:30:36.000Z,0.82,11.65,38.7,5.56,6.65,89,GOOD
rd_3029,ses_3341,2026-09-29T17:30:44.000Z,0.41,11.71,38.8,5.54,6.65,89,GOOD
rd_3030,ses_3341,2026-09-29T17:30:52.000Z,0.05,11.71,38.7,5.52,6.67,102,GOOD
rd_3031,ses_3342,2026-09-29T17:24:00.000Z,0.05,0.01,38.6,5.77,6.66,111,GOOD
rd_3032,ses_3342,2026-09-29T17:24:08.000Z,0.66,0.11,38.6,5.73,6.64,112,GOOD
rd_3033,ses_3342,2026-09-29T17:24:16.000Z,1.31,0.30,38.6,5.73,6.65,117,GOOD
rd_3034,ses_3342,2026-09-29T17:24:24.000Z,1.97,0.60,38.5,5.71,6.66,109,GOOD
rd_3035,ses_3342,2026-09-29T17:24:32.000Z,2.62,0.99,38.5,5.74,6.64,106,GOOD
rd_3036,ses_3342,2026-09-29T17:24:40.000Z,3.28,1.48,38.4,5.77,6.66,115,GOOD
rd_3037,ses_3342,2026-09-29T17:24:48.000Z,3.73,2.04,38.4,5.77,6.63,116,GOOD
rd_3038,ses_3342,2026-09-29T17:24:56.000Z,3.85,2.62,38.6,5.71,6.65,115,GOOD
rd_3039,ses_3342,2026-09-29T17:25:04.000Z,3.83,3.20,38.4,5.72,6.66,115,GOOD
rd_3040,ses_3342,2026-09-29T17:25:12.000Z,3.85,3.77,38.4,5.75,6.66,102,GOOD
rd_3041,ses_3342,2026-09-29T17:25:20.000Z,3.78,4.34,38.4,5.72,6.65,101,GOOD
rd_3042,ses_3342,2026-09-29T17:25:28.000Z,3.85,4.92,38.6,5.77,6.66,113,GOOD
rd_3043,ses_3342,2026-09-29T17:25:36.000Z,3.72,5.47,38.5,5.73,6.63,112,GOOD
rd_3044,ses_3342,2026-09-29T17:25:44.000Z,3.69,6.03,38.5,5.77,6.63,104,GOOD
rd_3045,ses_3342,2026-09-29T17:25:52.000Z,3.72,6.59,38.5,5.73,6.66,107,GOOD
rd_3046,ses_3342,2026-09-29T17:26:00.000Z,3.78,7.15,38.4,5.70,6.63,107,GOOD
rd_3047,ses_3342,2026-09-29T17:26:08.000Z,3.81,7.72,38.4,5.73,6.64,103,GOOD
rd_3048,ses_3342,2026-09-29T17:26:16.000Z,3.68,8.28,38.4,5.78,6.65,110,GOOD
rd_3049,ses_3342,2026-09-29T17:26:24.000Z,3.95,8.87,38.4,5.70,6.66,114,GOOD
rd_3050,ses_3342,2026-09-29T17:26:32.000Z,3.77,9.43,38.4,5.71,6.66,108,GOOD
rd_3051,ses_3342,2026-09-29T17:26:40.000Z,3.9,10.02,38.4,5.77,6.65,108,GOOD
rd_3052,ses_3342,2026-09-29T17:26:48.000Z,3.49,10.54,38.4,5.75,6.62,106,GOOD
rd_3053,ses_3342,2026-09-29T17:26:56.000Z,3.06,11.00,38.4,5.70,6.65,117,GOOD
rd_3054,ses_3342,2026-09-29T17:27:04.000Z,2.62,11.40,38.6,5.77,6.63,106,GOOD
rd_3055,ses_3342,2026-09-29T17:27:12.000Z,2.18,11.72,38.6,5.77,6.65,107,GOOD
rd_3056,ses_3342,2026-09-29T17:27:20.000Z,1.75,11.98,38.4,5.78,6.64,102,GOOD
rd_3057,ses_3342,2026-09-29T17:27:28.000Z,1.31,12.18,38.5,5.76,6.63,101,GOOD
rd_3058,ses_3342,2026-09-29T17:27:36.000Z,0.87,12.31,38.4,5.72,6.66,115,GOOD
rd_3059,ses_3342,2026-09-29T17:27:44.000Z,0.44,12.38,38.5,5.71,6.66,112,GOOD
rd_3060,ses_3342,2026-09-29T17:27:52.000Z,0.05,12.39,38.5,5.74,6.64,107,GOOD
rd_3061,ses_3343,2026-09-29T17:52:00.000Z,0.05,0.01,38.6,5.54,6.71,118,GOOD
rd_3062,ses_3343,2026-09-29T17:52:08.000Z,0.7,0.11,38.6,5.60,6.72,112,GOOD
rd_3063,ses_3343,2026-09-29T17:52:16.000Z,1.4,0.32,38.6,5.57,6.70,115,GOOD
rd_3064,ses_3343,2026-09-29T17:52:24.000Z,2.1,0.64,38.5,5.54,6.74,116,GOOD
rd_3065,ses_3343,2026-09-29T17:52:32.000Z,2.8,1.06,38.6,5.58,6.74,108,GOOD
rd_3066,ses_3343,2026-09-29T17:52:40.000Z,3.5,1.58,38.7,5.58,6.73,103,GOOD
rd_3067,ses_3343,2026-09-29T17:52:48.000Z,4.14,2.20,38.6,5.59,6.71,106,GOOD
rd_3068,ses_3343,2026-09-29T17:52:56.000Z,3.99,2.80,38.6,5.57,6.72,110,GOOD
rd_3069,ses_3343,2026-09-29T17:53:04.000Z,4.08,3.41,38.6,5.54,6.73,104,GOOD
rd_3070,ses_3343,2026-09-29T17:53:12.000Z,4.12,4.03,38.7,5.59,6.73,115,GOOD
rd_3071,ses_3343,2026-09-29T17:53:20.000Z,4.2,4.66,38.5,5.56,6.71,113,GOOD
rd_3072,ses_3343,2026-09-29T17:53:28.000Z,3.95,5.25,38.5,5.57,6.73,111,GOOD
rd_3073,ses_3343,2026-09-29T17:53:36.000Z,4.02,5.86,38.6,5.61,6.74,104,GOOD
rd_3074,ses_3343,2026-09-29T17:53:44.000Z,4.04,6.46,38.6,5.57,6.71,111,GOOD
rd_3075,ses_3343,2026-09-29T17:53:52.000Z,4.02,7.07,38.5,5.59,6.70,109,GOOD
rd_3076,ses_3343,2026-09-29T17:54:00.000Z,4.08,7.68,38.6,5.56,6.71,114,GOOD
rd_3077,ses_3343,2026-09-29T17:54:08.000Z,4.2,8.31,38.6,5.58,6.73,114,GOOD
rd_3078,ses_3343,2026-09-29T17:54:16.000Z,3.99,8.91,38.7,5.58,6.72,109,GOOD
rd_3079,ses_3343,2026-09-29T17:54:24.000Z,3.97,9.50,38.6,5.59,6.72,113,GOOD
rd_3080,ses_3343,2026-09-29T17:54:32.000Z,3.99,10.10,38.6,5.55,6.71,110,GOOD
rd_3081,ses_3343,2026-09-29T17:54:40.000Z,4.06,10.71,38.7,5.56,6.72,115,GOOD
rd_3082,ses_3343,2026-09-29T17:54:48.000Z,3.73,11.27,38.5,5.57,6.72,105,GOOD
rd_3083,ses_3343,2026-09-29T17:54:56.000Z,3.27,11.76,38.5,5.55,6.72,117,GOOD
rd_3084,ses_3343,2026-09-29T17:55:04.000Z,2.8,12.18,38.5,5.55,6.70,116,GOOD
rd_3085,ses_3343,2026-09-29T17:55:12.000Z,2.33,12.53,38.6,5.58,6.71,111,GOOD
rd_3086,ses_3343,2026-09-29T17:55:20.000Z,1.87,12.81,38.7,5.59,6.71,113,GOOD
rd_3087,ses_3343,2026-09-29T17:55:28.000Z,1.4,13.02,38.5,5.53,6.72,115,GOOD
rd_3088,ses_3343,2026-09-29T17:55:36.000Z,0.93,13.16,38.6,5.61,6.73,103,GOOD
rd_3089,ses_3343,2026-09-29T17:55:44.000Z,0.47,13.23,38.5,5.58,6.71,108,GOOD
rd_3090,ses_3343,2026-09-29T17:55:52.000Z,0.05,13.24,38.7,5.57,6.74,113,GOOD
rd_3091,ses_3344,2026-09-29T18:19:00.000Z,0.05,0.01,38.8,5.66,6.64,127,GOOD
rd_3092,ses_3344,2026-09-29T18:19:08.000Z,0.62,0.10,38.6,5.63,6.63,117,GOOD
rd_3093,ses_3344,2026-09-29T18:19:16.000Z,1.23,0.29,38.6,5.64,6.66,120,GOOD
rd_3094,ses_3344,2026-09-29T18:19:24.000Z,1.85,0.56,38.8,5.65,6.65,124,GOOD
rd_3095,ses_3344,2026-09-29T18:19:32.000Z,2.47,0.93,38.7,5.68,6.65,120,GOOD
rd_3096,ses_3344,2026-09-29T18:19:40.000Z,3.09,1.40,38.7,5.67,6.64,120,GOOD
rd_3097,ses_3344,2026-09-29T18:19:48.000Z,3.56,1.93,38.8,5.62,6.64,120,GOOD
rd_3098,ses_3344,2026-09-29T18:19:56.000Z,3.53,2.46,38.6,5.66,6.63,116,GOOD
rd_3099,ses_3344,2026-09-29T18:20:04.000Z,3.67,3.01,38.7,5.61,6.62,127,GOOD
rd_3100,ses_3344,2026-09-29T18:20:12.000Z,3.53,3.54,38.7,5.64,6.64,121,GOOD
rd_3101,ses_3344,2026-09-29T18:20:20.000Z,3.58,4.08,38.7,5.62,6.64,122,GOOD
rd_3102,ses_3344,2026-09-29T18:20:28.000Z,3.71,4.63,38.8,5.63,6.64,114,GOOD
rd_3103,ses_3344,2026-09-29T18:20:36.000Z,3.54,5.16,38.7,5.69,6.64,126,GOOD
rd_3104,ses_3344,2026-09-29T18:20:44.000Z,3.48,5.69,38.8,5.67,6.66,121,GOOD
rd_3105,ses_3344,2026-09-29T18:20:52.000Z,3.61,6.23,38.7,5.65,6.62,124,GOOD
rd_3106,ses_3344,2026-09-29T18:21:00.000Z,3.59,6.77,38.7,5.64,6.62,114,GOOD
rd_3107,ses_3344,2026-09-29T18:21:08.000Z,3.7,7.32,38.8,5.63,6.65,115,GOOD
rd_3108,ses_3344,2026-09-29T18:21:16.000Z,3.71,7.88,38.7,5.62,6.65,116,GOOD
rd_3109,ses_3344,2026-09-29T18:21:24.000Z,3.54,8.41,38.8,5.69,6.65,124,GOOD
rd_3110,ses_3344,2026-09-29T18:21:32.000Z,3.53,8.94,38.6,5.62,6.66,114,GOOD
rd_3111,ses_3344,2026-09-29T18:21:40.000Z,3.7,9.49,38.6,5.62,6.64,121,GOOD
rd_3112,ses_3344,2026-09-29T18:21:48.000Z,3.29,9.99,38.8,5.67,6.64,116,GOOD
rd_3113,ses_3344,2026-09-29T18:21:56.000Z,2.88,10.42,38.8,5.61,6.65,115,GOOD
rd_3114,ses_3344,2026-09-29T18:22:04.000Z,2.47,10.79,38.6,5.64,6.63,126,GOOD
rd_3115,ses_3344,2026-09-29T18:22:12.000Z,2.06,11.10,38.6,5.67,6.66,117,GOOD
rd_3116,ses_3344,2026-09-29T18:22:20.000Z,1.65,11.35,38.7,5.68,6.62,125,GOOD
rd_3117,ses_3344,2026-09-29T18:22:28.000Z,1.23,11.53,38.7,5.69,6.64,118,GOOD
rd_3118,ses_3344,2026-09-29T18:22:36.000Z,0.82,11.65,38.8,5.66,6.62,113,GOOD
rd_3119,ses_3344,2026-09-29T18:22:44.000Z,0.41,11.71,38.8,5.63,6.66,112,GOOD
rd_3120,ses_3344,2026-09-29T18:22:52.000Z,0.05,11.72,38.6,5.66,6.63,127,GOOD
rd_3121,ses_3345,2026-09-29T17:03:00.000Z,0.05,0.01,38.5,5.37,6.64,130,GOOD
rd_3122,ses_3345,2026-09-29T17:03:08.000Z,0.68,0.11,38.4,5.39,6.63,136,GOOD
rd_3123,ses_3345,2026-09-29T17:03:16.000Z,1.36,0.31,38.4,5.41,6.66,143,GOOD
rd_3124,ses_3345,2026-09-29T17:03:24.000Z,2.03,0.62,38.4,5.44,6.64,142,GOOD
rd_3125,ses_3345,2026-09-29T17:03:32.000Z,2.71,1.02,38.4,5.39,6.66,136,GOOD
rd_3126,ses_3345,2026-09-29T17:03:40.000Z,3.39,1.53,38.4,5.42,6.66,143,GOOD
rd_3127,ses_3345,2026-09-29T17:03:48.000Z,3.99,2.13,38.4,5.41,6.67,133,GOOD
rd_3128,ses_3345,2026-09-29T17:03:56.000Z,3.95,2.72,38.4,5.44,6.63,132,GOOD
rd_3129,ses_3345,2026-09-29T17:04:04.000Z,3.83,3.30,38.4,5.44,6.67,136,GOOD
rd_3130,ses_3345,2026-09-29T17:04:12.000Z,4.01,3.90,38.4,5.41,6.66,138,GOOD
rd_3131,ses_3345,2026-09-29T17:04:20.000Z,4.07,4.51,38.5,5.43,6.64,132,GOOD
rd_3132,ses_3345,2026-09-29T17:04:28.000Z,3.96,5.10,38.4,5.40,6.65,138,GOOD
rd_3133,ses_3345,2026-09-29T17:04:36.000Z,3.93,5.69,38.4,5.44,6.66,140,GOOD
rd_3134,ses_3345,2026-09-29T17:04:44.000Z,3.85,6.27,38.4,5.38,6.63,130,GOOD
rd_3135,ses_3345,2026-09-29T17:04:52.000Z,3.93,6.86,38.4,5.40,6.63,131,GOOD
rd_3136,ses_3345,2026-09-29T17:05:00.000Z,3.89,7.44,38.3,5.45,6.64,138,GOOD
rd_3137,ses_3345,2026-09-29T17:05:08.000Z,4.05,8.05,38.5,5.41,6.64,142,GOOD
rd_3138,ses_3345,2026-09-29T17:05:16.000Z,3.92,8.64,38.3,5.44,6.63,136,GOOD
rd_3139,ses_3345,2026-09-29T17:05:24.000Z,3.84,9.22,38.4,5.38,6.64,142,GOOD
rd_3140,ses_3345,2026-09-29T17:05:32.000Z,3.89,9.80,38.4,5.41,6.67,145,GOOD
rd_3141,ses_3345,2026-09-29T17:05:40.000Z,3.82,10.37,38.5,5.38,6.63,134,GOOD
rd_3142,ses_3345,2026-09-29T17:05:48.000Z,3.61,10.91,38.3,5.39,6.64,133,GOOD
rd_3143,ses_3345,2026-09-29T17:05:56.000Z,3.16,11.39,38.5,5.45,6.66,131,GOOD
rd_3144,ses_3345,2026-09-29T17:06:04.000Z,2.71,11.79,38.4,5.39,6.65,134,GOOD
rd_3145,ses_3345,2026-09-29T17:06:12.000Z,2.26,12.13,38.4,5.43,6.64,144,GOOD
rd_3146,ses_3345,2026-09-29T17:06:20.000Z,1.81,12.40,38.5,5.45,6.65,141,GOOD
rd_3147,ses_3345,2026-09-29T17:06:28.000Z,1.36,12.61,38.4,5.41,6.63,145,GOOD
rd_3148,ses_3345,2026-09-29T17:06:36.000Z,0.9,12.74,38.4,5.43,6.66,133,GOOD
rd_3149,ses_3345,2026-09-29T17:06:44.000Z,0.45,12.81,38.4,5.38,6.66,139,GOOD
rd_3150,ses_3345,2026-09-29T17:06:52.000Z,0.05,12.82,38.4,5.45,6.66,141,GOOD
rd_3151,ses_3346,2026-09-29T17:25:00.000Z,0.05,0.01,38.5,5.62,6.62,130,GOOD
rd_3152,ses_3346,2026-09-29T17:25:08.000Z,0.6,0.10,38.6,5.60,6.63,133,GOOD
rd_3153,ses_3346,2026-09-29T17:25:16.000Z,1.2,0.28,38.4,5.58,6.65,142,GOOD
rd_3154,ses_3346,2026-09-29T17:25:24.000Z,1.79,0.55,38.6,5.61,6.66,141,GOOD
rd_3155,ses_3346,2026-09-29T17:25:32.000Z,2.39,0.90,38.5,5.61,6.66,136,GOOD
rd_3156,ses_3346,2026-09-29T17:25:40.000Z,2.99,1.35,38.5,5.57,6.66,130,GOOD
rd_3157,ses_3346,2026-09-29T17:25:48.000Z,3.41,1.86,38.5,5.60,6.65,143,GOOD
rd_3158,ses_3346,2026-09-29T17:25:56.000Z,3.53,2.39,38.4,5.60,6.64,140,GOOD
rd_3159,ses_3346,2026-09-29T17:26:04.000Z,3.5,2.92,38.5,5.62,6.63,129,GOOD
rd_3160,ses_3346,2026-09-29T17:26:12.000Z,3.57,3.45,38.6,5.61,6.62,141,GOOD
rd_3161,ses_3346,2026-09-29T17:26:20.000Z,3.5,3.98,38.6,5.58,6.66,136,GOOD
rd_3162,ses_3346,2026-09-29T17:26:28.000Z,3.36,4.48,38.4,5.57,6.64,140,GOOD
rd_3163,ses_3346,2026-09-29T17:26:36.000Z,3.35,4.99,38.6,5.59,6.63,143,GOOD
rd_3164,ses_3346,2026-09-29T17:26:44.000Z,3.59,5.52,38.4,5.57,6.65,141,GOOD
rd_3165,ses_3346,2026-09-29T17:26:52.000Z,3.58,6.06,38.6,5.57,6.64,131,GOOD
rd_3166,ses_3346,2026-09-29T17:27:00.000Z,3.5,6.59,38.5,5.56,6.65,135,GOOD
rd_3167,ses_3346,2026-09-29T17:27:08.000Z,3.43,7.10,38.4,5.63,6.64,129,GOOD
rd_3168,ses_3346,2026-09-29T17:27:16.000Z,3.61,7.64,38.4,5.58,6.62,131,GOOD
rd_3169,ses_3346,2026-09-29T17:27:24.000Z,3.38,8.15,38.6,5.61,6.62,131,GOOD
rd_3170,ses_3346,2026-09-29T17:27:32.000Z,3.61,8.69,38.5,5.64,6.64,138,GOOD
rd_3171,ses_3346,2026-09-29T17:27:40.000Z,3.6,9.23,38.6,5.61,6.65,130,GOOD
rd_3172,ses_3346,2026-09-29T17:27:48.000Z,3.19,9.71,38.4,5.60,6.62,138,GOOD
rd_3173,ses_3346,2026-09-29T17:27:56.000Z,2.79,10.13,38.6,5.58,6.62,137,GOOD
rd_3174,ses_3346,2026-09-29T17:28:04.000Z,2.39,10.49,38.5,5.63,6.65,137,GOOD
rd_3175,ses_3346,2026-09-29T17:28:12.000Z,1.99,10.78,38.4,5.63,6.62,129,GOOD
rd_3176,ses_3346,2026-09-29T17:28:20.000Z,1.6,11.02,38.4,5.60,6.66,132,GOOD
rd_3177,ses_3346,2026-09-29T17:28:28.000Z,1.2,11.20,38.6,5.62,6.63,140,GOOD
rd_3178,ses_3346,2026-09-29T17:28:36.000Z,0.8,11.32,38.6,5.63,6.66,128,GOOD
rd_3179,ses_3346,2026-09-29T17:28:44.000Z,0.4,11.38,38.6,5.63,6.65,132,GOOD
rd_3180,ses_3346,2026-09-29T17:28:52.000Z,0.05,11.39,38.4,5.63,6.65,135,GOOD
rd_3181,ses_3347,2026-09-29T17:19:00.000Z,0.05,0.01,38.7,5.77,6.65,126,GOOD
rd_3182,ses_3347,2026-09-29T17:19:08.000Z,0.65,0.11,38.6,5.73,6.65,127,GOOD
rd_3183,ses_3347,2026-09-29T17:19:16.000Z,1.29,0.30,38.6,5.76,6.62,137,GOOD
rd_3184,ses_3347,2026-09-29T17:19:24.000Z,1.94,0.59,38.7,5.76,6.66,135,GOOD
rd_3185,ses_3347,2026-09-29T17:19:32.000Z,2.59,0.98,38.7,5.74,6.65,132,GOOD
rd_3186,ses_3347,2026-09-29T17:19:40.000Z,3.23,1.46,38.8,5.78,6.62,136,GOOD
rd_3187,ses_3347,2026-09-29T17:19:48.000Z,3.86,2.04,38.6,5.73,6.65,125,GOOD
rd_3188,ses_3347,2026-09-29T17:19:56.000Z,3.73,2.60,38.7,5.75,6.65,126,GOOD
rd_3189,ses_3347,2026-09-29T17:20:04.000Z,3.77,3.17,38.8,5.74,6.65,127,GOOD
rd_3190,ses_3347,2026-09-29T17:20:12.000Z,3.6,3.71,38.7,5.79,6.63,130,GOOD
rd_3191,ses_3347,2026-09-29T17:20:20.000Z,3.67,4.26,38.8,5.77,6.64,126,GOOD
rd_3192,ses_3347,2026-09-29T17:20:28.000Z,3.63,4.80,38.6,5.72,6.65,129,GOOD
rd_3193,ses_3347,2026-09-29T17:20:36.000Z,3.83,5.38,38.7,5.78,6.65,138,GOOD
rd_3194,ses_3347,2026-09-29T17:20:44.000Z,3.66,5.92,38.6,5.77,6.63,137,GOOD
rd_3195,ses_3347,2026-09-29T17:20:52.000Z,3.77,6.49,38.7,5.74,6.63,137,GOOD
rd_3196,ses_3347,2026-09-29T17:21:00.000Z,3.75,7.05,38.7,5.78,6.64,125,GOOD
rd_3197,ses_3347,2026-09-29T17:21:08.000Z,3.75,7.62,38.7,5.73,6.65,124,GOOD
rd_3198,ses_3347,2026-09-29T17:21:16.000Z,3.62,8.16,38.7,5.78,6.62,131,GOOD
rd_3199,ses_3347,2026-09-29T17:21:24.000Z,3.82,8.73,38.7,5.74,6.65,128,GOOD
rd_3200,ses_3347,2026-09-29T17:21:32.000Z,3.83,9.31,38.8,5.76,6.62,123,GOOD
rd_3201,ses_3347,2026-09-29T17:21:40.000Z,3.72,9.86,38.7,5.77,6.64,125,GOOD
rd_3202,ses_3347,2026-09-29T17:21:48.000Z,3.45,10.38,38.6,5.76,6.63,136,GOOD
rd_3203,ses_3347,2026-09-29T17:21:56.000Z,3.02,10.83,38.6,5.74,6.62,128,GOOD
rd_3204,ses_3347,2026-09-29T17:22:04.000Z,2.59,11.22,38.6,5.78,6.64,128,GOOD
rd_3205,ses_3347,2026-09-29T17:22:12.000Z,2.16,11.55,38.7,5.73,6.63,133,GOOD
rd_3206,ses_3347,2026-09-29T17:22:20.000Z,1.72,11.80,38.7,5.75,6.63,129,GOOD
rd_3207,ses_3347,2026-09-29T17:22:28.000Z,1.29,12.00,38.8,5.78,6.65,137,GOOD
rd_3208,ses_3347,2026-09-29T17:22:36.000Z,0.86,12.13,38.7,5.78,6.62,132,GOOD
rd_3209,ses_3347,2026-09-29T17:22:44.000Z,0.43,12.19,38.7,5.79,6.64,128,GOOD
rd_3210,ses_3347,2026-09-29T17:22:52.000Z,0.05,12.20,38.6,5.76,6.63,127,GOOD
rd_3211,ses_3348,2026-09-29T18:21:00.000Z,0.05,0.01,38.5,5.49,6.69,151,GOOD
rd_3212,ses_3348,2026-09-29T18:21:08.000Z,0.69,0.11,38.5,5.48,6.71,137,GOOD
rd_3213,ses_3348,2026-09-29T18:21:16.000Z,1.39,0.32,38.5,5.53,6.68,151,GOOD
rd_3214,ses_3348,2026-09-29T18:21:24.000Z,2.08,0.63,38.5,5.47,6.71,152,GOOD
rd_3215,ses_3348,2026-09-29T18:21:32.000Z,2.77,1.05,38.6,5.50,6.70,143,GOOD
rd_3216,ses_3348,2026-09-29T18:21:40.000Z,3.47,1.57,38.4,5.49,6.69,148,GOOD
rd_3217,ses_3348,2026-09-29T18:21:48.000Z,4.09,2.18,38.5,5.47,6.70,139,GOOD
rd_3218,ses_3348,2026-09-29T18:21:56.000Z,4.11,2.80,38.4,5.50,6.70,138,GOOD
rd_3219,ses_3348,2026-09-29T18:22:04.000Z,4.1,3.41,38.5,5.47,6.72,150,GOOD
rd_3220,ses_3348,2026-09-29T18:22:12.000Z,3.9,4.00,38.4,5.48,6.72,136,GOOD
rd_3221,ses_3348,2026-09-29T18:22:20.000Z,4.16,4.62,38.6,5.53,6.71,147,GOOD
rd_3222,ses_3348,2026-09-29T18:22:28.000Z,4.01,5.22,38.5,5.46,6.72,137,GOOD
rd_3223,ses_3348,2026-09-29T18:22:36.000Z,4.08,5.83,38.6,5.51,6.72,142,GOOD
rd_3224,ses_3348,2026-09-29T18:22:44.000Z,4.11,6.45,38.5,5.50,6.69,151,GOOD
rd_3225,ses_3348,2026-09-29T18:22:52.000Z,3.94,7.04,38.4,5.53,6.70,141,GOOD
rd_3226,ses_3348,2026-09-29T18:23:00.000Z,4.06,7.65,38.5,5.51,6.68,145,GOOD
rd_3227,ses_3348,2026-09-29T18:23:08.000Z,4.17,8.28,38.6,5.49,6.70,140,GOOD
rd_3228,ses_3348,2026-09-29T18:23:16.000Z,3.96,8.87,38.5,5.53,6.71,149,GOOD
rd_3229,ses_3348,2026-09-29T18:23:24.000Z,3.9,9.46,38.6,5.48,6.71,152,GOOD
rd_3230,ses_3348,2026-09-29T18:23:32.000Z,4.11,10.07,38.6,5.54,6.71,144,GOOD
rd_3231,ses_3348,2026-09-29T18:23:40.000Z,4,10.67,38.5,5.48,6.69,151,GOOD
rd_3232,ses_3348,2026-09-29T18:23:48.000Z,3.7,11.23,38.4,5.49,6.70,151,GOOD
rd_3233,ses_3348,2026-09-29T18:23:56.000Z,3.23,11.71,38.5,5.50,6.71,142,GOOD
rd_3234,ses_3348,2026-09-29T18:24:04.000Z,2.77,12.13,38.5,5.47,6.69,140,GOOD
rd_3235,ses_3348,2026-09-29T18:24:12.000Z,2.31,12.47,38.6,5.48,6.72,141,GOOD
rd_3236,ses_3348,2026-09-29T18:24:20.000Z,1.85,12.75,38.5,5.49,6.71,144,GOOD
rd_3237,ses_3348,2026-09-29T18:24:28.000Z,1.39,12.96,38.6,5.51,6.72,143,GOOD
rd_3238,ses_3348,2026-09-29T18:24:36.000Z,0.92,13.10,38.5,5.51,6.70,139,GOOD
rd_3239,ses_3348,2026-09-29T18:24:44.000Z,0.46,13.17,38.4,5.51,6.71,139,GOOD
rd_3240,ses_3348,2026-09-29T18:24:52.000Z,0.05,13.17,38.6,5.49,6.68,151,GOOD
rd_3241,ses_3349,2026-09-29T17:58:00.000Z,0.05,0.01,38.5,5.65,6.61,147,GOOD
rd_3242,ses_3349,2026-09-29T17:58:08.000Z,0.59,0.10,38.4,5.72,6.60,151,GOOD
rd_3243,ses_3349,2026-09-29T17:58:16.000Z,1.18,0.27,38.5,5.70,6.61,150,GOOD
rd_3244,ses_3349,2026-09-29T17:58:24.000Z,1.77,0.54,38.5,5.72,6.62,142,GOOD
rd_3245,ses_3349,2026-09-29T17:58:32.000Z,2.36,0.89,38.5,5.66,6.64,149,GOOD
rd_3246,ses_3349,2026-09-29T17:58:40.000Z,2.95,1.33,38.5,5.65,6.62,150,GOOD
rd_3247,ses_3349,2026-09-29T17:58:48.000Z,3.32,1.83,38.6,5.69,6.62,144,GOOD
rd_3248,ses_3349,2026-09-29T17:58:56.000Z,3.36,2.34,38.6,5.68,6.63,142,GOOD
rd_3249,ses_3349,2026-09-29T17:59:04.000Z,3.28,2.83,38.5,5.68,6.63,143,GOOD
rd_3250,ses_3349,2026-09-29T17:59:12.000Z,3.36,3.33,38.5,5.72,6.63,141,GOOD
rd_3251,ses_3349,2026-09-29T17:59:20.000Z,3.28,3.82,38.5,5.70,6.62,144,GOOD
rd_3252,ses_3349,2026-09-29T17:59:28.000Z,3.38,4.33,38.5,5.67,6.60,144,GOOD
rd_3253,ses_3349,2026-09-29T17:59:36.000Z,3.31,4.83,38.4,5.67,6.61,137,GOOD
rd_3254,ses_3349,2026-09-29T17:59:44.000Z,3.52,5.36,38.5,5.65,6.62,149,GOOD
rd_3255,ses_3349,2026-09-29T17:59:52.000Z,3.49,5.88,38.4,5.64,6.61,140,GOOD
rd_3256,ses_3349,2026-09-29T18:00:00.000Z,3.33,6.38,38.5,5.71,6.61,145,GOOD
rd_3257,ses_3349,2026-09-29T18:00:08.000Z,3.33,6.88,38.6,5.70,6.63,142,GOOD
rd_3258,ses_3349,2026-09-29T18:00:16.000Z,3.5,7.40,38.4,5.69,6.64,141,GOOD
rd_3259,ses_3349,2026-09-29T18:00:24.000Z,3.42,7.92,38.5,5.66,6.62,144,GOOD
rd_3260,ses_3349,2026-09-29T18:00:32.000Z,3.4,8.43,38.5,5.69,6.60,136,GOOD
rd_3261,ses_3349,2026-09-29T18:00:40.000Z,3.38,8.93,38.5,5.67,6.64,150,GOOD
rd_3262,ses_3349,2026-09-29T18:00:48.000Z,3.14,9.41,38.4,5.65,6.61,150,GOOD
rd_3263,ses_3349,2026-09-29T18:00:56.000Z,2.75,9.82,38.5,5.69,6.60,140,GOOD
rd_3264,ses_3349,2026-09-29T18:01:04.000Z,2.36,10.17,38.6,5.71,6.60,149,GOOD
rd_3265,ses_3349,2026-09-29T18:01:12.000Z,1.97,10.47,38.4,5.67,6.61,142,GOOD
rd_3266,ses_3349,2026-09-29T18:01:20.000Z,1.57,10.70,38.5,5.65,6.62,146,GOOD
rd_3267,ses_3349,2026-09-29T18:01:28.000Z,1.18,10.88,38.6,5.65,6.63,140,GOOD
rd_3268,ses_3349,2026-09-29T18:01:36.000Z,0.79,11.00,38.5,5.69,6.62,136,GOOD
rd_3269,ses_3349,2026-09-29T18:01:44.000Z,0.39,11.06,38.5,5.64,6.63,148,GOOD
rd_3270,ses_3349,2026-09-29T18:01:52.000Z,0.05,11.06,38.6,5.70,6.64,137,GOOD
rd_3271,ses_3350,2026-09-29T17:16:00.000Z,0.05,0.01,38.8,5.48,6.65,95,GOOD
rd_3272,ses_3350,2026-09-29T17:16:08.000Z,0.64,0.10,38.8,5.54,6.64,90,GOOD
rd_3273,ses_3350,2026-09-29T17:16:16.000Z,1.28,0.30,38.7,5.48,6.64,84,GOOD
rd_3274,ses_3350,2026-09-29T17:16:24.000Z,1.92,0.58,38.8,5.50,6.66,87,GOOD
rd_3275,ses_3350,2026-09-29T17:16:32.000Z,2.57,0.97,38.9,5.53,6.64,93,GOOD
rd_3276,ses_3350,2026-09-29T17:16:40.000Z,3.21,1.45,38.8,5.53,6.66,96,GOOD
rd_3277,ses_3350,2026-09-29T17:16:48.000Z,3.74,2.01,38.7,5.53,6.64,84,GOOD
rd_3278,ses_3350,2026-09-29T17:16:56.000Z,3.85,2.59,38.8,5.50,6.65,92,GOOD
rd_3279,ses_3350,2026-09-29T17:17:04.000Z,3.86,3.17,38.7,5.55,6.65,87,GOOD
rd_3280,ses_3350,2026-09-29T17:17:12.000Z,3.59,3.71,38.8,5.48,6.63,91,GOOD
rd_3281,ses_3350,2026-09-29T17:17:20.000Z,3.73,4.27,38.8,5.49,6.65,87,GOOD
rd_3282,ses_3350,2026-09-29T17:17:28.000Z,3.75,4.83,38.7,5.54,6.63,87,GOOD
rd_3283,ses_3350,2026-09-29T17:17:36.000Z,3.66,5.38,38.9,5.55,6.65,97,GOOD
rd_3284,ses_3350,2026-09-29T17:17:44.000Z,3.85,5.96,38.7,5.50,6.66,93,GOOD
rd_3285,ses_3350,2026-09-29T17:17:52.000Z,3.75,6.52,38.9,5.53,6.64,85,GOOD
rd_3286,ses_3350,2026-09-29T17:18:00.000Z,3.63,7.06,38.7,5.48,6.64,92,GOOD
rd_3287,ses_3350,2026-09-29T17:18:08.000Z,3.6,7.60,38.9,5.48,6.65,94,GOOD
rd_3288,ses_3350,2026-09-29T17:18:16.000Z,3.82,8.18,38.8,5.53,6.66,98,GOOD
rd_3289,ses_3350,2026-09-29T17:18:24.000Z,3.82,8.75,38.7,5.51,6.66,97,GOOD
rd_3290,ses_3350,2026-09-29T17:18:32.000Z,3.72,9.31,38.8,5.49,6.63,88,GOOD
rd_3291,ses_3350,2026-09-29T17:18:40.000Z,3.68,9.86,38.7,5.48,6.64,93,GOOD
rd_3292,ses_3350,2026-09-29T17:18:48.000Z,3.42,10.37,38.9,5.50,6.65,99,GOOD
rd_3293,ses_3350,2026-09-29T17:18:56.000Z,2.99,10.82,38.8,5.54,6.66,94,GOOD
rd_3294,ses_3350,2026-09-29T17:19:04.000Z,2.57,11.21,38.8,5.52,6.63,93,GOOD
rd_3295,ses_3350,2026-09-29T17:19:12.000Z,2.14,11.53,38.8,5.51,6.66,87,GOOD
rd_3296,ses_3350,2026-09-29T17:19:20.000Z,1.71,11.78,38.9,5.48,6.67,91,GOOD
rd_3297,ses_3350,2026-09-29T17:19:28.000Z,1.28,11.97,38.9,5.55,6.64,96,GOOD
rd_3298,ses_3350,2026-09-29T17:19:36.000Z,0.86,12.10,38.9,5.54,6.63,91,GOOD
rd_3299,ses_3350,2026-09-29T17:19:44.000Z,0.43,12.17,38.8,5.55,6.66,87,GOOD
rd_3300,ses_3350,2026-09-29T17:19:52.000Z,0.05,12.18,38.8,5.53,6.63,86,GOOD
rd_3301,ses_3351,2026-09-29T18:27:00.000Z,0.05,0.01,38.7,6.19,6.79,183,GOOD
rd_3302,ses_3351,2026-09-29T18:27:08.000Z,0.71,0.11,38.6,6.21,6.78,171,GOOD
rd_3303,ses_3351,2026-09-29T18:27:16.000Z,1.41,0.33,38.6,6.17,6.79,172,GOOD
rd_3304,ses_3351,2026-09-29T18:27:24.000Z,2.12,0.64,38.8,6.19,6.78,171,GOOD
rd_3305,ses_3351,2026-09-29T18:27:32.000Z,2.83,1.07,38.6,6.21,6.78,183,GOOD
rd_3306,ses_3351,2026-09-29T18:27:40.000Z,3.53,1.60,38.6,6.21,6.76,169,GOOD
rd_3307,ses_3351,2026-09-29T18:27:48.000Z,4.06,2.21,38.6,6.24,6.77,181,GOOD
rd_3308,ses_3351,2026-09-29T18:27:56.000Z,4.2,2.84,38.6,6.19,6.76,177,GOOD
rd_3309,ses_3351,2026-09-29T18:28:04.000Z,4.23,3.47,38.8,6.20,6.78,172,GOOD
rd_3310,ses_3351,2026-09-29T18:28:12.000Z,3.99,4.07,38.8,6.23,6.78,171,GOOD
rd_3311,ses_3351,2026-09-29T18:28:20.000Z,4.05,4.68,38.6,6.18,6.78,169,GOOD
rd_3312,ses_3351,2026-09-29T18:28:28.000Z,4.08,5.29,38.7,6.21,6.77,176,GOOD
rd_3313,ses_3351,2026-09-29T18:28:36.000Z,3.98,5.89,38.7,6.24,6.77,174,GOOD
rd_3314,ses_3351,2026-09-29T18:28:44.000Z,4.25,6.52,38.7,6.18,6.79,182,GOOD
rd_3315,ses_3351,2026-09-29T18:28:52.000Z,3.98,7.12,38.7,6.23,6.78,179,GOOD
rd_3316,ses_3351,2026-09-29T18:29:00.000Z,4.14,7.74,38.6,6.21,6.80,183,GOOD
rd_3317,ses_3351,2026-09-29T18:29:08.000Z,4,8.34,38.7,6.22,6.77,168,GOOD
rd_3318,ses_3351,2026-09-29T18:29:16.000Z,4.14,8.96,38.7,6.22,6.79,180,GOOD
rd_3319,ses_3351,2026-09-29T18:29:24.000Z,4.04,9.57,38.6,6.20,6.78,178,GOOD
rd_3320,ses_3351,2026-09-29T18:29:32.000Z,4.24,10.20,38.8,6.17,6.77,175,GOOD
rd_3321,ses_3351,2026-09-29T18:29:40.000Z,4.11,10.82,38.8,6.21,6.78,174,GOOD
rd_3322,ses_3351,2026-09-29T18:29:48.000Z,3.77,11.39,38.6,6.22,6.80,172,GOOD
rd_3323,ses_3351,2026-09-29T18:29:56.000Z,3.3,11.88,38.6,6.23,6.79,183,GOOD
rd_3324,ses_3351,2026-09-29T18:30:04.000Z,2.83,12.31,38.7,6.17,6.77,170,GOOD
rd_3325,ses_3351,2026-09-29T18:30:12.000Z,2.36,12.66,38.7,6.20,6.79,183,GOOD
rd_3326,ses_3351,2026-09-29T18:30:20.000Z,1.89,12.94,38.7,6.23,6.78,170,GOOD
rd_3327,ses_3351,2026-09-29T18:30:28.000Z,1.41,13.15,38.7,6.16,6.77,177,GOOD
rd_3328,ses_3351,2026-09-29T18:30:36.000Z,0.94,13.30,38.7,6.17,6.76,177,GOOD
rd_3329,ses_3351,2026-09-29T18:30:44.000Z,0.47,13.37,38.6,6.22,6.77,171,GOOD
rd_3330,ses_3351,2026-09-29T18:30:52.000Z,0.05,13.37,38.7,6.20,6.77,169,GOOD
rd_3331,ses_3352,2026-09-29T17:26:00.000Z,0.05,0.01,38.9,6.31,6.75,182,GOOD
rd_3332,ses_3352,2026-09-29T17:26:08.000Z,0.63,0.10,38.9,6.32,6.78,191,GOOD
rd_3333,ses_3352,2026-09-29T17:26:16.000Z,1.26,0.29,38.9,6.29,6.78,188,GOOD
rd_3334,ses_3352,2026-09-29T17:26:24.000Z,1.89,0.57,38.9,6.30,6.76,191,GOOD
rd_3335,ses_3352,2026-09-29T17:26:32.000Z,2.52,0.95,38.9,6.30,6.76,188,GOOD
rd_3336,ses_3352,2026-09-29T17:26:40.000Z,3.16,1.43,38.9,6.32,6.76,190,GOOD
rd_3337,ses_3352,2026-09-29T17:26:48.000Z,3.68,1.98,38.9,6.35,6.76,180,GOOD
rd_3338,ses_3352,2026-09-29T17:26:56.000Z,3.78,2.55,39.0,6.28,6.77,188,GOOD
rd_3339,ses_3352,2026-09-29T17:27:04.000Z,3.53,3.07,38.9,6.32,6.79,189,GOOD
rd_3340,ses_3352,2026-09-29T17:27:12.000Z,3.63,3.62,38.8,6.28,6.77,192,GOOD
rd_3341,ses_3352,2026-09-29T17:27:20.000Z,3.72,4.18,38.8,6.31,6.79,182,GOOD
rd_3342,ses_3352,2026-09-29T17:27:28.000Z,3.65,4.72,38.9,6.28,6.77,183,GOOD
rd_3343,ses_3352,2026-09-29T17:27:36.000Z,3.79,5.29,38.9,6.30,6.75,185,GOOD
rd_3344,ses_3352,2026-09-29T17:27:44.000Z,3.72,5.85,39.0,6.32,6.78,186,GOOD
rd_3345,ses_3352,2026-09-29T17:27:52.000Z,3.63,6.40,38.8,6.32,6.77,186,GOOD
rd_3346,ses_3352,2026-09-29T17:28:00.000Z,3.79,6.96,39.0,6.29,6.75,183,GOOD
rd_3347,ses_3352,2026-09-29T17:28:08.000Z,3.75,7.53,38.9,6.30,6.76,184,GOOD
rd_3348,ses_3352,2026-09-29T17:28:16.000Z,3.71,8.08,39.0,6.33,6.78,183,GOOD
rd_3349,ses_3352,2026-09-29T17:28:24.000Z,3.71,8.64,38.8,6.29,6.78,189,GOOD
rd_3350,ses_3352,2026-09-29T17:28:32.000Z,3.64,9.19,39.0,6.33,6.75,183,GOOD
rd_3351,ses_3352,2026-09-29T17:28:40.000Z,3.73,9.75,39.0,6.34,6.77,179,GOOD
rd_3352,ses_3352,2026-09-29T17:28:48.000Z,3.37,10.25,38.8,6.32,6.75,190,GOOD
rd_3353,ses_3352,2026-09-29T17:28:56.000Z,2.94,10.69,38.8,6.31,6.76,178,GOOD
rd_3354,ses_3352,2026-09-29T17:29:04.000Z,2.52,11.07,39.0,6.34,6.78,184,GOOD
rd_3355,ses_3352,2026-09-29T17:29:12.000Z,2.1,11.38,38.9,6.31,6.76,193,GOOD
rd_3356,ses_3352,2026-09-29T17:29:20.000Z,1.68,11.64,39.0,6.34,6.75,185,GOOD
rd_3357,ses_3352,2026-09-29T17:29:28.000Z,1.26,11.83,38.9,6.31,6.78,178,GOOD
rd_3358,ses_3352,2026-09-29T17:29:36.000Z,0.84,11.95,38.9,6.31,6.76,185,GOOD
rd_3359,ses_3352,2026-09-29T17:29:44.000Z,0.42,12.02,38.8,6.28,6.77,184,GOOD
rd_3360,ses_3352,2026-09-29T17:29:52.000Z,0.05,12.02,38.8,6.31,6.78,181,GOOD
rd_3361,ses_3353,2026-09-29T17:58:00.000Z,0.05,0.01,38.9,6.21,6.74,203,GOOD
rd_3362,ses_3353,2026-09-29T17:58:08.000Z,0.68,0.11,39.1,6.17,6.77,211,GOOD
rd_3363,ses_3353,2026-09-29T17:58:16.000Z,1.37,0.32,39.0,6.21,6.76,198,GOOD
rd_3364,ses_3353,2026-09-29T17:58:24.000Z,2.05,0.62,39.1,6.19,6.76,199,GOOD
rd_3365,ses_3353,2026-09-29T17:58:32.000Z,2.74,1.03,39.0,6.21,6.75,210,GOOD
rd_3366,ses_3353,2026-09-29T17:58:40.000Z,3.42,1.55,39.0,6.19,6.75,200,GOOD
rd_3367,ses_3353,2026-09-29T17:58:48.000Z,3.86,2.13,39.1,6.15,6.76,202,GOOD
rd_3368,ses_3353,2026-09-29T17:58:56.000Z,4.07,2.74,38.9,6.17,6.74,203,GOOD
rd_3369,ses_3353,2026-09-29T17:59:04.000Z,3.82,3.31,39.0,6.18,6.76,207,GOOD
rd_3370,ses_3353,2026-09-29T17:59:12.000Z,3.93,3.90,39.0,6.15,6.73,209,GOOD
rd_3371,ses_3353,2026-09-29T17:59:20.000Z,4.05,4.51,39.1,6.19,6.73,200,GOOD
rd_3372,ses_3353,2026-09-29T17:59:28.000Z,4.03,5.11,39.0,6.15,6.75,201,GOOD
rd_3373,ses_3353,2026-09-29T17:59:36.000Z,3.82,5.68,39.0,6.20,6.76,203,GOOD
rd_3374,ses_3353,2026-09-29T17:59:44.000Z,3.97,6.28,39.0,6.19,6.74,207,GOOD
rd_3375,ses_3353,2026-09-29T17:59:52.000Z,4.09,6.89,39.1,6.22,6.74,207,GOOD
rd_3376,ses_3353,2026-09-29T18:00:00.000Z,3.88,7.47,39.0,6.22,6.77,211,GOOD
rd_3377,ses_3353,2026-09-29T18:00:08.000Z,4.05,8.08,39.0,6.15,6.74,213,GOOD
rd_3378,ses_3353,2026-09-29T18:00:16.000Z,4.1,8.70,39.0,6.18,6.75,202,GOOD
rd_3379,ses_3353,2026-09-29T18:00:24.000Z,4.06,9.31,39.1,6.16,6.74,204,GOOD
rd_3380,ses_3353,2026-09-29T18:00:32.000Z,3.99,9.90,39.0,6.18,6.76,204,GOOD
rd_3381,ses_3353,2026-09-29T18:00:40.000Z,3.97,10.50,38.9,6.21,6.73,201,GOOD
rd_3382,ses_3353,2026-09-29T18:00:48.000Z,3.65,11.05,39.0,6.18,6.74,202,GOOD
rd_3383,ses_3353,2026-09-29T18:00:56.000Z,3.19,11.53,39.1,6.17,6.73,205,GOOD
rd_3384,ses_3353,2026-09-29T18:01:04.000Z,2.74,11.94,39.0,6.20,6.74,208,GOOD
rd_3385,ses_3353,2026-09-29T18:01:12.000Z,2.28,12.28,39.0,6.15,6.76,198,GOOD
rd_3386,ses_3353,2026-09-29T18:01:20.000Z,1.83,12.55,39.1,6.14,6.74,198,GOOD
rd_3387,ses_3353,2026-09-29T18:01:28.000Z,1.37,12.76,39.0,6.19,6.76,207,GOOD
rd_3388,ses_3353,2026-09-29T18:01:36.000Z,0.91,12.90,39.0,6.22,6.76,212,GOOD
rd_3389,ses_3353,2026-09-29T18:01:44.000Z,0.46,12.96,39.1,6.16,6.73,197,GOOD
rd_3390,ses_3353,2026-09-29T18:01:52.000Z,0.05,12.97,39.0,6.20,6.76,203,GOOD
rd_3391,ses_3354,2026-09-29T18:29:00.000Z,0.05,0.01,38.8,6.26,6.73,213,GOOD
rd_3392,ses_3354,2026-09-29T18:29:08.000Z,0.6,0.10,38.7,6.18,6.71,220,GOOD
rd_3393,ses_3354,2026-09-29T18:29:16.000Z,1.19,0.28,38.6,6.25,6.75,216,GOOD
rd_3394,ses_3354,2026-09-29T18:29:24.000Z,1.79,0.54,38.7,6.18,6.74,220,GOOD
rd_3395,ses_3354,2026-09-29T18:29:32.000Z,2.39,0.90,38.8,6.25,6.73,226,GOOD
rd_3396,ses_3354,2026-09-29T18:29:40.000Z,2.98,1.35,38.7,6.22,6.73,216,GOOD
rd_3397,ses_3354,2026-09-29T18:29:48.000Z,3.32,1.85,38.8,6.24,6.72,215,GOOD
rd_3398,ses_3354,2026-09-29T18:29:56.000Z,3.4,2.36,38.8,6.24,6.73,223,GOOD
rd_3399,ses_3354,2026-09-29T18:30:04.000Z,3.61,2.90,38.7,6.18,6.71,220,GOOD
rd_3400,ses_3354,2026-09-29T18:30:12.000Z,3.46,3.42,38.7,6.20,6.71,227,GOOD
rd_3401,ses_3354,2026-09-29T18:30:20.000Z,3.56,3.95,38.8,6.20,6.73,218,GOOD
rd_3402,ses_3354,2026-09-29T18:30:28.000Z,3.36,4.46,38.7,6.21,6.75,225,GOOD
rd_3403,ses_3354,2026-09-29T18:30:36.000Z,3.4,4.97,38.7,6.18,6.72,218,GOOD
rd_3404,ses_3354,2026-09-29T18:30:44.000Z,3.31,5.46,38.8,6.25,6.72,218,GOOD
rd_3405,ses_3354,2026-09-29T18:30:52.000Z,3.6,6.00,38.7,6.24,6.74,223,GOOD
rd_3406,ses_3354,2026-09-29T18:31:00.000Z,3.51,6.53,38.7,6.22,6.73,224,GOOD
rd_3407,ses_3354,2026-09-29T18:31:08.000Z,3.42,7.04,38.8,6.22,6.75,216,GOOD
rd_3408,ses_3354,2026-09-29T18:31:16.000Z,3.34,7.54,38.7,6.25,6.74,215,GOOD
rd_3409,ses_3354,2026-09-29T18:31:24.000Z,3.35,8.05,38.7,6.20,6.73,218,GOOD
rd_3410,ses_3354,2026-09-29T18:31:32.000Z,3.33,8.55,38.7,6.18,6.73,223,GOOD
rd_3411,ses_3354,2026-09-29T18:31:40.000Z,3.53,9.08,38.7,6.26,6.74,229,GOOD
rd_3412,ses_3354,2026-09-29T18:31:48.000Z,3.18,9.55,38.6,6.21,6.72,227,GOOD
rd_3413,ses_3354,2026-09-29T18:31:56.000Z,2.78,9.97,38.8,6.20,6.72,216,GOOD
rd_3414,ses_3354,2026-09-29T18:32:04.000Z,2.39,10.33,38.6,6.19,6.74,225,GOOD
rd_3415,ses_3354,2026-09-29T18:32:12.000Z,1.99,10.63,38.7,6.26,6.73,216,GOOD
rd_3416,ses_3354,2026-09-29T18:32:20.000Z,1.59,10.86,38.7,6.18,6.73,217,GOOD
rd_3417,ses_3354,2026-09-29T18:32:28.000Z,1.19,11.04,38.8,6.25,6.74,217,GOOD
rd_3418,ses_3354,2026-09-29T18:32:36.000Z,0.8,11.16,38.7,6.25,6.72,218,GOOD
rd_3419,ses_3354,2026-09-29T18:32:44.000Z,0.4,11.22,38.7,6.24,6.72,228,GOOD
rd_3420,ses_3354,2026-09-29T18:32:52.000Z,0.05,11.23,38.7,6.20,6.72,220,GOOD
rd_3421,ses_3355,2026-09-29T17:13:00.000Z,0.05,0.01,38.8,5.99,6.73,229,GOOD
rd_3422,ses_3355,2026-09-29T17:13:08.000Z,0.65,0.11,38.7,6.04,6.75,223,GOOD
rd_3423,ses_3355,2026-09-29T17:13:16.000Z,1.3,0.30,38.7,6.05,6.72,227,GOOD
rd_3424,ses_3355,2026-09-29T17:13:24.000Z,1.95,0.59,38.7,6.04,6.74,229,GOOD
rd_3425,ses_3355,2026-09-29T17:13:32.000Z,2.6,0.98,38.8,6.03,6.75,237,GOOD
rd_3426,ses_3355,2026-09-29T17:13:40.000Z,3.25,1.47,38.7,5.99,6.73,230,GOOD
rd_3427,ses_3355,2026-09-29T17:13:48.000Z,3.9,2.05,38.8,6.00,6.75,232,GOOD
rd_3428,ses_3355,2026-09-29T17:13:56.000Z,3.7,2.61,38.8,6.04,6.76,223,GOOD
rd_3429,ses_3355,2026-09-29T17:14:04.000Z,3.86,3.19,38.9,6.05,6.73,235,GOOD
rd_3430,ses_3355,2026-09-29T17:14:12.000Z,3.8,3.76,38.9,6.04,6.76,233,GOOD
rd_3431,ses_3355,2026-09-29T17:14:20.000Z,3.72,4.32,38.7,6.06,6.74,236,GOOD
rd_3432,ses_3355,2026-09-29T17:14:28.000Z,3.88,4.90,38.9,5.98,6.74,236,GOOD
rd_3433,ses_3355,2026-09-29T17:14:36.000Z,3.72,5.46,38.9,6.03,6.75,225,GOOD
rd_3434,ses_3355,2026-09-29T17:14:44.000Z,3.91,6.04,38.8,6.02,6.74,237,GOOD
rd_3435,ses_3355,2026-09-29T17:14:52.000Z,3.84,6.62,38.8,6.02,6.74,232,GOOD
rd_3436,ses_3355,2026-09-29T17:15:00.000Z,3.82,7.19,38.8,6.04,6.76,234,GOOD
rd_3437,ses_3355,2026-09-29T17:15:08.000Z,3.85,7.77,38.7,5.98,6.75,225,GOOD
rd_3438,ses_3355,2026-09-29T17:15:16.000Z,3.81,8.34,38.9,6.05,6.75,236,GOOD
rd_3439,ses_3355,2026-09-29T17:15:24.000Z,3.69,8.89,38.8,6.01,6.75,230,GOOD
rd_3440,ses_3355,2026-09-29T17:15:32.000Z,3.81,9.47,38.7,6.00,6.76,237,GOOD
rd_3441,ses_3355,2026-09-29T17:15:40.000Z,3.66,10.02,38.8,6.00,6.73,233,GOOD
rd_3442,ses_3355,2026-09-29T17:15:48.000Z,3.47,10.54,38.9,6.04,6.73,229,GOOD
rd_3443,ses_3355,2026-09-29T17:15:56.000Z,3.03,10.99,38.8,6.01,6.72,235,GOOD
rd_3444,ses_3355,2026-09-29T17:16:04.000Z,2.6,11.38,38.8,6.03,6.72,226,GOOD
rd_3445,ses_3355,2026-09-29T17:16:12.000Z,2.17,11.71,38.8,6.02,6.75,238,GOOD
rd_3446,ses_3355,2026-09-29T17:16:20.000Z,1.73,11.97,38.8,6.03,6.74,224,GOOD
rd_3447,ses_3355,2026-09-29T17:16:28.000Z,1.3,12.16,38.7,6.02,6.73,227,GOOD
rd_3448,ses_3355,2026-09-29T17:16:36.000Z,0.87,12.29,38.9,6.01,6.76,236,GOOD
rd_3449,ses_3355,2026-09-29T17:16:44.000Z,0.43,12.36,38.8,6.06,6.74,234,GOOD
rd_3450,ses_3355,2026-09-29T17:16:52.000Z,0.05,12.36,38.9,6.04,6.75,225,GOOD
rd_3451,ses_3356,2026-09-29T17:08:00.000Z,0.05,0.01,39.6,7.18,7.10,838,GOOD
rd_3452,ses_3356,2026-09-29T17:08:08.000Z,0.67,0.11,39.6,7.24,7.08,843,GOOD
rd_3453,ses_3356,2026-09-29T17:08:16.000Z,1.35,0.31,39.7,7.18,7.11,830,GOOD
rd_3454,ses_3356,2026-09-29T17:08:24.000Z,2.02,0.61,39.5,7.18,7.09,834,GOOD
rd_3455,ses_3356,2026-09-29T17:08:32.000Z,2.7,1.02,39.6,7.18,7.10,839,GOOD
rd_3456,ses_3356,2026-09-29T17:08:40.000Z,3.37,1.52,39.7,7.17,7.11,840,GOOD
rd_3457,ses_3356,2026-09-29T17:08:48.000Z,3.93,2.11,39.6,7.21,7.12,831,GOOD
rd_3458,ses_3356,2026-09-29T17:08:56.000Z,3.96,2.71,39.7,7.24,7.09,835,GOOD
rd_3459,ses_3356,2026-09-29T17:09:04.000Z,3.83,3.28,39.5,7.20,7.11,840,GOOD
rd_3460,ses_3356,2026-09-29T17:09:12.000Z,3.9,3.87,39.6,7.21,7.10,836,GOOD
rd_3461,ses_3356,2026-09-29T17:09:20.000Z,3.97,4.46,39.5,7.19,7.09,834,GOOD
rd_3462,ses_3356,2026-09-29T17:09:28.000Z,3.89,5.05,39.6,7.25,7.09,837,GOOD
rd_3463,ses_3356,2026-09-29T17:09:36.000Z,3.85,5.62,39.7,7.21,7.10,832,GOOD
rd_3464,ses_3356,2026-09-29T17:09:44.000Z,3.9,6.21,39.7,7.21,7.11,844,GOOD
rd_3465,ses_3356,2026-09-29T17:09:52.000Z,3.94,6.80,39.6,7.17,7.08,829,GOOD
rd_3466,ses_3356,2026-09-29T17:10:00.000Z,3.94,7.39,39.6,7.25,7.11,840,GOOD
rd_3467,ses_3356,2026-09-29T17:10:08.000Z,4.04,8.00,39.7,7.24,7.08,832,GOOD
rd_3468,ses_3356,2026-09-29T17:10:16.000Z,4,8.60,39.7,7.20,7.11,833,GOOD
rd_3469,ses_3356,2026-09-29T17:10:24.000Z,3.76,9.16,39.7,7.22,7.10,837,GOOD
rd_3470,ses_3356,2026-09-29T17:10:32.000Z,3.89,9.74,39.7,7.23,7.08,834,GOOD
rd_3471,ses_3356,2026-09-29T17:10:40.000Z,3.8,10.31,39.6,7.19,7.08,839,GOOD
rd_3472,ses_3356,2026-09-29T17:10:48.000Z,3.6,10.85,39.6,7.21,7.10,837,GOOD
rd_3473,ses_3356,2026-09-29T17:10:56.000Z,3.15,11.33,39.6,7.25,7.12,837,GOOD
rd_3474,ses_3356,2026-09-29T17:11:04.000Z,2.7,11.73,39.6,7.21,7.11,845,GOOD
rd_3475,ses_3356,2026-09-29T17:11:12.000Z,2.25,12.07,39.6,7.18,7.11,833,GOOD
rd_3476,ses_3356,2026-09-29T17:11:20.000Z,1.8,12.34,39.6,7.19,7.09,834,GOOD
rd_3477,ses_3356,2026-09-29T17:11:28.000Z,1.35,12.54,39.7,7.22,7.09,837,GOOD
rd_3478,ses_3356,2026-09-29T17:11:36.000Z,0.9,12.68,39.6,7.20,7.11,841,GOOD
rd_3479,ses_3356,2026-09-29T17:11:44.000Z,0.45,12.74,39.6,7.21,7.10,844,GOOD
rd_3480,ses_3356,2026-09-29T17:11:52.000Z,0.05,12.75,39.6,7.23,7.09,835,GOOD
rd_3481,ses_3357,2026-09-29T17:16:00.000Z,0.05,0.01,39.4,7.30,7.03,955,GOOD
rd_3482,ses_3357,2026-09-29T17:16:08.000Z,0.59,0.10,39.5,7.23,7.04,952,GOOD
rd_3483,ses_3357,2026-09-29T17:16:16.000Z,1.17,0.27,39.5,7.27,7.00,962,GOOD
rd_3484,ses_3357,2026-09-29T17:16:24.000Z,1.76,0.54,39.4,7.30,7.02,959,GOOD
rd_3485,ses_3357,2026-09-29T17:16:32.000Z,2.34,0.89,39.3,7.31,7.04,955,GOOD
rd_3486,ses_3357,2026-09-29T17:16:40.000Z,2.93,1.33,39.4,7.24,7.01,958,GOOD
rd_3487,ses_3357,2026-09-29T17:16:48.000Z,3.52,1.85,39.5,7.26,7.03,960,GOOD
rd_3488,ses_3357,2026-09-29T17:16:56.000Z,3.48,2.38,39.5,7.26,7.01,966,GOOD
rd_3489,ses_3357,2026-09-29T17:17:04.000Z,3.46,2.90,39.4,7.23,7.02,953,GOOD
rd_3490,ses_3357,2026-09-29T17:17:12.000Z,3.27,3.39,39.3,7.26,7.02,962,GOOD
rd_3491,ses_3357,2026-09-29T17:17:20.000Z,3.28,3.88,39.4,7.31,7.01,955,GOOD
rd_3492,ses_3357,2026-09-29T17:17:28.000Z,3.32,4.38,39.5,7.27,7.03,966,GOOD
rd_3493,ses_3357,2026-09-29T17:17:36.000Z,3.4,4.89,39.5,7.24,7.00,963,GOOD
rd_3494,ses_3357,2026-09-29T17:17:44.000Z,3.28,5.38,39.4,7.26,7.03,962,GOOD
rd_3495,ses_3357,2026-09-29T17:17:52.000Z,3.31,5.87,39.4,7.28,7.02,952,GOOD
rd_3496,ses_3357,2026-09-29T17:18:00.000Z,3.35,6.38,39.5,7.28,7.02,965,GOOD
rd_3497,ses_3357,2026-09-29T17:18:08.000Z,3.3,6.87,39.5,7.26,7.04,955,GOOD
rd_3498,ses_3357,2026-09-29T17:18:16.000Z,3.4,7.38,39.5,7.28,7.00,952,GOOD
rd_3499,ses_3357,2026-09-29T17:18:24.000Z,3.48,7.90,39.3,7.30,7.02,958,GOOD
rd_3500,ses_3357,2026-09-29T17:18:32.000Z,3.51,8.43,39.3,7.27,7.03,954,GOOD
rd_3501,ses_3357,2026-09-29T17:18:40.000Z,3.3,8.92,39.3,7.30,7.00,959,GOOD
rd_3502,ses_3357,2026-09-29T17:18:48.000Z,3.13,9.39,39.5,7.29,7.04,956,GOOD
rd_3503,ses_3357,2026-09-29T17:18:56.000Z,2.74,9.81,39.4,7.23,7.01,963,GOOD
rd_3504,ses_3357,2026-09-29T17:19:04.000Z,2.34,10.16,39.3,7.31,7.00,952,GOOD
rd_3505,ses_3357,2026-09-29T17:19:12.000Z,1.95,10.45,39.5,7.25,7.03,966,GOOD
rd_3506,ses_3357,2026-09-29T17:19:20.000Z,1.56,10.68,39.5,7.28,7.01,954,GOOD
rd_3507,ses_3357,2026-09-29T17:19:28.000Z,1.17,10.86,39.4,7.26,7.04,959,GOOD
rd_3508,ses_3357,2026-09-29T17:19:36.000Z,0.78,10.98,39.5,7.30,7.02,963,GOOD
rd_3509,ses_3357,2026-09-29T17:19:44.000Z,0.39,11.03,39.5,7.30,7.03,952,GOOD
rd_3510,ses_3357,2026-09-29T17:19:52.000Z,0.05,11.04,39.4,7.24,7.02,952,GOOD
rd_3511,ses_3358,2026-09-29T17:59:00.000Z,0.05,0.01,39.3,7.21,7.09,1012,GOOD
rd_3512,ses_3358,2026-09-29T17:59:08.000Z,0.65,0.11,39.3,7.15,7.11,1000,GOOD
rd_3513,ses_3358,2026-09-29T17:59:16.000Z,1.3,0.30,39.3,7.20,7.11,1014,GOOD
rd_3514,ses_3358,2026-09-29T17:59:24.000Z,1.95,0.59,39.3,7.22,7.08,1014,GOOD
rd_3515,ses_3358,2026-09-29T17:59:32.000Z,2.6,0.98,39.3,7.16,7.10,1002,GOOD
rd_3516,ses_3358,2026-09-29T17:59:40.000Z,3.25,1.47,39.2,7.22,7.10,1013,GOOD
rd_3517,ses_3358,2026-09-29T17:59:48.000Z,3.78,2.04,39.3,7.17,7.08,1005,GOOD
rd_3518,ses_3358,2026-09-29T17:59:56.000Z,3.77,2.60,39.3,7.19,7.07,1006,GOOD
rd_3519,ses_3358,2026-09-29T18:00:04.000Z,3.73,3.16,39.2,7.17,7.08,1007,GOOD
rd_3520,ses_3358,2026-09-29T18:00:12.000Z,3.68,3.71,39.2,7.17,7.10,1007,GOOD
rd_3521,ses_3358,2026-09-29T18:00:20.000Z,3.65,4.26,39.2,7.23,7.10,1010,GOOD
rd_3522,ses_3358,2026-09-29T18:00:28.000Z,3.88,4.84,39.2,7.17,7.10,1007,GOOD
rd_3523,ses_3358,2026-09-29T18:00:36.000Z,3.87,5.42,39.3,7.17,7.08,1005,GOOD
rd_3524,ses_3358,2026-09-29T18:00:44.000Z,3.89,6.01,39.4,7.19,7.11,1012,GOOD
rd_3525,ses_3358,2026-09-29T18:00:52.000Z,3.76,6.57,39.3,7.21,7.07,1003,GOOD
rd_3526,ses_3358,2026-09-29T18:01:00.000Z,3.74,7.13,39.4,7.19,7.08,1005,GOOD
rd_3527,ses_3358,2026-09-29T18:01:08.000Z,3.65,7.68,39.4,7.15,7.09,1010,GOOD
rd_3528,ses_3358,2026-09-29T18:01:16.000Z,3.84,8.26,39.3,7.23,7.08,1010,GOOD
rd_3529,ses_3358,2026-09-29T18:01:24.000Z,3.7,8.81,39.2,7.22,7.07,1009,GOOD
rd_3530,ses_3358,2026-09-29T18:01:32.000Z,3.82,9.38,39.2,7.23,7.07,1013,GOOD
rd_3531,ses_3358,2026-09-29T18:01:40.000Z,3.86,9.96,39.4,7.17,7.10,1007,GOOD
rd_3532,ses_3358,2026-09-29T18:01:48.000Z,3.47,10.48,39.3,7.23,7.10,1008,GOOD
rd_3533,ses_3358,2026-09-29T18:01:56.000Z,3.03,10.94,39.2,7.20,7.09,1005,GOOD
rd_3534,ses_3358,2026-09-29T18:02:04.000Z,2.6,11.33,39.3,7.22,7.09,1014,GOOD
rd_3535,ses_3358,2026-09-29T18:02:12.000Z,2.17,11.65,39.4,7.18,7.10,1006,GOOD
rd_3536,ses_3358,2026-09-29T18:02:20.000Z,1.73,11.91,39.2,7.18,7.10,1009,GOOD
rd_3537,ses_3358,2026-09-29T18:02:28.000Z,1.3,12.11,39.4,7.17,7.08,1004,GOOD
rd_3538,ses_3358,2026-09-29T18:02:36.000Z,0.87,12.24,39.3,7.20,7.07,1013,GOOD
rd_3539,ses_3358,2026-09-29T18:02:44.000Z,0.43,12.30,39.3,7.22,7.10,1015,GOOD
rd_3540,ses_3358,2026-09-29T18:02:52.000Z,0.05,12.31,39.3,7.21,7.10,1011,GOOD
rd_3541,ses_3359,2026-09-29T17:18:00.000Z,0.05,0.01,39.4,7.22,7.16,887,GOOD
rd_3542,ses_3359,2026-09-29T17:18:08.000Z,0.71,0.11,39.5,7.25,7.16,884,GOOD
rd_3543,ses_3359,2026-09-29T17:18:16.000Z,1.42,0.33,39.5,7.26,7.19,880,GOOD
rd_3544,ses_3359,2026-09-29T17:18:24.000Z,2.13,0.65,39.5,7.23,7.16,891,GOOD
rd_3545,ses_3359,2026-09-29T17:18:32.000Z,2.84,1.07,39.5,7.26,7.16,881,GOOD
rd_3546,ses_3359,2026-09-29T17:18:40.000Z,3.55,1.60,39.4,7.27,7.19,877,GOOD
rd_3547,ses_3359,2026-09-29T17:18:48.000Z,4.03,2.21,39.5,7.21,7.15,886,GOOD
rd_3548,ses_3359,2026-09-29T17:18:56.000Z,4.17,2.83,39.4,7.26,7.18,890,GOOD
rd_3549,ses_3359,2026-09-29T17:19:04.000Z,4.09,3.45,39.4,7.20,7.19,891,GOOD
rd_3550,ses_3359,2026-09-29T17:19:12.000Z,3.97,4.04,39.6,7.26,7.18,881,GOOD
rd_3551,ses_3359,2026-09-29T17:19:20.000Z,4.04,4.65,39.6,7.23,7.17,886,GOOD
rd_3552,ses_3359,2026-09-29T17:19:28.000Z,4.23,5.28,39.4,7.24,7.16,881,GOOD
rd_3553,ses_3359,2026-09-29T17:19:36.000Z,4.23,5.92,39.5,7.28,7.19,889,GOOD
rd_3554,ses_3359,2026-09-29T17:19:44.000Z,4.03,6.52,39.5,7.24,7.17,882,GOOD
rd_3555,ses_3359,2026-09-29T17:19:52.000Z,4,7.12,39.6,7.22,7.18,889,GOOD
rd_3556,ses_3359,2026-09-29T17:20:00.000Z,4.08,7.74,39.5,7.22,7.16,883,GOOD
rd_3557,ses_3359,2026-09-29T17:20:08.000Z,4,8.34,39.5,7.21,7.18,888,GOOD
rd_3558,ses_3359,2026-09-29T17:20:16.000Z,4.01,8.94,39.5,7.27,7.16,884,GOOD
rd_3559,ses_3359,2026-09-29T17:20:24.000Z,4.12,9.55,39.4,7.22,7.19,889,GOOD
rd_3560,ses_3359,2026-09-29T17:20:32.000Z,4.05,10.16,39.5,7.26,7.19,883,GOOD
rd_3561,ses_3359,2026-09-29T17:20:40.000Z,4.06,10.77,39.5,7.22,7.19,878,GOOD
rd_3562,ses_3359,2026-09-29T17:20:48.000Z,3.79,11.34,39.5,7.24,7.16,882,GOOD
rd_3563,ses_3359,2026-09-29T17:20:56.000Z,3.31,11.84,39.4,7.23,7.18,880,GOOD
rd_3564,ses_3359,2026-09-29T17:21:04.000Z,2.84,12.26,39.6,7.21,7.18,878,GOOD
rd_3565,ses_3359,2026-09-29T17:21:12.000Z,2.37,12.62,39.6,7.23,7.15,883,GOOD
rd_3566,ses_3359,2026-09-29T17:21:20.000Z,1.89,12.90,39.5,7.27,7.16,881,GOOD
rd_3567,ses_3359,2026-09-29T17:21:28.000Z,1.42,13.11,39.5,7.25,7.17,889,GOOD
rd_3568,ses_3359,2026-09-29T17:21:36.000Z,0.95,13.26,39.6,7.23,7.18,879,GOOD
rd_3569,ses_3359,2026-09-29T17:21:44.000Z,0.47,13.33,39.6,7.22,7.17,886,GOOD
rd_3570,ses_3359,2026-09-29T17:21:52.000Z,0.05,13.33,39.6,7.22,7.15,887,GOOD
rd_3571,ses_3360,2026-09-29T17:23:00.000Z,0.05,0.01,39.2,7.15,7.05,888,GOOD
rd_3572,ses_3360,2026-09-29T17:23:08.000Z,0.61,0.10,39.1,7.16,7.04,889,GOOD
rd_3573,ses_3360,2026-09-29T17:23:16.000Z,1.22,0.28,39.3,7.14,7.04,888,GOOD
rd_3574,ses_3360,2026-09-29T17:23:24.000Z,1.83,0.56,39.3,7.11,7.04,888,GOOD
rd_3575,ses_3360,2026-09-29T17:23:32.000Z,2.43,0.92,39.1,7.16,7.06,883,GOOD
rd_3576,ses_3360,2026-09-29T17:23:40.000Z,3.04,1.38,39.2,7.14,7.05,884,GOOD
rd_3577,ses_3360,2026-09-29T17:23:48.000Z,3.57,1.91,39.2,7.13,7.03,888,GOOD
rd_3578,ses_3360,2026-09-29T17:23:56.000Z,3.46,2.43,39.2,7.12,7.07,885,GOOD
rd_3579,ses_3360,2026-09-29T17:24:04.000Z,3.58,2.97,39.1,7.10,7.04,885,GOOD
rd_3580,ses_3360,2026-09-29T17:24:12.000Z,3.42,3.48,39.3,7.10,7.05,882,GOOD
rd_3581,ses_3360,2026-09-29T17:24:20.000Z,3.44,4.00,39.2,7.13,7.06,885,GOOD
rd_3582,ses_3360,2026-09-29T17:24:28.000Z,3.61,4.54,39.1,7.14,7.04,886,GOOD
rd_3583,ses_3360,2026-09-29T17:24:36.000Z,3.58,5.08,39.2,7.12,7.05,886,GOOD
rd_3584,ses_3360,2026-09-29T17:24:44.000Z,3.48,5.60,39.2,7.15,7.03,887,GOOD
rd_3585,ses_3360,2026-09-29T17:24:52.000Z,3.64,6.14,39.2,7.10,7.04,877,GOOD
rd_3586,ses_3360,2026-09-29T17:25:00.000Z,3.44,6.66,39.2,7.13,7.04,879,GOOD
rd_3587,ses_3360,2026-09-29T17:25:08.000Z,3.57,7.20,39.2,7.13,7.07,886,GOOD
rd_3588,ses_3360,2026-09-29T17:25:16.000Z,3.41,7.71,39.2,7.10,7.03,878,GOOD
rd_3589,ses_3360,2026-09-29T17:25:24.000Z,3.58,8.24,39.3,7.17,7.04,889,GOOD
rd_3590,ses_3360,2026-09-29T17:25:32.000Z,3.59,8.78,39.1,7.14,7.05,882,GOOD
rd_3591,ses_3360,2026-09-29T17:25:40.000Z,3.68,9.33,39.2,7.16,7.06,881,GOOD
rd_3592,ses_3360,2026-09-29T17:25:48.000Z,3.25,9.82,39.2,7.13,7.05,883,GOOD
rd_3593,ses_3360,2026-09-29T17:25:56.000Z,2.84,10.25,39.1,7.13,7.05,887,GOOD
rd_3594,ses_3360,2026-09-29T17:26:04.000Z,2.43,10.61,39.3,7.14,7.05,881,GOOD
rd_3595,ses_3360,2026-09-29T17:26:12.000Z,2.03,10.92,39.2,7.12,7.03,890,GOOD
rd_3596,ses_3360,2026-09-29T17:26:20.000Z,1.62,11.16,39.2,7.09,7.07,888,GOOD
rd_3597,ses_3360,2026-09-29T17:26:28.000Z,1.22,11.34,39.2,7.13,7.06,883,GOOD
rd_3598,ses_3360,2026-09-29T17:26:36.000Z,0.81,11.46,39.1,7.15,7.05,883,GOOD
rd_3599,ses_3360,2026-09-29T17:26:44.000Z,0.41,11.53,39.2,7.13,7.07,875,GOOD
rd_3600,ses_3360,2026-09-29T17:26:52.000Z,0.05,11.53,39.1,7.15,7.05,877,GOOD
rd_3601,ses_3361,2026-09-30T07:11:00.000Z,0.05,0.01,38.7,5.59,6.62,89,GOOD
rd_3602,ses_3361,2026-09-30T07:11:08.000Z,0.64,0.10,38.6,5.59,6.62,82,GOOD
rd_3603,ses_3361,2026-09-30T07:11:16.000Z,1.28,0.30,38.6,5.59,6.62,91,GOOD
rd_3604,ses_3361,2026-09-30T07:11:24.000Z,1.91,0.58,38.5,5.62,6.61,91,GOOD
rd_3605,ses_3361,2026-09-30T07:11:32.000Z,2.55,0.96,38.5,5.57,6.60,87,GOOD
rd_3606,ses_3361,2026-09-30T07:11:40.000Z,3.19,1.44,38.6,5.56,6.63,89,GOOD
rd_3607,ses_3361,2026-09-30T07:11:48.000Z,3.67,1.99,38.6,5.62,6.63,94,GOOD
rd_3608,ses_3361,2026-09-30T07:11:56.000Z,3.71,2.55,38.6,5.61,6.62,89,GOOD
rd_3609,ses_3361,2026-09-30T07:12:04.000Z,3.59,3.09,38.7,5.60,6.62,81,GOOD
rd_3610,ses_3361,2026-09-30T07:12:12.000Z,3.7,3.64,38.6,5.62,6.60,92,GOOD
rd_3611,ses_3361,2026-09-30T07:12:20.000Z,3.68,4.20,38.6,5.62,6.63,84,GOOD
rd_3612,ses_3361,2026-09-30T07:12:28.000Z,3.57,4.73,38.6,5.61,6.61,80,GOOD
rd_3613,ses_3361,2026-09-30T07:12:36.000Z,3.82,5.30,38.5,5.57,6.63,86,GOOD
rd_3614,ses_3361,2026-09-30T07:12:44.000Z,3.79,5.87,38.5,5.58,6.61,86,GOOD
rd_3615,ses_3361,2026-09-30T07:12:52.000Z,3.66,6.42,38.6,5.61,6.61,83,GOOD
rd_3616,ses_3361,2026-09-30T07:13:00.000Z,3.75,6.98,38.5,5.62,6.63,88,GOOD
rd_3617,ses_3361,2026-09-30T07:13:08.000Z,3.75,7.55,38.6,5.60,6.63,92,GOOD
rd_3618,ses_3361,2026-09-30T07:13:16.000Z,3.67,8.10,38.6,5.59,6.64,92,GOOD
rd_3619,ses_3361,2026-09-30T07:13:24.000Z,3.63,8.64,38.5,5.61,6.64,91,GOOD
rd_3620,ses_3361,2026-09-30T07:13:32.000Z,3.66,9.19,38.7,5.56,6.63,88,GOOD
rd_3621,ses_3361,2026-09-30T07:13:40.000Z,3.81,9.76,38.7,5.59,6.62,80,GOOD
rd_3622,ses_3361,2026-09-30T07:13:48.000Z,3.4,10.27,38.6,5.59,6.64,90,GOOD
rd_3623,ses_3361,2026-09-30T07:13:56.000Z,2.98,10.72,38.6,5.60,6.64,88,GOOD
rd_3624,ses_3361,2026-09-30T07:14:04.000Z,2.55,11.10,38.7,5.61,6.61,89,GOOD
rd_3625,ses_3361,2026-09-30T07:14:12.000Z,2.13,11.42,38.7,5.56,6.63,90,GOOD
rd_3626,ses_3361,2026-09-30T07:14:20.000Z,1.7,11.68,38.6,5.58,6.61,80,GOOD
rd_3627,ses_3361,2026-09-30T07:14:28.000Z,1.28,11.87,38.6,5.62,6.60,84,GOOD
rd_3628,ses_3361,2026-09-30T07:14:36.000Z,0.85,12.00,38.5,5.61,6.61,90,GOOD
rd_3629,ses_3361,2026-09-30T07:14:44.000Z,0.43,12.06,38.5,5.59,6.61,82,GOOD
rd_3630,ses_3361,2026-09-30T07:14:52.000Z,0.05,12.07,38.7,5.60,6.61,85,GOOD
rd_3631,ses_3362,2026-09-30T07:29:00.000Z,0.05,0.01,38.8,5.66,6.66,113,GOOD
rd_3632,ses_3362,2026-09-30T07:29:08.000Z,0.71,0.11,38.7,5.66,6.68,106,GOOD
rd_3633,ses_3362,2026-09-30T07:29:16.000Z,1.41,0.33,38.9,5.68,6.65,105,GOOD
rd_3634,ses_3362,2026-09-30T07:29:24.000Z,2.12,0.64,38.7,5.71,6.67,105,GOOD
rd_3635,ses_3362,2026-09-30T07:29:32.000Z,2.82,1.07,38.8,5.66,6.64,100,GOOD
rd_3636,ses_3362,2026-09-30T07:29:40.000Z,3.53,1.60,38.7,5.70,6.66,110,GOOD
rd_3637,ses_3362,2026-09-30T07:29:48.000Z,4.13,2.22,38.8,5.72,6.64,102,GOOD
rd_3638,ses_3362,2026-09-30T07:29:56.000Z,4.07,2.83,38.9,5.69,6.64,104,GOOD
rd_3639,ses_3362,2026-09-30T07:30:04.000Z,4.16,3.45,38.9,5.72,6.66,102,GOOD
rd_3640,ses_3362,2026-09-30T07:30:12.000Z,3.94,4.04,38.8,5.73,6.64,115,GOOD
rd_3641,ses_3362,2026-09-30T07:30:20.000Z,4.13,4.66,38.8,5.72,6.64,112,GOOD
rd_3642,ses_3362,2026-09-30T07:30:28.000Z,4.03,5.27,38.9,5.73,6.65,106,GOOD
rd_3643,ses_3362,2026-09-30T07:30:36.000Z,3.99,5.86,38.9,5.67,6.67,109,GOOD
rd_3644,ses_3362,2026-09-30T07:30:44.000Z,4.1,6.48,38.8,5.66,6.65,103,GOOD
rd_3645,ses_3362,2026-09-30T07:30:52.000Z,4.22,7.11,38.9,5.66,6.66,100,GOOD
rd_3646,ses_3362,2026-09-30T07:31:00.000Z,4.12,7.73,38.9,5.71,6.67,111,GOOD
rd_3647,ses_3362,2026-09-30T07:31:08.000Z,4.15,8.35,38.9,5.65,6.64,111,GOOD
rd_3648,ses_3362,2026-09-30T07:31:16.000Z,4.16,8.98,38.9,5.69,6.65,106,GOOD
rd_3649,ses_3362,2026-09-30T07:31:24.000Z,4.23,9.61,38.9,5.68,6.66,107,GOOD
rd_3650,ses_3362,2026-09-30T07:31:32.000Z,4.04,10.22,38.8,5.71,6.64,115,GOOD
rd_3651,ses_3362,2026-09-30T07:31:40.000Z,4.16,10.84,38.8,5.68,6.68,112,GOOD
rd_3652,ses_3362,2026-09-30T07:31:48.000Z,3.76,11.40,38.8,5.69,6.68,110,GOOD
rd_3653,ses_3362,2026-09-30T07:31:56.000Z,3.29,11.90,38.7,5.72,6.66,115,GOOD
rd_3654,ses_3362,2026-09-30T07:32:04.000Z,2.82,12.32,38.8,5.69,6.68,105,GOOD
rd_3655,ses_3362,2026-09-30T07:32:12.000Z,2.35,12.67,38.8,5.71,6.68,110,GOOD
rd_3656,ses_3362,2026-09-30T07:32:20.000Z,1.88,12.96,38.8,5.65,6.67,110,GOOD
rd_3657,ses_3362,2026-09-30T07:32:28.000Z,1.41,13.17,38.8,5.69,6.68,114,GOOD
rd_3658,ses_3362,2026-09-30T07:32:36.000Z,0.94,13.31,38.9,5.67,6.65,116,GOOD
rd_3659,ses_3362,2026-09-30T07:32:44.000Z,0.47,13.38,38.7,5.70,6.66,101,GOOD
rd_3660,ses_3362,2026-09-30T07:32:52.000Z,0.05,13.39,38.8,5.70,6.64,115,GOOD
rd_3661,ses_3363,2026-09-30T06:02:00.000Z,0.05,0.01,38.4,5.53,6.59,117,GOOD
rd_3662,ses_3363,2026-09-30T06:02:08.000Z,0.62,0.10,38.5,5.51,6.59,125,GOOD
rd_3663,ses_3363,2026-09-30T06:02:16.000Z,1.24,0.29,38.4,5.58,6.60,117,GOOD
rd_3664,ses_3363,2026-09-30T06:02:24.000Z,1.86,0.57,38.4,5.57,6.62,123,GOOD
rd_3665,ses_3363,2026-09-30T06:02:32.000Z,2.48,0.94,38.5,5.53,6.61,122,GOOD
rd_3666,ses_3363,2026-09-30T06:02:40.000Z,3.1,1.40,38.4,5.53,6.61,112,GOOD
rd_3667,ses_3363,2026-09-30T06:02:48.000Z,3.74,1.96,38.5,5.58,6.61,122,GOOD
rd_3668,ses_3363,2026-09-30T06:02:56.000Z,3.54,2.49,38.5,5.53,6.59,119,GOOD
rd_3669,ses_3363,2026-09-30T06:03:04.000Z,3.52,3.02,38.5,5.52,6.61,111,GOOD
rd_3670,ses_3363,2026-09-30T06:03:12.000Z,3.6,3.56,38.6,5.58,6.61,125,GOOD
rd_3671,ses_3363,2026-09-30T06:03:20.000Z,3.65,4.11,38.6,5.55,6.58,123,GOOD
rd_3672,ses_3363,2026-09-30T06:03:28.000Z,3.47,4.63,38.5,5.57,6.59,114,GOOD
rd_3673,ses_3363,2026-09-30T06:03:36.000Z,3.62,5.17,38.4,5.59,6.58,119,GOOD
rd_3674,ses_3363,2026-09-30T06:03:44.000Z,3.7,5.73,38.5,5.58,6.60,119,GOOD
rd_3675,ses_3363,2026-09-30T06:03:52.000Z,3.51,6.26,38.5,5.56,6.59,120,GOOD
rd_3676,ses_3363,2026-09-30T06:04:00.000Z,3.73,6.81,38.5,5.55,6.62,112,GOOD
rd_3677,ses_3363,2026-09-30T06:04:08.000Z,3.68,7.37,38.5,5.52,6.62,118,GOOD
rd_3678,ses_3363,2026-09-30T06:04:16.000Z,3.47,7.89,38.5,5.57,6.59,109,GOOD
rd_3679,ses_3363,2026-09-30T06:04:24.000Z,3.48,8.41,38.5,5.55,6.59,112,GOOD
rd_3680,ses_3363,2026-09-30T06:04:32.000Z,3.67,8.96,38.4,5.57,6.59,123,GOOD
rd_3681,ses_3363,2026-09-30T06:04:40.000Z,3.66,9.51,38.4,5.55,6.61,120,GOOD
rd_3682,ses_3363,2026-09-30T06:04:48.000Z,3.31,10.00,38.5,5.53,6.62,111,GOOD
rd_3683,ses_3363,2026-09-30T06:04:56.000Z,2.9,10.44,38.5,5.51,6.58,121,GOOD
rd_3684,ses_3363,2026-09-30T06:05:04.000Z,2.48,10.81,38.5,5.54,6.61,118,GOOD
rd_3685,ses_3363,2026-09-30T06:05:12.000Z,2.07,11.12,38.5,5.52,6.59,119,GOOD
rd_3686,ses_3363,2026-09-30T06:05:20.000Z,1.66,11.37,38.5,5.52,6.59,115,GOOD
rd_3687,ses_3363,2026-09-30T06:05:28.000Z,1.24,11.56,38.5,5.55,6.61,124,GOOD
rd_3688,ses_3363,2026-09-30T06:05:36.000Z,0.83,11.68,38.5,5.55,6.62,112,GOOD
rd_3689,ses_3363,2026-09-30T06:05:44.000Z,0.41,11.74,38.6,5.53,6.58,113,GOOD
rd_3690,ses_3363,2026-09-30T06:05:52.000Z,0.05,11.75,38.5,5.52,6.59,117,GOOD
rd_3691,ses_3364,2026-09-30T06:48:00.000Z,0.05,0.01,38.7,5.66,6.66,122,GOOD
rd_3692,ses_3364,2026-09-30T06:48:08.000Z,0.65,0.11,38.8,5.62,6.66,135,GOOD
rd_3693,ses_3364,2026-09-30T06:48:16.000Z,1.3,0.30,38.7,5.67,6.68,122,GOOD
rd_3694,ses_3364,2026-09-30T06:48:24.000Z,1.95,0.59,38.6,5.67,6.66,128,GOOD
rd_3695,ses_3364,2026-09-30T06:48:32.000Z,2.6,0.98,38.8,5.64,6.66,126,GOOD
rd_3696,ses_3364,2026-09-30T06:48:40.000Z,3.25,1.47,38.6,5.64,6.66,134,GOOD
rd_3697,ses_3364,2026-09-30T06:48:48.000Z,3.83,2.04,38.7,5.61,6.67,126,GOOD
rd_3698,ses_3364,2026-09-30T06:48:56.000Z,3.63,2.59,38.6,5.60,6.66,123,GOOD
rd_3699,ses_3364,2026-09-30T06:49:04.000Z,3.87,3.17,38.7,5.63,6.65,128,GOOD
rd_3700,ses_3364,2026-09-30T06:49:12.000Z,3.68,3.72,38.6,5.66,6.65,122,GOOD
rd_3701,ses_3364,2026-09-30T06:49:20.000Z,3.9,4.31,38.6,5.66,6.66,136,GOOD
rd_3702,ses_3364,2026-09-30T06:49:28.000Z,3.76,4.87,38.8,5.66,6.67,123,GOOD
rd_3703,ses_3364,2026-09-30T06:49:36.000Z,3.89,5.45,38.6,5.67,6.64,132,GOOD
rd_3704,ses_3364,2026-09-30T06:49:44.000Z,3.88,6.04,38.8,5.63,6.65,136,GOOD
rd_3705,ses_3364,2026-09-30T06:49:52.000Z,3.84,6.61,38.7,5.64,6.66,124,GOOD
rd_3706,ses_3364,2026-09-30T06:50:00.000Z,3.78,7.18,38.6,5.67,6.67,126,GOOD
rd_3707,ses_3364,2026-09-30T06:50:08.000Z,3.69,7.73,38.6,5.67,6.65,128,GOOD
rd_3708,ses_3364,2026-09-30T06:50:16.000Z,3.81,8.30,38.8,5.67,6.68,128,GOOD
rd_3709,ses_3364,2026-09-30T06:50:24.000Z,3.9,8.89,38.6,5.65,6.66,135,GOOD
rd_3710,ses_3364,2026-09-30T06:50:32.000Z,3.77,9.45,38.8,5.67,6.64,135,GOOD
rd_3711,ses_3364,2026-09-30T06:50:40.000Z,3.75,10.02,38.7,5.63,6.66,123,GOOD
rd_3712,ses_3364,2026-09-30T06:50:48.000Z,3.47,10.54,38.6,5.62,6.66,133,GOOD
rd_3713,ses_3364,2026-09-30T06:50:56.000Z,3.03,10.99,38.6,5.62,6.65,125,GOOD
rd_3714,ses_3364,2026-09-30T06:51:04.000Z,2.6,11.38,38.8,5.61,6.68,131,GOOD
rd_3715,ses_3364,2026-09-30T06:51:12.000Z,2.17,11.71,38.8,5.63,6.67,122,GOOD
rd_3716,ses_3364,2026-09-30T06:51:20.000Z,1.73,11.97,38.8,5.66,6.67,134,GOOD
rd_3717,ses_3364,2026-09-30T06:51:28.000Z,1.3,12.16,38.7,5.68,6.66,135,GOOD
rd_3718,ses_3364,2026-09-30T06:51:36.000Z,0.87,12.29,38.6,5.65,6.66,122,GOOD
rd_3719,ses_3364,2026-09-30T06:51:44.000Z,0.43,12.36,38.7,5.64,6.65,127,GOOD
rd_3720,ses_3364,2026-09-30T06:51:52.000Z,0.05,12.36,38.8,5.65,6.64,133,GOOD
rd_3721,ses_3365,2026-09-30T06:23:00.000Z,0.05,0.01,38.8,5.53,6.70,130,GOOD
rd_3722,ses_3365,2026-09-30T06:23:08.000Z,0.71,0.11,38.7,5.50,6.72,140,GOOD
rd_3723,ses_3365,2026-09-30T06:23:16.000Z,1.41,0.33,38.8,5.52,6.69,133,GOOD
rd_3724,ses_3365,2026-09-30T06:23:24.000Z,2.12,0.64,38.8,5.51,6.70,136,GOOD
rd_3725,ses_3365,2026-09-30T06:23:32.000Z,2.83,1.07,38.9,5.48,6.73,130,GOOD
rd_3726,ses_3365,2026-09-30T06:23:40.000Z,3.53,1.60,38.8,5.52,6.70,132,GOOD
rd_3727,ses_3365,2026-09-30T06:23:48.000Z,4.01,2.20,38.8,5.48,6.73,129,GOOD
rd_3728,ses_3365,2026-09-30T06:23:56.000Z,4.17,2.82,38.8,5.54,6.73,127,GOOD
rd_3729,ses_3365,2026-09-30T06:24:04.000Z,4.07,3.43,38.8,5.51,6.71,139,GOOD
rd_3730,ses_3365,2026-09-30T06:24:12.000Z,4.15,4.06,38.8,5.50,6.69,131,GOOD
rd_3731,ses_3365,2026-09-30T06:24:20.000Z,4,4.66,38.8,5.49,6.69,130,GOOD
rd_3732,ses_3365,2026-09-30T06:24:28.000Z,4.07,5.27,38.8,5.52,6.69,134,GOOD
rd_3733,ses_3365,2026-09-30T06:24:36.000Z,4.21,5.90,38.8,5.47,6.71,140,GOOD
rd_3734,ses_3365,2026-09-30T06:24:44.000Z,4.19,6.53,38.9,5.54,6.72,134,GOOD
rd_3735,ses_3365,2026-09-30T06:24:52.000Z,4.21,7.16,38.8,5.54,6.70,138,GOOD
rd_3736,ses_3365,2026-09-30T06:25:00.000Z,4.06,7.77,38.7,5.48,6.73,127,GOOD
rd_3737,ses_3365,2026-09-30T06:25:08.000Z,3.98,8.37,38.9,5.49,6.71,130,GOOD
rd_3738,ses_3365,2026-09-30T06:25:16.000Z,4.12,8.98,38.7,5.53,6.71,137,GOOD
rd_3739,ses_3365,2026-09-30T06:25:24.000Z,4.02,9.59,38.9,5.51,6.72,125,GOOD
rd_3740,ses_3365,2026-09-30T06:25:32.000Z,4.15,10.21,38.9,5.52,6.69,124,GOOD
rd_3741,ses_3365,2026-09-30T06:25:40.000Z,4.01,10.81,38.7,5.54,6.70,124,GOOD
rd_3742,ses_3365,2026-09-30T06:25:48.000Z,3.77,11.38,38.9,5.54,6.71,127,GOOD
rd_3743,ses_3365,2026-09-30T06:25:56.000Z,3.3,11.87,38.8,5.54,6.72,124,GOOD
rd_3744,ses_3365,2026-09-30T06:26:04.000Z,2.83,12.30,38.9,5.48,6.70,130,GOOD
rd_3745,ses_3365,2026-09-30T06:26:12.000Z,2.36,12.65,38.8,5.52,6.71,128,GOOD
rd_3746,ses_3365,2026-09-30T06:26:20.000Z,1.89,12.93,38.8,5.49,6.71,131,GOOD
rd_3747,ses_3365,2026-09-30T06:26:28.000Z,1.41,13.14,38.7,5.51,6.72,131,GOOD
rd_3748,ses_3365,2026-09-30T06:26:36.000Z,0.94,13.29,38.8,5.51,6.70,138,GOOD
rd_3749,ses_3365,2026-09-30T06:26:44.000Z,0.47,13.36,38.7,5.51,6.71,136,GOOD
rd_3750,ses_3365,2026-09-30T06:26:52.000Z,0.05,13.36,38.8,5.52,6.70,129,GOOD
rd_3751,ses_3366,2026-09-30T06:43:00.000Z,0.05,0.01,38.4,5.58,6.63,132,GOOD
rd_3752,ses_3366,2026-09-30T06:43:08.000Z,0.62,0.10,38.4,5.57,6.65,143,GOOD
rd_3753,ses_3366,2026-09-30T06:43:16.000Z,1.24,0.29,38.5,5.57,6.65,132,GOOD
rd_3754,ses_3366,2026-09-30T06:43:24.000Z,1.87,0.57,38.5,5.60,6.64,139,GOOD
rd_3755,ses_3366,2026-09-30T06:43:32.000Z,2.49,0.94,38.3,5.60,6.62,142,GOOD
rd_3756,ses_3366,2026-09-30T06:43:40.000Z,3.11,1.41,38.3,5.61,6.65,134,GOOD
rd_3757,ses_3366,2026-09-30T06:43:48.000Z,3.74,1.97,38.5,5.56,6.64,140,GOOD
rd_3758,ses_3366,2026-09-30T06:43:56.000Z,3.65,2.52,38.4,5.56,6.62,141,GOOD
rd_3759,ses_3366,2026-09-30T06:44:04.000Z,3.66,3.06,38.4,5.61,6.64,131,GOOD
rd_3760,ses_3366,2026-09-30T06:44:12.000Z,3.64,3.61,38.4,5.57,6.63,131,GOOD
rd_3761,ses_3366,2026-09-30T06:44:20.000Z,3.73,4.17,38.3,5.58,6.65,144,GOOD
rd_3762,ses_3366,2026-09-30T06:44:28.000Z,3.63,4.71,38.4,5.58,6.63,134,GOOD
rd_3763,ses_3366,2026-09-30T06:44:36.000Z,3.53,5.24,38.4,5.56,6.65,135,GOOD
rd_3764,ses_3366,2026-09-30T06:44:44.000Z,3.57,5.78,38.5,5.60,6.65,139,GOOD
rd_3765,ses_3366,2026-09-30T06:44:52.000Z,3.55,6.31,38.5,5.56,6.64,132,GOOD
rd_3766,ses_3366,2026-09-30T06:45:00.000Z,3.58,6.85,38.5,5.58,6.65,139,GOOD
rd_3767,ses_3366,2026-09-30T06:45:08.000Z,3.69,7.40,38.3,5.61,6.64,138,GOOD
rd_3768,ses_3366,2026-09-30T06:45:16.000Z,3.52,7.93,38.3,5.55,6.64,144,GOOD
rd_3769,ses_3366,2026-09-30T06:45:24.000Z,3.52,8.46,38.3,5.56,6.63,131,GOOD
rd_3770,ses_3366,2026-09-30T06:45:32.000Z,3.73,9.02,38.3,5.59,6.62,132,GOOD
rd_3771,ses_3366,2026-09-30T06:45:40.000Z,3.63,9.56,38.3,5.61,6.64,142,GOOD
rd_3772,ses_3366,2026-09-30T06:45:48.000Z,3.32,10.06,38.4,5.55,6.63,144,GOOD
rd_3773,ses_3366,2026-09-30T06:45:56.000Z,2.9,10.50,38.4,5.55,6.64,138,GOOD
rd_3774,ses_3366,2026-09-30T06:46:04.000Z,2.49,10.87,38.4,5.61,6.63,143,GOOD
rd_3775,ses_3366,2026-09-30T06:46:12.000Z,2.07,11.18,38.4,5.56,6.63,145,GOOD
rd_3776,ses_3366,2026-09-30T06:46:20.000Z,1.66,11.43,38.5,5.60,6.65,139,GOOD
rd_3777,ses_3366,2026-09-30T06:46:28.000Z,1.24,11.61,38.4,5.56,6.66,140,GOOD
rd_3778,ses_3366,2026-09-30T06:46:36.000Z,0.83,11.74,38.5,5.60,6.64,134,GOOD
rd_3779,ses_3366,2026-09-30T06:46:44.000Z,0.41,11.80,38.4,5.61,6.63,142,GOOD
rd_3780,ses_3366,2026-09-30T06:46:52.000Z,0.05,11.81,38.3,5.60,6.65,131,GOOD
rd_3781,ses_3367,2026-09-30T06:34:00.000Z,0.05,0.01,38.6,5.69,6.65,135,GOOD
rd_3782,ses_3367,2026-09-30T06:34:08.000Z,0.68,0.11,38.7,5.72,6.63,137,GOOD
rd_3783,ses_3367,2026-09-30T06:34:16.000Z,1.36,0.31,38.6,5.75,6.66,132,GOOD
rd_3784,ses_3367,2026-09-30T06:34:24.000Z,2.04,0.62,38.7,5.73,6.63,141,GOOD
rd_3785,ses_3367,2026-09-30T06:34:32.000Z,2.72,1.03,38.7,5.72,6.65,135,GOOD
rd_3786,ses_3367,2026-09-30T06:34:40.000Z,3.4,1.54,38.7,5.76,6.64,134,GOOD
rd_3787,ses_3367,2026-09-30T06:34:48.000Z,4.03,2.14,38.6,5.72,6.67,133,GOOD
rd_3788,ses_3367,2026-09-30T06:34:56.000Z,4.08,2.75,38.8,5.72,6.65,131,GOOD
rd_3789,ses_3367,2026-09-30T06:35:04.000Z,4.01,3.36,38.7,5.73,6.66,132,GOOD
rd_3790,ses_3367,2026-09-30T06:35:12.000Z,3.82,3.93,38.6,5.72,6.64,142,GOOD
rd_3791,ses_3367,2026-09-30T06:35:20.000Z,3.82,4.50,38.6,5.71,6.64,139,GOOD
rd_3792,ses_3367,2026-09-30T06:35:28.000Z,3.92,5.09,38.7,5.74,6.63,139,GOOD
rd_3793,ses_3367,2026-09-30T06:35:36.000Z,3.93,5.68,38.8,5.73,6.66,133,GOOD
rd_3794,ses_3367,2026-09-30T06:35:44.000Z,4,6.28,38.7,5.68,6.66,146,GOOD
rd_3795,ses_3367,2026-09-30T06:35:52.000Z,4.04,6.88,38.8,5.71,6.67,143,GOOD
rd_3796,ses_3367,2026-09-30T06:36:00.000Z,3.91,7.47,38.7,5.73,6.65,137,GOOD
rd_3797,ses_3367,2026-09-30T06:36:08.000Z,3.89,8.05,38.6,5.71,6.64,133,GOOD
rd_3798,ses_3367,2026-09-30T06:36:16.000Z,3.85,8.63,38.8,5.70,6.64,139,GOOD
rd_3799,ses_3367,2026-09-30T06:36:24.000Z,3.84,9.21,38.7,5.71,6.66,133,GOOD
rd_3800,ses_3367,2026-09-30T06:36:32.000Z,3.92,9.80,38.7,5.74,6.63,140,GOOD
rd_3801,ses_3367,2026-09-30T06:36:40.000Z,4.07,10.41,38.7,5.75,6.63,136,GOOD
rd_3802,ses_3367,2026-09-30T06:36:48.000Z,3.62,10.95,38.8,5.71,6.66,132,GOOD
rd_3803,ses_3367,2026-09-30T06:36:56.000Z,3.17,11.43,38.8,5.73,6.66,131,GOOD
rd_3804,ses_3367,2026-09-30T06:37:04.000Z,2.72,11.83,38.8,5.70,6.66,136,GOOD
rd_3805,ses_3367,2026-09-30T06:37:12.000Z,2.26,12.17,38.7,5.68,6.66,132,GOOD
rd_3806,ses_3367,2026-09-30T06:37:20.000Z,1.81,12.44,38.8,5.73,6.64,139,GOOD
rd_3807,ses_3367,2026-09-30T06:37:28.000Z,1.36,12.65,38.7,5.73,6.66,131,GOOD
rd_3808,ses_3367,2026-09-30T06:37:36.000Z,0.91,12.78,38.8,5.75,6.63,135,GOOD
rd_3809,ses_3367,2026-09-30T06:37:44.000Z,0.45,12.85,38.7,5.69,6.66,138,GOOD
rd_3810,ses_3367,2026-09-30T06:37:52.000Z,0.05,12.86,38.7,5.73,6.65,141,GOOD
rd_3811,ses_3368,2026-09-30T06:46:00.000Z,0.05,0.01,38.8,5.48,6.63,156,GOOD
rd_3812,ses_3368,2026-09-30T06:46:08.000Z,0.57,0.09,38.7,5.45,6.60,153,GOOD
rd_3813,ses_3368,2026-09-30T06:46:16.000Z,1.14,0.26,38.6,5.43,6.61,156,GOOD
rd_3814,ses_3368,2026-09-30T06:46:24.000Z,1.72,0.52,38.7,5.46,6.59,148,GOOD
rd_3815,ses_3368,2026-09-30T06:46:32.000Z,2.29,0.87,38.7,5.50,6.62,148,GOOD
rd_3816,ses_3368,2026-09-30T06:46:40.000Z,2.86,1.29,38.8,5.42,6.60,157,GOOD
rd_3817,ses_3368,2026-09-30T06:46:48.000Z,3.3,1.79,38.8,5.47,6.62,155,GOOD
rd_3818,ses_3368,2026-09-30T06:46:56.000Z,3.3,2.28,38.6,5.49,6.60,155,GOOD
rd_3819,ses_3368,2026-09-30T06:47:04.000Z,3.34,2.79,38.6,5.49,6.60,146,GOOD
rd_3820,ses_3368,2026-09-30T06:47:12.000Z,3.42,3.30,38.7,5.45,6.62,145,GOOD
rd_3821,ses_3368,2026-09-30T06:47:20.000Z,3.41,3.81,38.7,5.46,6.62,148,GOOD
rd_3822,ses_3368,2026-09-30T06:47:28.000Z,3.33,4.31,38.7,5.43,6.61,148,GOOD
rd_3823,ses_3368,2026-09-30T06:47:36.000Z,3.21,4.79,38.8,5.48,6.60,150,GOOD
rd_3824,ses_3368,2026-09-30T06:47:44.000Z,3.21,5.27,38.7,5.42,6.60,158,GOOD
rd_3825,ses_3368,2026-09-30T06:47:52.000Z,3.34,5.77,38.6,5.50,6.63,152,GOOD
rd_3826,ses_3368,2026-09-30T06:48:00.000Z,3.4,6.28,38.7,5.43,6.61,145,GOOD
rd_3827,ses_3368,2026-09-30T06:48:08.000Z,3.41,6.79,38.6,5.48,6.62,148,GOOD
rd_3828,ses_3368,2026-09-30T06:48:16.000Z,3.34,7.30,38.7,5.50,6.61,144,GOOD
rd_3829,ses_3368,2026-09-30T06:48:24.000Z,3.46,7.81,38.6,5.46,6.62,159,GOOD
rd_3830,ses_3368,2026-09-30T06:48:32.000Z,3.25,8.30,38.7,5.46,6.61,146,GOOD
rd_3831,ses_3368,2026-09-30T06:48:40.000Z,3.45,8.82,38.8,5.45,6.61,148,GOOD
rd_3832,ses_3368,2026-09-30T06:48:48.000Z,3.05,9.28,38.7,5.50,6.62,153,GOOD
rd_3833,ses_3368,2026-09-30T06:48:56.000Z,2.67,9.68,38.7,5.47,6.62,151,GOOD
rd_3834,ses_3368,2026-09-30T06:49:04.000Z,2.29,10.02,38.7,5.47,6.62,150,GOOD
rd_3835,ses_3368,2026-09-30T06:49:12.000Z,1.91,10.31,38.6,5.44,6.61,159,GOOD
rd_3836,ses_3368,2026-09-30T06:49:20.000Z,1.53,10.54,38.7,5.49,6.61,154,GOOD
rd_3837,ses_3368,2026-09-30T06:49:28.000Z,1.14,10.71,38.7,5.50,6.62,147,GOOD
rd_3838,ses_3368,2026-09-30T06:49:36.000Z,0.76,10.82,38.8,5.42,6.62,144,GOOD
rd_3839,ses_3368,2026-09-30T06:49:44.000Z,0.38,10.88,38.7,5.45,6.62,156,GOOD
rd_3840,ses_3368,2026-09-30T06:49:52.000Z,0.05,10.89,38.6,5.43,6.60,148,GOOD
rd_3841,ses_3369,2026-09-30T06:30:00.000Z,0.05,0.01,38.3,5.63,6.64,135,GOOD
rd_3842,ses_3369,2026-09-30T06:30:08.000Z,0.65,0.11,38.5,5.64,6.62,140,GOOD
rd_3843,ses_3369,2026-09-30T06:30:16.000Z,1.3,0.30,38.3,5.58,6.63,149,GOOD
rd_3844,ses_3369,2026-09-30T06:30:24.000Z,1.94,0.59,38.4,5.62,6.64,143,GOOD
rd_3845,ses_3369,2026-09-30T06:30:32.000Z,2.59,0.98,38.4,5.58,6.63,144,GOOD
rd_3846,ses_3369,2026-09-30T06:30:40.000Z,3.24,1.47,38.5,5.64,6.64,148,GOOD
rd_3847,ses_3369,2026-09-30T06:30:48.000Z,3.88,2.05,38.5,5.62,6.65,140,GOOD
rd_3848,ses_3369,2026-09-30T06:30:56.000Z,3.69,2.60,38.3,5.63,6.61,149,GOOD
rd_3849,ses_3369,2026-09-30T06:31:04.000Z,3.66,3.15,38.4,5.58,6.64,136,GOOD
rd_3850,ses_3369,2026-09-30T06:31:12.000Z,3.76,3.71,38.4,5.60,6.65,134,GOOD
rd_3851,ses_3369,2026-09-30T06:31:20.000Z,3.72,4.27,38.5,5.63,6.63,136,GOOD
rd_3852,ses_3369,2026-09-30T06:31:28.000Z,3.65,4.82,38.4,5.59,6.63,142,GOOD
rd_3853,ses_3369,2026-09-30T06:31:36.000Z,3.77,5.39,38.3,5.58,6.64,138,GOOD
rd_3854,ses_3369,2026-09-30T06:31:44.000Z,3.86,5.96,38.4,5.59,6.64,135,GOOD
rd_3855,ses_3369,2026-09-30T06:31:52.000Z,3.71,6.52,38.5,5.58,6.62,137,GOOD
rd_3856,ses_3369,2026-09-30T06:32:00.000Z,3.79,7.09,38.4,5.60,6.65,145,GOOD
rd_3857,ses_3369,2026-09-30T06:32:08.000Z,3.65,7.64,38.5,5.61,6.64,141,GOOD
rd_3858,ses_3369,2026-09-30T06:32:16.000Z,3.77,8.20,38.5,5.63,6.63,148,GOOD
rd_3859,ses_3369,2026-09-30T06:32:24.000Z,3.81,8.77,38.4,5.61,6.62,134,GOOD
rd_3860,ses_3369,2026-09-30T06:32:32.000Z,3.81,9.35,38.4,5.63,6.62,143,GOOD
rd_3861,ses_3369,2026-09-30T06:32:40.000Z,3.86,9.92,38.4,5.59,6.61,138,GOOD
rd_3862,ses_3369,2026-09-30T06:32:48.000Z,3.46,10.44,38.4,5.63,6.64,142,GOOD
rd_3863,ses_3369,2026-09-30T06:32:56.000Z,3.03,10.90,38.4,5.65,6.65,148,GOOD
rd_3864,ses_3369,2026-09-30T06:33:04.000Z,2.59,11.29,38.3,5.58,6.61,149,GOOD
rd_3865,ses_3369,2026-09-30T06:33:12.000Z,2.16,11.61,38.4,5.63,6.62,134,GOOD
rd_3866,ses_3369,2026-09-30T06:33:20.000Z,1.73,11.87,38.4,5.60,6.65,139,GOOD
rd_3867,ses_3369,2026-09-30T06:33:28.000Z,1.3,12.06,38.5,5.63,6.62,148,GOOD
rd_3868,ses_3369,2026-09-30T06:33:36.000Z,0.86,12.19,38.4,5.61,6.65,150,GOOD
rd_3869,ses_3369,2026-09-30T06:33:44.000Z,0.43,12.26,38.4,5.60,6.63,149,GOOD
rd_3870,ses_3369,2026-09-30T06:33:52.000Z,0.05,12.27,38.3,5.61,6.62,138,GOOD
rd_3871,ses_3370,2026-09-30T07:03:00.000Z,0.05,0.01,38.6,5.41,6.67,98,GOOD
rd_3872,ses_3370,2026-09-30T07:03:08.000Z,0.7,0.11,38.6,5.36,6.66,85,GOOD
rd_3873,ses_3370,2026-09-30T07:03:16.000Z,1.4,0.32,38.5,5.41,6.68,91,GOOD
rd_3874,ses_3370,2026-09-30T07:03:24.000Z,2.09,0.64,38.6,5.35,6.67,85,GOOD
rd_3875,ses_3370,2026-09-30T07:03:32.000Z,2.79,1.05,38.5,5.42,6.68,88,GOOD
rd_3876,ses_3370,2026-09-30T07:03:40.000Z,3.49,1.58,38.7,5.37,6.66,94,GOOD
rd_3877,ses_3370,2026-09-30T07:03:48.000Z,3.99,2.18,38.6,5.43,6.68,93,GOOD
rd_3878,ses_3370,2026-09-30T07:03:56.000Z,4.12,2.79,38.6,5.42,6.68,87,GOOD
rd_3879,ses_3370,2026-09-30T07:04:04.000Z,4.18,3.42,38.7,5.39,6.69,84,GOOD
rd_3880,ses_3370,2026-09-30T07:04:12.000Z,4.14,4.04,38.5,5.36,6.69,91,GOOD
rd_3881,ses_3370,2026-09-30T07:04:20.000Z,4.02,4.65,38.6,5.43,6.67,83,GOOD
rd_3882,ses_3370,2026-09-30T07:04:28.000Z,4.06,5.25,38.6,5.43,6.67,86,GOOD
rd_3883,ses_3370,2026-09-30T07:04:36.000Z,4.14,5.88,38.5,5.39,6.68,93,GOOD
rd_3884,ses_3370,2026-09-30T07:04:44.000Z,4.2,6.51,38.5,5.37,6.67,87,GOOD
rd_3885,ses_3370,2026-09-30T07:04:52.000Z,3.99,7.10,38.6,5.37,6.66,89,GOOD
rd_3886,ses_3370,2026-09-30T07:05:00.000Z,4.02,7.71,38.6,5.36,6.67,92,GOOD
rd_3887,ses_3370,2026-09-30T07:05:08.000Z,3.96,8.30,38.5,5.43,6.66,88,GOOD
rd_3888,ses_3370,2026-09-30T07:05:16.000Z,4.02,8.90,38.6,5.37,6.68,98,GOOD
rd_3889,ses_3370,2026-09-30T07:05:24.000Z,4.09,9.52,38.6,5.41,6.70,89,GOOD
rd_3890,ses_3370,2026-09-30T07:05:32.000Z,3.98,10.11,38.5,5.40,6.68,88,GOOD
rd_3891,ses_3370,2026-09-30T07:05:40.000Z,4.04,10.72,38.7,5.38,6.70,94,GOOD
rd_3892,ses_3370,2026-09-30T07:05:48.000Z,3.72,11.28,38.6,5.38,6.66,86,GOOD
rd_3893,ses_3370,2026-09-30T07:05:56.000Z,3.26,11.77,38.6,5.41,6.69,93,GOOD
rd_3894,ses_3370,2026-09-30T07:06:04.000Z,2.79,12.19,38.6,5.38,6.67,95,GOOD
rd_3895,ses_3370,2026-09-30T07:06:12.000Z,2.33,12.54,38.5,5.38,6.69,88,GOOD
rd_3896,ses_3370,2026-09-30T07:06:20.000Z,1.86,12.81,38.5,5.43,6.67,92,GOOD
rd_3897,ses_3370,2026-09-30T07:06:28.000Z,1.4,13.02,38.7,5.40,6.67,93,GOOD
rd_3898,ses_3370,2026-09-30T07:06:36.000Z,0.93,13.16,38.5,5.36,6.69,84,GOOD
rd_3899,ses_3370,2026-09-30T07:06:44.000Z,0.47,13.23,38.7,5.40,6.69,97,GOOD
rd_3900,ses_3370,2026-09-30T07:06:52.000Z,0.05,13.24,38.7,5.41,6.67,86,GOOD
rd_3901,ses_3371,2026-09-30T07:24:00.000Z,0.05,0.01,38.8,5.59,6.63,92,GOOD
rd_3902,ses_3371,2026-09-30T07:24:08.000Z,0.61,0.10,38.8,5.55,6.60,92,GOOD
rd_3903,ses_3371,2026-09-30T07:24:16.000Z,1.22,0.28,38.8,5.52,6.63,85,GOOD
rd_3904,ses_3371,2026-09-30T07:24:24.000Z,1.84,0.56,38.9,5.53,6.63,88,GOOD
rd_3905,ses_3371,2026-09-30T07:24:32.000Z,2.45,0.93,38.8,5.51,6.61,93,GOOD
rd_3906,ses_3371,2026-09-30T07:24:40.000Z,3.06,1.38,38.9,5.56,6.61,96,GOOD
rd_3907,ses_3371,2026-09-30T07:24:48.000Z,3.66,1.93,38.7,5.58,6.61,88,GOOD
rd_3908,ses_3371,2026-09-30T07:24:56.000Z,3.41,2.44,38.8,5.58,6.60,89,GOOD
rd_3909,ses_3371,2026-09-30T07:25:04.000Z,3.63,2.99,38.8,5.56,6.60,94,GOOD
rd_3910,ses_3371,2026-09-30T07:25:12.000Z,3.63,3.53,38.8,5.54,6.62,97,GOOD
rd_3911,ses_3371,2026-09-30T07:25:20.000Z,3.45,4.05,38.9,5.55,6.64,95,GOOD
rd_3912,ses_3371,2026-09-30T07:25:28.000Z,3.47,4.57,38.8,5.53,6.61,95,GOOD
rd_3913,ses_3371,2026-09-30T07:25:36.000Z,3.47,5.09,38.9,5.56,6.61,94,GOOD
rd_3914,ses_3371,2026-09-30T07:25:44.000Z,3.4,5.60,38.9,5.57,6.63,99,GOOD
rd_3915,ses_3371,2026-09-30T07:25:52.000Z,3.55,6.13,38.8,5.52,6.61,87,GOOD
rd_3916,ses_3371,2026-09-30T07:26:00.000Z,3.52,6.66,38.8,5.54,6.62,86,GOOD
rd_3917,ses_3371,2026-09-30T07:26:08.000Z,3.44,7.18,38.8,5.52,6.62,97,GOOD
rd_3918,ses_3371,2026-09-30T07:26:16.000Z,3.63,7.72,38.8,5.56,6.63,86,GOOD
rd_3919,ses_3371,2026-09-30T07:26:24.000Z,3.49,8.25,38.8,5.51,6.63,87,GOOD
rd_3920,ses_3371,2026-09-30T07:26:32.000Z,3.4,8.76,38.8,5.54,6.61,95,GOOD
rd_3921,ses_3371,2026-09-30T07:26:40.000Z,3.63,9.30,38.8,5.51,6.61,84,GOOD
rd_3922,ses_3371,2026-09-30T07:26:48.000Z,3.26,9.79,38.9,5.59,6.63,87,GOOD
rd_3923,ses_3371,2026-09-30T07:26:56.000Z,2.86,10.22,38.7,5.56,6.61,94,GOOD
rd_3924,ses_3371,2026-09-30T07:27:04.000Z,2.45,10.59,38.8,5.52,6.61,84,GOOD
rd_3925,ses_3371,2026-09-30T07:27:12.000Z,2.04,10.89,38.9,5.53,6.61,92,GOOD
rd_3926,ses_3371,2026-09-30T07:27:20.000Z,1.63,11.14,38.8,5.54,6.62,93,GOOD
rd_3927,ses_3371,2026-09-30T07:27:28.000Z,1.22,11.32,38.8,5.58,6.61,97,GOOD
rd_3928,ses_3371,2026-09-30T07:27:36.000Z,0.82,11.44,38.7,5.54,6.63,99,GOOD
rd_3929,ses_3371,2026-09-30T07:27:44.000Z,0.41,11.50,38.8,5.57,6.64,96,GOOD
rd_3930,ses_3371,2026-09-30T07:27:52.000Z,0.05,11.51,38.9,5.53,6.63,87,GOOD
rd_3931,ses_3372,2026-09-30T07:11:00.000Z,0.05,0.01,38.3,5.73,6.66,102,GOOD
rd_3932,ses_3372,2026-09-30T07:11:08.000Z,0.66,0.11,38.4,5.69,6.64,91,GOOD
rd_3933,ses_3372,2026-09-30T07:11:16.000Z,1.32,0.30,38.3,5.73,6.65,102,GOOD
rd_3934,ses_3372,2026-09-30T07:11:24.000Z,1.98,0.60,38.4,5.71,6.68,91,GOOD
rd_3935,ses_3372,2026-09-30T07:11:32.000Z,2.63,1.00,38.5,5.73,6.67,97,GOOD
rd_3936,ses_3372,2026-09-30T07:11:40.000Z,3.29,1.49,38.4,5.72,6.65,100,GOOD
rd_3937,ses_3372,2026-09-30T07:11:48.000Z,3.83,2.06,38.4,5.72,6.67,93,GOOD
rd_3938,ses_3372,2026-09-30T07:11:56.000Z,3.79,2.63,38.3,5.67,6.67,95,GOOD
rd_3939,ses_3372,2026-09-30T07:12:04.000Z,3.78,3.20,38.5,5.71,6.65,103,GOOD
rd_3940,ses_3372,2026-09-30T07:12:12.000Z,3.77,3.77,38.5,5.70,6.67,102,GOOD
rd_3941,ses_3372,2026-09-30T07:12:20.000Z,3.72,4.32,38.5,5.70,6.67,97,GOOD
rd_3942,ses_3372,2026-09-30T07:12:28.000Z,3.74,4.88,38.5,5.71,6.65,104,GOOD
rd_3943,ses_3372,2026-09-30T07:12:36.000Z,3.75,5.45,38.4,5.68,6.65,97,GOOD
rd_3944,ses_3372,2026-09-30T07:12:44.000Z,3.74,6.01,38.5,5.73,6.66,94,GOOD
rd_3945,ses_3372,2026-09-30T07:12:52.000Z,3.83,6.58,38.3,5.69,6.64,99,GOOD
rd_3946,ses_3372,2026-09-30T07:13:00.000Z,3.84,7.16,38.4,5.68,6.67,99,GOOD
rd_3947,ses_3372,2026-09-30T07:13:08.000Z,3.87,7.74,38.4,5.70,6.67,100,GOOD
rd_3948,ses_3372,2026-09-30T07:13:16.000Z,3.92,8.33,38.4,5.71,6.65,105,GOOD
rd_3949,ses_3372,2026-09-30T07:13:24.000Z,3.68,8.88,38.4,5.68,6.67,97,GOOD
rd_3950,ses_3372,2026-09-30T07:13:32.000Z,3.87,9.46,38.3,5.71,6.68,95,GOOD
rd_3951,ses_3372,2026-09-30T07:13:40.000Z,3.71,10.02,38.5,5.73,6.66,106,GOOD
rd_3952,ses_3372,2026-09-30T07:13:48.000Z,3.51,10.54,38.3,5.70,6.67,102,GOOD
rd_3953,ses_3372,2026-09-30T07:13:56.000Z,3.07,11.00,38.3,5.70,6.66,101,GOOD
rd_3954,ses_3372,2026-09-30T07:14:04.000Z,2.63,11.40,38.3,5.74,6.65,106,GOOD
rd_3955,ses_3372,2026-09-30T07:14:12.000Z,2.2,11.73,38.4,5.71,6.68,95,GOOD
rd_3956,ses_3372,2026-09-30T07:14:20.000Z,1.76,11.99,38.4,5.73,6.66,98,GOOD
rd_3957,ses_3372,2026-09-30T07:14:28.000Z,1.32,12.19,38.4,5.73,6.67,101,GOOD
rd_3958,ses_3372,2026-09-30T07:14:36.000Z,0.88,12.32,38.4,5.69,6.65,98,GOOD
rd_3959,ses_3372,2026-09-30T07:14:44.000Z,0.44,12.39,38.3,5.70,6.66,98,GOOD
rd_3960,ses_3372,2026-09-30T07:14:52.000Z,0.05,12.39,38.4,5.72,6.66,98,GOOD
rd_3961,ses_3373,2026-09-30T06:13:00.000Z,0.05,0.01,38.4,5.55,6.71,119,GOOD
rd_3962,ses_3373,2026-09-30T06:13:08.000Z,0.71,0.11,38.4,5.54,6.72,114,GOOD
rd_3963,ses_3373,2026-09-30T06:13:16.000Z,1.42,0.33,38.4,5.55,6.69,116,GOOD
rd_3964,ses_3373,2026-09-30T06:13:24.000Z,2.14,0.65,38.4,5.55,6.73,109,GOOD
rd_3965,ses_3373,2026-09-30T06:13:32.000Z,2.85,1.08,38.5,5.49,6.72,113,GOOD
rd_3966,ses_3373,2026-09-30T06:13:40.000Z,3.56,1.61,38.5,5.53,6.71,115,GOOD
rd_3967,ses_3373,2026-09-30T06:13:48.000Z,4.09,2.22,38.5,5.50,6.73,120,GOOD
rd_3968,ses_3373,2026-09-30T06:13:56.000Z,4.22,2.86,38.4,5.55,6.72,118,GOOD
rd_3969,ses_3373,2026-09-30T06:14:04.000Z,4.24,3.49,38.6,5.55,6.71,108,GOOD
rd_3970,ses_3373,2026-09-30T06:14:12.000Z,4.11,4.11,38.5,5.53,6.72,117,GOOD
rd_3971,ses_3373,2026-09-30T06:14:20.000Z,4.18,4.74,38.4,5.54,6.71,109,GOOD
rd_3972,ses_3373,2026-09-30T06:14:28.000Z,4.12,5.35,38.4,5.52,6.72,122,GOOD
rd_3973,ses_3373,2026-09-30T06:14:36.000Z,4.25,5.99,38.5,5.53,6.72,123,GOOD
rd_3974,ses_3373,2026-09-30T06:14:44.000Z,4.16,6.62,38.5,5.54,6.71,108,GOOD
rd_3975,ses_3373,2026-09-30T06:14:52.000Z,3.99,7.21,38.4,5.54,6.70,111,GOOD
rd_3976,ses_3373,2026-09-30T06:15:00.000Z,4.26,7.85,38.5,5.56,6.73,119,GOOD
rd_3977,ses_3373,2026-09-30T06:15:08.000Z,4.23,8.49,38.5,5.49,6.72,112,GOOD
rd_3978,ses_3373,2026-09-30T06:15:16.000Z,4.23,9.12,38.4,5.48,6.71,115,GOOD
rd_3979,ses_3373,2026-09-30T06:15:24.000Z,4.11,9.74,38.6,5.56,6.70,108,GOOD
rd_3980,ses_3373,2026-09-30T06:15:32.000Z,3.99,10.34,38.5,5.53,6.69,112,GOOD
rd_3981,ses_3373,2026-09-30T06:15:40.000Z,4.18,10.96,38.5,5.51,6.69,119,GOOD
rd_3982,ses_3373,2026-09-30T06:15:48.000Z,3.8,11.53,38.5,5.50,6.72,116,GOOD
rd_3983,ses_3373,2026-09-30T06:15:56.000Z,3.32,12.03,38.5,5.49,6.73,120,GOOD
rd_3984,ses_3373,2026-09-30T06:16:04.000Z,2.85,12.46,38.6,5.51,6.71,113,GOOD
rd_3985,ses_3373,2026-09-30T06:16:12.000Z,2.37,12.81,38.4,5.55,6.70,124,GOOD
rd_3986,ses_3373,2026-09-30T06:16:20.000Z,1.9,13.10,38.5,5.56,6.71,118,GOOD
rd_3987,ses_3373,2026-09-30T06:16:28.000Z,1.42,13.31,38.6,5.54,6.71,109,GOOD
rd_3988,ses_3373,2026-09-30T06:16:36.000Z,0.95,13.46,38.5,5.49,6.71,119,GOOD
rd_3989,ses_3373,2026-09-30T06:16:44.000Z,0.47,13.53,38.5,5.56,6.70,109,GOOD
rd_3990,ses_3373,2026-09-30T06:16:52.000Z,0.05,13.53,38.5,5.51,6.71,115,GOOD
rd_3991,ses_3374,2026-09-30T06:33:00.000Z,0.05,0.01,38.7,5.67,6.62,122,GOOD
rd_3992,ses_3374,2026-09-30T06:33:08.000Z,0.6,0.10,38.8,5.64,6.64,114,GOOD
rd_3993,ses_3374,2026-09-30T06:33:16.000Z,1.21,0.28,38.8,5.67,6.64,118,GOOD
rd_3994,ses_3374,2026-09-30T06:33:24.000Z,1.81,0.55,38.7,5.64,6.66,113,GOOD
rd_3995,ses_3374,2026-09-30T06:33:32.000Z,2.41,0.91,38.9,5.66,6.62,111,GOOD
rd_3996,ses_3374,2026-09-30T06:33:40.000Z,3.02,1.36,38.7,5.63,6.63,123,GOOD
rd_3997,ses_3374,2026-09-30T06:33:48.000Z,3.52,1.89,38.8,5.64,6.63,108,GOOD
rd_3998,ses_3374,2026-09-30T06:33:56.000Z,3.51,2.42,38.8,5.60,6.62,119,GOOD
rd_3999,ses_3374,2026-09-30T06:34:04.000Z,3.36,2.92,38.9,5.63,6.65,115,GOOD
rd_4000,ses_3374,2026-09-30T06:34:12.000Z,3.64,3.47,38.8,5.62,6.65,109,GOOD
rd_4001,ses_3374,2026-09-30T06:34:20.000Z,3.36,3.97,38.8,5.65,6.63,110,GOOD
rd_4002,ses_3374,2026-09-30T06:34:28.000Z,3.43,4.49,38.9,5.60,6.64,117,GOOD
rd_4003,ses_3374,2026-09-30T06:34:36.000Z,3.58,5.02,38.7,5.64,6.65,121,GOOD
rd_4004,ses_3374,2026-09-30T06:34:44.000Z,3.52,5.55,38.9,5.66,6.63,108,GOOD
rd_4005,ses_3374,2026-09-30T06:34:52.000Z,3.41,6.06,38.8,5.63,6.65,114,GOOD
rd_4006,ses_3374,2026-09-30T06:35:00.000Z,3.51,6.59,38.9,5.65,6.62,122,GOOD
rd_4007,ses_3374,2026-09-30T06:35:08.000Z,3.58,7.13,38.7,5.66,6.63,116,GOOD
rd_4008,ses_3374,2026-09-30T06:35:16.000Z,3.58,7.66,38.8,5.59,6.64,115,GOOD
rd_4009,ses_3374,2026-09-30T06:35:24.000Z,3.52,8.19,38.8,5.67,6.64,118,GOOD
rd_4010,ses_3374,2026-09-30T06:35:32.000Z,3.46,8.71,38.9,5.66,6.65,115,GOOD
rd_4011,ses_3374,2026-09-30T06:35:40.000Z,3.48,9.23,38.7,5.64,6.63,117,GOOD
rd_4012,ses_3374,2026-09-30T06:35:48.000Z,3.22,9.72,38.9,5.64,6.64,116,GOOD
rd_4013,ses_3374,2026-09-30T06:35:56.000Z,2.82,10.14,38.8,5.66,6.62,110,GOOD
rd_4014,ses_3374,2026-09-30T06:36:04.000Z,2.41,10.50,38.9,5.62,6.62,118,GOOD
rd_4015,ses_3374,2026-09-30T06:36:12.000Z,2.01,10.80,38.7,5.65,6.66,117,GOOD
rd_4016,ses_3374,2026-09-30T06:36:20.000Z,1.61,11.04,38.8,5.63,6.65,112,GOOD
rd_4017,ses_3374,2026-09-30T06:36:28.000Z,1.21,11.23,38.9,5.65,6.65,116,GOOD
rd_4018,ses_3374,2026-09-30T06:36:36.000Z,0.8,11.35,38.7,5.63,6.65,118,GOOD
rd_4019,ses_3374,2026-09-30T06:36:44.000Z,0.4,11.41,38.7,5.59,6.62,108,GOOD
rd_4020,ses_3374,2026-09-30T06:36:52.000Z,0.05,11.41,38.8,5.60,6.66,112,GOOD
rd_4021,ses_3375,2026-09-30T06:07:00.000Z,0.05,0.01,38.6,5.46,6.67,116,GOOD
rd_4022,ses_3375,2026-09-30T06:07:08.000Z,0.66,0.11,38.7,5.50,6.70,117,GOOD
rd_4023,ses_3375,2026-09-30T06:07:16.000Z,1.31,0.30,38.6,5.47,6.69,120,GOOD
rd_4024,ses_3375,2026-09-30T06:07:24.000Z,1.97,0.60,38.6,5.49,6.68,122,GOOD
rd_4025,ses_3375,2026-09-30T06:07:32.000Z,2.62,0.99,38.7,5.47,6.69,124,GOOD
rd_4026,ses_3375,2026-09-30T06:07:40.000Z,3.28,1.48,38.7,5.52,6.67,117,GOOD
rd_4027,ses_3375,2026-09-30T06:07:48.000Z,3.83,2.06,38.6,5.47,6.68,115,GOOD
rd_4028,ses_3375,2026-09-30T06:07:56.000Z,3.8,2.63,38.6,5.47,6.68,118,GOOD
rd_4029,ses_3375,2026-09-30T06:08:04.000Z,3.8,3.20,38.7,5.47,6.67,122,GOOD
rd_4030,ses_3375,2026-09-30T06:08:12.000Z,3.71,3.75,38.6,5.49,6.69,127,GOOD
rd_4031,ses_3375,2026-09-30T06:08:20.000Z,3.78,4.32,38.6,5.47,6.67,115,GOOD
rd_4032,ses_3375,2026-09-30T06:08:28.000Z,3.74,4.88,38.6,5.52,6.70,117,GOOD
rd_4033,ses_3375,2026-09-30T06:08:36.000Z,3.67,5.43,38.6,5.51,6.67,119,GOOD
rd_4034,ses_3375,2026-09-30T06:08:44.000Z,3.74,5.99,38.7,5.49,6.66,127,GOOD
rd_4035,ses_3375,2026-09-30T06:08:52.000Z,3.76,6.56,38.6,5.50,6.68,127,GOOD
rd_4036,ses_3375,2026-09-30T06:09:00.000Z,3.83,7.13,38.6,5.50,6.69,114,GOOD
rd_4037,ses_3375,2026-09-30T06:09:08.000Z,3.85,7.71,38.7,5.46,6.69,116,GOOD
rd_4038,ses_3375,2026-09-30T06:09:16.000Z,3.69,8.26,38.6,5.51,6.70,126,GOOD
rd_4039,ses_3375,2026-09-30T06:09:24.000Z,3.71,8.82,38.6,5.50,6.67,128,GOOD
rd_4040,ses_3375,2026-09-30T06:09:32.000Z,3.74,9.38,38.6,5.46,6.70,119,GOOD
rd_4041,ses_3375,2026-09-30T06:09:40.000Z,3.72,9.94,38.5,5.48,6.68,124,GOOD
rd_4042,ses_3375,2026-09-30T06:09:48.000Z,3.49,10.46,38.6,5.50,6.70,127,GOOD
rd_4043,ses_3375,2026-09-30T06:09:56.000Z,3.06,10.92,38.5,5.47,6.68,120,GOOD
rd_4044,ses_3375,2026-09-30T06:10:04.000Z,2.62,11.31,38.6,5.49,6.67,124,GOOD
rd_4045,ses_3375,2026-09-30T06:10:12.000Z,2.18,11.64,38.6,5.46,6.67,124,GOOD
rd_4046,ses_3375,2026-09-30T06:10:20.000Z,1.75,11.90,38.5,5.51,6.66,120,GOOD
rd_4047,ses_3375,2026-09-30T06:10:28.000Z,1.31,12.10,38.7,5.46,6.67,120,GOOD
rd_4048,ses_3375,2026-09-30T06:10:36.000Z,0.87,12.23,38.7,5.51,6.67,118,GOOD
rd_4049,ses_3375,2026-09-30T06:10:44.000Z,0.44,12.30,38.6,5.50,6.70,128,GOOD
rd_4050,ses_3375,2026-09-30T06:10:52.000Z,0.05,12.30,38.5,5.50,6.68,126,GOOD
rd_4051,ses_3376,2026-09-30T06:39:00.000Z,0.05,0.01,38.5,5.55,6.64,119,GOOD
rd_4052,ses_3376,2026-09-30T06:39:08.000Z,0.58,0.09,38.5,5.61,6.62,123,GOOD
rd_4053,ses_3376,2026-09-30T06:39:16.000Z,1.17,0.27,38.6,5.57,6.61,118,GOOD
rd_4054,ses_3376,2026-09-30T06:39:24.000Z,1.75,0.53,38.5,5.59,6.65,130,GOOD
rd_4055,ses_3376,2026-09-30T06:39:32.000Z,2.33,0.88,38.4,5.55,6.63,127,GOOD
rd_4056,ses_3376,2026-09-30T06:39:40.000Z,2.91,1.32,38.5,5.61,6.63,126,GOOD
rd_4057,ses_3376,2026-09-30T06:39:48.000Z,3.32,1.82,38.5,5.59,6.63,124,GOOD
rd_4058,ses_3376,2026-09-30T06:39:56.000Z,3.3,2.31,38.5,5.55,6.62,127,GOOD
rd_4059,ses_3376,2026-09-30T06:40:04.000Z,3.5,2.84,38.4,5.58,6.63,123,GOOD
rd_4060,ses_3376,2026-09-30T06:40:12.000Z,3.49,3.36,38.5,5.58,6.63,116,GOOD
rd_4061,ses_3376,2026-09-30T06:40:20.000Z,3.33,3.86,38.5,5.58,6.65,122,GOOD
rd_4062,ses_3376,2026-09-30T06:40:28.000Z,3.49,4.38,38.5,5.56,6.64,119,GOOD
rd_4063,ses_3376,2026-09-30T06:40:36.000Z,3.24,4.87,38.5,5.60,6.61,121,GOOD
rd_4064,ses_3376,2026-09-30T06:40:44.000Z,3.5,5.39,38.6,5.61,6.62,126,GOOD
rd_4065,ses_3376,2026-09-30T06:40:52.000Z,3.32,5.89,38.6,5.57,6.64,125,GOOD
rd_4066,ses_3376,2026-09-30T06:41:00.000Z,3.45,6.41,38.4,5.56,6.62,129,GOOD
rd_4067,ses_3376,2026-09-30T06:41:08.000Z,3.4,6.92,38.5,5.56,6.63,119,GOOD
rd_4068,ses_3376,2026-09-30T06:41:16.000Z,3.37,7.42,38.6,5.54,6.63,116,GOOD
rd_4069,ses_3376,2026-09-30T06:41:24.000Z,3.25,7.91,38.5,5.59,6.61,124,GOOD
rd_4070,ses_3376,2026-09-30T06:41:32.000Z,3.4,8.42,38.4,5.60,6.64,119,GOOD
rd_4071,ses_3376,2026-09-30T06:41:40.000Z,3.25,8.91,38.6,5.55,6.65,115,GOOD
rd_4072,ses_3376,2026-09-30T06:41:48.000Z,3.11,9.38,38.5,5.55,6.62,127,GOOD
rd_4073,ses_3376,2026-09-30T06:41:56.000Z,2.72,9.78,38.5,5.55,6.64,124,GOOD
rd_4074,ses_3376,2026-09-30T06:42:04.000Z,2.33,10.13,38.5,5.55,6.62,122,GOOD
rd_4075,ses_3376,2026-09-30T06:42:12.000Z,1.94,10.43,38.6,5.57,6.63,128,GOOD
rd_4076,ses_3376,2026-09-30T06:42:20.000Z,1.55,10.66,38.5,5.58,6.62,116,GOOD
rd_4077,ses_3376,2026-09-30T06:42:28.000Z,1.17,10.83,38.5,5.61,6.63,123,GOOD
rd_4078,ses_3376,2026-09-30T06:42:36.000Z,0.78,10.95,38.6,5.55,6.64,121,GOOD
rd_4079,ses_3376,2026-09-30T06:42:44.000Z,0.39,11.01,38.5,5.57,6.63,120,GOOD
rd_4080,ses_3376,2026-09-30T06:42:52.000Z,0.05,11.02,38.4,5.61,6.62,127,GOOD
rd_4081,ses_3377,2026-09-30T06:12:00.000Z,0.05,0.01,38.6,5.68,6.67,142,GOOD
rd_4082,ses_3377,2026-09-30T06:12:08.000Z,0.65,0.11,38.8,5.75,6.63,154,GOOD
rd_4083,ses_3377,2026-09-30T06:12:16.000Z,1.31,0.30,38.7,5.75,6.67,153,GOOD
rd_4084,ses_3377,2026-09-30T06:12:24.000Z,1.96,0.60,38.7,5.72,6.66,146,GOOD
rd_4085,ses_3377,2026-09-30T06:12:32.000Z,2.61,0.99,38.6,5.72,6.67,148,GOOD
rd_4086,ses_3377,2026-09-30T06:12:40.000Z,3.27,1.48,38.7,5.68,6.66,147,GOOD
rd_4087,ses_3377,2026-09-30T06:12:48.000Z,3.66,2.03,38.7,5.73,6.65,154,GOOD
rd_4088,ses_3377,2026-09-30T06:12:56.000Z,3.78,2.59,38.6,5.68,6.64,149,GOOD
rd_4089,ses_3377,2026-09-30T06:13:04.000Z,3.84,3.17,38.7,5.73,6.67,156,GOOD
rd_4090,ses_3377,2026-09-30T06:13:12.000Z,3.87,3.75,38.7,5.69,6.65,147,GOOD
rd_4091,ses_3377,2026-09-30T06:13:20.000Z,3.69,4.30,38.8,5.71,6.66,144,GOOD
rd_4092,ses_3377,2026-09-30T06:13:28.000Z,3.9,4.89,38.7,5.69,6.65,143,GOOD
rd_4093,ses_3377,2026-09-30T06:13:36.000Z,3.88,5.47,38.8,5.72,6.67,144,GOOD
rd_4094,ses_3377,2026-09-30T06:13:44.000Z,3.93,6.06,38.7,5.70,6.66,151,GOOD
rd_4095,ses_3377,2026-09-30T06:13:52.000Z,3.84,6.64,38.6,5.72,6.66,150,GOOD
rd_4096,ses_3377,2026-09-30T06:14:00.000Z,3.86,7.21,38.7,5.73,6.67,145,GOOD
rd_4097,ses_3377,2026-09-30T06:14:08.000Z,3.84,7.79,38.7,5.73,6.66,150,GOOD
rd_4098,ses_3377,2026-09-30T06:14:16.000Z,3.78,8.36,38.7,5.71,6.65,155,GOOD
rd_4099,ses_3377,2026-09-30T06:14:24.000Z,3.93,8.95,38.7,5.72,6.66,150,GOOD
rd_4100,ses_3377,2026-09-30T06:14:32.000Z,3.84,9.52,38.8,5.71,6.67,151,GOOD
rd_4101,ses_3377,2026-09-30T06:14:40.000Z,3.64,10.07,38.7,5.73,6.65,149,GOOD
rd_4102,ses_3377,2026-09-30T06:14:48.000Z,3.49,10.59,38.7,5.74,6.63,150,GOOD
rd_4103,ses_3377,2026-09-30T06:14:56.000Z,3.05,11.05,38.7,5.72,6.64,144,GOOD
rd_4104,ses_3377,2026-09-30T06:15:04.000Z,2.61,11.44,38.8,5.69,6.64,143,GOOD
rd_4105,ses_3377,2026-09-30T06:15:12.000Z,2.18,11.77,38.7,5.71,6.64,142,GOOD
rd_4106,ses_3377,2026-09-30T06:15:20.000Z,1.74,12.03,38.7,5.68,6.66,148,GOOD
rd_4107,ses_3377,2026-09-30T06:15:28.000Z,1.31,12.23,38.7,5.68,6.66,144,GOOD
rd_4108,ses_3377,2026-09-30T06:15:36.000Z,0.87,12.36,38.7,5.71,6.63,153,GOOD
rd_4109,ses_3377,2026-09-30T06:15:44.000Z,0.44,12.42,38.7,5.70,6.66,155,GOOD
rd_4110,ses_3377,2026-09-30T06:15:52.000Z,0.05,12.43,38.8,5.70,6.64,142,GOOD
rd_4111,ses_3378,2026-09-30T06:16:00.000Z,0.05,0.01,38.5,5.47,6.68,153,GOOD
rd_4112,ses_3378,2026-09-30T06:16:08.000Z,0.68,0.11,38.4,5.48,6.67,161,GOOD
rd_4113,ses_3378,2026-09-30T06:16:16.000Z,1.36,0.31,38.5,5.51,6.69,158,GOOD
rd_4114,ses_3378,2026-09-30T06:16:24.000Z,2.04,0.62,38.3,5.49,6.67,153,GOOD
rd_4115,ses_3378,2026-09-30T06:16:32.000Z,2.72,1.03,38.4,5.52,6.68,153,GOOD
rd_4116,ses_3378,2026-09-30T06:16:40.000Z,3.41,1.54,38.3,5.45,6.66,156,GOOD
rd_4117,ses_3378,2026-09-30T06:16:48.000Z,4.08,2.15,38.4,5.49,6.69,156,GOOD
rd_4118,ses_3378,2026-09-30T06:16:56.000Z,3.9,2.74,38.3,5.48,6.69,149,GOOD
rd_4119,ses_3378,2026-09-30T06:17:04.000Z,3.98,3.33,38.4,5.51,6.69,158,GOOD
rd_4120,ses_3378,2026-09-30T06:17:12.000Z,4.05,3.94,38.4,5.46,6.70,155,GOOD
rd_4121,ses_3378,2026-09-30T06:17:20.000Z,3.95,4.53,38.4,5.45,6.70,152,GOOD
rd_4122,ses_3378,2026-09-30T06:17:28.000Z,4.04,5.14,38.5,5.49,6.67,155,GOOD
rd_4123,ses_3378,2026-09-30T06:17:36.000Z,4.08,5.75,38.5,5.46,6.70,165,GOOD
rd_4124,ses_3378,2026-09-30T06:17:44.000Z,4.08,6.36,38.5,5.47,6.68,160,GOOD
rd_4125,ses_3378,2026-09-30T06:17:52.000Z,4.1,6.98,38.3,5.48,6.69,159,GOOD
rd_4126,ses_3378,2026-09-30T06:18:00.000Z,3.92,7.57,38.3,5.47,6.66,158,GOOD
rd_4127,ses_3378,2026-09-30T06:18:08.000Z,3.92,8.15,38.5,5.50,6.67,150,GOOD
rd_4128,ses_3378,2026-09-30T06:18:16.000Z,4.03,8.76,38.5,5.49,6.69,151,GOOD
rd_4129,ses_3378,2026-09-30T06:18:24.000Z,4.04,9.36,38.3,5.46,6.67,155,GOOD
rd_4130,ses_3378,2026-09-30T06:18:32.000Z,4,9.96,38.4,5.52,6.69,149,GOOD
rd_4131,ses_3378,2026-09-30T06:18:40.000Z,3.95,10.56,38.4,5.46,6.67,161,GOOD
rd_4132,ses_3378,2026-09-30T06:18:48.000Z,3.63,11.10,38.4,5.51,6.67,160,GOOD
rd_4133,ses_3378,2026-09-30T06:18:56.000Z,3.18,11.58,38.4,5.45,6.68,159,GOOD
rd_4134,ses_3378,2026-09-30T06:19:04.000Z,2.72,11.99,38.4,5.50,6.70,164,GOOD
rd_4135,ses_3378,2026-09-30T06:19:12.000Z,2.27,12.33,38.4,5.47,6.67,158,GOOD
rd_4136,ses_3378,2026-09-30T06:19:20.000Z,1.82,12.60,38.3,5.44,6.69,164,GOOD
rd_4137,ses_3378,2026-09-30T06:19:28.000Z,1.36,12.80,38.4,5.49,6.69,149,GOOD
rd_4138,ses_3378,2026-09-30T06:19:36.000Z,0.91,12.94,38.5,5.51,6.68,161,GOOD
rd_4139,ses_3378,2026-09-30T06:19:44.000Z,0.45,13.01,38.5,5.49,6.70,163,GOOD
rd_4140,ses_3378,2026-09-30T06:19:52.000Z,0.05,13.02,38.3,5.48,6.69,153,GOOD
rd_4141,ses_3379,2026-09-30T06:04:00.000Z,0.05,0.01,38.7,5.64,6.63,153,GOOD
rd_4142,ses_3379,2026-09-30T06:04:08.000Z,0.59,0.10,38.7,5.61,6.64,147,GOOD
rd_4143,ses_3379,2026-09-30T06:04:16.000Z,1.19,0.27,38.6,5.64,6.64,143,GOOD
rd_4144,ses_3379,2026-09-30T06:04:24.000Z,1.78,0.54,38.6,5.57,6.63,146,GOOD
rd_4145,ses_3379,2026-09-30T06:04:32.000Z,2.38,0.90,38.5,5.61,6.64,156,GOOD
rd_4146,ses_3379,2026-09-30T06:04:40.000Z,2.97,1.34,38.5,5.63,6.63,153,GOOD
rd_4147,ses_3379,2026-09-30T06:04:48.000Z,3.51,1.87,38.6,5.63,6.65,143,GOOD
rd_4148,ses_3379,2026-09-30T06:04:56.000Z,3.55,2.40,38.6,5.63,6.62,152,GOOD
rd_4149,ses_3379,2026-09-30T06:05:04.000Z,3.46,2.92,38.6,5.64,6.63,142,GOOD
rd_4150,ses_3379,2026-09-30T06:05:12.000Z,3.59,3.46,38.6,5.62,6.65,144,GOOD
rd_4151,ses_3379,2026-09-30T06:05:20.000Z,3.3,3.96,38.7,5.61,6.64,155,GOOD
rd_4152,ses_3379,2026-09-30T06:05:28.000Z,3.46,4.47,38.5,5.59,6.62,154,GOOD
rd_4153,ses_3379,2026-09-30T06:05:36.000Z,3.47,5.00,38.7,5.64,6.64,147,GOOD
rd_4154,ses_3379,2026-09-30T06:05:44.000Z,3.41,5.51,38.7,5.60,6.64,149,GOOD
rd_4155,ses_3379,2026-09-30T06:05:52.000Z,3.58,6.04,38.6,5.60,6.65,143,GOOD
rd_4156,ses_3379,2026-09-30T06:06:00.000Z,3.48,6.57,38.5,5.65,6.65,155,GOOD
rd_4157,ses_3379,2026-09-30T06:06:08.000Z,3.34,7.07,38.6,5.62,6.65,144,GOOD
rd_4158,ses_3379,2026-09-30T06:06:16.000Z,3.42,7.58,38.6,5.59,6.65,144,GOOD
rd_4159,ses_3379,2026-09-30T06:06:24.000Z,3.37,8.09,38.5,5.64,6.64,153,GOOD
rd_4160,ses_3379,2026-09-30T06:06:32.000Z,3.48,8.61,38.5,5.58,6.63,153,GOOD
rd_4161,ses_3379,2026-09-30T06:06:40.000Z,3.41,9.12,38.5,5.63,6.64,142,GOOD
rd_4162,ses_3379,2026-09-30T06:06:48.000Z,3.17,9.59,38.6,5.58,6.64,149,GOOD
rd_4163,ses_3379,2026-09-30T06:06:56.000Z,2.78,10.01,38.5,5.60,6.62,142,GOOD
rd_4164,ses_3379,2026-09-30T06:07:04.000Z,2.38,10.37,38.6,5.61,6.62,147,GOOD
rd_4165,ses_3379,2026-09-30T06:07:12.000Z,1.98,10.67,38.7,5.62,6.65,152,GOOD
rd_4166,ses_3379,2026-09-30T06:07:20.000Z,1.59,10.90,38.6,5.57,6.62,145,GOOD
rd_4167,ses_3379,2026-09-30T06:07:28.000Z,1.19,11.08,38.5,5.61,6.65,153,GOOD
rd_4168,ses_3379,2026-09-30T06:07:36.000Z,0.79,11.20,38.5,5.63,6.63,154,GOOD
rd_4169,ses_3379,2026-09-30T06:07:44.000Z,0.4,11.26,38.6,5.63,6.65,147,GOOD
rd_4170,ses_3379,2026-09-30T06:07:52.000Z,0.05,11.27,38.6,5.62,6.64,147,GOOD
rd_4171,ses_3380,2026-09-30T06:26:00.000Z,0.05,0.01,38.7,5.45,6.65,103,GOOD
rd_4172,ses_3380,2026-09-30T06:26:08.000Z,0.64,0.10,38.6,5.42,6.69,104,GOOD
rd_4173,ses_3380,2026-09-30T06:26:16.000Z,1.28,0.30,38.6,5.46,6.68,97,GOOD
rd_4174,ses_3380,2026-09-30T06:26:24.000Z,1.92,0.58,38.5,5.46,6.69,96,GOOD
rd_4175,ses_3380,2026-09-30T06:26:32.000Z,2.56,0.97,38.6,5.49,6.68,103,GOOD
rd_4176,ses_3380,2026-09-30T06:26:40.000Z,3.2,1.45,38.6,5.41,6.67,98,GOOD
rd_4177,ses_3380,2026-09-30T06:26:48.000Z,3.81,2.02,38.6,5.48,6.67,90,GOOD
rd_4178,ses_3380,2026-09-30T06:26:56.000Z,3.71,2.58,38.7,5.45,6.68,99,GOOD
rd_4179,ses_3380,2026-09-30T06:27:04.000Z,3.6,3.12,38.6,5.47,6.67,97,GOOD
rd_4180,ses_3380,2026-09-30T06:27:12.000Z,3.85,3.69,38.6,5.41,6.68,91,GOOD
rd_4181,ses_3380,2026-09-30T06:27:20.000Z,3.63,4.24,38.5,5.42,6.68,91,GOOD
rd_4182,ses_3380,2026-09-30T06:27:28.000Z,3.84,4.81,38.5,5.47,6.67,100,GOOD
rd_4183,ses_3380,2026-09-30T06:27:36.000Z,3.73,5.37,38.6,5.45,6.67,98,GOOD
rd_4184,ses_3380,2026-09-30T06:27:44.000Z,3.69,5.93,38.6,5.48,6.66,100,GOOD
rd_4185,ses_3380,2026-09-30T06:27:52.000Z,3.6,6.47,38.6,5.45,6.65,93,GOOD
rd_4186,ses_3380,2026-09-30T06:28:00.000Z,3.78,7.03,38.6,5.47,6.68,93,GOOD
rd_4187,ses_3380,2026-09-30T06:28:08.000Z,3.76,7.60,38.6,5.46,6.66,91,GOOD
rd_4188,ses_3380,2026-09-30T06:28:16.000Z,3.62,8.14,38.6,5.44,6.65,91,GOOD
rd_4189,ses_3380,2026-09-30T06:28:24.000Z,3.78,8.71,38.6,5.42,6.68,96,GOOD
rd_4190,ses_3380,2026-09-30T06:28:32.000Z,3.66,9.26,38.7,5.48,6.65,93,GOOD
rd_4191,ses_3380,2026-09-30T06:28:40.000Z,3.65,9.80,38.6,5.46,6.67,103,GOOD
rd_4192,ses_3380,2026-09-30T06:28:48.000Z,3.41,10.32,38.7,5.43,6.66,102,GOOD
rd_4193,ses_3380,2026-09-30T06:28:56.000Z,2.99,10.76,38.7,5.41,6.67,96,GOOD
rd_4194,ses_3380,2026-09-30T06:29:04.000Z,2.56,11.15,38.6,5.46,6.66,98,GOOD
rd_4195,ses_3380,2026-09-30T06:29:12.000Z,2.13,11.47,38.6,5.48,6.68,102,GOOD
rd_4196,ses_3380,2026-09-30T06:29:20.000Z,1.71,11.72,38.7,5.48,6.66,106,GOOD
rd_4197,ses_3380,2026-09-30T06:29:28.000Z,1.28,11.92,38.6,5.43,6.67,98,GOOD
rd_4198,ses_3380,2026-09-30T06:29:36.000Z,0.85,12.04,38.7,5.41,6.67,99,GOOD
rd_4199,ses_3380,2026-09-30T06:29:44.000Z,0.43,12.11,38.6,5.44,6.68,106,GOOD
rd_4200,ses_3380,2026-09-30T06:29:52.000Z,0.05,12.12,38.5,5.44,6.67,101,GOOD
rd_4201,ses_3381,2026-09-30T06:09:00.000Z,0.05,0.01,38.6,6.27,6.78,175,GOOD
rd_4202,ses_3381,2026-09-30T06:09:08.000Z,0.7,0.11,38.6,6.23,6.81,161,GOOD
rd_4203,ses_3381,2026-09-30T06:09:16.000Z,1.4,0.32,38.8,6.28,6.77,168,GOOD
rd_4204,ses_3381,2026-09-30T06:09:24.000Z,2.11,0.64,38.7,6.27,6.79,175,GOOD
rd_4205,ses_3381,2026-09-30T06:09:32.000Z,2.81,1.06,38.7,6.29,6.81,163,GOOD
rd_4206,ses_3381,2026-09-30T06:09:40.000Z,3.51,1.59,38.6,6.26,6.78,164,GOOD
rd_4207,ses_3381,2026-09-30T06:09:48.000Z,4.16,2.21,38.8,6.22,6.81,161,GOOD
rd_4208,ses_3381,2026-09-30T06:09:56.000Z,4.06,2.82,38.7,6.26,6.77,168,GOOD
rd_4209,ses_3381,2026-09-30T06:10:04.000Z,4.1,3.43,38.6,6.21,6.78,165,GOOD
rd_4210,ses_3381,2026-09-30T06:10:12.000Z,4.19,4.06,38.6,6.27,6.78,164,GOOD
rd_4211,ses_3381,2026-09-30T06:10:20.000Z,4.2,4.69,38.8,6.25,6.79,167,GOOD
rd_4212,ses_3381,2026-09-30T06:10:28.000Z,4,5.29,38.7,6.26,6.80,164,GOOD
rd_4213,ses_3381,2026-09-30T06:10:36.000Z,4.09,5.91,38.7,6.23,6.79,176,GOOD
rd_4214,ses_3381,2026-09-30T06:10:44.000Z,4.07,6.52,38.6,6.28,6.80,162,GOOD
rd_4215,ses_3381,2026-09-30T06:10:52.000Z,4.18,7.14,38.7,6.21,6.78,170,GOOD
rd_4216,ses_3381,2026-09-30T06:11:00.000Z,4,7.74,38.7,6.27,6.77,162,GOOD
rd_4217,ses_3381,2026-09-30T06:11:08.000Z,3.97,8.34,38.7,6.21,6.80,170,GOOD
rd_4218,ses_3381,2026-09-30T06:11:16.000Z,4.1,8.95,38.7,6.22,6.78,163,GOOD
rd_4219,ses_3381,2026-09-30T06:11:24.000Z,4.09,9.57,38.8,6.23,6.81,165,GOOD
rd_4220,ses_3381,2026-09-30T06:11:32.000Z,3.92,10.16,38.6,6.24,6.80,162,GOOD
rd_4221,ses_3381,2026-09-30T06:11:40.000Z,4.02,10.76,38.6,6.23,6.78,170,GOOD
rd_4222,ses_3381,2026-09-30T06:11:48.000Z,3.74,11.32,38.8,6.22,6.81,168,GOOD
rd_4223,ses_3381,2026-09-30T06:11:56.000Z,3.27,11.81,38.6,6.25,6.78,168,GOOD
rd_4224,ses_3381,2026-09-30T06:12:04.000Z,2.81,12.23,38.8,6.26,6.79,170,GOOD
rd_4225,ses_3381,2026-09-30T06:12:12.000Z,2.34,12.58,38.7,6.29,6.81,168,GOOD
rd_4226,ses_3381,2026-09-30T06:12:20.000Z,1.87,12.86,38.6,6.22,6.79,175,GOOD
rd_4227,ses_3381,2026-09-30T06:12:28.000Z,1.4,13.07,38.8,6.27,6.79,172,GOOD
rd_4228,ses_3381,2026-09-30T06:12:36.000Z,0.94,13.21,38.8,6.24,6.79,172,GOOD
rd_4229,ses_3381,2026-09-30T06:12:44.000Z,0.47,13.29,38.7,6.28,6.78,161,GOOD
rd_4230,ses_3381,2026-09-30T06:12:52.000Z,0.05,13.29,38.8,6.25,6.77,175,GOOD
rd_4231,ses_3382,2026-09-30T06:43:00.000Z,0.05,0.01,38.8,6.33,6.77,179,GOOD
rd_4232,ses_3382,2026-09-30T06:43:08.000Z,0.62,0.10,38.9,6.39,6.75,190,GOOD
rd_4233,ses_3382,2026-09-30T06:43:16.000Z,1.24,0.29,38.9,6.33,6.76,188,GOOD
rd_4234,ses_3382,2026-09-30T06:43:24.000Z,1.86,0.57,38.8,6.36,6.78,185,GOOD
rd_4235,ses_3382,2026-09-30T06:43:32.000Z,2.48,0.94,38.8,6.37,6.76,183,GOOD
rd_4236,ses_3382,2026-09-30T06:43:40.000Z,3.1,1.40,38.8,6.36,6.77,190,GOOD
rd_4237,ses_3382,2026-09-30T06:43:48.000Z,3.57,1.94,38.8,6.36,6.77,182,GOOD
rd_4238,ses_3382,2026-09-30T06:43:56.000Z,3.48,2.46,38.7,6.35,6.76,187,GOOD
rd_4239,ses_3382,2026-09-30T06:44:04.000Z,3.67,3.01,38.7,6.39,6.77,182,GOOD
rd_4240,ses_3382,2026-09-30T06:44:12.000Z,3.66,3.56,38.7,6.34,6.78,192,GOOD
rd_4241,ses_3382,2026-09-30T06:44:20.000Z,3.55,4.09,38.9,6.38,6.78,186,GOOD
rd_4242,ses_3382,2026-09-30T06:44:28.000Z,3.68,4.64,38.8,6.35,6.75,181,GOOD
rd_4243,ses_3382,2026-09-30T06:44:36.000Z,3.49,5.17,38.9,6.33,6.77,185,GOOD
rd_4244,ses_3382,2026-09-30T06:44:44.000Z,3.51,5.69,38.8,6.33,6.78,179,GOOD
rd_4245,ses_3382,2026-09-30T06:44:52.000Z,3.5,6.22,38.9,6.38,6.78,182,GOOD
rd_4246,ses_3382,2026-09-30T06:45:00.000Z,3.74,6.78,38.9,6.35,6.76,184,GOOD
rd_4247,ses_3382,2026-09-30T06:45:08.000Z,3.72,7.34,38.8,6.38,6.77,181,GOOD
rd_4248,ses_3382,2026-09-30T06:45:16.000Z,3.47,7.86,38.8,6.34,6.79,194,GOOD
rd_4249,ses_3382,2026-09-30T06:45:24.000Z,3.67,8.41,38.8,6.37,6.76,181,GOOD
rd_4250,ses_3382,2026-09-30T06:45:32.000Z,3.49,8.93,38.7,6.34,6.76,189,GOOD
rd_4251,ses_3382,2026-09-30T06:45:40.000Z,3.46,9.45,38.9,6.38,6.79,185,GOOD
rd_4252,ses_3382,2026-09-30T06:45:48.000Z,3.31,9.95,38.9,6.37,6.77,186,GOOD
rd_4253,ses_3382,2026-09-30T06:45:56.000Z,2.9,10.38,38.8,6.37,6.76,187,GOOD
rd_4254,ses_3382,2026-09-30T06:46:04.000Z,2.48,10.76,38.9,6.35,6.76,192,GOOD
rd_4255,ses_3382,2026-09-30T06:46:12.000Z,2.07,11.07,38.8,6.38,6.78,183,GOOD
rd_4256,ses_3382,2026-09-30T06:46:20.000Z,1.66,11.31,38.8,6.35,6.77,191,GOOD
rd_4257,ses_3382,2026-09-30T06:46:28.000Z,1.24,11.50,38.9,6.39,6.76,181,GOOD
rd_4258,ses_3382,2026-09-30T06:46:36.000Z,0.83,11.63,38.8,6.33,6.77,185,GOOD
rd_4259,ses_3382,2026-09-30T06:46:44.000Z,0.41,11.69,38.7,6.33,6.77,190,GOOD
rd_4260,ses_3382,2026-09-30T06:46:52.000Z,0.05,11.69,38.7,6.33,6.76,182,GOOD
rd_4261,ses_3383,2026-09-30T06:40:00.000Z,0.05,0.01,39.0,6.20,6.82,185,GOOD
rd_4262,ses_3383,2026-09-30T06:40:08.000Z,0.66,0.11,39.1,6.17,6.78,197,GOOD
rd_4263,ses_3383,2026-09-30T06:40:16.000Z,1.31,0.30,38.9,6.17,6.81,186,GOOD
rd_4264,ses_3383,2026-09-30T06:40:24.000Z,1.97,0.60,38.9,6.20,6.82,188,GOOD
rd_4265,ses_3383,2026-09-30T06:40:32.000Z,2.63,0.99,39.0,6.19,6.80,189,GOOD
rd_4266,ses_3383,2026-09-30T06:40:40.000Z,3.28,1.48,38.9,6.13,6.81,198,GOOD
rd_4267,ses_3383,2026-09-30T06:40:48.000Z,3.69,2.04,39.0,6.19,6.82,185,GOOD
rd_4268,ses_3383,2026-09-30T06:40:56.000Z,3.75,2.60,39.0,6.14,6.80,192,GOOD
rd_4269,ses_3383,2026-09-30T06:41:04.000Z,3.91,3.19,39.1,6.16,6.82,184,GOOD
rd_4270,ses_3383,2026-09-30T06:41:12.000Z,3.91,3.77,39.0,6.17,6.80,195,GOOD
rd_4271,ses_3383,2026-09-30T06:41:20.000Z,3.68,4.33,39.0,6.18,6.79,188,GOOD
rd_4272,ses_3383,2026-09-30T06:41:28.000Z,3.85,4.90,38.9,6.18,6.78,195,GOOD
rd_4273,ses_3383,2026-09-30T06:41:36.000Z,3.73,5.46,38.9,6.17,6.81,190,GOOD
rd_4274,ses_3383,2026-09-30T06:41:44.000Z,3.72,6.02,39.0,6.19,6.79,185,GOOD
rd_4275,ses_3383,2026-09-30T06:41:52.000Z,3.71,6.58,38.9,6.18,6.81,185,GOOD
rd_4276,ses_3383,2026-09-30T06:42:00.000Z,3.83,7.15,39.0,6.13,6.81,194,GOOD
rd_4277,ses_3383,2026-09-30T06:42:08.000Z,3.93,7.74,39.0,6.18,6.80,193,GOOD
rd_4278,ses_3383,2026-09-30T06:42:16.000Z,3.71,8.30,39.0,6.18,6.80,185,GOOD
rd_4279,ses_3383,2026-09-30T06:42:24.000Z,3.92,8.89,38.9,6.16,6.79,194,GOOD
rd_4280,ses_3383,2026-09-30T06:42:32.000Z,3.76,9.45,38.9,6.17,6.79,192,GOOD
rd_4281,ses_3383,2026-09-30T06:42:40.000Z,3.89,10.03,38.9,6.14,6.80,187,GOOD
rd_4282,ses_3383,2026-09-30T06:42:48.000Z,3.5,10.56,38.9,6.13,6.78,189,GOOD
rd_4283,ses_3383,2026-09-30T06:42:56.000Z,3.07,11.02,38.9,6.13,6.80,186,GOOD
rd_4284,ses_3383,2026-09-30T06:43:04.000Z,2.63,11.41,39.0,6.18,6.81,186,GOOD
rd_4285,ses_3383,2026-09-30T06:43:12.000Z,2.19,11.74,38.9,6.18,6.78,189,GOOD
rd_4286,ses_3383,2026-09-30T06:43:20.000Z,1.75,12.00,39.0,6.17,6.81,193,GOOD
rd_4287,ses_3383,2026-09-30T06:43:28.000Z,1.31,12.20,39.0,6.16,6.80,187,GOOD
rd_4288,ses_3383,2026-09-30T06:43:36.000Z,0.88,12.33,39.1,6.14,6.81,184,GOOD
rd_4289,ses_3383,2026-09-30T06:43:44.000Z,0.44,12.40,39.0,6.17,6.81,199,GOOD
rd_4290,ses_3383,2026-09-30T06:43:52.000Z,0.05,12.41,39.0,6.14,6.81,197,GOOD
rd_4291,ses_3384,2026-09-30T07:08:00.000Z,0.05,0.01,38.7,6.28,6.73,217,GOOD
rd_4292,ses_3384,2026-09-30T07:08:08.000Z,0.59,0.10,38.7,6.29,6.73,219,GOOD
rd_4293,ses_3384,2026-09-30T07:08:16.000Z,1.19,0.27,38.6,6.33,6.70,229,GOOD
rd_4294,ses_3384,2026-09-30T07:08:24.000Z,1.78,0.54,38.8,6.32,6.70,220,GOOD
rd_4295,ses_3384,2026-09-30T07:08:32.000Z,2.37,0.90,38.8,6.30,6.72,223,GOOD
rd_4296,ses_3384,2026-09-30T07:08:40.000Z,2.97,1.34,38.8,6.29,6.70,214,GOOD
rd_4297,ses_3384,2026-09-30T07:08:48.000Z,3.54,1.87,38.7,6.28,6.71,225,GOOD
rd_4298,ses_3384,2026-09-30T07:08:56.000Z,3.46,2.39,38.8,6.30,6.71,225,GOOD
rd_4299,ses_3384,2026-09-30T07:09:04.000Z,3.56,2.93,38.8,6.27,6.72,221,GOOD
rd_4300,ses_3384,2026-09-30T07:09:12.000Z,3.5,3.45,38.7,6.29,6.70,226,GOOD
rd_4301,ses_3384,2026-09-30T07:09:20.000Z,3.35,3.95,38.6,6.28,6.71,226,GOOD
rd_4302,ses_3384,2026-09-30T07:09:28.000Z,3.41,4.47,38.6,6.32,6.71,227,GOOD
rd_4303,ses_3384,2026-09-30T07:09:36.000Z,3.33,4.96,38.6,6.30,6.72,220,GOOD
rd_4304,ses_3384,2026-09-30T07:09:44.000Z,3.41,5.48,38.6,6.29,6.71,214,GOOD
rd_4305,ses_3384,2026-09-30T07:09:52.000Z,3.53,6.01,38.6,6.32,6.72,228,GOOD
rd_4306,ses_3384,2026-09-30T07:10:00.000Z,3.33,6.51,38.7,6.29,6.70,223,GOOD
rd_4307,ses_3384,2026-09-30T07:10:08.000Z,3.52,7.03,38.8,6.30,6.73,218,GOOD
rd_4308,ses_3384,2026-09-30T07:10:16.000Z,3.38,7.54,38.7,6.29,6.72,215,GOOD
rd_4309,ses_3384,2026-09-30T07:10:24.000Z,3.47,8.06,38.8,6.31,6.72,226,GOOD
rd_4310,ses_3384,2026-09-30T07:10:32.000Z,3.55,8.59,38.8,6.34,6.70,219,GOOD
rd_4311,ses_3384,2026-09-30T07:10:40.000Z,3.34,9.09,38.8,6.32,6.72,222,GOOD
rd_4312,ses_3384,2026-09-30T07:10:48.000Z,3.16,9.57,38.8,6.34,6.70,218,GOOD
rd_4313,ses_3384,2026-09-30T07:10:56.000Z,2.77,9.98,38.7,6.32,6.72,219,GOOD
rd_4314,ses_3384,2026-09-30T07:11:04.000Z,2.37,10.34,38.6,6.29,6.70,228,GOOD
rd_4315,ses_3384,2026-09-30T07:11:12.000Z,1.98,10.64,38.8,6.28,6.70,229,GOOD
rd_4316,ses_3384,2026-09-30T07:11:20.000Z,1.58,10.87,38.7,6.30,6.71,219,GOOD
rd_4317,ses_3384,2026-09-30T07:11:28.000Z,1.19,11.05,38.7,6.33,6.73,225,GOOD
rd_4318,ses_3384,2026-09-30T07:11:36.000Z,0.79,11.17,38.8,6.35,6.72,223,GOOD
rd_4319,ses_3384,2026-09-30T07:11:44.000Z,0.4,11.23,38.7,6.34,6.69,224,GOOD
rd_4320,ses_3384,2026-09-30T07:11:52.000Z,0.05,11.24,38.7,6.31,6.69,219,GOOD
rd_4321,ses_3385,2026-09-30T06:11:00.000Z,0.05,0.01,38.9,6.15,6.72,219,GOOD
rd_4322,ses_3385,2026-09-30T06:11:08.000Z,0.62,0.10,38.8,6.15,6.73,216,GOOD
rd_4323,ses_3385,2026-09-30T06:11:16.000Z,1.24,0.29,39.0,6.16,6.71,226,GOOD
rd_4324,ses_3385,2026-09-30T06:11:24.000Z,1.86,0.57,39.0,6.10,6.75,225,GOOD
rd_4325,ses_3385,2026-09-30T06:11:32.000Z,2.48,0.94,39.0,6.10,6.72,220,GOOD
rd_4326,ses_3385,2026-09-30T06:11:40.000Z,3.1,1.40,38.9,6.10,6.73,222,GOOD
rd_4327,ses_3385,2026-09-30T06:11:48.000Z,3.54,1.93,39.0,6.09,6.71,221,GOOD
rd_4328,ses_3385,2026-09-30T06:11:56.000Z,3.71,2.49,38.8,6.12,6.74,213,GOOD
rd_4329,ses_3385,2026-09-30T06:12:04.000Z,3.66,3.04,38.8,6.14,6.73,220,GOOD
rd_4330,ses_3385,2026-09-30T06:12:12.000Z,3.47,3.56,38.8,6.15,6.71,214,GOOD
rd_4331,ses_3385,2026-09-30T06:12:20.000Z,3.64,4.11,38.8,6.12,6.73,226,GOOD
rd_4332,ses_3385,2026-09-30T06:12:28.000Z,3.61,4.65,38.8,6.12,6.72,218,GOOD
rd_4333,ses_3385,2026-09-30T06:12:36.000Z,3.56,5.18,39.0,6.15,6.74,214,GOOD
rd_4334,ses_3385,2026-09-30T06:12:44.000Z,3.67,5.73,38.8,6.13,6.74,223,GOOD
rd_4335,ses_3385,2026-09-30T06:12:52.000Z,3.52,6.26,38.9,6.13,6.73,218,GOOD
rd_4336,ses_3385,2026-09-30T06:13:00.000Z,3.5,6.78,38.9,6.15,6.73,219,GOOD
rd_4337,ses_3385,2026-09-30T06:13:08.000Z,3.72,7.34,39.0,6.08,6.73,227,GOOD
rd_4338,ses_3385,2026-09-30T06:13:16.000Z,3.71,7.90,38.9,6.12,6.74,223,GOOD
rd_4339,ses_3385,2026-09-30T06:13:24.000Z,3.73,8.46,38.8,6.15,6.73,222,GOOD
rd_4340,ses_3385,2026-09-30T06:13:32.000Z,3.53,8.99,38.9,6.10,6.74,213,GOOD
rd_4341,ses_3385,2026-09-30T06:13:40.000Z,3.57,9.52,38.9,6.14,6.74,226,GOOD
rd_4342,ses_3385,2026-09-30T06:13:48.000Z,3.31,10.02,38.9,6.09,6.71,226,GOOD
rd_4343,ses_3385,2026-09-30T06:13:56.000Z,2.9,10.46,38.9,6.11,6.74,215,GOOD
rd_4344,ses_3385,2026-09-30T06:14:04.000Z,2.48,10.83,38.8,6.09,6.74,213,GOOD
rd_4345,ses_3385,2026-09-30T06:14:12.000Z,2.07,11.14,38.9,6.14,6.75,224,GOOD
rd_4346,ses_3385,2026-09-30T06:14:20.000Z,1.66,11.39,38.8,6.12,6.74,216,GOOD
rd_4347,ses_3385,2026-09-30T06:14:28.000Z,1.24,11.57,38.9,6.13,6.73,219,GOOD
rd_4348,ses_3385,2026-09-30T06:14:36.000Z,0.83,11.70,39.0,6.14,6.73,218,GOOD
rd_4349,ses_3385,2026-09-30T06:14:44.000Z,0.41,11.76,38.8,6.13,6.74,223,GOOD
rd_4350,ses_3385,2026-09-30T06:14:52.000Z,0.05,11.77,38.9,6.14,6.73,228,GOOD
rd_4351,ses_3386,2026-09-30T07:25:00.000Z,0.05,0.01,39.6,7.26,7.14,853,GOOD
rd_4352,ses_3386,2026-09-30T07:25:08.000Z,0.69,0.11,39.5,7.25,7.14,861,GOOD
rd_4353,ses_3386,2026-09-30T07:25:16.000Z,1.39,0.32,39.5,7.25,7.15,865,GOOD
rd_4354,ses_3386,2026-09-30T07:25:24.000Z,2.08,0.63,39.5,7.21,7.13,865,GOOD
rd_4355,ses_3386,2026-09-30T07:25:32.000Z,2.78,1.05,39.5,7.26,7.13,850,GOOD
rd_4356,ses_3386,2026-09-30T07:25:40.000Z,3.47,1.57,39.6,7.24,7.15,862,GOOD
rd_4357,ses_3386,2026-09-30T07:25:48.000Z,4.06,2.18,39.5,7.19,7.13,855,GOOD
rd_4358,ses_3386,2026-09-30T07:25:56.000Z,3.93,2.77,39.5,7.23,7.14,856,GOOD
rd_4359,ses_3386,2026-09-30T07:26:04.000Z,3.99,3.37,39.6,7.21,7.15,851,GOOD
rd_4360,ses_3386,2026-09-30T07:26:12.000Z,4.04,3.97,39.6,7.25,7.14,855,GOOD
rd_4361,ses_3386,2026-09-30T07:26:20.000Z,3.89,4.56,39.4,7.20,7.14,860,GOOD
rd_4362,ses_3386,2026-09-30T07:26:28.000Z,3.97,5.15,39.6,7.27,7.15,865,GOOD
rd_4363,ses_3386,2026-09-30T07:26:36.000Z,3.96,5.75,39.6,7.25,7.14,862,GOOD
rd_4364,ses_3386,2026-09-30T07:26:44.000Z,4.14,6.37,39.6,7.26,7.13,859,GOOD
rd_4365,ses_3386,2026-09-30T07:26:52.000Z,4.15,6.99,39.5,7.27,7.15,858,GOOD
rd_4366,ses_3386,2026-09-30T07:27:00.000Z,3.99,7.59,39.6,7.20,7.12,852,GOOD
rd_4367,ses_3386,2026-09-30T07:27:08.000Z,4.05,8.19,39.6,7.21,7.13,854,GOOD
rd_4368,ses_3386,2026-09-30T07:27:16.000Z,3.99,8.79,39.4,7.22,7.13,852,GOOD
rd_4369,ses_3386,2026-09-30T07:27:24.000Z,3.96,9.39,39.5,7.25,7.13,863,GOOD
rd_4370,ses_3386,2026-09-30T07:27:32.000Z,4.05,9.99,39.4,7.19,7.13,862,GOOD
rd_4371,ses_3386,2026-09-30T07:27:40.000Z,4.12,10.61,39.6,7.22,7.15,864,GOOD
rd_4372,ses_3386,2026-09-30T07:27:48.000Z,3.71,11.17,39.5,7.25,7.16,854,GOOD
rd_4373,ses_3386,2026-09-30T07:27:56.000Z,3.24,11.65,39.5,7.24,7.15,865,GOOD
rd_4374,ses_3386,2026-09-30T07:28:04.000Z,2.78,12.07,39.5,7.21,7.14,854,GOOD
rd_4375,ses_3386,2026-09-30T07:28:12.000Z,2.32,12.42,39.5,7.25,7.15,860,GOOD
rd_4376,ses_3386,2026-09-30T07:28:20.000Z,1.85,12.70,39.4,7.26,7.16,856,GOOD
rd_4377,ses_3386,2026-09-30T07:28:28.000Z,1.39,12.91,39.6,7.27,7.16,859,GOOD
rd_4378,ses_3386,2026-09-30T07:28:36.000Z,0.93,13.05,39.5,7.21,7.14,853,GOOD
rd_4379,ses_3386,2026-09-30T07:28:44.000Z,0.46,13.11,39.5,7.25,7.13,855,GOOD
rd_4380,ses_3386,2026-09-30T07:28:52.000Z,0.05,13.12,39.5,7.24,7.15,863,GOOD
rd_4381,ses_3387,2026-09-30T06:13:00.000Z,0.05,0.01,39.2,7.26,7.06,1012,GOOD
rd_4382,ses_3387,2026-09-30T06:13:08.000Z,0.62,0.10,39.2,7.25,7.03,1009,GOOD
rd_4383,ses_3387,2026-09-30T06:13:16.000Z,1.23,0.29,39.2,7.21,7.05,1004,GOOD
rd_4384,ses_3387,2026-09-30T06:13:24.000Z,1.85,0.56,39.2,7.26,7.03,1002,GOOD
rd_4385,ses_3387,2026-09-30T06:13:32.000Z,2.47,0.93,39.2,7.27,7.02,998,GOOD
rd_4386,ses_3387,2026-09-30T06:13:40.000Z,3.09,1.40,39.3,7.23,7.06,1008,GOOD
rd_4387,ses_3387,2026-09-30T06:13:48.000Z,3.64,1.94,39.3,7.25,7.05,1013,GOOD
rd_4388,ses_3387,2026-09-30T06:13:56.000Z,3.47,2.46,39.1,7.21,7.04,1011,GOOD
rd_4389,ses_3387,2026-09-30T06:14:04.000Z,3.53,2.99,39.3,7.20,7.03,1001,GOOD
rd_4390,ses_3387,2026-09-30T06:14:12.000Z,3.47,3.51,39.2,7.20,7.03,1009,GOOD
rd_4391,ses_3387,2026-09-30T06:14:20.000Z,3.5,4.04,39.3,7.20,7.03,1009,GOOD
rd_4392,ses_3387,2026-09-30T06:14:28.000Z,3.51,4.56,39.2,7.24,7.04,1004,GOOD
rd_4393,ses_3387,2026-09-30T06:14:36.000Z,3.63,5.11,39.3,7.23,7.03,1000,GOOD
rd_4394,ses_3387,2026-09-30T06:14:44.000Z,3.61,5.65,39.2,7.20,7.02,999,GOOD
rd_4395,ses_3387,2026-09-30T06:14:52.000Z,3.61,6.19,39.2,7.24,7.04,1001,GOOD
rd_4396,ses_3387,2026-09-30T06:15:00.000Z,3.69,6.75,39.3,7.22,7.02,1005,GOOD
rd_4397,ses_3387,2026-09-30T06:15:08.000Z,3.6,7.29,39.3,7.22,7.03,1008,GOOD
rd_4398,ses_3387,2026-09-30T06:15:16.000Z,3.61,7.83,39.1,7.26,7.03,1001,GOOD
rd_4399,ses_3387,2026-09-30T06:15:24.000Z,3.61,8.37,39.3,7.22,7.05,1007,GOOD
rd_4400,ses_3387,2026-09-30T06:15:32.000Z,3.5,8.89,39.3,7.27,7.02,1012,GOOD
rd_4401,ses_3387,2026-09-30T06:15:40.000Z,3.61,9.44,39.1,7.21,7.04,1003,GOOD
rd_4402,ses_3387,2026-09-30T06:15:48.000Z,3.29,9.93,39.2,7.20,7.04,1001,GOOD
rd_4403,ses_3387,2026-09-30T06:15:56.000Z,2.88,10.36,39.1,7.25,7.06,1001,GOOD
rd_4404,ses_3387,2026-09-30T06:16:04.000Z,2.47,10.73,39.2,7.20,7.06,998,GOOD
rd_4405,ses_3387,2026-09-30T06:16:12.000Z,2.06,11.04,39.1,7.24,7.04,1005,GOOD
rd_4406,ses_3387,2026-09-30T06:16:20.000Z,1.65,11.29,39.2,7.24,7.02,1012,GOOD
rd_4407,ses_3387,2026-09-30T06:16:28.000Z,1.23,11.47,39.1,7.20,7.03,997,GOOD
rd_4408,ses_3387,2026-09-30T06:16:36.000Z,0.82,11.59,39.1,7.27,7.03,1009,GOOD
rd_4409,ses_3387,2026-09-30T06:16:44.000Z,0.41,11.66,39.1,7.19,7.06,999,GOOD
rd_4410,ses_3387,2026-09-30T06:16:52.000Z,0.05,11.66,39.3,7.19,7.03,1007,GOOD
rd_4411,ses_3388,2026-09-30T07:23:00.000Z,0.05,0.01,39.3,7.04,7.05,1040,GOOD
rd_4412,ses_3388,2026-09-30T07:23:08.000Z,0.66,0.11,39.5,7.06,7.06,1041,GOOD
rd_4413,ses_3388,2026-09-30T07:23:16.000Z,1.32,0.30,39.4,7.07,7.07,1035,GOOD
rd_4414,ses_3388,2026-09-30T07:23:24.000Z,1.99,0.60,39.3,7.06,7.06,1036,GOOD
rd_4415,ses_3388,2026-09-30T07:23:32.000Z,2.65,1.00,39.3,7.04,7.08,1032,GOOD
rd_4416,ses_3388,2026-09-30T07:23:40.000Z,3.31,1.50,39.4,7.09,7.05,1036,GOOD
rd_4417,ses_3388,2026-09-30T07:23:48.000Z,3.99,2.10,39.3,7.01,7.07,1044,GOOD
rd_4418,ses_3388,2026-09-30T07:23:56.000Z,3.82,2.67,39.4,7.02,7.04,1043,GOOD
rd_4419,ses_3388,2026-09-30T07:24:04.000Z,3.88,3.25,39.4,7.01,7.08,1040,GOOD
rd_4420,ses_3388,2026-09-30T07:24:12.000Z,3.93,3.84,39.4,7.05,7.07,1042,GOOD
rd_4421,ses_3388,2026-09-30T07:24:20.000Z,3.96,4.43,39.3,7.04,7.06,1035,GOOD
rd_4422,ses_3388,2026-09-30T07:24:28.000Z,3.91,5.02,39.3,7.02,7.06,1041,GOOD
rd_4423,ses_3388,2026-09-30T07:24:36.000Z,3.83,5.60,39.4,7.04,7.06,1041,GOOD
rd_4424,ses_3388,2026-09-30T07:24:44.000Z,3.87,6.18,39.4,7.02,7.05,1036,GOOD
rd_4425,ses_3388,2026-09-30T07:24:52.000Z,3.8,6.75,39.4,7.05,7.06,1031,GOOD
rd_4426,ses_3388,2026-09-30T07:25:00.000Z,3.77,7.31,39.4,7.02,7.06,1035,GOOD
rd_4427,ses_3388,2026-09-30T07:25:08.000Z,3.99,7.91,39.4,7.05,7.05,1034,GOOD
rd_4428,ses_3388,2026-09-30T07:25:16.000Z,3.77,8.48,39.5,7.02,7.07,1041,GOOD
rd_4429,ses_3388,2026-09-30T07:25:24.000Z,3.72,9.03,39.4,7.06,7.07,1029,GOOD
rd_4430,ses_3388,2026-09-30T07:25:32.000Z,3.87,9.61,39.4,7.08,7.07,1042,GOOD
rd_4431,ses_3388,2026-09-30T07:25:40.000Z,3.87,10.19,39.5,7.07,7.06,1038,GOOD
rd_4432,ses_3388,2026-09-30T07:25:48.000Z,3.53,10.72,39.4,7.08,7.05,1033,GOOD
rd_4433,ses_3388,2026-09-30T07:25:56.000Z,3.09,11.19,39.3,7.05,7.07,1031,GOOD
rd_4434,ses_3388,2026-09-30T07:26:04.000Z,2.65,11.58,39.4,7.06,7.05,1040,GOOD
rd_4435,ses_3388,2026-09-30T07:26:12.000Z,2.21,11.92,39.3,7.06,7.06,1035,GOOD
rd_4436,ses_3388,2026-09-30T07:26:20.000Z,1.77,12.18,39.4,7.04,7.04,1042,GOOD
rd_4437,ses_3388,2026-09-30T07:26:28.000Z,1.32,12.38,39.4,7.08,7.07,1038,GOOD
rd_4438,ses_3388,2026-09-30T07:26:36.000Z,0.88,12.51,39.3,7.03,7.05,1031,GOOD
rd_4439,ses_3388,2026-09-30T07:26:44.000Z,0.44,12.58,39.4,7.05,7.07,1038,GOOD
rd_4440,ses_3388,2026-09-30T07:26:52.000Z,0.05,12.59,39.3,7.03,7.05,1033,GOOD
rd_4441,ses_3389,2026-09-30T06:01:00.000Z,0.05,0.01,39.6,7.12,7.14,898,GOOD
rd_4442,ses_3389,2026-09-30T06:01:08.000Z,0.71,0.11,39.5,7.16,7.13,911,GOOD
rd_4443,ses_3389,2026-09-30T06:01:16.000Z,1.42,0.33,39.5,7.17,7.13,904,GOOD
rd_4444,ses_3389,2026-09-30T06:01:24.000Z,2.13,0.65,39.7,7.12,7.12,907,GOOD
rd_4445,ses_3389,2026-09-30T06:01:32.000Z,2.83,1.07,39.6,7.11,7.11,904,GOOD
rd_4446,ses_3389,2026-09-30T06:01:40.000Z,3.54,1.60,39.6,7.12,7.12,898,GOOD
rd_4447,ses_3389,2026-09-30T06:01:48.000Z,4.2,2.23,39.6,7.10,7.12,904,GOOD
rd_4448,ses_3389,2026-09-30T06:01:56.000Z,4.22,2.86,39.5,7.14,7.15,911,GOOD
rd_4449,ses_3389,2026-09-30T06:02:04.000Z,4.08,3.48,39.6,7.10,7.14,905,GOOD
rd_4450,ses_3389,2026-09-30T06:02:12.000Z,4.07,4.09,39.6,7.10,7.14,903,GOOD
rd_4451,ses_3389,2026-09-30T06:02:20.000Z,4.14,4.71,39.5,7.15,7.13,906,GOOD
rd_4452,ses_3389,2026-09-30T06:02:28.000Z,4.06,5.32,39.7,7.09,7.14,903,GOOD
rd_4453,ses_3389,2026-09-30T06:02:36.000Z,4.11,5.93,39.5,7.13,7.12,913,GOOD
rd_4454,ses_3389,2026-09-30T06:02:44.000Z,4.07,6.54,39.5,7.12,7.15,902,GOOD
rd_4455,ses_3389,2026-09-30T06:02:52.000Z,4.22,7.18,39.6,7.13,7.15,906,GOOD
rd_4456,ses_3389,2026-09-30T06:03:00.000Z,4.1,7.79,39.6,7.13,7.15,898,GOOD
rd_4457,ses_3389,2026-09-30T06:03:08.000Z,4.14,8.41,39.6,7.13,7.12,911,GOOD
rd_4458,ses_3389,2026-09-30T06:03:16.000Z,4.2,9.04,39.6,7.15,7.14,908,GOOD
rd_4459,ses_3389,2026-09-30T06:03:24.000Z,3.96,9.64,39.6,7.13,7.12,899,GOOD
rd_4460,ses_3389,2026-09-30T06:03:32.000Z,4.16,10.26,39.7,7.10,7.13,898,GOOD
rd_4461,ses_3389,2026-09-30T06:03:40.000Z,4.16,10.89,39.5,7.15,7.12,904,GOOD
rd_4462,ses_3389,2026-09-30T06:03:48.000Z,3.78,11.45,39.5,7.11,7.12,909,GOOD
rd_4463,ses_3389,2026-09-30T06:03:56.000Z,3.31,11.95,39.7,7.17,7.14,909,GOOD
rd_4464,ses_3389,2026-09-30T06:04:04.000Z,2.83,12.37,39.5,7.10,7.15,902,GOOD
rd_4465,ses_3389,2026-09-30T06:04:12.000Z,2.36,12.73,39.6,7.10,7.13,902,GOOD
rd_4466,ses_3389,2026-09-30T06:04:20.000Z,1.89,13.01,39.6,7.10,7.13,904,GOOD
rd_4467,ses_3389,2026-09-30T06:04:28.000Z,1.42,13.22,39.6,7.17,7.13,899,GOOD
rd_4468,ses_3389,2026-09-30T06:04:36.000Z,0.94,13.37,39.6,7.12,7.15,907,GOOD
rd_4469,ses_3389,2026-09-30T06:04:44.000Z,0.47,13.44,39.6,7.11,7.11,901,GOOD
rd_4470,ses_3389,2026-09-30T06:04:52.000Z,0.05,13.44,39.7,7.15,7.11,902,GOOD
rd_4471,ses_3390,2026-09-30T07:03:00.000Z,0.05,0.01,39.1,7.02,7.06,934,GOOD
rd_4472,ses_3390,2026-09-30T07:03:08.000Z,0.63,0.10,39.2,7.04,7.06,943,GOOD
rd_4473,ses_3390,2026-09-30T07:03:16.000Z,1.27,0.29,39.3,7.00,7.05,946,GOOD
rd_4474,ses_3390,2026-09-30T07:03:24.000Z,1.9,0.58,39.2,7.01,7.06,936,GOOD
rd_4475,ses_3390,2026-09-30T07:03:32.000Z,2.53,0.96,39.1,7.04,7.03,945,GOOD
rd_4476,ses_3390,2026-09-30T07:03:40.000Z,3.16,1.43,39.2,7.04,7.04,940,GOOD
rd_4477,ses_3390,2026-09-30T07:03:48.000Z,3.53,1.96,39.3,7.05,7.05,937,GOOD
rd_4478,ses_3390,2026-09-30T07:03:56.000Z,3.8,2.53,39.1,7.01,7.05,939,GOOD
rd_4479,ses_3390,2026-09-30T07:04:04.000Z,3.66,3.08,39.2,7.06,7.05,947,GOOD
rd_4480,ses_3390,2026-09-30T07:04:12.000Z,3.56,3.61,39.3,7.06,7.07,937,GOOD
rd_4481,ses_3390,2026-09-30T07:04:20.000Z,3.81,4.18,39.3,7.06,7.03,946,GOOD
rd_4482,ses_3390,2026-09-30T07:04:28.000Z,3.81,4.76,39.2,7.01,7.05,933,GOOD
rd_4483,ses_3390,2026-09-30T07:04:36.000Z,3.67,5.31,39.2,7.06,7.06,947,GOOD
rd_4484,ses_3390,2026-09-30T07:04:44.000Z,3.58,5.84,39.3,7.06,7.05,945,GOOD
rd_4485,ses_3390,2026-09-30T07:04:52.000Z,3.76,6.41,39.1,7.06,7.06,946,GOOD
rd_4486,ses_3390,2026-09-30T07:05:00.000Z,3.6,6.95,39.2,7.06,7.06,940,GOOD
rd_4487,ses_3390,2026-09-30T07:05:08.000Z,3.6,7.49,39.3,7.04,7.07,939,GOOD
rd_4488,ses_3390,2026-09-30T07:05:16.000Z,3.73,8.05,39.2,7.07,7.06,940,GOOD
rd_4489,ses_3390,2026-09-30T07:05:24.000Z,3.65,8.60,39.2,7.08,7.05,938,GOOD
rd_4490,ses_3390,2026-09-30T07:05:32.000Z,3.55,9.13,39.2,7.08,7.04,938,GOOD
rd_4491,ses_3390,2026-09-30T07:05:40.000Z,3.59,9.67,39.1,7.07,7.06,937,GOOD
rd_4492,ses_3390,2026-09-30T07:05:48.000Z,3.37,10.17,39.1,7.05,7.06,937,GOOD
rd_4493,ses_3390,2026-09-30T07:05:56.000Z,2.95,10.61,39.3,7.00,7.04,948,GOOD
rd_4494,ses_3390,2026-09-30T07:06:04.000Z,2.53,10.99,39.3,7.06,7.06,941,GOOD
rd_4495,ses_3390,2026-09-30T07:06:12.000Z,2.11,11.31,39.1,7.03,7.04,935,GOOD
rd_4496,ses_3390,2026-09-30T07:06:20.000Z,1.69,11.56,39.2,7.05,7.03,932,GOOD
rd_4497,ses_3390,2026-09-30T07:06:28.000Z,1.27,11.75,39.3,7.04,7.03,941,GOOD
rd_4498,ses_3390,2026-09-30T07:06:36.000Z,0.84,11.88,39.2,7.06,7.05,945,GOOD
rd_4499,ses_3390,2026-09-30T07:06:44.000Z,0.42,11.94,39.3,7.07,7.04,943,GOOD
rd_4500,ses_3390,2026-09-30T07:06:52.000Z,0.05,11.95,39.2,7.04,7.04,936,GOOD
rd_4501,ses_3391,2026-09-30T17:12:00.000Z,0.05,0.01,38.6,5.56,6.63,95,GOOD
rd_4502,ses_3391,2026-09-30T17:12:08.000Z,0.64,0.10,38.6,5.57,6.64,94,GOOD
rd_4503,ses_3391,2026-09-30T17:12:16.000Z,1.28,0.30,38.6,5.61,6.62,97,GOOD
rd_4504,ses_3391,2026-09-30T17:12:24.000Z,1.92,0.58,38.6,5.53,6.63,94,GOOD
rd_4505,ses_3391,2026-09-30T17:12:32.000Z,2.56,0.97,38.6,5.58,6.64,94,GOOD
rd_4506,ses_3391,2026-09-30T17:12:40.000Z,3.2,1.45,38.7,5.54,6.64,95,GOOD
rd_4507,ses_3391,2026-09-30T17:12:48.000Z,3.69,2.00,38.5,5.57,6.62,107,GOOD
rd_4508,ses_3391,2026-09-30T17:12:56.000Z,3.76,2.56,38.7,5.58,6.63,101,GOOD
rd_4509,ses_3391,2026-09-30T17:13:04.000Z,3.71,3.12,38.6,5.60,6.64,103,GOOD
rd_4510,ses_3391,2026-09-30T17:13:12.000Z,3.59,3.66,38.6,5.56,6.62,103,GOOD
rd_4511,ses_3391,2026-09-30T17:13:20.000Z,3.58,4.20,38.6,5.59,6.63,105,GOOD
rd_4512,ses_3391,2026-09-30T17:13:28.000Z,3.74,4.76,38.6,5.59,6.62,107,GOOD
rd_4513,ses_3391,2026-09-30T17:13:36.000Z,3.75,5.32,38.6,5.58,6.62,107,GOOD
rd_4514,ses_3391,2026-09-30T17:13:44.000Z,3.81,5.89,38.6,5.59,6.64,94,GOOD
rd_4515,ses_3391,2026-09-30T17:13:52.000Z,3.8,6.46,38.5,5.60,6.63,106,GOOD
rd_4516,ses_3391,2026-09-30T17:14:00.000Z,3.61,7.00,38.6,5.60,6.63,94,GOOD
rd_4517,ses_3391,2026-09-30T17:14:08.000Z,3.68,7.56,38.6,5.55,6.63,98,GOOD
rd_4518,ses_3391,2026-09-30T17:14:16.000Z,3.75,8.12,38.6,5.61,6.65,98,GOOD
rd_4519,ses_3391,2026-09-30T17:14:24.000Z,3.81,8.69,38.6,5.55,6.63,105,GOOD
rd_4520,ses_3391,2026-09-30T17:14:32.000Z,3.73,9.25,38.7,5.60,6.61,106,GOOD
rd_4521,ses_3391,2026-09-30T17:14:40.000Z,3.85,9.83,38.6,5.54,6.62,97,GOOD
rd_4522,ses_3391,2026-09-30T17:14:48.000Z,3.41,10.34,38.6,5.53,6.65,105,GOOD
rd_4523,ses_3391,2026-09-30T17:14:56.000Z,2.99,10.79,38.5,5.61,6.65,101,GOOD
rd_4524,ses_3391,2026-09-30T17:15:04.000Z,2.56,11.17,38.7,5.60,6.64,95,GOOD
rd_4525,ses_3391,2026-09-30T17:15:12.000Z,2.13,11.49,38.5,5.57,6.62,107,GOOD
rd_4526,ses_3391,2026-09-30T17:15:20.000Z,1.71,11.75,38.7,5.56,6.64,95,GOOD
rd_4527,ses_3391,2026-09-30T17:15:28.000Z,1.28,11.94,38.6,5.58,6.61,106,GOOD
rd_4528,ses_3391,2026-09-30T17:15:36.000Z,0.85,12.07,38.5,5.56,6.62,102,GOOD
rd_4529,ses_3391,2026-09-30T17:15:44.000Z,0.43,12.13,38.6,5.55,6.64,102,GOOD
rd_4530,ses_3391,2026-09-30T17:15:52.000Z,0.05,12.14,38.7,5.57,6.64,100,GOOD
rd_4531,ses_3392,2026-09-30T17:36:00.000Z,0.05,0.01,38.8,5.66,6.68,114,GOOD
rd_4532,ses_3392,2026-09-30T17:36:08.000Z,0.71,0.11,38.8,5.62,6.65,114,GOOD
rd_4533,ses_3392,2026-09-30T17:36:16.000Z,1.41,0.33,38.8,5.68,6.65,118,GOOD
rd_4534,ses_3392,2026-09-30T17:36:24.000Z,2.12,0.64,38.7,5.67,6.65,121,GOOD
rd_4535,ses_3392,2026-09-30T17:36:32.000Z,2.83,1.07,38.7,5.65,6.66,121,GOOD
rd_4536,ses_3392,2026-09-30T17:36:40.000Z,3.53,1.60,38.7,5.66,6.65,116,GOOD
rd_4537,ses_3392,2026-09-30T17:36:48.000Z,4.11,2.21,38.8,5.67,6.64,115,GOOD
rd_4538,ses_3392,2026-09-30T17:36:56.000Z,4.12,2.83,38.7,5.63,6.65,116,GOOD
rd_4539,ses_3392,2026-09-30T17:37:04.000Z,3.97,3.43,38.7,5.68,6.66,121,GOOD
rd_4540,ses_3392,2026-09-30T17:37:12.000Z,3.96,4.02,38.7,5.68,6.64,115,GOOD
rd_4541,ses_3392,2026-09-30T17:37:20.000Z,4,4.62,38.8,5.64,6.64,110,GOOD
rd_4542,ses_3392,2026-09-30T17:37:28.000Z,4,5.22,38.7,5.64,6.66,119,GOOD
rd_4543,ses_3392,2026-09-30T17:37:36.000Z,4.07,5.83,38.6,5.68,6.65,115,GOOD
rd_4544,ses_3392,2026-09-30T17:37:44.000Z,4.21,6.46,38.8,5.63,6.68,107,GOOD
rd_4545,ses_3392,2026-09-30T17:37:52.000Z,4.13,7.08,38.6,5.67,6.65,119,GOOD
rd_4546,ses_3392,2026-09-30T17:38:00.000Z,4.09,7.70,38.7,5.68,6.64,107,GOOD
rd_4547,ses_3392,2026-09-30T17:38:08.000Z,4.15,8.32,38.6,5.66,6.68,118,GOOD
rd_4548,ses_3392,2026-09-30T17:38:16.000Z,4.08,8.93,38.8,5.69,6.65,115,GOOD
rd_4549,ses_3392,2026-09-30T17:38:24.000Z,4.12,9.55,38.8,5.66,6.66,109,GOOD
rd_4550,ses_3392,2026-09-30T17:38:32.000Z,4.09,10.16,38.6,5.66,6.65,110,GOOD
rd_4551,ses_3392,2026-09-30T17:38:40.000Z,4,10.76,38.6,5.67,6.65,109,GOOD
rd_4552,ses_3392,2026-09-30T17:38:48.000Z,3.77,11.33,38.7,5.65,6.68,109,GOOD
rd_4553,ses_3392,2026-09-30T17:38:56.000Z,3.3,11.82,38.6,5.67,6.64,110,GOOD
rd_4554,ses_3392,2026-09-30T17:39:04.000Z,2.83,12.25,38.8,5.67,6.68,121,GOOD
rd_4555,ses_3392,2026-09-30T17:39:12.000Z,2.36,12.60,38.7,5.66,6.64,120,GOOD
rd_4556,ses_3392,2026-09-30T17:39:20.000Z,1.89,12.88,38.7,5.68,6.66,118,GOOD
rd_4557,ses_3392,2026-09-30T17:39:28.000Z,1.41,13.10,38.7,5.65,6.67,118,GOOD
rd_4558,ses_3392,2026-09-30T17:39:36.000Z,0.94,13.24,38.7,5.65,6.65,118,GOOD
rd_4559,ses_3392,2026-09-30T17:39:44.000Z,0.47,13.31,38.8,5.62,6.67,120,GOOD
rd_4560,ses_3392,2026-09-30T17:39:52.000Z,0.05,13.32,38.7,5.68,6.68,116,GOOD
rd_4561,ses_3393,2026-09-30T17:51:00.000Z,0.05,0.01,38.5,5.50,6.59,129,GOOD
rd_4562,ses_3393,2026-09-30T17:51:08.000Z,0.62,0.10,38.6,5.56,6.61,124,GOOD
rd_4563,ses_3393,2026-09-30T17:51:16.000Z,1.23,0.29,38.5,5.50,6.61,117,GOOD
rd_4564,ses_3393,2026-09-30T17:51:24.000Z,1.85,0.56,38.5,5.56,6.61,126,GOOD
rd_4565,ses_3393,2026-09-30T17:51:32.000Z,2.47,0.93,38.6,5.51,6.60,119,GOOD
rd_4566,ses_3393,2026-09-30T17:51:40.000Z,3.09,1.40,38.6,5.53,6.63,124,GOOD
rd_4567,ses_3393,2026-09-30T17:51:48.000Z,3.72,1.95,38.4,5.56,6.61,124,GOOD
rd_4568,ses_3393,2026-09-30T17:51:56.000Z,3.49,2.48,38.5,5.51,6.62,128,GOOD
rd_4569,ses_3393,2026-09-30T17:52:04.000Z,3.67,3.03,38.5,5.52,6.61,118,GOOD
rd_4570,ses_3393,2026-09-30T17:52:12.000Z,3.62,3.57,38.5,5.50,6.59,127,GOOD
rd_4571,ses_3393,2026-09-30T17:52:20.000Z,3.43,4.09,38.4,5.49,6.59,122,GOOD
rd_4572,ses_3393,2026-09-30T17:52:28.000Z,3.48,4.61,38.5,5.53,6.60,122,GOOD
rd_4573,ses_3393,2026-09-30T17:52:36.000Z,3.55,5.14,38.5,5.56,6.63,124,GOOD
rd_4574,ses_3393,2026-09-30T17:52:44.000Z,3.69,5.69,38.5,5.52,6.63,126,GOOD
rd_4575,ses_3393,2026-09-30T17:52:52.000Z,3.52,6.22,38.5,5.55,6.62,123,GOOD
rd_4576,ses_3393,2026-09-30T17:53:00.000Z,3.64,6.77,38.4,5.53,6.60,124,GOOD
rd_4577,ses_3393,2026-09-30T17:53:08.000Z,3.5,7.29,38.6,5.50,6.62,115,GOOD
rd_4578,ses_3393,2026-09-30T17:53:16.000Z,3.57,7.83,38.4,5.54,6.61,122,GOOD
rd_4579,ses_3393,2026-09-30T17:53:24.000Z,3.67,8.38,38.5,5.54,6.61,120,GOOD
rd_4580,ses_3393,2026-09-30T17:53:32.000Z,3.51,8.91,38.6,5.51,6.61,115,GOOD
rd_4581,ses_3393,2026-09-30T17:53:40.000Z,3.56,9.44,38.5,5.51,6.59,127,GOOD
rd_4582,ses_3393,2026-09-30T17:53:48.000Z,3.29,9.93,38.6,5.52,6.63,125,GOOD
rd_4583,ses_3393,2026-09-30T17:53:56.000Z,2.88,10.37,38.5,5.56,6.63,128,GOOD
rd_4584,ses_3393,2026-09-30T17:54:04.000Z,2.47,10.74,38.5,5.52,6.62,126,GOOD
rd_4585,ses_3393,2026-09-30T17:54:12.000Z,2.06,11.04,38.5,5.50,6.60,118,GOOD
rd_4586,ses_3393,2026-09-30T17:54:20.000Z,1.65,11.29,38.6,5.52,6.61,114,GOOD
rd_4587,ses_3393,2026-09-30T17:54:28.000Z,1.23,11.48,38.5,5.57,6.62,127,GOOD
rd_4588,ses_3393,2026-09-30T17:54:36.000Z,0.82,11.60,38.6,5.54,6.60,118,GOOD
rd_4589,ses_3393,2026-09-30T17:54:44.000Z,0.41,11.66,38.5,5.50,6.61,122,GOOD
rd_4590,ses_3393,2026-09-30T17:54:52.000Z,0.05,11.67,38.5,5.57,6.63,130,GOOD
rd_4591,ses_3394,2026-09-30T17:08:00.000Z,0.05,0.01,38.7,5.68,6.66,122,GOOD
rd_4592,ses_3394,2026-09-30T17:08:08.000Z,0.64,0.10,38.6,5.70,6.66,118,GOOD
rd_4593,ses_3394,2026-09-30T17:08:16.000Z,1.29,0.30,38.7,5.65,6.65,111,GOOD
rd_4594,ses_3394,2026-09-30T17:08:24.000Z,1.93,0.59,38.6,5.68,6.67,122,GOOD
rd_4595,ses_3394,2026-09-30T17:08:32.000Z,2.57,0.97,38.5,5.66,6.68,121,GOOD
rd_4596,ses_3394,2026-09-30T17:08:40.000Z,3.22,1.46,38.6,5.66,6.66,115,GOOD
rd_4597,ses_3394,2026-09-30T17:08:48.000Z,3.64,2.00,38.5,5.70,6.67,120,GOOD
rd_4598,ses_3394,2026-09-30T17:08:56.000Z,3.67,2.55,38.5,5.64,6.68,113,GOOD
rd_4599,ses_3394,2026-09-30T17:09:04.000Z,3.79,3.12,38.6,5.64,6.67,124,GOOD
rd_4600,ses_3394,2026-09-30T17:09:12.000Z,3.63,3.66,38.6,5.69,6.68,120,GOOD
rd_4601,ses_3394,2026-09-30T17:09:20.000Z,3.63,4.21,38.6,5.71,6.68,111,GOOD
rd_4602,ses_3394,2026-09-30T17:09:28.000Z,3.6,4.75,38.7,5.69,6.68,122,GOOD
rd_4603,ses_3394,2026-09-30T17:09:36.000Z,3.79,5.32,38.7,5.66,6.69,124,GOOD
rd_4604,ses_3394,2026-09-30T17:09:44.000Z,3.79,5.89,38.6,5.71,6.66,113,GOOD
rd_4605,ses_3394,2026-09-30T17:09:52.000Z,3.8,6.46,38.7,5.71,6.68,116,GOOD
rd_4606,ses_3394,2026-09-30T17:10:00.000Z,3.66,7.01,38.6,5.71,6.67,122,GOOD
rd_4607,ses_3394,2026-09-30T17:10:08.000Z,3.72,7.56,38.5,5.68,6.65,112,GOOD
rd_4608,ses_3394,2026-09-30T17:10:16.000Z,3.76,8.13,38.5,5.69,6.67,116,GOOD
rd_4609,ses_3394,2026-09-30T17:10:24.000Z,3.71,8.68,38.6,5.71,6.65,114,GOOD
rd_4610,ses_3394,2026-09-30T17:10:32.000Z,3.68,9.24,38.7,5.71,6.66,118,GOOD
rd_4611,ses_3394,2026-09-30T17:10:40.000Z,3.6,9.78,38.5,5.69,6.67,119,GOOD
rd_4612,ses_3394,2026-09-30T17:10:48.000Z,3.43,10.29,38.6,5.66,6.68,113,GOOD
rd_4613,ses_3394,2026-09-30T17:10:56.000Z,3,10.74,38.6,5.67,6.67,121,GOOD
rd_4614,ses_3394,2026-09-30T17:11:04.000Z,2.57,11.13,38.5,5.67,6.69,111,GOOD
rd_4615,ses_3394,2026-09-30T17:11:12.000Z,2.14,11.45,38.6,5.65,6.67,113,GOOD
rd_4616,ses_3394,2026-09-30T17:11:20.000Z,1.71,11.70,38.5,5.70,6.69,121,GOOD
rd_4617,ses_3394,2026-09-30T17:11:28.000Z,1.29,11.90,38.5,5.67,6.68,109,GOOD
rd_4618,ses_3394,2026-09-30T17:11:36.000Z,0.86,12.03,38.5,5.69,6.69,110,GOOD
rd_4619,ses_3394,2026-09-30T17:11:44.000Z,0.43,12.09,38.6,5.66,6.68,110,GOOD
rd_4620,ses_3394,2026-09-30T17:11:52.000Z,0.05,12.10,38.6,5.68,6.66,121,GOOD
rd_4621,ses_3395,2026-09-30T17:02:00.000Z,0.05,0.01,38.8,5.45,6.70,128,GOOD
rd_4622,ses_3395,2026-09-30T17:02:08.000Z,0.71,0.11,38.7,5.45,6.66,124,GOOD
rd_4623,ses_3395,2026-09-30T17:02:16.000Z,1.43,0.33,38.7,5.45,6.66,130,GOOD
rd_4624,ses_3395,2026-09-30T17:02:24.000Z,2.14,0.65,38.7,5.48,6.66,130,GOOD
rd_4625,ses_3395,2026-09-30T17:02:32.000Z,2.86,1.08,38.8,5.51,6.68,122,GOOD
rd_4626,ses_3395,2026-09-30T17:02:40.000Z,3.57,1.61,38.7,5.50,6.68,131,GOOD
rd_4627,ses_3395,2026-09-30T17:02:48.000Z,4.01,2.22,38.7,5.45,6.66,122,GOOD
rd_4628,ses_3395,2026-09-30T17:02:56.000Z,4.22,2.85,38.7,5.46,6.68,133,GOOD
rd_4629,ses_3395,2026-09-30T17:03:04.000Z,4.11,3.46,38.7,5.46,6.69,128,GOOD
rd_4630,ses_3395,2026-09-30T17:03:12.000Z,4,4.06,38.7,5.51,6.67,126,GOOD
rd_4631,ses_3395,2026-09-30T17:03:20.000Z,4.2,4.69,38.7,5.48,6.69,125,GOOD
rd_4632,ses_3395,2026-09-30T17:03:28.000Z,4.18,5.32,38.7,5.49,6.67,132,GOOD
rd_4633,ses_3395,2026-09-30T17:03:36.000Z,4.14,5.94,38.8,5.51,6.68,127,GOOD
rd_4634,ses_3395,2026-09-30T17:03:44.000Z,4.09,6.56,38.7,5.48,6.67,134,GOOD
rd_4635,ses_3395,2026-09-30T17:03:52.000Z,4.03,7.16,38.6,5.47,6.68,130,GOOD
rd_4636,ses_3395,2026-09-30T17:04:00.000Z,4.18,7.79,38.6,5.51,6.69,135,GOOD
rd_4637,ses_3395,2026-09-30T17:04:08.000Z,4.11,8.40,38.6,5.48,6.66,128,GOOD
rd_4638,ses_3395,2026-09-30T17:04:16.000Z,4.05,9.01,38.8,5.46,6.68,134,GOOD
rd_4639,ses_3395,2026-09-30T17:04:24.000Z,4.27,9.65,38.7,5.49,6.67,125,GOOD
rd_4640,ses_3395,2026-09-30T17:04:32.000Z,4.09,10.27,38.6,5.49,6.68,135,GOOD
rd_4641,ses_3395,2026-09-30T17:04:40.000Z,4.2,10.90,38.7,5.50,6.67,133,GOOD
rd_4642,ses_3395,2026-09-30T17:04:48.000Z,3.81,11.47,38.7,5.46,6.70,127,GOOD
rd_4643,ses_3395,2026-09-30T17:04:56.000Z,3.33,11.97,38.7,5.46,6.69,121,GOOD
rd_4644,ses_3395,2026-09-30T17:05:04.000Z,2.86,12.40,38.8,5.45,6.68,133,GOOD
rd_4645,ses_3395,2026-09-30T17:05:12.000Z,2.38,12.75,38.8,5.51,6.69,134,GOOD
rd_4646,ses_3395,2026-09-30T17:05:20.000Z,1.9,13.04,38.6,5.46,6.66,127,GOOD
rd_4647,ses_3395,2026-09-30T17:05:28.000Z,1.43,13.25,38.7,5.50,6.68,134,GOOD
rd_4648,ses_3395,2026-09-30T17:05:36.000Z,0.95,13.39,38.7,5.50,6.67,133,GOOD
rd_4649,ses_3395,2026-09-30T17:05:44.000Z,0.48,13.47,38.7,5.52,6.69,126,GOOD
rd_4650,ses_3395,2026-09-30T17:05:52.000Z,0.05,13.47,38.7,5.45,6.69,128,GOOD
rd_4651,ses_3396,2026-09-30T18:06:00.000Z,0.05,0.01,38.4,5.55,6.63,148,GOOD
rd_4652,ses_3396,2026-09-30T18:06:08.000Z,0.63,0.10,38.4,5.60,6.63,150,GOOD
rd_4653,ses_3396,2026-09-30T18:06:16.000Z,1.27,0.29,38.4,5.56,6.65,147,GOOD
rd_4654,ses_3396,2026-09-30T18:06:24.000Z,1.9,0.58,38.4,5.57,6.61,149,GOOD
rd_4655,ses_3396,2026-09-30T18:06:32.000Z,2.53,0.96,38.4,5.61,6.64,142,GOOD
rd_4656,ses_3396,2026-09-30T18:06:40.000Z,3.16,1.43,38.3,5.59,6.64,137,GOOD
rd_4657,ses_3396,2026-09-30T18:06:48.000Z,3.56,1.96,38.3,5.60,6.64,139,GOOD
rd_4658,ses_3396,2026-09-30T18:06:56.000Z,3.82,2.54,38.5,5.54,6.62,142,GOOD
rd_4659,ses_3396,2026-09-30T18:07:04.000Z,3.76,3.10,38.4,5.58,6.63,143,GOOD
rd_4660,ses_3396,2026-09-30T18:07:12.000Z,3.55,3.63,38.4,5.58,6.63,147,GOOD
rd_4661,ses_3396,2026-09-30T18:07:20.000Z,3.67,4.19,38.4,5.60,6.63,142,GOOD
rd_4662,ses_3396,2026-09-30T18:07:28.000Z,3.54,4.72,38.3,5.54,6.62,149,GOOD
rd_4663,ses_3396,2026-09-30T18:07:36.000Z,3.69,5.27,38.3,5.53,6.63,145,GOOD
rd_4664,ses_3396,2026-09-30T18:07:44.000Z,3.6,5.81,38.3,5.58,6.63,138,GOOD
rd_4665,ses_3396,2026-09-30T18:07:52.000Z,3.65,6.36,38.4,5.57,6.62,137,GOOD
rd_4666,ses_3396,2026-09-30T18:08:00.000Z,3.7,6.91,38.3,5.54,6.63,143,GOOD
rd_4667,ses_3396,2026-09-30T18:08:08.000Z,3.75,7.47,38.4,5.54,6.65,148,GOOD
rd_4668,ses_3396,2026-09-30T18:08:16.000Z,3.69,8.03,38.3,5.59,6.64,151,GOOD
rd_4669,ses_3396,2026-09-30T18:08:24.000Z,3.65,8.58,38.3,5.58,6.64,139,GOOD
rd_4670,ses_3396,2026-09-30T18:08:32.000Z,3.68,9.13,38.4,5.56,6.63,148,GOOD
rd_4671,ses_3396,2026-09-30T18:08:40.000Z,3.75,9.69,38.4,5.58,6.62,139,GOOD
rd_4672,ses_3396,2026-09-30T18:08:48.000Z,3.37,10.20,38.3,5.60,6.63,143,GOOD
rd_4673,ses_3396,2026-09-30T18:08:56.000Z,2.95,10.64,38.3,5.58,6.63,150,GOOD
rd_4674,ses_3396,2026-09-30T18:09:04.000Z,2.53,11.02,38.4,5.57,6.64,149,GOOD
rd_4675,ses_3396,2026-09-30T18:09:12.000Z,2.11,11.33,38.4,5.58,6.61,138,GOOD
rd_4676,ses_3396,2026-09-30T18:09:20.000Z,1.69,11.59,38.4,5.56,6.65,151,GOOD
rd_4677,ses_3396,2026-09-30T18:09:28.000Z,1.27,11.78,38.4,5.54,6.63,149,GOOD
rd_4678,ses_3396,2026-09-30T18:09:36.000Z,0.84,11.90,38.4,5.57,6.61,142,GOOD
rd_4679,ses_3396,2026-09-30T18:09:44.000Z,0.42,11.97,38.3,5.57,6.64,148,GOOD
rd_4680,ses_3396,2026-09-30T18:09:52.000Z,0.05,11.97,38.4,5.55,6.63,140,GOOD
rd_4681,ses_3397,2026-09-30T17:31:00.000Z,0.05,0.01,38.6,5.68,6.68,133,GOOD
rd_4682,ses_3397,2026-09-30T17:31:08.000Z,0.67,0.11,38.8,5.65,6.69,149,GOOD
rd_4683,ses_3397,2026-09-30T17:31:16.000Z,1.34,0.31,38.6,5.66,6.71,140,GOOD
rd_4684,ses_3397,2026-09-30T17:31:24.000Z,2.01,0.61,38.7,5.66,6.71,135,GOOD
rd_4685,ses_3397,2026-09-30T17:31:32.000Z,2.68,1.01,38.8,5.67,6.71,138,GOOD
rd_4686,ses_3397,2026-09-30T17:31:40.000Z,3.35,1.52,38.6,5.69,6.72,145,GOOD
rd_4687,ses_3397,2026-09-30T17:31:48.000Z,3.89,2.10,38.8,5.64,6.71,139,GOOD
rd_4688,ses_3397,2026-09-30T17:31:56.000Z,3.91,2.69,38.6,5.69,6.69,140,GOOD
rd_4689,ses_3397,2026-09-30T17:32:04.000Z,3.95,3.28,38.8,5.62,6.69,145,GOOD
rd_4690,ses_3397,2026-09-30T17:32:12.000Z,3.93,3.87,38.7,5.67,6.71,142,GOOD
rd_4691,ses_3397,2026-09-30T17:32:20.000Z,4.02,4.47,38.7,5.67,6.71,134,GOOD
rd_4692,ses_3397,2026-09-30T17:32:28.000Z,3.77,5.04,38.7,5.65,6.68,140,GOOD
rd_4693,ses_3397,2026-09-30T17:32:36.000Z,3.89,5.62,38.7,5.68,6.72,140,GOOD
rd_4694,ses_3397,2026-09-30T17:32:44.000Z,4.03,6.22,38.8,5.67,6.69,143,GOOD
rd_4695,ses_3397,2026-09-30T17:32:52.000Z,4,6.82,38.8,5.66,6.72,139,GOOD
rd_4696,ses_3397,2026-09-30T17:33:00.000Z,3.88,7.41,38.7,5.65,6.69,134,GOOD
rd_4697,ses_3397,2026-09-30T17:33:08.000Z,3.88,7.99,38.7,5.62,6.71,143,GOOD
rd_4698,ses_3397,2026-09-30T17:33:16.000Z,4,8.59,38.7,5.66,6.71,138,GOOD
rd_4699,ses_3397,2026-09-30T17:33:24.000Z,3.99,9.19,38.6,5.66,6.71,136,GOOD
rd_4700,ses_3397,2026-09-30T17:33:32.000Z,3.84,9.76,38.6,5.66,6.70,142,GOOD
rd_4701,ses_3397,2026-09-30T17:33:40.000Z,3.85,10.34,38.7,5.63,6.72,136,GOOD
rd_4702,ses_3397,2026-09-30T17:33:48.000Z,3.58,10.88,38.6,5.66,6.70,136,GOOD
rd_4703,ses_3397,2026-09-30T17:33:56.000Z,3.13,11.35,38.6,5.69,6.68,143,GOOD
rd_4704,ses_3397,2026-09-30T17:34:04.000Z,2.68,11.75,38.8,5.67,6.72,146,GOOD
rd_4705,ses_3397,2026-09-30T17:34:12.000Z,2.24,12.08,38.7,5.66,6.71,141,GOOD
rd_4706,ses_3397,2026-09-30T17:34:20.000Z,1.79,12.35,38.6,5.64,6.72,134,GOOD
rd_4707,ses_3397,2026-09-30T17:34:28.000Z,1.34,12.55,38.7,5.69,6.70,139,GOOD
rd_4708,ses_3397,2026-09-30T17:34:36.000Z,0.89,12.69,38.7,5.64,6.70,142,GOOD
rd_4709,ses_3397,2026-09-30T17:34:44.000Z,0.45,12.75,38.7,5.69,6.71,135,GOOD
rd_4710,ses_3397,2026-09-30T17:34:52.000Z,0.05,12.76,38.8,5.69,6.70,136,GOOD
rd_4711,ses_3398,2026-09-30T18:20:00.000Z,0.05,0.01,38.5,5.54,6.61,157,GOOD
rd_4712,ses_3398,2026-09-30T18:20:08.000Z,0.57,0.09,38.6,5.55,6.60,159,GOOD
rd_4713,ses_3398,2026-09-30T18:20:16.000Z,1.14,0.26,38.7,5.50,6.62,154,GOOD
rd_4714,ses_3398,2026-09-30T18:20:24.000Z,1.71,0.52,38.6,5.50,6.61,156,GOOD
rd_4715,ses_3398,2026-09-30T18:20:32.000Z,2.28,0.86,38.6,5.56,6.62,151,GOOD
rd_4716,ses_3398,2026-09-30T18:20:40.000Z,2.85,1.29,38.5,5.52,6.62,158,GOOD
rd_4717,ses_3398,2026-09-30T18:20:48.000Z,3.44,1.81,38.6,5.55,6.60,145,GOOD
rd_4718,ses_3398,2026-09-30T18:20:56.000Z,3.44,2.32,38.6,5.55,6.62,144,GOOD
rd_4719,ses_3398,2026-09-30T18:21:04.000Z,3.43,2.84,38.5,5.56,6.64,155,GOOD
rd_4720,ses_3398,2026-09-30T18:21:12.000Z,3.38,3.34,38.6,5.56,6.64,151,GOOD
rd_4721,ses_3398,2026-09-30T18:21:20.000Z,3.27,3.83,38.6,5.55,6.64,154,GOOD
rd_4722,ses_3398,2026-09-30T18:21:28.000Z,3.39,4.34,38.7,5.55,6.61,146,GOOD
rd_4723,ses_3398,2026-09-30T18:21:36.000Z,3.16,4.82,38.5,5.53,6.61,157,GOOD
rd_4724,ses_3398,2026-09-30T18:21:44.000Z,3.19,5.30,38.7,5.55,6.61,154,GOOD
rd_4725,ses_3398,2026-09-30T18:21:52.000Z,3.23,5.78,38.5,5.55,6.62,159,GOOD
rd_4726,ses_3398,2026-09-30T18:22:00.000Z,3.32,6.28,38.7,5.51,6.63,147,GOOD
rd_4727,ses_3398,2026-09-30T18:22:08.000Z,3.22,6.76,38.7,5.53,6.63,152,GOOD
rd_4728,ses_3398,2026-09-30T18:22:16.000Z,3.22,7.24,38.7,5.50,6.60,155,GOOD
rd_4729,ses_3398,2026-09-30T18:22:24.000Z,3.23,7.73,38.6,5.57,6.60,151,GOOD
rd_4730,ses_3398,2026-09-30T18:22:32.000Z,3.26,8.22,38.6,5.57,6.60,158,GOOD
rd_4731,ses_3398,2026-09-30T18:22:40.000Z,3.45,8.73,38.6,5.53,6.62,152,GOOD
rd_4732,ses_3398,2026-09-30T18:22:48.000Z,3.04,9.19,38.5,5.54,6.63,150,GOOD
rd_4733,ses_3398,2026-09-30T18:22:56.000Z,2.66,9.59,38.7,5.57,6.60,156,GOOD
rd_4734,ses_3398,2026-09-30T18:23:04.000Z,2.28,9.93,38.6,5.54,6.61,157,GOOD
rd_4735,ses_3398,2026-09-30T18:23:12.000Z,1.9,10.22,38.7,5.54,6.60,150,GOOD
rd_4736,ses_3398,2026-09-30T18:23:20.000Z,1.52,10.44,38.5,5.56,6.60,159,GOOD
rd_4737,ses_3398,2026-09-30T18:23:28.000Z,1.14,10.62,38.7,5.52,6.60,156,GOOD
rd_4738,ses_3398,2026-09-30T18:23:36.000Z,0.76,10.73,38.5,5.54,6.64,145,GOOD
rd_4739,ses_3398,2026-09-30T18:23:44.000Z,0.38,10.79,38.6,5.54,6.62,156,GOOD
rd_4740,ses_3398,2026-09-30T18:23:52.000Z,0.05,10.79,38.6,5.57,6.63,150,GOOD
rd_4741,ses_3399,2026-09-30T17:08:00.000Z,0.05,0.01,38.5,5.70,6.63,149,GOOD
rd_4742,ses_3399,2026-09-30T17:08:08.000Z,0.63,0.10,38.4,5.66,6.64,152,GOOD
rd_4743,ses_3399,2026-09-30T17:08:16.000Z,1.26,0.29,38.4,5.66,6.65,151,GOOD
rd_4744,ses_3399,2026-09-30T17:08:24.000Z,1.88,0.57,38.4,5.67,6.64,144,GOOD
rd_4745,ses_3399,2026-09-30T17:08:32.000Z,2.51,0.95,38.5,5.70,6.62,153,GOOD
rd_4746,ses_3399,2026-09-30T17:08:40.000Z,3.14,1.42,38.6,5.65,6.62,159,GOOD
rd_4747,ses_3399,2026-09-30T17:08:48.000Z,3.71,1.98,38.5,5.66,6.64,146,GOOD
rd_4748,ses_3399,2026-09-30T17:08:56.000Z,3.51,2.50,38.5,5.66,6.62,151,GOOD
rd_4749,ses_3399,2026-09-30T17:09:04.000Z,3.77,3.07,38.4,5.65,6.61,153,GOOD
rd_4750,ses_3399,2026-09-30T17:09:12.000Z,3.79,3.64,38.6,5.65,6.63,158,GOOD
rd_4751,ses_3399,2026-09-30T17:09:20.000Z,3.6,4.18,38.6,5.65,6.65,152,GOOD
rd_4752,ses_3399,2026-09-30T17:09:28.000Z,3.63,4.72,38.4,5.70,6.63,152,GOOD
rd_4753,ses_3399,2026-09-30T17:09:36.000Z,3.69,5.28,38.5,5.69,6.65,150,GOOD
rd_4754,ses_3399,2026-09-30T17:09:44.000Z,3.54,5.81,38.6,5.69,6.64,150,GOOD
rd_4755,ses_3399,2026-09-30T17:09:52.000Z,3.62,6.35,38.5,5.66,6.63,146,GOOD
rd_4756,ses_3399,2026-09-30T17:10:00.000Z,3.72,6.91,38.5,5.64,6.62,154,GOOD
rd_4757,ses_3399,2026-09-30T17:10:08.000Z,3.67,7.46,38.6,5.67,6.64,143,GOOD
rd_4758,ses_3399,2026-09-30T17:10:16.000Z,3.74,8.02,38.4,5.65,6.63,155,GOOD
rd_4759,ses_3399,2026-09-30T17:10:24.000Z,3.6,8.56,38.6,5.68,6.62,146,GOOD
rd_4760,ses_3399,2026-09-30T17:10:32.000Z,3.52,9.09,38.5,5.65,6.61,153,GOOD
rd_4761,ses_3399,2026-09-30T17:10:40.000Z,3.78,9.65,38.5,5.69,6.62,152,GOOD
rd_4762,ses_3399,2026-09-30T17:10:48.000Z,3.35,10.16,38.6,5.68,6.63,146,GOOD
rd_4763,ses_3399,2026-09-30T17:10:56.000Z,2.93,10.60,38.5,5.67,6.62,148,GOOD
rd_4764,ses_3399,2026-09-30T17:11:04.000Z,2.51,10.97,38.5,5.64,6.64,145,GOOD
rd_4765,ses_3399,2026-09-30T17:11:12.000Z,2.09,11.29,38.5,5.67,6.65,150,GOOD
rd_4766,ses_3399,2026-09-30T17:11:20.000Z,1.67,11.54,38.5,5.71,6.65,152,GOOD
rd_4767,ses_3399,2026-09-30T17:11:28.000Z,1.26,11.73,38.6,5.70,6.61,151,GOOD
rd_4768,ses_3399,2026-09-30T17:11:36.000Z,0.84,11.85,38.6,5.65,6.61,151,GOOD
rd_4769,ses_3399,2026-09-30T17:11:44.000Z,0.42,11.91,38.5,5.70,6.62,146,GOOD
rd_4770,ses_3399,2026-09-30T17:11:52.000Z,0.05,11.92,38.5,5.67,6.64,159,GOOD
rd_4771,ses_3400,2026-09-30T17:27:00.000Z,0.05,0.01,38.5,5.45,6.70,90,GOOD
rd_4772,ses_3400,2026-09-30T17:27:08.000Z,0.68,0.11,38.5,5.48,6.71,89,GOOD
rd_4773,ses_3400,2026-09-30T17:27:16.000Z,1.36,0.31,38.6,5.45,6.71,100,GOOD
rd_4774,ses_3400,2026-09-30T17:27:24.000Z,2.04,0.62,38.6,5.44,6.71,101,GOOD
rd_4775,ses_3400,2026-09-30T17:27:32.000Z,2.72,1.03,38.5,5.50,6.72,89,GOOD
rd_4776,ses_3400,2026-09-30T17:27:40.000Z,3.41,1.54,38.7,5.49,6.70,87,GOOD
rd_4777,ses_3400,2026-09-30T17:27:48.000Z,4.06,2.15,38.5,5.49,6.71,91,GOOD
rd_4778,ses_3400,2026-09-30T17:27:56.000Z,4.04,2.75,38.6,5.45,6.71,89,GOOD
rd_4779,ses_3400,2026-09-30T17:28:04.000Z,3.88,3.34,38.5,5.51,6.69,98,GOOD
rd_4780,ses_3400,2026-09-30T17:28:12.000Z,4.05,3.94,38.6,5.44,6.72,96,GOOD
rd_4781,ses_3400,2026-09-30T17:28:20.000Z,4.04,4.55,38.5,5.46,6.72,89,GOOD
rd_4782,ses_3400,2026-09-30T17:28:28.000Z,4.05,5.16,38.5,5.46,6.71,90,GOOD
rd_4783,ses_3400,2026-09-30T17:28:36.000Z,3.83,5.73,38.6,5.52,6.71,94,GOOD
rd_4784,ses_3400,2026-09-30T17:28:44.000Z,4.08,6.34,38.6,5.49,6.71,95,GOOD
rd_4785,ses_3400,2026-09-30T17:28:52.000Z,3.96,6.94,38.6,5.48,6.71,95,GOOD
rd_4786,ses_3400,2026-09-30T17:29:00.000Z,4.01,7.54,38.7,5.46,6.73,97,GOOD
rd_4787,ses_3400,2026-09-30T17:29:08.000Z,4.1,8.15,38.5,5.51,6.72,90,GOOD
rd_4788,ses_3400,2026-09-30T17:29:16.000Z,3.99,8.75,38.7,5.50,6.72,100,GOOD
rd_4789,ses_3400,2026-09-30T17:29:24.000Z,4.01,9.35,38.7,5.47,6.71,97,GOOD
rd_4790,ses_3400,2026-09-30T17:29:32.000Z,3.87,9.93,38.6,5.52,6.72,95,GOOD
rd_4791,ses_3400,2026-09-30T17:29:40.000Z,4.09,10.55,38.6,5.49,6.72,95,GOOD
rd_4792,ses_3400,2026-09-30T17:29:48.000Z,3.63,11.09,38.6,5.47,6.71,97,GOOD
rd_4793,ses_3400,2026-09-30T17:29:56.000Z,3.18,11.57,38.5,5.50,6.70,94,GOOD
rd_4794,ses_3400,2026-09-30T17:30:04.000Z,2.72,11.98,38.6,5.50,6.71,99,GOOD
rd_4795,ses_3400,2026-09-30T17:30:12.000Z,2.27,12.32,38.6,5.49,6.70,97,GOOD
rd_4796,ses_3400,2026-09-30T17:30:20.000Z,1.82,12.59,38.7,5.45,6.73,98,GOOD
rd_4797,ses_3400,2026-09-30T17:30:28.000Z,1.36,12.79,38.6,5.46,6.69,95,GOOD
rd_4798,ses_3400,2026-09-30T17:30:36.000Z,0.91,12.93,38.6,5.45,6.69,98,GOOD
rd_4799,ses_3400,2026-09-30T17:30:44.000Z,0.45,13.00,38.6,5.48,6.70,85,GOOD
rd_4800,ses_3400,2026-09-30T17:30:52.000Z,0.05,13.01,38.6,5.45,6.71,92,GOOD
rd_4801,ses_3401,2026-09-30T17:55:00.000Z,0.05,0.01,38.6,5.58,6.61,97,GOOD
rd_4802,ses_3401,2026-09-30T17:55:08.000Z,0.61,0.10,38.6,5.62,6.62,102,GOOD
rd_4803,ses_3401,2026-09-30T17:55:16.000Z,1.22,0.28,38.6,5.61,6.62,101,GOOD
rd_4804,ses_3401,2026-09-30T17:55:24.000Z,1.83,0.56,38.6,5.60,6.63,96,GOOD
rd_4805,ses_3401,2026-09-30T17:55:32.000Z,2.44,0.92,38.5,5.57,6.62,97,GOOD
rd_4806,ses_3401,2026-09-30T17:55:40.000Z,3.05,1.38,38.6,5.57,6.60,98,GOOD
rd_4807,ses_3401,2026-09-30T17:55:48.000Z,3.63,1.92,38.5,5.59,6.61,93,GOOD
rd_4808,ses_3401,2026-09-30T17:55:56.000Z,3.5,2.45,38.6,5.60,6.60,98,GOOD
rd_4809,ses_3401,2026-09-30T17:56:04.000Z,3.58,2.99,38.5,5.58,6.60,106,GOOD
rd_4810,ses_3401,2026-09-30T17:56:12.000Z,3.63,3.53,38.6,5.64,6.62,105,GOOD
rd_4811,ses_3401,2026-09-30T17:56:20.000Z,3.41,4.04,38.6,5.63,6.61,103,GOOD
rd_4812,ses_3401,2026-09-30T17:56:28.000Z,3.53,4.57,38.5,5.63,6.61,95,GOOD
rd_4813,ses_3401,2026-09-30T17:56:36.000Z,3.6,5.11,38.5,5.63,6.62,96,GOOD
rd_4814,ses_3401,2026-09-30T17:56:44.000Z,3.48,5.63,38.5,5.60,6.62,97,GOOD
rd_4815,ses_3401,2026-09-30T17:56:52.000Z,3.58,6.17,38.6,5.62,6.61,94,GOOD
rd_4816,ses_3401,2026-09-30T17:57:00.000Z,3.4,6.68,38.6,5.60,6.61,98,GOOD
rd_4817,ses_3401,2026-09-30T17:57:08.000Z,3.47,7.20,38.7,5.62,6.63,105,GOOD
rd_4818,ses_3401,2026-09-30T17:57:16.000Z,3.5,7.73,38.6,5.61,6.61,103,GOOD
rd_4819,ses_3401,2026-09-30T17:57:24.000Z,3.6,8.27,38.6,5.61,6.60,97,GOOD
rd_4820,ses_3401,2026-09-30T17:57:32.000Z,3.42,8.78,38.6,5.61,6.60,98,GOOD
rd_4821,ses_3401,2026-09-30T17:57:40.000Z,3.42,9.29,38.7,5.64,6.60,96,GOOD
rd_4822,ses_3401,2026-09-30T17:57:48.000Z,3.26,9.78,38.6,5.59,6.61,99,GOOD
rd_4823,ses_3401,2026-09-30T17:57:56.000Z,2.85,10.21,38.6,5.65,6.60,107,GOOD
rd_4824,ses_3401,2026-09-30T17:58:04.000Z,2.44,10.58,38.6,5.59,6.59,106,GOOD
rd_4825,ses_3401,2026-09-30T17:58:12.000Z,2.03,10.88,38.6,5.63,6.61,108,GOOD
rd_4826,ses_3401,2026-09-30T17:58:20.000Z,1.63,11.12,38.5,5.64,6.61,101,GOOD
rd_4827,ses_3401,2026-09-30T17:58:28.000Z,1.22,11.31,38.5,5.62,6.61,102,GOOD
rd_4828,ses_3401,2026-09-30T17:58:36.000Z,0.81,11.43,38.6,5.64,6.63,104,GOOD
rd_4829,ses_3401,2026-09-30T17:58:44.000Z,0.41,11.49,38.7,5.57,6.62,97,GOOD
rd_4830,ses_3401,2026-09-30T17:58:52.000Z,0.05,11.50,38.6,5.64,6.61,107,GOOD
rd_4831,ses_3402,2026-09-30T17:52:00.000Z,0.05,0.01,38.4,5.70,6.64,98,GOOD
rd_4832,ses_3402,2026-09-30T17:52:08.000Z,0.65,0.11,38.5,5.67,6.63,89,GOOD
rd_4833,ses_3402,2026-09-30T17:52:16.000Z,1.29,0.30,38.5,5.68,6.63,100,GOOD
rd_4834,ses_3402,2026-09-30T17:52:24.000Z,1.94,0.59,38.4,5.65,6.66,94,GOOD
rd_4835,ses_3402,2026-09-30T17:52:32.000Z,2.59,0.98,38.4,5.63,6.65,95,GOOD
rd_4836,ses_3402,2026-09-30T17:52:40.000Z,3.23,1.46,38.4,5.66,6.64,91,GOOD
rd_4837,ses_3402,2026-09-30T17:52:48.000Z,3.87,2.04,38.3,5.63,6.66,95,GOOD
rd_4838,ses_3402,2026-09-30T17:52:56.000Z,3.7,2.60,38.4,5.68,6.66,92,GOOD
rd_4839,ses_3402,2026-09-30T17:53:04.000Z,3.63,3.14,38.4,5.68,6.62,85,GOOD
rd_4840,ses_3402,2026-09-30T17:53:12.000Z,3.81,3.71,38.4,5.63,6.64,94,GOOD
rd_4841,ses_3402,2026-09-30T17:53:20.000Z,3.67,4.26,38.4,5.64,6.65,90,GOOD
rd_4842,ses_3402,2026-09-30T17:53:28.000Z,3.69,4.82,38.4,5.66,6.64,96,GOOD
rd_4843,ses_3402,2026-09-30T17:53:36.000Z,3.73,5.38,38.5,5.66,6.62,99,GOOD
rd_4844,ses_3402,2026-09-30T17:53:44.000Z,3.82,5.95,38.4,5.66,6.63,89,GOOD
rd_4845,ses_3402,2026-09-30T17:53:52.000Z,3.68,6.50,38.4,5.63,6.64,99,GOOD
rd_4846,ses_3402,2026-09-30T17:54:00.000Z,3.81,7.07,38.5,5.64,6.63,101,GOOD
rd_4847,ses_3402,2026-09-30T17:54:08.000Z,3.88,7.66,38.4,5.65,6.65,86,GOOD
rd_4848,ses_3402,2026-09-30T17:54:16.000Z,3.83,8.23,38.4,5.69,6.63,91,GOOD
rd_4849,ses_3402,2026-09-30T17:54:24.000Z,3.85,8.81,38.3,5.65,6.63,101,GOOD
rd_4850,ses_3402,2026-09-30T17:54:32.000Z,3.63,9.35,38.4,5.65,6.63,97,GOOD
rd_4851,ses_3402,2026-09-30T17:54:40.000Z,3.68,9.90,38.5,5.70,6.65,94,GOOD
rd_4852,ses_3402,2026-09-30T17:54:48.000Z,3.45,10.42,38.5,5.66,6.63,93,GOOD
rd_4853,ses_3402,2026-09-30T17:54:56.000Z,3.02,10.87,38.5,5.69,6.63,97,GOOD
rd_4854,ses_3402,2026-09-30T17:55:04.000Z,2.59,11.26,38.4,5.68,6.64,101,GOOD
rd_4855,ses_3402,2026-09-30T17:55:12.000Z,2.16,11.59,38.4,5.64,6.62,100,GOOD
rd_4856,ses_3402,2026-09-30T17:55:20.000Z,1.72,11.85,38.5,5.65,6.65,99,GOOD
rd_4857,ses_3402,2026-09-30T17:55:28.000Z,1.29,12.04,38.5,5.66,6.64,88,GOOD
rd_4858,ses_3402,2026-09-30T17:55:36.000Z,0.86,12.17,38.4,5.67,6.65,94,GOOD
rd_4859,ses_3402,2026-09-30T17:55:44.000Z,0.43,12.23,38.4,5.69,6.66,88,GOOD
rd_4860,ses_3402,2026-09-30T17:55:52.000Z,0.05,12.24,38.3,5.68,6.64,91,GOOD
rd_4861,ses_3403,2026-09-30T18:05:00.000Z,0.05,0.01,38.6,5.53,6.73,117,GOOD
rd_4862,ses_3403,2026-09-30T18:05:08.000Z,0.71,0.11,38.7,5.50,6.70,125,GOOD
rd_4863,ses_3403,2026-09-30T18:05:16.000Z,1.42,0.33,38.7,5.51,6.70,119,GOOD
rd_4864,ses_3403,2026-09-30T18:05:24.000Z,2.13,0.65,38.6,5.54,6.73,114,GOOD
rd_4865,ses_3403,2026-09-30T18:05:32.000Z,2.84,1.07,38.5,5.48,6.69,122,GOOD
rd_4866,ses_3403,2026-09-30T18:05:40.000Z,3.55,1.60,38.7,5.50,6.73,110,GOOD
rd_4867,ses_3403,2026-09-30T18:05:48.000Z,4.21,2.24,38.6,5.50,6.70,123,GOOD
rd_4868,ses_3403,2026-09-30T18:05:56.000Z,4.01,2.84,38.6,5.53,6.72,121,GOOD
rd_4869,ses_3403,2026-09-30T18:06:04.000Z,4.26,3.48,38.5,5.49,6.70,110,GOOD
rd_4870,ses_3403,2026-09-30T18:06:12.000Z,4.1,4.09,38.5,5.50,6.70,123,GOOD
rd_4871,ses_3403,2026-09-30T18:06:20.000Z,4.17,4.72,38.5,5.53,6.69,113,GOOD
rd_4872,ses_3403,2026-09-30T18:06:28.000Z,4.04,5.32,38.5,5.47,6.71,114,GOOD
rd_4873,ses_3403,2026-09-30T18:06:36.000Z,4.09,5.94,38.6,5.48,6.71,113,GOOD
rd_4874,ses_3403,2026-09-30T18:06:44.000Z,4.06,6.55,38.7,5.53,6.71,120,GOOD
rd_4875,ses_3403,2026-09-30T18:06:52.000Z,4.02,7.15,38.5,5.50,6.73,124,GOOD
rd_4876,ses_3403,2026-09-30T18:07:00.000Z,4.21,7.78,38.5,5.54,6.71,123,GOOD
rd_4877,ses_3403,2026-09-30T18:07:08.000Z,4.21,8.41,38.7,5.55,6.71,120,GOOD
rd_4878,ses_3403,2026-09-30T18:07:16.000Z,4.1,9.03,38.5,5.51,6.70,112,GOOD
rd_4879,ses_3403,2026-09-30T18:07:24.000Z,4.02,9.63,38.5,5.53,6.71,115,GOOD
rd_4880,ses_3403,2026-09-30T18:07:32.000Z,4.21,10.26,38.7,5.49,6.72,118,GOOD
rd_4881,ses_3403,2026-09-30T18:07:40.000Z,4.08,10.87,38.6,5.48,6.72,116,GOOD
rd_4882,ses_3403,2026-09-30T18:07:48.000Z,3.79,11.44,38.7,5.52,6.71,114,GOOD
rd_4883,ses_3403,2026-09-30T18:07:56.000Z,3.31,11.94,38.7,5.53,6.69,117,GOOD
rd_4884,ses_3403,2026-09-30T18:08:04.000Z,2.84,12.36,38.6,5.54,6.70,124,GOOD
rd_4885,ses_3403,2026-09-30T18:08:12.000Z,2.37,12.72,38.7,5.47,6.69,123,GOOD
rd_4886,ses_3403,2026-09-30T18:08:20.000Z,1.89,13.00,38.5,5.54,6.69,114,GOOD
rd_4887,ses_3403,2026-09-30T18:08:28.000Z,1.42,13.22,38.6,5.48,6.70,124,GOOD
rd_4888,ses_3403,2026-09-30T18:08:36.000Z,0.95,13.36,38.7,5.52,6.71,116,GOOD
rd_4889,ses_3403,2026-09-30T18:08:44.000Z,0.47,13.43,38.7,5.49,6.70,121,GOOD
rd_4890,ses_3403,2026-09-30T18:08:52.000Z,0.05,13.44,38.6,5.50,6.70,110,GOOD
rd_4891,ses_3404,2026-09-30T17:21:00.000Z,0.05,0.01,38.7,5.57,6.62,110,GOOD
rd_4892,ses_3404,2026-09-30T17:21:08.000Z,0.62,0.10,38.8,5.58,6.60,118,GOOD
rd_4893,ses_3404,2026-09-30T17:21:16.000Z,1.24,0.29,38.7,5.56,6.61,107,GOOD
rd_4894,ses_3404,2026-09-30T17:21:24.000Z,1.86,0.57,38.7,5.61,6.61,116,GOOD
rd_4895,ses_3404,2026-09-30T17:21:32.000Z,2.48,0.94,38.7,5.61,6.61,117,GOOD
rd_4896,ses_3404,2026-09-30T17:21:40.000Z,3.09,1.40,38.7,5.56,6.62,111,GOOD
rd_4897,ses_3404,2026-09-30T17:21:48.000Z,3.53,1.93,38.8,5.61,6.61,111,GOOD
rd_4898,ses_3404,2026-09-30T17:21:56.000Z,3.56,2.46,38.6,5.56,6.60,117,GOOD
rd_4899,ses_3404,2026-09-30T17:22:04.000Z,3.46,2.98,38.7,5.56,6.61,104,GOOD
rd_4900,ses_3404,2026-09-30T17:22:12.000Z,3.72,3.54,38.7,5.58,6.60,108,GOOD
rd_4901,ses_3404,2026-09-30T17:22:20.000Z,3.49,4.07,38.6,5.59,6.59,109,GOOD
rd_4902,ses_3404,2026-09-30T17:22:28.000Z,3.65,4.61,38.7,5.57,6.60,103,GOOD
rd_4903,ses_3404,2026-09-30T17:22:36.000Z,3.57,5.15,38.8,5.58,6.60,113,GOOD
rd_4904,ses_3404,2026-09-30T17:22:44.000Z,3.55,5.68,38.6,5.55,6.62,109,GOOD
rd_4905,ses_3404,2026-09-30T17:22:52.000Z,3.63,6.23,38.6,5.61,6.62,117,GOOD
rd_4906,ses_3404,2026-09-30T17:23:00.000Z,3.5,6.75,38.8,5.56,6.61,105,GOOD
rd_4907,ses_3404,2026-09-30T17:23:08.000Z,3.48,7.27,38.7,5.56,6.61,104,GOOD
rd_4908,ses_3404,2026-09-30T17:23:16.000Z,3.57,7.81,38.6,5.58,6.60,107,GOOD
rd_4909,ses_3404,2026-09-30T17:23:24.000Z,3.54,8.34,38.6,5.57,6.61,105,GOOD
rd_4910,ses_3404,2026-09-30T17:23:32.000Z,3.48,8.86,38.7,5.59,6.62,117,GOOD
rd_4911,ses_3404,2026-09-30T17:23:40.000Z,3.5,9.39,38.7,5.55,6.62,106,GOOD
rd_4912,ses_3404,2026-09-30T17:23:48.000Z,3.3,9.88,38.8,5.60,6.62,105,GOOD
rd_4913,ses_3404,2026-09-30T17:23:56.000Z,2.89,10.31,38.7,5.63,6.59,105,GOOD
rd_4914,ses_3404,2026-09-30T17:24:04.000Z,2.48,10.69,38.8,5.63,6.60,117,GOOD
rd_4915,ses_3404,2026-09-30T17:24:12.000Z,2.06,11.00,38.7,5.58,6.59,103,GOOD
rd_4916,ses_3404,2026-09-30T17:24:20.000Z,1.65,11.24,38.8,5.58,6.61,109,GOOD
rd_4917,ses_3404,2026-09-30T17:24:28.000Z,1.24,11.43,38.7,5.55,6.60,105,GOOD
rd_4918,ses_3404,2026-09-30T17:24:36.000Z,0.83,11.55,38.7,5.60,6.62,113,GOOD
rd_4919,ses_3404,2026-09-30T17:24:44.000Z,0.41,11.61,38.6,5.57,6.62,103,GOOD
rd_4920,ses_3404,2026-09-30T17:24:52.000Z,0.05,11.62,38.7,5.61,6.62,106,GOOD
rd_4921,ses_3405,2026-09-30T18:06:00.000Z,0.05,0.01,38.5,5.44,6.68,137,GOOD
rd_4922,ses_3405,2026-09-30T18:06:08.000Z,0.69,0.11,38.6,5.40,6.65,129,GOOD
rd_4923,ses_3405,2026-09-30T18:06:16.000Z,1.38,0.32,38.6,5.43,6.66,132,GOOD
rd_4924,ses_3405,2026-09-30T18:06:24.000Z,2.06,0.63,38.6,5.41,6.65,137,GOOD
rd_4925,ses_3405,2026-09-30T18:06:32.000Z,2.75,1.04,38.7,5.37,6.67,141,GOOD
rd_4926,ses_3405,2026-09-30T18:06:40.000Z,3.44,1.56,38.7,5.38,6.65,135,GOOD
rd_4927,ses_3405,2026-09-30T18:06:48.000Z,4.06,2.16,38.5,5.38,6.65,127,GOOD
rd_4928,ses_3405,2026-09-30T18:06:56.000Z,3.97,2.76,38.5,5.42,6.66,126,GOOD
rd_4929,ses_3405,2026-09-30T18:07:04.000Z,4.13,3.38,38.7,5.39,6.67,132,GOOD
rd_4930,ses_3405,2026-09-30T18:07:12.000Z,3.91,3.97,38.6,5.38,6.65,136,GOOD
rd_4931,ses_3405,2026-09-30T18:07:20.000Z,3.99,4.56,38.6,5.43,6.66,139,GOOD
rd_4932,ses_3405,2026-09-30T18:07:28.000Z,3.85,5.14,38.7,5.38,6.67,129,GOOD
rd_4933,ses_3405,2026-09-30T18:07:36.000Z,3.97,5.74,38.5,5.38,6.65,139,GOOD
rd_4934,ses_3405,2026-09-30T18:07:44.000Z,4.1,6.35,38.7,5.40,6.66,133,GOOD
rd_4935,ses_3405,2026-09-30T18:07:52.000Z,4.06,6.96,38.6,5.37,6.66,139,GOOD
rd_4936,ses_3405,2026-09-30T18:08:00.000Z,3.91,7.55,38.7,5.40,6.64,125,GOOD
rd_4937,ses_3405,2026-09-30T18:08:08.000Z,4.04,8.15,38.6,5.41,6.66,128,GOOD
rd_4938,ses_3405,2026-09-30T18:08:16.000Z,4.07,8.76,38.6,5.38,6.68,130,GOOD
rd_4939,ses_3405,2026-09-30T18:08:24.000Z,3.92,9.35,38.5,5.41,6.67,128,GOOD
rd_4940,ses_3405,2026-09-30T18:08:32.000Z,3.86,9.93,38.6,5.45,6.66,131,GOOD
rd_4941,ses_3405,2026-09-30T18:08:40.000Z,3.98,10.53,38.6,5.40,6.67,131,GOOD
rd_4942,ses_3405,2026-09-30T18:08:48.000Z,3.67,11.08,38.6,5.45,6.65,134,GOOD
rd_4943,ses_3405,2026-09-30T18:08:56.000Z,3.21,11.56,38.7,5.38,6.68,129,GOOD
rd_4944,ses_3405,2026-09-30T18:09:04.000Z,2.75,11.97,38.6,5.44,6.64,128,GOOD
rd_4945,ses_3405,2026-09-30T18:09:12.000Z,2.29,12.32,38.6,5.43,6.67,125,GOOD
rd_4946,ses_3405,2026-09-30T18:09:20.000Z,1.83,12.59,38.6,5.39,6.66,126,GOOD
rd_4947,ses_3405,2026-09-30T18:09:28.000Z,1.38,12.80,38.6,5.39,6.65,136,GOOD
rd_4948,ses_3405,2026-09-30T18:09:36.000Z,0.92,12.94,38.7,5.39,6.67,130,GOOD
rd_4949,ses_3405,2026-09-30T18:09:44.000Z,0.46,13.01,38.6,5.44,6.66,129,GOOD
rd_4950,ses_3405,2026-09-30T18:09:52.000Z,0.05,13.01,38.7,5.40,6.65,140,GOOD
rd_4951,ses_3406,2026-09-30T18:03:00.000Z,0.05,0.01,38.6,5.56,6.59,130,GOOD
rd_4952,ses_3406,2026-09-30T18:03:08.000Z,0.58,0.09,38.6,5.49,6.59,122,GOOD
rd_4953,ses_3406,2026-09-30T18:03:16.000Z,1.16,0.27,38.6,5.54,6.60,122,GOOD
rd_4954,ses_3406,2026-09-30T18:03:24.000Z,1.74,0.53,38.5,5.55,6.59,127,GOOD
rd_4955,ses_3406,2026-09-30T18:03:32.000Z,2.32,0.88,38.5,5.51,6.62,122,GOOD
rd_4956,ses_3406,2026-09-30T18:03:40.000Z,2.9,1.31,38.7,5.48,6.59,124,GOOD
rd_4957,ses_3406,2026-09-30T18:03:48.000Z,3.22,1.80,38.5,5.49,6.61,116,GOOD
rd_4958,ses_3406,2026-09-30T18:03:56.000Z,3.5,2.32,38.5,5.53,6.61,120,GOOD
rd_4959,ses_3406,2026-09-30T18:04:04.000Z,3.31,2.82,38.7,5.51,6.60,118,GOOD
rd_4960,ses_3406,2026-09-30T18:04:12.000Z,3.28,3.31,38.6,5.55,6.59,129,GOOD
rd_4961,ses_3406,2026-09-30T18:04:20.000Z,3.44,3.83,38.7,5.48,6.62,122,GOOD
rd_4962,ses_3406,2026-09-30T18:04:28.000Z,3.36,4.33,38.6,5.52,6.61,121,GOOD
rd_4963,ses_3406,2026-09-30T18:04:36.000Z,3.38,4.84,38.6,5.49,6.58,116,GOOD
rd_4964,ses_3406,2026-09-30T18:04:44.000Z,3.49,5.36,38.6,5.55,6.59,120,GOOD
rd_4965,ses_3406,2026-09-30T18:04:52.000Z,3.36,5.86,38.6,5.55,6.59,127,GOOD
rd_4966,ses_3406,2026-09-30T18:05:00.000Z,3.41,6.38,38.6,5.52,6.59,127,GOOD
rd_4967,ses_3406,2026-09-30T18:05:08.000Z,3.36,6.88,38.6,5.50,6.60,125,GOOD
rd_4968,ses_3406,2026-09-30T18:05:16.000Z,3.4,7.39,38.5,5.53,6.58,128,GOOD
rd_4969,ses_3406,2026-09-30T18:05:24.000Z,3.27,7.88,38.6,5.51,6.58,124,GOOD
rd_4970,ses_3406,2026-09-30T18:05:32.000Z,3.25,8.37,38.7,5.53,6.60,124,GOOD
rd_4971,ses_3406,2026-09-30T18:05:40.000Z,3.34,8.87,38.5,5.50,6.59,129,GOOD
rd_4972,ses_3406,2026-09-30T18:05:48.000Z,3.09,9.33,38.6,5.52,6.58,124,GOOD
rd_4973,ses_3406,2026-09-30T18:05:56.000Z,2.7,9.74,38.7,5.51,6.62,123,GOOD
rd_4974,ses_3406,2026-09-30T18:06:04.000Z,2.32,10.08,38.6,5.53,6.60,116,GOOD
rd_4975,ses_3406,2026-09-30T18:06:12.000Z,1.93,10.37,38.5,5.49,6.61,116,GOOD
rd_4976,ses_3406,2026-09-30T18:06:20.000Z,1.54,10.60,38.7,5.54,6.59,121,GOOD
rd_4977,ses_3406,2026-09-30T18:06:28.000Z,1.16,10.78,38.6,5.53,6.62,129,GOOD
rd_4978,ses_3406,2026-09-30T18:06:36.000Z,0.77,10.89,38.7,5.50,6.61,124,GOOD
rd_4979,ses_3406,2026-09-30T18:06:44.000Z,0.39,10.95,38.6,5.53,6.61,121,GOOD
rd_4980,ses_3406,2026-09-30T18:06:52.000Z,0.05,10.96,38.6,5.50,6.59,131,GOOD
rd_4981,ses_3407,2026-09-30T17:05:00.000Z,0.05,0.01,38.8,5.73,6.66,141,GOOD
rd_4982,ses_3407,2026-09-30T17:05:08.000Z,0.64,0.10,38.7,5.71,6.65,144,GOOD
rd_4983,ses_3407,2026-09-30T17:05:16.000Z,1.27,0.29,38.9,5.75,6.64,139,GOOD
rd_4984,ses_3407,2026-09-30T17:05:24.000Z,1.91,0.58,38.7,5.77,6.64,132,GOOD
rd_4985,ses_3407,2026-09-30T17:05:32.000Z,2.54,0.96,38.8,5.70,6.64,133,GOOD
rd_4986,ses_3407,2026-09-30T17:05:40.000Z,3.18,1.44,38.9,5.71,6.65,131,GOOD
rd_4987,ses_3407,2026-09-30T17:05:48.000Z,3.64,1.98,38.8,5.78,6.65,142,GOOD
rd_4988,ses_3407,2026-09-30T17:05:56.000Z,3.67,2.54,38.7,5.78,6.63,145,GOOD
rd_4989,ses_3407,2026-09-30T17:06:04.000Z,3.57,3.07,38.8,5.76,6.64,130,GOOD
rd_4990,ses_3407,2026-09-30T17:06:12.000Z,3.69,3.62,38.7,5.77,6.65,134,GOOD
rd_4991,ses_3407,2026-09-30T17:06:20.000Z,3.57,4.16,38.8,5.74,6.62,139,GOOD
rd_4992,ses_3407,2026-09-30T17:06:28.000Z,3.69,4.71,38.8,5.76,6.66,143,GOOD
rd_4993,ses_3407,2026-09-30T17:06:36.000Z,3.57,5.25,38.7,5.72,6.65,145,GOOD
rd_4994,ses_3407,2026-09-30T17:06:44.000Z,3.64,5.79,38.9,5.73,6.64,142,GOOD
rd_4995,ses_3407,2026-09-30T17:06:52.000Z,3.74,6.36,38.7,5.78,6.64,145,GOOD
rd_4996,ses_3407,2026-09-30T17:07:00.000Z,3.58,6.89,38.8,5.71,6.64,133,GOOD
rd_4997,ses_3407,2026-09-30T17:07:08.000Z,3.65,7.44,38.9,5.72,6.62,146,GOOD
rd_4998,ses_3407,2026-09-30T17:07:16.000Z,3.71,8.00,38.9,5.76,6.65,141,GOOD
rd_4999,ses_3407,2026-09-30T17:07:24.000Z,3.77,8.56,38.9,5.73,6.63,142,GOOD
rd_5000,ses_3407,2026-09-30T17:07:32.000Z,3.81,9.13,38.7,5.71,6.64,130,GOOD
rd_5001,ses_3407,2026-09-30T17:07:40.000Z,3.71,9.69,38.8,5.74,6.66,143,GOOD
rd_5002,ses_3407,2026-09-30T17:07:48.000Z,3.39,10.20,38.8,5.78,6.66,134,GOOD
rd_5003,ses_3407,2026-09-30T17:07:56.000Z,2.97,10.64,38.9,5.75,6.65,137,GOOD
rd_5004,ses_3407,2026-09-30T17:08:04.000Z,2.54,11.02,38.9,5.73,6.64,137,GOOD
rd_5005,ses_3407,2026-09-30T17:08:12.000Z,2.12,11.34,38.7,5.71,6.63,141,GOOD
rd_5006,ses_3407,2026-09-30T17:08:20.000Z,1.7,11.60,38.9,5.73,6.64,132,GOOD
rd_5007,ses_3407,2026-09-30T17:08:28.000Z,1.27,11.79,38.8,5.77,6.63,139,GOOD
rd_5008,ses_3407,2026-09-30T17:08:36.000Z,0.85,11.92,38.8,5.74,6.64,143,GOOD
rd_5009,ses_3407,2026-09-30T17:08:44.000Z,0.42,11.98,38.8,5.78,6.64,131,GOOD
rd_5010,ses_3407,2026-09-30T17:08:52.000Z,0.05,11.99,38.8,5.74,6.64,140,GOOD
rd_5011,ses_3408,2026-09-30T17:30:00.000Z,0.05,0.01,38.7,5.54,6.68,154,GOOD
rd_5012,ses_3408,2026-09-30T17:30:08.000Z,0.69,0.11,38.5,5.56,6.66,152,GOOD
rd_5013,ses_3408,2026-09-30T17:30:16.000Z,1.38,0.32,38.5,5.57,6.66,163,GOOD
rd_5014,ses_3408,2026-09-30T17:30:24.000Z,2.06,0.63,38.5,5.57,6.68,160,GOOD
rd_5015,ses_3408,2026-09-30T17:30:32.000Z,2.75,1.04,38.7,5.52,6.68,158,GOOD
rd_5016,ses_3408,2026-09-30T17:30:40.000Z,3.44,1.56,38.6,5.54,6.69,155,GOOD
rd_5017,ses_3408,2026-09-30T17:30:48.000Z,4.01,2.16,38.7,5.57,6.69,152,GOOD
rd_5018,ses_3408,2026-09-30T17:30:56.000Z,4.08,2.77,38.6,5.52,6.68,157,GOOD
rd_5019,ses_3408,2026-09-30T17:31:04.000Z,3.87,3.35,38.7,5.57,6.69,159,GOOD
rd_5020,ses_3408,2026-09-30T17:31:12.000Z,3.9,3.93,38.7,5.56,6.66,150,GOOD
rd_5021,ses_3408,2026-09-30T17:31:20.000Z,3.98,4.53,38.7,5.53,6.68,162,GOOD
rd_5022,ses_3408,2026-09-30T17:31:28.000Z,4.07,5.14,38.5,5.52,6.67,153,GOOD
rd_5023,ses_3408,2026-09-30T17:31:36.000Z,4.05,5.75,38.6,5.55,6.67,152,GOOD
rd_5024,ses_3408,2026-09-30T17:31:44.000Z,4.09,6.36,38.6,5.57,6.69,165,GOOD
rd_5025,ses_3408,2026-09-30T17:31:52.000Z,4.09,6.98,38.6,5.56,6.66,154,GOOD
rd_5026,ses_3408,2026-09-30T17:32:00.000Z,3.88,7.56,38.6,5.58,6.66,158,GOOD
rd_5027,ses_3408,2026-09-30T17:32:08.000Z,4.1,8.17,38.6,5.58,6.68,162,GOOD
rd_5028,ses_3408,2026-09-30T17:32:16.000Z,3.95,8.77,38.5,5.54,6.66,151,GOOD
rd_5029,ses_3408,2026-09-30T17:32:24.000Z,3.85,9.34,38.7,5.53,6.67,151,GOOD
rd_5030,ses_3408,2026-09-30T17:32:32.000Z,3.84,9.92,38.7,5.52,6.67,164,GOOD
rd_5031,ses_3408,2026-09-30T17:32:40.000Z,3.99,10.52,38.5,5.53,6.70,158,GOOD
rd_5032,ses_3408,2026-09-30T17:32:48.000Z,3.67,11.07,38.6,5.56,6.66,156,GOOD
rd_5033,ses_3408,2026-09-30T17:32:56.000Z,3.21,11.55,38.6,5.58,6.68,161,GOOD
rd_5034,ses_3408,2026-09-30T17:33:04.000Z,2.75,11.96,38.7,5.53,6.66,165,GOOD
rd_5035,ses_3408,2026-09-30T17:33:12.000Z,2.29,12.31,38.7,5.53,6.66,162,GOOD
rd_5036,ses_3408,2026-09-30T17:33:20.000Z,1.83,12.58,38.7,5.54,6.66,163,GOOD
rd_5037,ses_3408,2026-09-30T17:33:28.000Z,1.38,12.79,38.6,5.56,6.68,164,GOOD
rd_5038,ses_3408,2026-09-30T17:33:36.000Z,0.92,12.93,38.7,5.58,6.68,163,GOOD
rd_5039,ses_3408,2026-09-30T17:33:44.000Z,0.46,12.99,38.7,5.55,6.68,158,GOOD
rd_5040,ses_3408,2026-09-30T17:33:52.000Z,0.05,13.00,38.6,5.54,6.69,164,GOOD
rd_5041,ses_3409,2026-09-30T17:04:00.000Z,0.05,0.01,38.5,5.59,6.63,157,GOOD
rd_5042,ses_3409,2026-09-30T17:04:08.000Z,0.62,0.10,38.7,5.57,6.63,158,GOOD
rd_5043,ses_3409,2026-09-30T17:04:16.000Z,1.23,0.29,38.5,5.54,6.64,171,GOOD
rd_5044,ses_3409,2026-09-30T17:04:24.000Z,1.85,0.56,38.5,5.56,6.64,164,GOOD
rd_5045,ses_3409,2026-09-30T17:04:32.000Z,2.46,0.93,38.7,5.54,6.65,160,GOOD
rd_5046,ses_3409,2026-09-30T17:04:40.000Z,3.08,1.39,38.6,5.53,6.64,166,GOOD
rd_5047,ses_3409,2026-09-30T17:04:48.000Z,3.6,1.93,38.7,5.58,6.64,170,GOOD
rd_5048,ses_3409,2026-09-30T17:04:56.000Z,3.57,2.47,38.7,5.54,6.62,160,GOOD
rd_5049,ses_3409,2026-09-30T17:05:04.000Z,3.72,3.03,38.6,5.56,6.62,169,GOOD
rd_5050,ses_3409,2026-09-30T17:05:12.000Z,3.55,3.56,38.5,5.56,6.64,160,GOOD
rd_5051,ses_3409,2026-09-30T17:05:20.000Z,3.45,4.08,38.7,5.55,6.63,166,GOOD
rd_5052,ses_3409,2026-09-30T17:05:28.000Z,3.66,4.63,38.6,5.55,6.65,160,GOOD
rd_5053,ses_3409,2026-09-30T17:05:36.000Z,3.7,5.18,38.6,5.56,6.65,170,GOOD
rd_5054,ses_3409,2026-09-30T17:05:44.000Z,3.5,5.71,38.5,5.57,6.64,171,GOOD
rd_5055,ses_3409,2026-09-30T17:05:52.000Z,3.48,6.23,38.5,5.55,6.63,165,GOOD
rd_5056,ses_3409,2026-09-30T17:06:00.000Z,3.64,6.77,38.5,5.54,6.65,161,GOOD
rd_5057,ses_3409,2026-09-30T17:06:08.000Z,3.63,7.32,38.7,5.61,6.62,162,GOOD
rd_5058,ses_3409,2026-09-30T17:06:16.000Z,3.5,7.84,38.5,5.53,6.63,168,GOOD
rd_5059,ses_3409,2026-09-30T17:06:24.000Z,3.67,8.39,38.6,5.55,6.63,159,GOOD
rd_5060,ses_3409,2026-09-30T17:06:32.000Z,3.58,8.93,38.6,5.59,6.63,166,GOOD
rd_5061,ses_3409,2026-09-30T17:06:40.000Z,3.43,9.45,38.6,5.59,6.64,157,GOOD
rd_5062,ses_3409,2026-09-30T17:06:48.000Z,3.28,9.94,38.6,5.54,6.65,170,GOOD
rd_5063,ses_3409,2026-09-30T17:06:56.000Z,2.87,10.37,38.7,5.54,6.63,167,GOOD
rd_5064,ses_3409,2026-09-30T17:07:04.000Z,2.46,10.74,38.6,5.53,6.62,171,GOOD
rd_5065,ses_3409,2026-09-30T17:07:12.000Z,2.05,11.04,38.5,5.60,6.66,166,GOOD
rd_5066,ses_3409,2026-09-30T17:07:20.000Z,1.64,11.29,38.5,5.57,6.65,157,GOOD
rd_5067,ses_3409,2026-09-30T17:07:28.000Z,1.23,11.48,38.6,5.57,6.64,166,GOOD
rd_5068,ses_3409,2026-09-30T17:07:36.000Z,0.82,11.60,38.6,5.60,6.63,155,GOOD
rd_5069,ses_3409,2026-09-30T17:07:44.000Z,0.41,11.66,38.6,5.61,6.65,169,GOOD
rd_5070,ses_3409,2026-09-30T17:07:52.000Z,0.05,11.67,38.6,5.57,6.63,161,GOOD
rd_5071,ses_3410,2026-09-30T18:18:00.000Z,0.05,0.01,38.5,5.44,6.67,100,GOOD
rd_5072,ses_3410,2026-09-30T18:18:08.000Z,0.65,0.11,38.7,5.47,6.69,92,GOOD
rd_5073,ses_3410,2026-09-30T18:18:16.000Z,1.3,0.30,38.5,5.43,6.69,102,GOOD
rd_5074,ses_3410,2026-09-30T18:18:24.000Z,1.94,0.59,38.6,5.43,6.67,99,GOOD
rd_5075,ses_3410,2026-09-30T18:18:32.000Z,2.59,0.98,38.5,5.44,6.67,105,GOOD
rd_5076,ses_3410,2026-09-30T18:18:40.000Z,3.24,1.47,38.7,5.45,6.67,102,GOOD
rd_5077,ses_3410,2026-09-30T18:18:48.000Z,3.71,2.02,38.5,5.42,6.68,102,GOOD
rd_5078,ses_3410,2026-09-30T18:18:56.000Z,3.74,2.58,38.5,5.47,6.67,91,GOOD
rd_5079,ses_3410,2026-09-30T18:19:04.000Z,3.76,3.15,38.5,5.47,6.69,90,GOOD
rd_5080,ses_3410,2026-09-30T18:19:12.000Z,3.87,3.73,38.5,5.49,6.68,103,GOOD
rd_5081,ses_3410,2026-09-30T18:19:20.000Z,3.72,4.29,38.6,5.43,6.68,99,GOOD
rd_5082,ses_3410,2026-09-30T18:19:28.000Z,3.73,4.84,38.6,5.46,6.69,93,GOOD
rd_5083,ses_3410,2026-09-30T18:19:36.000Z,3.82,5.42,38.7,5.47,6.67,94,GOOD
rd_5084,ses_3410,2026-09-30T18:19:44.000Z,3.85,6.00,38.5,5.48,6.66,91,GOOD
rd_5085,ses_3410,2026-09-30T18:19:52.000Z,3.85,6.57,38.6,5.44,6.69,90,GOOD
rd_5086,ses_3410,2026-09-30T18:20:00.000Z,3.65,7.12,38.5,5.44,6.68,103,GOOD
rd_5087,ses_3410,2026-09-30T18:20:08.000Z,3.85,7.70,38.5,5.48,6.68,102,GOOD
rd_5088,ses_3410,2026-09-30T18:20:16.000Z,3.66,8.25,38.7,5.50,6.66,91,GOOD
rd_5089,ses_3410,2026-09-30T18:20:24.000Z,3.61,8.79,38.6,5.42,6.66,98,GOOD
rd_5090,ses_3410,2026-09-30T18:20:32.000Z,3.87,9.37,38.6,5.42,6.68,100,GOOD
rd_5091,ses_3410,2026-09-30T18:20:40.000Z,3.62,9.91,38.5,5.43,6.67,94,GOOD
rd_5092,ses_3410,2026-09-30T18:20:48.000Z,3.46,10.43,38.7,5.44,6.68,101,GOOD
rd_5093,ses_3410,2026-09-30T18:20:56.000Z,3.03,10.89,38.5,5.49,6.68,92,GOOD
rd_5094,ses_3410,2026-09-30T18:21:04.000Z,2.59,11.27,38.5,5.45,6.70,104,GOOD
rd_5095,ses_3410,2026-09-30T18:21:12.000Z,2.16,11.60,38.7,5.47,6.70,96,GOOD
rd_5096,ses_3410,2026-09-30T18:21:20.000Z,1.73,11.86,38.5,5.48,6.68,104,GOOD
rd_5097,ses_3410,2026-09-30T18:21:28.000Z,1.3,12.05,38.7,5.46,6.70,99,GOOD
rd_5098,ses_3410,2026-09-30T18:21:36.000Z,0.86,12.18,38.6,5.43,6.67,102,GOOD
rd_5099,ses_3410,2026-09-30T18:21:44.000Z,0.43,12.25,38.5,5.46,6.69,91,GOOD
rd_5100,ses_3410,2026-09-30T18:21:52.000Z,0.05,12.25,38.6,5.46,6.68,102,GOOD
rd_5101,ses_3411,2026-09-30T18:07:00.000Z,0.05,0.01,38.9,6.25,6.81,180,GOOD
rd_5102,ses_3411,2026-09-30T18:07:08.000Z,0.71,0.11,38.8,6.27,6.79,180,GOOD
rd_5103,ses_3411,2026-09-30T18:07:16.000Z,1.42,0.33,38.7,6.21,6.80,181,GOOD
rd_5104,ses_3411,2026-09-30T18:07:24.000Z,2.13,0.65,38.8,6.28,6.78,186,GOOD
rd_5105,ses_3411,2026-09-30T18:07:32.000Z,2.84,1.07,38.9,6.24,6.79,178,GOOD
rd_5106,ses_3411,2026-09-30T18:07:40.000Z,3.55,1.60,38.8,6.23,6.79,187,GOOD
rd_5107,ses_3411,2026-09-30T18:07:48.000Z,4.25,2.24,38.9,6.26,6.78,184,GOOD
rd_5108,ses_3411,2026-09-30T18:07:56.000Z,4.03,2.85,38.7,6.27,6.81,190,GOOD
rd_5109,ses_3411,2026-09-30T18:08:04.000Z,4.04,3.45,38.8,6.25,6.81,186,GOOD
rd_5110,ses_3411,2026-09-30T18:08:12.000Z,4.2,4.08,38.8,6.24,6.78,188,GOOD
rd_5111,ses_3411,2026-09-30T18:08:20.000Z,4.01,4.68,38.9,6.22,6.78,183,GOOD
rd_5112,ses_3411,2026-09-30T18:08:28.000Z,4.01,5.29,38.7,6.28,6.78,187,GOOD
rd_5113,ses_3411,2026-09-30T18:08:36.000Z,4.01,5.89,38.9,6.26,6.78,185,GOOD
rd_5114,ses_3411,2026-09-30T18:08:44.000Z,4.2,6.52,38.9,6.23,6.79,177,GOOD
rd_5115,ses_3411,2026-09-30T18:08:52.000Z,4.04,7.12,38.8,6.20,6.78,188,GOOD
rd_5116,ses_3411,2026-09-30T18:09:00.000Z,4.04,7.73,38.9,6.24,6.80,186,GOOD
rd_5117,ses_3411,2026-09-30T18:09:08.000Z,4.15,8.35,38.9,6.21,6.80,186,GOOD
rd_5118,ses_3411,2026-09-30T18:09:16.000Z,4.26,8.99,38.7,6.23,6.80,191,GOOD
rd_5119,ses_3411,2026-09-30T18:09:24.000Z,3.97,9.59,38.8,6.26,6.79,185,GOOD
rd_5120,ses_3411,2026-09-30T18:09:32.000Z,4.02,10.19,38.9,6.23,6.81,189,GOOD
rd_5121,ses_3411,2026-09-30T18:09:40.000Z,4.21,10.82,38.7,6.27,6.80,180,GOOD
rd_5122,ses_3411,2026-09-30T18:09:48.000Z,3.79,11.39,38.7,6.22,6.80,184,GOOD
rd_5123,ses_3411,2026-09-30T18:09:56.000Z,3.31,11.89,38.8,6.24,6.80,191,GOOD
rd_5124,ses_3411,2026-09-30T18:10:04.000Z,2.84,12.31,38.7,6.25,6.81,180,GOOD
rd_5125,ses_3411,2026-09-30T18:10:12.000Z,2.37,12.67,38.8,6.20,6.80,181,GOOD
rd_5126,ses_3411,2026-09-30T18:10:20.000Z,1.89,12.95,38.7,6.26,6.79,184,GOOD
rd_5127,ses_3411,2026-09-30T18:10:28.000Z,1.42,13.16,38.8,6.20,6.80,180,GOOD
rd_5128,ses_3411,2026-09-30T18:10:36.000Z,0.95,13.31,38.9,6.28,6.79,185,GOOD
rd_5129,ses_3411,2026-09-30T18:10:44.000Z,0.47,13.38,38.8,6.27,6.81,182,GOOD
rd_5130,ses_3411,2026-09-30T18:10:52.000Z,0.05,13.38,38.8,6.25,6.79,179,GOOD
rd_5131,ses_3412,2026-09-30T17:53:00.000Z,0.05,0.01,39.0,6.27,6.72,188,GOOD
rd_5132,ses_3412,2026-09-30T17:53:08.000Z,0.62,0.10,38.8,6.31,6.72,178,GOOD
rd_5133,ses_3412,2026-09-30T17:53:16.000Z,1.24,0.29,39.0,6.31,6.72,182,GOOD
rd_5134,ses_3412,2026-09-30T17:53:24.000Z,1.86,0.57,38.9,6.27,6.73,185,GOOD
rd_5135,ses_3412,2026-09-30T17:53:32.000Z,2.48,0.94,38.8,6.28,6.73,180,GOOD
rd_5136,ses_3412,2026-09-30T17:53:40.000Z,3.1,1.40,38.9,6.28,6.72,188,GOOD
rd_5137,ses_3412,2026-09-30T17:53:48.000Z,3.53,1.93,38.8,6.29,6.73,187,GOOD
rd_5138,ses_3412,2026-09-30T17:53:56.000Z,3.45,2.45,38.9,6.31,6.71,188,GOOD
rd_5139,ses_3412,2026-09-30T17:54:04.000Z,3.51,2.98,39.0,6.32,6.72,189,GOOD
rd_5140,ses_3412,2026-09-30T17:54:12.000Z,3.74,3.54,38.9,6.32,6.72,179,GOOD
rd_5141,ses_3412,2026-09-30T17:54:20.000Z,3.53,4.07,38.9,6.28,6.73,190,GOOD
rd_5142,ses_3412,2026-09-30T17:54:28.000Z,3.6,4.61,39.0,6.32,6.75,187,GOOD
rd_5143,ses_3412,2026-09-30T17:54:36.000Z,3.71,5.16,38.8,6.31,6.72,185,GOOD
rd_5144,ses_3412,2026-09-30T17:54:44.000Z,3.65,5.71,38.9,6.28,6.74,184,GOOD
rd_5145,ses_3412,2026-09-30T17:54:52.000Z,3.63,6.25,38.9,6.30,6.74,179,GOOD
rd_5146,ses_3412,2026-09-30T17:55:00.000Z,3.46,6.77,39.0,6.26,6.73,176,GOOD
rd_5147,ses_3412,2026-09-30T17:55:08.000Z,3.66,7.32,39.0,6.26,6.73,177,GOOD
rd_5148,ses_3412,2026-09-30T17:55:16.000Z,3.54,7.85,38.9,6.28,6.73,185,GOOD
rd_5149,ses_3412,2026-09-30T17:55:24.000Z,3.47,8.37,38.9,6.27,6.73,177,GOOD
rd_5150,ses_3412,2026-09-30T17:55:32.000Z,3.48,8.90,38.8,6.28,6.73,179,GOOD
rd_5151,ses_3412,2026-09-30T17:55:40.000Z,3.64,9.44,38.9,6.31,6.73,183,GOOD
rd_5152,ses_3412,2026-09-30T17:55:48.000Z,3.31,9.94,39.0,6.26,6.73,182,GOOD
rd_5153,ses_3412,2026-09-30T17:55:56.000Z,2.9,10.37,38.9,6.30,6.75,189,GOOD
rd_5154,ses_3412,2026-09-30T17:56:04.000Z,2.48,10.75,39.0,6.33,6.74,179,GOOD
rd_5155,ses_3412,2026-09-30T17:56:12.000Z,2.07,11.06,38.9,6.30,6.74,176,GOOD
rd_5156,ses_3412,2026-09-30T17:56:20.000Z,1.66,11.31,38.9,6.30,6.75,175,GOOD
rd_5157,ses_3412,2026-09-30T17:56:28.000Z,1.24,11.49,38.9,6.27,6.75,187,GOOD
rd_5158,ses_3412,2026-09-30T17:56:36.000Z,0.83,11.62,38.9,6.26,6.73,190,GOOD
rd_5159,ses_3412,2026-09-30T17:56:44.000Z,0.41,11.68,38.9,6.34,6.72,178,GOOD
rd_5160,ses_3412,2026-09-30T17:56:52.000Z,0.05,11.68,38.9,6.26,6.72,175,GOOD
rd_5161,ses_3413,2026-09-30T18:18:00.000Z,0.05,0.01,38.8,6.12,6.78,202,GOOD
rd_5162,ses_3413,2026-09-30T18:18:08.000Z,0.67,0.11,39.0,6.13,6.76,201,GOOD
rd_5163,ses_3413,2026-09-30T18:18:16.000Z,1.35,0.31,38.9,6.12,6.76,204,GOOD
rd_5164,ses_3413,2026-09-30T18:18:24.000Z,2.02,0.61,38.9,6.09,6.76,201,GOOD
rd_5165,ses_3413,2026-09-30T18:18:32.000Z,2.7,1.02,38.8,6.12,6.78,190,GOOD
rd_5166,ses_3413,2026-09-30T18:18:40.000Z,3.37,1.52,38.8,6.14,6.79,199,GOOD
rd_5167,ses_3413,2026-09-30T18:18:48.000Z,3.96,2.12,38.8,6.10,6.77,198,GOOD
rd_5168,ses_3413,2026-09-30T18:18:56.000Z,3.89,2.70,38.8,6.13,6.78,198,GOOD
rd_5169,ses_3413,2026-09-30T18:19:04.000Z,3.76,3.27,38.9,6.13,6.76,197,GOOD
rd_5170,ses_3413,2026-09-30T18:19:12.000Z,3.87,3.85,38.8,6.08,6.78,192,GOOD
rd_5171,ses_3413,2026-09-30T18:19:20.000Z,4.01,4.45,39.0,6.12,6.78,198,GOOD
rd_5172,ses_3413,2026-09-30T18:19:28.000Z,3.97,5.04,38.9,6.14,6.75,200,GOOD
rd_5173,ses_3413,2026-09-30T18:19:36.000Z,4.02,5.65,38.8,6.09,6.77,206,GOOD
rd_5174,ses_3413,2026-09-30T18:19:44.000Z,3.77,6.21,38.9,6.11,6.76,205,GOOD
rd_5175,ses_3413,2026-09-30T18:19:52.000Z,3.76,6.78,38.9,6.10,6.77,198,GOOD
rd_5176,ses_3413,2026-09-30T18:20:00.000Z,3.78,7.34,38.9,6.08,6.78,198,GOOD
rd_5177,ses_3413,2026-09-30T18:20:08.000Z,4.05,7.95,39.0,6.14,6.79,194,GOOD
rd_5178,ses_3413,2026-09-30T18:20:16.000Z,3.8,8.52,38.9,6.11,6.78,206,GOOD
rd_5179,ses_3413,2026-09-30T18:20:24.000Z,3.82,9.09,38.9,6.12,6.77,196,GOOD
rd_5180,ses_3413,2026-09-30T18:20:32.000Z,3.83,9.67,38.9,6.10,6.79,191,GOOD
rd_5181,ses_3413,2026-09-30T18:20:40.000Z,4.03,10.27,38.9,6.14,6.76,202,GOOD
rd_5182,ses_3413,2026-09-30T18:20:48.000Z,3.6,10.81,38.9,6.08,6.78,204,GOOD
rd_5183,ses_3413,2026-09-30T18:20:56.000Z,3.15,11.28,38.8,6.12,6.79,204,GOOD
rd_5184,ses_3413,2026-09-30T18:21:04.000Z,2.7,11.69,39.0,6.09,6.79,192,GOOD
rd_5185,ses_3413,2026-09-30T18:21:12.000Z,2.25,12.03,38.9,6.09,6.78,193,GOOD
rd_5186,ses_3413,2026-09-30T18:21:20.000Z,1.8,12.30,38.8,6.11,6.76,197,GOOD
rd_5187,ses_3413,2026-09-30T18:21:28.000Z,1.35,12.50,39.0,6.10,6.76,201,GOOD
rd_5188,ses_3413,2026-09-30T18:21:36.000Z,0.9,12.63,38.9,6.09,6.79,193,GOOD
rd_5189,ses_3413,2026-09-30T18:21:44.000Z,0.45,12.70,38.8,6.13,6.78,204,GOOD
rd_5190,ses_3413,2026-09-30T18:21:52.000Z,0.05,12.71,38.8,6.14,6.76,193,GOOD
rd_5191,ses_3414,2026-09-30T17:58:00.000Z,0.05,0.01,38.7,6.25,6.73,225,GOOD
rd_5192,ses_3414,2026-09-30T17:58:08.000Z,0.58,0.09,38.7,6.20,6.73,214,GOOD
rd_5193,ses_3414,2026-09-30T17:58:16.000Z,1.17,0.27,38.8,6.20,6.72,222,GOOD
rd_5194,ses_3414,2026-09-30T17:58:24.000Z,1.75,0.53,38.7,6.22,6.74,213,GOOD
rd_5195,ses_3414,2026-09-30T17:58:32.000Z,2.34,0.88,38.8,6.26,6.72,212,GOOD
rd_5196,ses_3414,2026-09-30T17:58:40.000Z,2.92,1.32,38.7,6.22,6.72,214,GOOD
rd_5197,ses_3414,2026-09-30T17:58:48.000Z,3.51,1.85,38.8,6.24,6.74,220,GOOD
rd_5198,ses_3414,2026-09-30T17:58:56.000Z,3.25,2.34,38.8,6.21,6.73,226,GOOD
rd_5199,ses_3414,2026-09-30T17:59:04.000Z,3.41,2.85,38.9,6.23,6.73,214,GOOD
rd_5200,ses_3414,2026-09-30T17:59:12.000Z,3.4,3.36,38.8,6.22,6.73,219,GOOD
rd_5201,ses_3414,2026-09-30T17:59:20.000Z,3.35,3.86,38.8,6.25,6.75,217,GOOD
rd_5202,ses_3414,2026-09-30T17:59:28.000Z,3.47,4.38,38.9,6.20,6.75,218,GOOD
rd_5203,ses_3414,2026-09-30T17:59:36.000Z,3.51,4.91,38.9,6.26,6.74,220,GOOD
rd_5204,ses_3414,2026-09-30T17:59:44.000Z,3.41,5.42,38.9,6.21,6.72,219,GOOD
rd_5205,ses_3414,2026-09-30T17:59:52.000Z,3.47,5.94,38.8,6.22,6.72,227,GOOD
rd_5206,ses_3414,2026-09-30T18:00:00.000Z,3.38,6.45,38.9,6.23,6.72,215,GOOD
rd_5207,ses_3414,2026-09-30T18:00:08.000Z,3.49,6.97,38.8,6.27,6.75,213,GOOD
rd_5208,ses_3414,2026-09-30T18:00:16.000Z,3.29,7.46,38.8,6.20,6.72,224,GOOD
rd_5209,ses_3414,2026-09-30T18:00:24.000Z,3.28,7.95,38.8,6.24,6.73,222,GOOD
rd_5210,ses_3414,2026-09-30T18:00:32.000Z,3.36,8.46,38.8,6.23,6.71,224,GOOD
rd_5211,ses_3414,2026-09-30T18:00:40.000Z,3.41,8.97,38.9,6.24,6.75,214,GOOD
rd_5212,ses_3414,2026-09-30T18:00:48.000Z,3.12,9.44,38.7,6.21,6.73,222,GOOD
rd_5213,ses_3414,2026-09-30T18:00:56.000Z,2.73,9.85,38.9,6.26,6.73,217,GOOD
rd_5214,ses_3414,2026-09-30T18:01:04.000Z,2.34,10.20,38.7,6.23,6.75,219,GOOD
rd_5215,ses_3414,2026-09-30T18:01:12.000Z,1.95,10.49,38.8,6.20,6.73,214,GOOD
rd_5216,ses_3414,2026-09-30T18:01:20.000Z,1.56,10.72,38.8,6.24,6.74,225,GOOD
rd_5217,ses_3414,2026-09-30T18:01:28.000Z,1.17,10.90,38.8,6.22,6.73,226,GOOD
rd_5218,ses_3414,2026-09-30T18:01:36.000Z,0.78,11.02,38.9,6.19,6.73,215,GOOD
rd_5219,ses_3414,2026-09-30T18:01:44.000Z,0.39,11.08,38.8,6.24,6.73,213,GOOD
rd_5220,ses_3414,2026-09-30T18:01:52.000Z,0.05,11.08,38.8,6.20,6.72,223,GOOD
rd_5221,ses_3415,2026-09-30T17:00:00.000Z,0.05,0.01,38.9,6.16,6.78,237,GOOD
rd_5222,ses_3415,2026-09-30T17:00:08.000Z,0.65,0.11,38.7,6.16,6.78,238,GOOD
rd_5223,ses_3415,2026-09-30T17:00:16.000Z,1.3,0.30,38.8,6.09,6.78,232,GOOD
rd_5224,ses_3415,2026-09-30T17:00:24.000Z,1.94,0.59,38.7,6.08,6.77,241,GOOD
rd_5225,ses_3415,2026-09-30T17:00:32.000Z,2.59,0.98,38.8,6.15,6.76,234,GOOD
rd_5226,ses_3415,2026-09-30T17:00:40.000Z,3.24,1.47,38.9,6.13,6.77,242,GOOD
rd_5227,ses_3415,2026-09-30T17:00:48.000Z,3.73,2.02,38.7,6.11,6.78,233,GOOD
rd_5228,ses_3415,2026-09-30T17:00:56.000Z,3.78,2.59,38.9,6.15,6.77,240,GOOD
rd_5229,ses_3415,2026-09-30T17:01:04.000Z,3.72,3.15,38.8,6.15,6.79,241,GOOD
rd_5230,ses_3415,2026-09-30T17:01:12.000Z,3.81,3.72,38.7,6.14,6.78,242,GOOD
rd_5231,ses_3415,2026-09-30T17:01:20.000Z,3.85,4.30,38.8,6.10,6.78,231,GOOD
rd_5232,ses_3415,2026-09-30T17:01:28.000Z,3.7,4.85,38.8,6.09,6.76,230,GOOD
rd_5233,ses_3415,2026-09-30T17:01:36.000Z,3.64,5.40,38.8,6.09,6.80,231,GOOD
rd_5234,ses_3415,2026-09-30T17:01:44.000Z,3.71,5.96,38.9,6.12,6.79,230,GOOD
rd_5235,ses_3415,2026-09-30T17:01:52.000Z,3.68,6.51,38.8,6.09,6.76,234,GOOD
rd_5236,ses_3415,2026-09-30T17:02:00.000Z,3.62,7.05,38.8,6.13,6.79,230,GOOD
rd_5237,ses_3415,2026-09-30T17:02:08.000Z,3.8,7.62,38.9,6.10,6.79,231,GOOD
rd_5238,ses_3415,2026-09-30T17:02:16.000Z,3.64,8.17,38.8,6.15,6.78,240,GOOD
rd_5239,ses_3415,2026-09-30T17:02:24.000Z,3.76,8.73,38.9,6.11,6.78,229,GOOD
rd_5240,ses_3415,2026-09-30T17:02:32.000Z,3.72,9.29,38.9,6.11,6.78,234,GOOD
rd_5241,ses_3415,2026-09-30T17:02:40.000Z,3.7,9.84,38.7,6.09,6.80,236,GOOD
rd_5242,ses_3415,2026-09-30T17:02:48.000Z,3.46,10.36,38.8,6.12,6.79,241,GOOD
rd_5243,ses_3415,2026-09-30T17:02:56.000Z,3.03,10.82,38.8,6.13,6.78,241,GOOD
rd_5244,ses_3415,2026-09-30T17:03:04.000Z,2.59,11.21,38.8,6.11,6.78,229,GOOD
rd_5245,ses_3415,2026-09-30T17:03:12.000Z,2.16,11.53,38.7,6.13,6.76,228,GOOD
rd_5246,ses_3415,2026-09-30T17:03:20.000Z,1.73,11.79,38.9,6.15,6.78,242,GOOD
rd_5247,ses_3415,2026-09-30T17:03:28.000Z,1.3,11.98,38.8,6.13,6.78,228,GOOD
rd_5248,ses_3415,2026-09-30T17:03:36.000Z,0.86,12.11,38.9,6.09,6.79,230,GOOD
rd_5249,ses_3415,2026-09-30T17:03:44.000Z,0.43,12.18,38.8,6.15,6.78,229,GOOD
rd_5250,ses_3415,2026-09-30T17:03:52.000Z,0.05,12.19,38.7,6.11,6.77,234,GOOD
rd_5251,ses_3416,2026-09-30T17:48:00.000Z,0.05,0.01,39.5,7.13,7.08,950,GOOD
rd_5252,ses_3416,2026-09-30T17:48:08.000Z,0.69,0.11,39.3,7.21,7.11,936,GOOD
rd_5253,ses_3416,2026-09-30T17:48:16.000Z,1.39,0.32,39.5,7.18,7.09,944,GOOD
rd_5254,ses_3416,2026-09-30T17:48:24.000Z,2.08,0.63,39.4,7.21,7.09,937,GOOD
rd_5255,ses_3416,2026-09-30T17:48:32.000Z,2.77,1.05,39.4,7.21,7.08,943,GOOD
rd_5256,ses_3416,2026-09-30T17:48:40.000Z,3.47,1.57,39.4,7.20,7.10,943,GOOD
rd_5257,ses_3416,2026-09-30T17:48:48.000Z,3.89,2.15,39.4,7.19,7.12,946,GOOD
rd_5258,ses_3416,2026-09-30T17:48:56.000Z,3.93,2.74,39.4,7.18,7.11,936,GOOD
rd_5259,ses_3416,2026-09-30T17:49:04.000Z,3.87,3.32,39.5,7.19,7.09,950,GOOD
rd_5260,ses_3416,2026-09-30T17:49:12.000Z,4.16,3.94,39.5,7.20,7.09,939,GOOD
rd_5261,ses_3416,2026-09-30T17:49:20.000Z,4.14,4.57,39.5,7.17,7.10,948,GOOD
rd_5262,ses_3416,2026-09-30T17:49:28.000Z,4.07,5.18,39.5,7.16,7.10,942,GOOD
rd_5263,ses_3416,2026-09-30T17:49:36.000Z,3.92,5.76,39.4,7.13,7.10,950,GOOD
rd_5264,ses_3416,2026-09-30T17:49:44.000Z,3.92,6.35,39.5,7.15,7.11,935,GOOD
rd_5265,ses_3416,2026-09-30T17:49:52.000Z,4,6.95,39.5,7.16,7.11,941,GOOD
rd_5266,ses_3416,2026-09-30T17:50:00.000Z,4.1,7.57,39.3,7.19,7.10,937,GOOD
rd_5267,ses_3416,2026-09-30T17:50:08.000Z,4.12,8.19,39.5,7.18,7.11,938,GOOD
rd_5268,ses_3416,2026-09-30T17:50:16.000Z,3.91,8.77,39.4,7.19,7.08,939,GOOD
rd_5269,ses_3416,2026-09-30T17:50:24.000Z,4.04,9.38,39.3,7.17,7.10,942,GOOD
rd_5270,ses_3416,2026-09-30T17:50:32.000Z,3.93,9.97,39.5,7.15,7.11,942,GOOD
rd_5271,ses_3416,2026-09-30T17:50:40.000Z,4.13,10.59,39.3,7.16,7.12,939,GOOD
rd_5272,ses_3416,2026-09-30T17:50:48.000Z,3.7,11.14,39.3,7.19,7.09,936,GOOD
rd_5273,ses_3416,2026-09-30T17:50:56.000Z,3.23,11.63,39.3,7.17,7.11,940,GOOD
rd_5274,ses_3416,2026-09-30T17:51:04.000Z,2.77,12.04,39.4,7.19,7.11,939,GOOD
rd_5275,ses_3416,2026-09-30T17:51:12.000Z,2.31,12.39,39.5,7.15,7.11,936,GOOD
rd_5276,ses_3416,2026-09-30T17:51:20.000Z,1.85,12.67,39.5,7.15,7.09,943,GOOD
rd_5277,ses_3416,2026-09-30T17:51:28.000Z,1.39,12.87,39.5,7.17,7.09,940,GOOD
rd_5278,ses_3416,2026-09-30T17:51:36.000Z,0.92,13.01,39.4,7.15,7.09,937,GOOD
rd_5279,ses_3416,2026-09-30T17:51:44.000Z,0.46,13.08,39.5,7.18,7.12,946,GOOD
rd_5280,ses_3416,2026-09-30T17:51:52.000Z,0.05,13.09,39.3,7.19,7.10,935,GOOD
rd_5281,ses_3417,2026-09-30T17:20:00.000Z,0.05,0.01,39.5,7.27,7.07,1002,GOOD
rd_5282,ses_3417,2026-09-30T17:20:08.000Z,0.6,0.10,39.3,7.26,7.04,999,GOOD
rd_5283,ses_3417,2026-09-30T17:20:16.000Z,1.2,0.28,39.4,7.28,7.07,1003,GOOD
rd_5284,ses_3417,2026-09-30T17:20:24.000Z,1.8,0.55,39.4,7.27,7.08,1003,GOOD
rd_5285,ses_3417,2026-09-30T17:20:32.000Z,2.4,0.91,39.3,7.24,7.07,993,GOOD
rd_5286,ses_3417,2026-09-30T17:20:40.000Z,3,1.36,39.4,7.27,7.07,1005,GOOD
rd_5287,ses_3417,2026-09-30T17:20:48.000Z,3.37,1.86,39.4,7.25,7.07,1004,GOOD
rd_5288,ses_3417,2026-09-30T17:20:56.000Z,3.59,2.40,39.5,7.27,7.05,992,GOOD
rd_5289,ses_3417,2026-09-30T17:21:04.000Z,3.45,2.92,39.3,7.26,7.08,1006,GOOD
rd_5290,ses_3417,2026-09-30T17:21:12.000Z,3.52,3.45,39.3,7.27,7.08,996,GOOD
rd_5291,ses_3417,2026-09-30T17:21:20.000Z,3.62,3.99,39.4,7.27,7.05,992,GOOD
rd_5292,ses_3417,2026-09-30T17:21:28.000Z,3.43,4.50,39.4,7.23,7.06,999,GOOD
rd_5293,ses_3417,2026-09-30T17:21:36.000Z,3.42,5.02,39.4,7.26,7.05,991,GOOD
rd_5294,ses_3417,2026-09-30T17:21:44.000Z,3.63,5.56,39.5,7.28,7.07,994,GOOD
rd_5295,ses_3417,2026-09-30T17:21:52.000Z,3.47,6.08,39.3,7.29,7.05,1005,GOOD
rd_5296,ses_3417,2026-09-30T17:22:00.000Z,3.47,6.60,39.4,7.27,7.08,997,GOOD
rd_5297,ses_3417,2026-09-30T17:22:08.000Z,3.41,7.11,39.5,7.29,7.08,1005,GOOD
rd_5298,ses_3417,2026-09-30T17:22:16.000Z,3.59,7.65,39.4,7.27,7.06,994,GOOD
rd_5299,ses_3417,2026-09-30T17:22:24.000Z,3.54,8.18,39.4,7.23,7.06,1004,GOOD
rd_5300,ses_3417,2026-09-30T17:22:32.000Z,3.35,8.69,39.4,7.24,7.07,998,GOOD
rd_5301,ses_3417,2026-09-30T17:22:40.000Z,3.56,9.22,39.4,7.28,7.08,995,GOOD
rd_5302,ses_3417,2026-09-30T17:22:48.000Z,3.2,9.70,39.4,7.27,7.08,1004,GOOD
rd_5303,ses_3417,2026-09-30T17:22:56.000Z,2.8,10.12,39.3,7.25,7.08,1001,GOOD
rd_5304,ses_3417,2026-09-30T17:23:04.000Z,2.4,10.48,39.3,7.29,7.07,1004,GOOD
rd_5305,ses_3417,2026-09-30T17:23:12.000Z,2,10.78,39.4,7.24,7.04,990,GOOD
rd_5306,ses_3417,2026-09-30T17:23:20.000Z,1.6,11.02,39.4,7.23,7.05,992,GOOD
rd_5307,ses_3417,2026-09-30T17:23:28.000Z,1.2,11.20,39.4,7.24,7.08,996,GOOD
rd_5308,ses_3417,2026-09-30T17:23:36.000Z,0.8,11.32,39.3,7.29,7.06,993,GOOD
rd_5309,ses_3417,2026-09-30T17:23:44.000Z,0.4,11.38,39.4,7.25,7.07,998,GOOD
rd_5310,ses_3417,2026-09-30T17:23:52.000Z,0.05,11.39,39.3,7.29,7.04,1006,GOOD
rd_5311,ses_3418,2026-09-30T17:02:00.000Z,0.05,0.01,39.4,7.19,7.15,862,GOOD
rd_5312,ses_3418,2026-09-30T17:02:08.000Z,0.67,0.11,39.5,7.17,7.14,852,GOOD
rd_5313,ses_3418,2026-09-30T17:02:16.000Z,1.33,0.31,39.4,7.16,7.14,854,GOOD
rd_5314,ses_3418,2026-09-30T17:02:24.000Z,2,0.61,39.5,7.13,7.12,861,GOOD
rd_5315,ses_3418,2026-09-30T17:02:32.000Z,2.67,1.01,39.4,7.14,7.13,851,GOOD
rd_5316,ses_3418,2026-09-30T17:02:40.000Z,3.34,1.51,39.4,7.14,7.16,850,GOOD
rd_5317,ses_3418,2026-09-30T17:02:48.000Z,3.91,2.10,39.4,7.17,7.12,859,GOOD
rd_5318,ses_3418,2026-09-30T17:02:56.000Z,3.76,2.66,39.3,7.12,7.15,855,GOOD
rd_5319,ses_3418,2026-09-30T17:03:04.000Z,3.88,3.24,39.5,7.17,7.13,863,GOOD
rd_5320,ses_3418,2026-09-30T17:03:12.000Z,3.75,3.80,39.5,7.15,7.14,863,GOOD
rd_5321,ses_3418,2026-09-30T17:03:20.000Z,3.8,4.37,39.3,7.18,7.14,852,GOOD
rd_5322,ses_3418,2026-09-30T17:03:28.000Z,3.78,4.94,39.3,7.12,7.14,862,GOOD
rd_5323,ses_3418,2026-09-30T17:03:36.000Z,3.73,5.50,39.5,7.14,7.14,865,GOOD
rd_5324,ses_3418,2026-09-30T17:03:44.000Z,3.9,6.09,39.4,7.15,7.15,863,GOOD
rd_5325,ses_3418,2026-09-30T17:03:52.000Z,3.86,6.66,39.4,7.17,7.16,850,GOOD
rd_5326,ses_3418,2026-09-30T17:04:00.000Z,3.74,7.23,39.4,7.16,7.14,862,GOOD
rd_5327,ses_3418,2026-09-30T17:04:08.000Z,3.93,7.81,39.4,7.12,7.15,858,GOOD
rd_5328,ses_3418,2026-09-30T17:04:16.000Z,3.75,8.38,39.5,7.19,7.14,856,GOOD
rd_5329,ses_3418,2026-09-30T17:04:24.000Z,3.75,8.94,39.5,7.17,7.12,857,GOOD
rd_5330,ses_3418,2026-09-30T17:04:32.000Z,3.96,9.53,39.5,7.12,7.12,864,GOOD
rd_5331,ses_3418,2026-09-30T17:04:40.000Z,3.77,10.10,39.3,7.11,7.13,859,GOOD
rd_5332,ses_3418,2026-09-30T17:04:48.000Z,3.56,10.63,39.4,7.15,7.14,863,GOOD
rd_5333,ses_3418,2026-09-30T17:04:56.000Z,3.11,11.10,39.4,7.17,7.15,864,GOOD
rd_5334,ses_3418,2026-09-30T17:05:04.000Z,2.67,11.50,39.4,7.15,7.16,858,GOOD
rd_5335,ses_3418,2026-09-30T17:05:12.000Z,2.22,11.83,39.5,7.14,7.12,855,GOOD
rd_5336,ses_3418,2026-09-30T17:05:20.000Z,1.78,12.10,39.3,7.13,7.15,859,GOOD
rd_5337,ses_3418,2026-09-30T17:05:28.000Z,1.33,12.30,39.4,7.18,7.13,854,GOOD
rd_5338,ses_3418,2026-09-30T17:05:36.000Z,0.89,12.43,39.5,7.14,7.15,859,GOOD
rd_5339,ses_3418,2026-09-30T17:05:44.000Z,0.44,12.50,39.5,7.15,7.14,856,GOOD
rd_5340,ses_3418,2026-09-30T17:05:52.000Z,0.05,12.51,39.4,7.16,7.12,852,GOOD
rd_5341,ses_3419,2026-09-30T17:57:00.000Z,0.05,0.01,39.6,7.30,7.07,956,GOOD
rd_5342,ses_3419,2026-09-30T17:57:08.000Z,0.71,0.11,39.6,7.29,7.09,959,GOOD
rd_5343,ses_3419,2026-09-30T17:57:16.000Z,1.42,0.33,39.6,7.31,7.10,959,GOOD
rd_5344,ses_3419,2026-09-30T17:57:24.000Z,2.13,0.65,39.8,7.28,7.10,959,GOOD
rd_5345,ses_3419,2026-09-30T17:57:32.000Z,2.83,1.07,39.7,7.26,7.10,950,GOOD
rd_5346,ses_3419,2026-09-30T17:57:40.000Z,3.54,1.60,39.7,7.25,7.08,958,GOOD
rd_5347,ses_3419,2026-09-30T17:57:48.000Z,4.09,2.22,39.7,7.27,7.10,954,GOOD
rd_5348,ses_3419,2026-09-30T17:57:56.000Z,4.12,2.83,39.7,7.28,7.11,952,GOOD
rd_5349,ses_3419,2026-09-30T17:58:04.000Z,4.03,3.44,39.7,7.28,7.09,961,GOOD
rd_5350,ses_3419,2026-09-30T17:58:12.000Z,4.15,4.06,39.8,7.30,7.07,954,GOOD
rd_5351,ses_3419,2026-09-30T17:58:20.000Z,4.13,4.68,39.6,7.31,7.08,957,GOOD
rd_5352,ses_3419,2026-09-30T17:58:28.000Z,4.25,5.32,39.7,7.31,7.09,958,GOOD
rd_5353,ses_3419,2026-09-30T17:58:36.000Z,4.2,5.95,39.8,7.30,7.10,957,GOOD
rd_5354,ses_3419,2026-09-30T17:58:44.000Z,4.09,6.56,39.7,7.26,7.09,953,GOOD
rd_5355,ses_3419,2026-09-30T17:58:52.000Z,4.14,7.18,39.8,7.29,7.11,946,GOOD
rd_5356,ses_3419,2026-09-30T17:59:00.000Z,4.14,7.80,39.7,7.31,7.11,961,GOOD
rd_5357,ses_3419,2026-09-30T17:59:08.000Z,3.97,8.40,39.6,7.28,7.09,958,GOOD
rd_5358,ses_3419,2026-09-30T17:59:16.000Z,4.11,9.01,39.6,7.27,7.09,962,GOOD
rd_5359,ses_3419,2026-09-30T17:59:24.000Z,4.21,9.65,39.7,7.26,7.08,957,GOOD
rd_5360,ses_3419,2026-09-30T17:59:32.000Z,4.16,10.27,39.8,7.26,7.08,959,GOOD
rd_5361,ses_3419,2026-09-30T17:59:40.000Z,4.18,10.90,39.6,7.28,7.09,956,GOOD
rd_5362,ses_3419,2026-09-30T17:59:48.000Z,3.78,11.46,39.7,7.24,7.09,958,GOOD
rd_5363,ses_3419,2026-09-30T17:59:56.000Z,3.31,11.96,39.7,7.31,7.09,948,GOOD
rd_5364,ses_3419,2026-09-30T18:00:04.000Z,2.83,12.39,39.7,7.25,7.08,953,GOOD
rd_5365,ses_3419,2026-09-30T18:00:12.000Z,2.36,12.74,39.8,7.29,7.09,955,GOOD
rd_5366,ses_3419,2026-09-30T18:00:20.000Z,1.89,13.02,39.7,7.31,7.08,953,GOOD
rd_5367,ses_3419,2026-09-30T18:00:28.000Z,1.42,13.24,39.8,7.27,7.08,950,GOOD
rd_5368,ses_3419,2026-09-30T18:00:36.000Z,0.94,13.38,39.8,7.26,7.08,954,GOOD
rd_5369,ses_3419,2026-09-30T18:00:44.000Z,0.47,13.45,39.7,7.29,7.07,952,GOOD
rd_5370,ses_3419,2026-09-30T18:00:52.000Z,0.05,13.45,39.7,7.30,7.10,956,GOOD
rd_5371,ses_3420,2026-09-30T18:02:00.000Z,0.05,0.01,39.5,7.11,7.08,881,GOOD
rd_5372,ses_3420,2026-09-30T18:02:08.000Z,0.61,0.10,39.3,7.08,7.06,893,GOOD
rd_5373,ses_3420,2026-09-30T18:02:16.000Z,1.21,0.28,39.3,7.11,7.07,885,GOOD
rd_5374,ses_3420,2026-09-30T18:02:24.000Z,1.82,0.55,39.5,7.12,7.08,881,GOOD
rd_5375,ses_3420,2026-09-30T18:02:32.000Z,2.42,0.92,39.4,7.08,7.07,891,GOOD
rd_5376,ses_3420,2026-09-30T18:02:40.000Z,3.03,1.37,39.4,7.12,7.06,894,GOOD
rd_5377,ses_3420,2026-09-30T18:02:48.000Z,3.58,1.91,39.3,7.07,7.05,893,GOOD
rd_5378,ses_3420,2026-09-30T18:02:56.000Z,3.43,2.42,39.4,7.10,7.06,895,GOOD
rd_5379,ses_3420,2026-09-30T18:03:04.000Z,3.61,2.96,39.4,7.11,7.05,882,GOOD
rd_5380,ses_3420,2026-09-30T18:03:12.000Z,3.59,3.50,39.4,7.07,7.06,881,GOOD
rd_5381,ses_3420,2026-09-30T18:03:20.000Z,3.66,4.05,39.4,7.08,7.07,888,GOOD
rd_5382,ses_3420,2026-09-30T18:03:28.000Z,3.63,4.60,39.4,7.08,7.05,892,GOOD
rd_5383,ses_3420,2026-09-30T18:03:36.000Z,3.63,5.14,39.4,7.07,7.08,886,GOOD
rd_5384,ses_3420,2026-09-30T18:03:44.000Z,3.46,5.66,39.4,7.08,7.09,886,GOOD
rd_5385,ses_3420,2026-09-30T18:03:52.000Z,3.42,6.17,39.4,7.07,7.07,896,GOOD
rd_5386,ses_3420,2026-09-30T18:04:00.000Z,3.42,6.69,39.3,7.06,7.06,891,GOOD
rd_5387,ses_3420,2026-09-30T18:04:08.000Z,3.65,7.23,39.4,7.07,7.06,897,GOOD
rd_5388,ses_3420,2026-09-30T18:04:16.000Z,3.64,7.78,39.5,7.07,7.05,881,GOOD
rd_5389,ses_3420,2026-09-30T18:04:24.000Z,3.43,8.29,39.5,7.10,7.09,889,GOOD
rd_5390,ses_3420,2026-09-30T18:04:32.000Z,3.51,8.82,39.3,7.05,7.07,885,GOOD
rd_5391,ses_3420,2026-09-30T18:04:40.000Z,3.63,9.36,39.5,7.09,7.07,891,GOOD
rd_5392,ses_3420,2026-09-30T18:04:48.000Z,3.23,9.85,39.4,7.11,7.08,889,GOOD
rd_5393,ses_3420,2026-09-30T18:04:56.000Z,2.82,10.27,39.3,7.07,7.06,884,GOOD
rd_5394,ses_3420,2026-09-30T18:05:04.000Z,2.42,10.64,39.4,7.10,7.09,884,GOOD
rd_5395,ses_3420,2026-09-30T18:05:12.000Z,2.02,10.94,39.3,7.09,7.07,892,GOOD
rd_5396,ses_3420,2026-09-30T18:05:20.000Z,1.61,11.18,39.3,7.05,7.07,890,GOOD
rd_5397,ses_3420,2026-09-30T18:05:28.000Z,1.21,11.36,39.4,7.10,7.06,887,GOOD
rd_5398,ses_3420,2026-09-30T18:05:36.000Z,0.81,11.48,39.3,7.10,7.06,881,GOOD
rd_5399,ses_3420,2026-09-30T18:05:44.000Z,0.4,11.54,39.4,7.10,7.06,883,GOOD
rd_5400,ses_3420,2026-09-30T18:05:52.000Z,0.05,11.55,39.5,7.06,7.08,896,GOOD
rd_5401,ses_3421,2026-10-01T06:09:00.000Z,0.05,0.01,38.5,5.58,6.63,91,GOOD
rd_5402,ses_3421,2026-10-01T06:09:08.000Z,0.62,0.10,38.5,5.54,6.61,86,GOOD
rd_5403,ses_3421,2026-10-01T06:09:16.000Z,1.25,0.29,38.4,5.55,6.64,84,GOOD
rd_5404,ses_3421,2026-10-01T06:09:24.000Z,1.87,0.57,38.6,5.55,6.61,87,GOOD
rd_5405,ses_3421,2026-10-01T06:09:32.000Z,2.5,0.94,38.6,5.53,6.63,94,GOOD
rd_5406,ses_3421,2026-10-01T06:09:40.000Z,3.12,1.41,38.5,5.55,6.64,83,GOOD
rd_5407,ses_3421,2026-10-01T06:09:48.000Z,3.51,1.94,38.4,5.51,6.62,91,GOOD
rd_5408,ses_3421,2026-10-01T06:09:56.000Z,3.7,2.49,38.6,5.52,6.63,93,GOOD
rd_5409,ses_3421,2026-10-01T06:10:04.000Z,3.74,3.05,38.5,5.52,6.62,93,GOOD
rd_5410,ses_3421,2026-10-01T06:10:12.000Z,3.49,3.58,38.5,5.57,6.64,84,GOOD
rd_5411,ses_3421,2026-10-01T06:10:20.000Z,3.74,4.14,38.5,5.56,6.61,96,GOOD
rd_5412,ses_3421,2026-10-01T06:10:28.000Z,3.48,4.66,38.4,5.55,6.63,89,GOOD
rd_5413,ses_3421,2026-10-01T06:10:36.000Z,3.63,5.21,38.4,5.54,6.61,91,GOOD
rd_5414,ses_3421,2026-10-01T06:10:44.000Z,3.59,5.74,38.5,5.58,6.60,83,GOOD
rd_5415,ses_3421,2026-10-01T06:10:52.000Z,3.64,6.29,38.4,5.51,6.60,90,GOOD
rd_5416,ses_3421,2026-10-01T06:11:00.000Z,3.64,6.84,38.5,5.54,6.63,95,GOOD
rd_5417,ses_3421,2026-10-01T06:11:08.000Z,3.61,7.38,38.4,5.57,6.64,89,GOOD
rd_5418,ses_3421,2026-10-01T06:11:16.000Z,3.76,7.94,38.6,5.56,6.64,95,GOOD
rd_5419,ses_3421,2026-10-01T06:11:24.000Z,3.62,8.48,38.5,5.58,6.60,92,GOOD
rd_5420,ses_3421,2026-10-01T06:11:32.000Z,3.72,9.04,38.6,5.55,6.61,87,GOOD
rd_5421,ses_3421,2026-10-01T06:11:40.000Z,3.66,9.59,38.4,5.51,6.62,81,GOOD
rd_5422,ses_3421,2026-10-01T06:11:48.000Z,3.33,10.09,38.5,5.51,6.61,83,GOOD
rd_5423,ses_3421,2026-10-01T06:11:56.000Z,2.91,10.53,38.5,5.57,6.62,82,GOOD
rd_5424,ses_3421,2026-10-01T06:12:04.000Z,2.5,10.90,38.4,5.58,6.61,84,GOOD
rd_5425,ses_3421,2026-10-01T06:12:12.000Z,2.08,11.21,38.6,5.56,6.61,96,GOOD
rd_5426,ses_3421,2026-10-01T06:12:20.000Z,1.66,11.46,38.4,5.52,6.64,95,GOOD
rd_5427,ses_3421,2026-10-01T06:12:28.000Z,1.25,11.65,38.4,5.56,6.63,91,GOOD
rd_5428,ses_3421,2026-10-01T06:12:36.000Z,0.83,11.77,38.4,5.54,6.62,85,GOOD
rd_5429,ses_3421,2026-10-01T06:12:44.000Z,0.42,11.84,38.5,5.50,6.62,84,GOOD
rd_5430,ses_3421,2026-10-01T06:12:52.000Z,0.05,11.85,38.4,5.54,6.61,80,GOOD
rd_5431,ses_3422,2026-10-01T06:35:00.000Z,0.05,0.01,38.8,5.67,6.65,89,GOOD
rd_5432,ses_3422,2026-10-01T06:35:08.000Z,0.71,0.11,38.7,5.66,6.67,89,GOOD
rd_5433,ses_3422,2026-10-01T06:35:16.000Z,1.41,0.33,38.7,5.68,6.65,97,GOOD
rd_5434,ses_3422,2026-10-01T06:35:24.000Z,2.12,0.64,38.6,5.65,6.67,94,GOOD
rd_5435,ses_3422,2026-10-01T06:35:32.000Z,2.82,1.07,38.6,5.69,6.67,92,GOOD
rd_5436,ses_3422,2026-10-01T06:35:40.000Z,3.53,1.60,38.7,5.64,6.67,88,GOOD
rd_5437,ses_3422,2026-10-01T06:35:48.000Z,4.24,2.23,38.7,5.65,6.67,93,GOOD
rd_5438,ses_3422,2026-10-01T06:35:56.000Z,4.22,2.87,38.6,5.61,6.67,88,GOOD
rd_5439,ses_3422,2026-10-01T06:36:04.000Z,4.02,3.47,38.6,5.66,6.67,97,GOOD
rd_5440,ses_3422,2026-10-01T06:36:12.000Z,4.11,4.08,38.6,5.64,6.69,99,GOOD
rd_5441,ses_3422,2026-10-01T06:36:20.000Z,4.02,4.69,38.8,5.65,6.68,88,GOOD
rd_5442,ses_3422,2026-10-01T06:36:28.000Z,4.05,5.29,38.8,5.61,6.68,87,GOOD
rd_5443,ses_3422,2026-10-01T06:36:36.000Z,4.15,5.92,38.8,5.61,6.66,90,GOOD
rd_5444,ses_3422,2026-10-01T06:36:44.000Z,4.2,6.55,38.8,5.63,6.66,96,GOOD
rd_5445,ses_3422,2026-10-01T06:36:52.000Z,4.18,7.17,38.7,5.61,6.67,95,GOOD
rd_5446,ses_3422,2026-10-01T06:37:00.000Z,3.95,7.77,38.8,5.67,6.69,99,GOOD
rd_5447,ses_3422,2026-10-01T06:37:08.000Z,4.19,8.40,38.7,5.66,6.68,87,GOOD
rd_5448,ses_3422,2026-10-01T06:37:16.000Z,4.14,9.02,38.7,5.67,6.67,86,GOOD
rd_5449,ses_3422,2026-10-01T06:37:24.000Z,4.04,9.62,38.6,5.63,6.66,91,GOOD
rd_5450,ses_3422,2026-10-01T06:37:32.000Z,3.95,10.21,38.6,5.64,6.68,95,GOOD
rd_5451,ses_3422,2026-10-01T06:37:40.000Z,4.09,10.83,38.7,5.65,6.68,94,GOOD
rd_5452,ses_3422,2026-10-01T06:37:48.000Z,3.76,11.39,38.7,5.62,6.67,99,GOOD
rd_5453,ses_3422,2026-10-01T06:37:56.000Z,3.29,11.89,38.7,5.67,6.67,92,GOOD
rd_5454,ses_3422,2026-10-01T06:38:04.000Z,2.82,12.31,38.8,5.67,6.67,85,GOOD
rd_5455,ses_3422,2026-10-01T06:38:12.000Z,2.35,12.66,38.6,5.65,6.68,86,GOOD
rd_5456,ses_3422,2026-10-01T06:38:20.000Z,1.88,12.94,38.7,5.64,6.67,89,GOOD
rd_5457,ses_3422,2026-10-01T06:38:28.000Z,1.41,13.15,38.7,5.64,6.69,97,GOOD
rd_5458,ses_3422,2026-10-01T06:38:36.000Z,0.94,13.30,38.6,5.63,6.66,88,GOOD
rd_5459,ses_3422,2026-10-01T06:38:44.000Z,0.47,13.37,38.7,5.63,6.68,100,GOOD
rd_5460,ses_3422,2026-10-01T06:38:52.000Z,0.05,13.37,38.7,5.61,6.66,89,GOOD
rd_5461,ses_3423,2026-10-01T06:36:00.000Z,0.05,0.01,38.4,5.52,6.65,124,GOOD
rd_5462,ses_3423,2026-10-01T06:36:08.000Z,0.61,0.10,38.3,5.50,6.63,115,GOOD
rd_5463,ses_3423,2026-10-01T06:36:16.000Z,1.23,0.28,38.4,5.48,6.62,115,GOOD
rd_5464,ses_3423,2026-10-01T06:36:24.000Z,1.84,0.56,38.5,5.50,6.62,119,GOOD
rd_5465,ses_3423,2026-10-01T06:36:32.000Z,2.46,0.93,38.5,5.53,6.64,123,GOOD
rd_5466,ses_3423,2026-10-01T06:36:40.000Z,3.07,1.39,38.3,5.54,6.66,125,GOOD
rd_5467,ses_3423,2026-10-01T06:36:48.000Z,3.67,1.94,38.4,5.50,6.64,119,GOOD
rd_5468,ses_3423,2026-10-01T06:36:56.000Z,3.67,2.49,38.5,5.47,6.63,122,GOOD
rd_5469,ses_3423,2026-10-01T06:37:04.000Z,3.44,3.01,38.5,5.51,6.64,113,GOOD
rd_5470,ses_3423,2026-10-01T06:37:12.000Z,3.66,3.56,38.5,5.47,6.65,125,GOOD
rd_5471,ses_3423,2026-10-01T06:37:20.000Z,3.47,4.08,38.3,5.48,6.66,128,GOOD
rd_5472,ses_3423,2026-10-01T06:37:28.000Z,3.48,4.60,38.4,5.54,6.62,118,GOOD
rd_5473,ses_3423,2026-10-01T06:37:36.000Z,3.47,5.12,38.4,5.50,6.65,114,GOOD
rd_5474,ses_3423,2026-10-01T06:37:44.000Z,3.5,5.64,38.3,5.49,6.63,122,GOOD
rd_5475,ses_3423,2026-10-01T06:37:52.000Z,3.7,6.20,38.5,5.52,6.65,121,GOOD
rd_5476,ses_3423,2026-10-01T06:38:00.000Z,3.54,6.73,38.3,5.52,6.62,121,GOOD
rd_5477,ses_3423,2026-10-01T06:38:08.000Z,3.46,7.25,38.4,5.53,6.65,124,GOOD
rd_5478,ses_3423,2026-10-01T06:38:16.000Z,3.61,7.79,38.4,5.51,6.63,121,GOOD
rd_5479,ses_3423,2026-10-01T06:38:24.000Z,3.57,8.33,38.5,5.53,6.63,119,GOOD
rd_5480,ses_3423,2026-10-01T06:38:32.000Z,3.56,8.86,38.4,5.52,6.66,119,GOOD
rd_5481,ses_3423,2026-10-01T06:38:40.000Z,3.52,9.39,38.5,5.48,6.63,115,GOOD
rd_5482,ses_3423,2026-10-01T06:38:48.000Z,3.27,9.88,38.5,5.48,6.65,122,GOOD
rd_5483,ses_3423,2026-10-01T06:38:56.000Z,2.86,10.31,38.4,5.50,6.62,121,GOOD
rd_5484,ses_3423,2026-10-01T06:39:04.000Z,2.46,10.68,38.4,5.50,6.62,128,GOOD
rd_5485,ses_3423,2026-10-01T06:39:12.000Z,2.05,10.98,38.4,5.46,6.64,127,GOOD
rd_5486,ses_3423,2026-10-01T06:39:20.000Z,1.64,11.23,38.3,5.54,6.64,115,GOOD
rd_5487,ses_3423,2026-10-01T06:39:28.000Z,1.23,11.41,38.5,5.54,6.62,127,GOOD
rd_5488,ses_3423,2026-10-01T06:39:36.000Z,0.82,11.54,38.3,5.48,6.64,122,GOOD
rd_5489,ses_3423,2026-10-01T06:39:44.000Z,0.41,11.60,38.4,5.49,6.64,117,GOOD
rd_5490,ses_3423,2026-10-01T06:39:52.000Z,0.05,11.61,38.4,5.47,6.63,122,GOOD
rd_5491,ses_3424,2026-10-01T06:15:00.000Z,0.05,0.01,38.7,5.58,6.64,105,GOOD
rd_5492,ses_3424,2026-10-01T06:15:08.000Z,0.64,0.10,38.7,5.64,6.64,111,GOOD
rd_5493,ses_3424,2026-10-01T06:15:16.000Z,1.28,0.30,38.6,5.60,6.65,100,GOOD
rd_5494,ses_3424,2026-10-01T06:15:24.000Z,1.92,0.58,38.6,5.62,6.64,107,GOOD
rd_5495,ses_3424,2026-10-01T06:15:32.000Z,2.56,0.97,38.7,5.59,6.66,100,GOOD
rd_5496,ses_3424,2026-10-01T06:15:40.000Z,3.2,1.45,38.5,5.60,6.64,110,GOOD
rd_5497,ses_3424,2026-10-01T06:15:48.000Z,3.62,1.99,38.6,5.61,6.63,101,GOOD
rd_5498,ses_3424,2026-10-01T06:15:56.000Z,3.57,2.53,38.6,5.61,6.64,109,GOOD
rd_5499,ses_3424,2026-10-01T06:16:04.000Z,3.61,3.07,38.6,5.65,6.63,106,GOOD
rd_5500,ses_3424,2026-10-01T06:16:12.000Z,3.8,3.64,38.6,5.66,6.65,102,GOOD
rd_5501,ses_3424,2026-10-01T06:16:20.000Z,3.83,4.21,38.6,5.59,6.65,106,GOOD
rd_5502,ses_3424,2026-10-01T06:16:28.000Z,3.78,4.78,38.6,5.60,6.63,112,GOOD
rd_5503,ses_3424,2026-10-01T06:16:36.000Z,3.7,5.33,38.6,5.63,6.66,110,GOOD
rd_5504,ses_3424,2026-10-01T06:16:44.000Z,3.75,5.90,38.6,5.59,6.62,110,GOOD
rd_5505,ses_3424,2026-10-01T06:16:52.000Z,3.81,6.47,38.6,5.59,6.63,100,GOOD
rd_5506,ses_3424,2026-10-01T06:17:00.000Z,3.67,7.02,38.7,5.58,6.62,109,GOOD
rd_5507,ses_3424,2026-10-01T06:17:08.000Z,3.61,7.56,38.5,5.63,6.66,105,GOOD
rd_5508,ses_3424,2026-10-01T06:17:16.000Z,3.61,8.10,38.5,5.64,6.65,113,GOOD
rd_5509,ses_3424,2026-10-01T06:17:24.000Z,3.66,8.65,38.6,5.59,6.64,112,GOOD
rd_5510,ses_3424,2026-10-01T06:17:32.000Z,3.7,9.21,38.6,5.64,6.64,113,GOOD
rd_5511,ses_3424,2026-10-01T06:17:40.000Z,3.58,9.74,38.6,5.62,6.63,106,GOOD
rd_5512,ses_3424,2026-10-01T06:17:48.000Z,3.41,10.25,38.6,5.61,6.62,111,GOOD
rd_5513,ses_3424,2026-10-01T06:17:56.000Z,2.99,10.70,38.6,5.59,6.64,103,GOOD
rd_5514,ses_3424,2026-10-01T06:18:04.000Z,2.56,11.09,38.6,5.60,6.64,105,GOOD
rd_5515,ses_3424,2026-10-01T06:18:12.000Z,2.13,11.41,38.7,5.59,6.66,106,GOOD
rd_5516,ses_3424,2026-10-01T06:18:20.000Z,1.71,11.66,38.5,5.59,6.63,100,GOOD
rd_5517,ses_3424,2026-10-01T06:18:28.000Z,1.28,11.85,38.6,5.59,6.63,107,GOOD
rd_5518,ses_3424,2026-10-01T06:18:36.000Z,0.85,11.98,38.7,5.63,6.63,106,GOOD
rd_5519,ses_3424,2026-10-01T06:18:44.000Z,0.43,12.05,38.7,5.66,6.66,111,GOOD
rd_5520,ses_3424,2026-10-01T06:18:52.000Z,0.05,12.05,38.5,5.66,6.62,104,GOOD
rd_5521,ses_3425,2026-10-01T06:31:00.000Z,0.05,0.01,38.6,5.44,6.66,130,GOOD
rd_5522,ses_3425,2026-10-01T06:31:08.000Z,0.71,0.11,38.7,5.48,6.66,123,GOOD
rd_5523,ses_3425,2026-10-01T06:31:16.000Z,1.42,0.33,38.7,5.45,6.66,135,GOOD
rd_5524,ses_3425,2026-10-01T06:31:24.000Z,2.14,0.65,38.6,5.48,6.65,126,GOOD
rd_5525,ses_3425,2026-10-01T06:31:32.000Z,2.85,1.08,38.7,5.47,6.65,132,GOOD
rd_5526,ses_3425,2026-10-01T06:31:40.000Z,3.56,1.61,38.5,5.44,6.66,133,GOOD
rd_5527,ses_3425,2026-10-01T06:31:48.000Z,4.28,2.25,38.7,5.44,6.65,123,GOOD
rd_5528,ses_3425,2026-10-01T06:31:56.000Z,4.03,2.86,38.5,5.46,6.65,126,GOOD
rd_5529,ses_3425,2026-10-01T06:32:04.000Z,4.16,3.48,38.6,5.47,6.65,137,GOOD
rd_5530,ses_3425,2026-10-01T06:32:12.000Z,4.08,4.09,38.5,5.48,6.67,136,GOOD
rd_5531,ses_3425,2026-10-01T06:32:20.000Z,4.07,4.70,38.7,5.48,6.67,122,GOOD
rd_5532,ses_3425,2026-10-01T06:32:28.000Z,4.09,5.32,38.6,5.49,6.67,131,GOOD
rd_5533,ses_3425,2026-10-01T06:32:36.000Z,4.05,5.92,38.6,5.45,6.64,127,GOOD
rd_5534,ses_3425,2026-10-01T06:32:44.000Z,4.22,6.56,38.6,5.44,6.64,134,GOOD
rd_5535,ses_3425,2026-10-01T06:32:52.000Z,4.15,7.18,38.7,5.46,6.65,137,GOOD
rd_5536,ses_3425,2026-10-01T06:33:00.000Z,4.23,7.81,38.7,5.47,6.68,134,GOOD
rd_5537,ses_3425,2026-10-01T06:33:08.000Z,4.01,8.42,38.5,5.48,6.67,130,GOOD
rd_5538,ses_3425,2026-10-01T06:33:16.000Z,4.07,9.03,38.6,5.48,6.66,125,GOOD
rd_5539,ses_3425,2026-10-01T06:33:24.000Z,4.11,9.64,38.5,5.49,6.68,126,GOOD
rd_5540,ses_3425,2026-10-01T06:33:32.000Z,4.14,10.26,38.5,5.46,6.65,130,GOOD
rd_5541,ses_3425,2026-10-01T06:33:40.000Z,4.22,10.90,38.5,5.50,6.66,137,GOOD
rd_5542,ses_3425,2026-10-01T06:33:48.000Z,3.8,11.47,38.6,5.43,6.67,133,GOOD
rd_5543,ses_3425,2026-10-01T06:33:56.000Z,3.32,11.96,38.5,5.48,6.67,137,GOOD
rd_5544,ses_3425,2026-10-01T06:34:04.000Z,2.85,12.39,38.6,5.48,6.67,132,GOOD
rd_5545,ses_3425,2026-10-01T06:34:12.000Z,2.37,12.75,38.6,5.48,6.65,132,GOOD
rd_5546,ses_3425,2026-10-01T06:34:20.000Z,1.9,13.03,38.7,5.48,6.66,124,GOOD
rd_5547,ses_3425,2026-10-01T06:34:28.000Z,1.42,13.24,38.7,5.49,6.65,123,GOOD
rd_5548,ses_3425,2026-10-01T06:34:36.000Z,0.95,13.39,38.5,5.46,6.64,135,GOOD
rd_5549,ses_3425,2026-10-01T06:34:44.000Z,0.47,13.46,38.6,5.45,6.66,134,GOOD
rd_5550,ses_3425,2026-10-01T06:34:52.000Z,0.05,13.47,38.5,5.48,6.64,125,GOOD
rd_5551,ses_3426,2026-10-01T06:38:00.000Z,0.05,0.01,38.6,5.56,6.66,135,GOOD
rd_5552,ses_3426,2026-10-01T06:38:08.000Z,0.63,0.10,38.6,5.60,6.64,138,GOOD
rd_5553,ses_3426,2026-10-01T06:38:16.000Z,1.25,0.29,38.5,5.56,6.67,137,GOOD
rd_5554,ses_3426,2026-10-01T06:38:24.000Z,1.88,0.57,38.5,5.53,6.67,129,GOOD
rd_5555,ses_3426,2026-10-01T06:38:32.000Z,2.5,0.95,38.5,5.60,6.65,130,GOOD
rd_5556,ses_3426,2026-10-01T06:38:40.000Z,3.13,1.42,38.5,5.58,6.68,132,GOOD
rd_5557,ses_3426,2026-10-01T06:38:48.000Z,3.6,1.96,38.5,5.54,6.65,131,GOOD
rd_5558,ses_3426,2026-10-01T06:38:56.000Z,3.58,2.49,38.5,5.60,6.66,126,GOOD
rd_5559,ses_3426,2026-10-01T06:39:04.000Z,3.7,3.05,38.5,5.56,6.65,130,GOOD
rd_5560,ses_3426,2026-10-01T06:39:12.000Z,3.77,3.61,38.5,5.54,6.65,131,GOOD
rd_5561,ses_3426,2026-10-01T06:39:20.000Z,3.64,4.16,38.6,5.54,6.68,136,GOOD
rd_5562,ses_3426,2026-10-01T06:39:28.000Z,3.57,4.70,38.5,5.56,6.65,140,GOOD
rd_5563,ses_3426,2026-10-01T06:39:36.000Z,3.61,5.24,38.4,5.60,6.68,140,GOOD
rd_5564,ses_3426,2026-10-01T06:39:44.000Z,3.64,5.78,38.6,5.60,6.66,139,GOOD
rd_5565,ses_3426,2026-10-01T06:39:52.000Z,3.71,6.34,38.5,5.60,6.67,125,GOOD
rd_5566,ses_3426,2026-10-01T06:40:00.000Z,3.74,6.90,38.6,5.56,6.66,127,GOOD
rd_5567,ses_3426,2026-10-01T06:40:08.000Z,3.57,7.44,38.4,5.59,6.65,137,GOOD
rd_5568,ses_3426,2026-10-01T06:40:16.000Z,3.7,7.99,38.6,5.58,6.66,137,GOOD
rd_5569,ses_3426,2026-10-01T06:40:24.000Z,3.54,8.52,38.4,5.53,6.66,137,GOOD
rd_5570,ses_3426,2026-10-01T06:40:32.000Z,3.62,9.06,38.6,5.57,6.67,131,GOOD
rd_5571,ses_3426,2026-10-01T06:40:40.000Z,3.65,9.61,38.6,5.57,6.65,131,GOOD
rd_5572,ses_3426,2026-10-01T06:40:48.000Z,3.34,10.11,38.5,5.55,6.65,126,GOOD
rd_5573,ses_3426,2026-10-01T06:40:56.000Z,2.92,10.55,38.4,5.61,6.67,141,GOOD
rd_5574,ses_3426,2026-10-01T06:41:04.000Z,2.5,10.93,38.5,5.56,6.66,136,GOOD
rd_5575,ses_3426,2026-10-01T06:41:12.000Z,2.09,11.24,38.5,5.55,6.66,125,GOOD
rd_5576,ses_3426,2026-10-01T06:41:20.000Z,1.67,11.49,38.5,5.58,6.68,128,GOOD
rd_5577,ses_3426,2026-10-01T06:41:28.000Z,1.25,11.68,38.5,5.57,6.66,129,GOOD
rd_5578,ses_3426,2026-10-01T06:41:36.000Z,0.83,11.80,38.6,5.60,6.66,129,GOOD
rd_5579,ses_3426,2026-10-01T06:41:44.000Z,0.42,11.86,38.5,5.58,6.68,129,GOOD
rd_5580,ses_3426,2026-10-01T06:41:52.000Z,0.05,11.87,38.5,5.58,6.64,135,GOOD
rd_5581,ses_3427,2026-10-01T06:56:00.000Z,0.05,0.01,38.5,5.71,6.69,147,GOOD
rd_5582,ses_3427,2026-10-01T06:56:08.000Z,0.66,0.11,38.4,5.73,6.69,152,GOOD
rd_5583,ses_3427,2026-10-01T06:56:16.000Z,1.33,0.31,38.6,5.74,6.67,143,GOOD
rd_5584,ses_3427,2026-10-01T06:56:24.000Z,1.99,0.60,38.6,5.75,6.67,139,GOOD
rd_5585,ses_3427,2026-10-01T06:56:32.000Z,2.66,1.00,38.4,5.70,6.68,147,GOOD
rd_5586,ses_3427,2026-10-01T06:56:40.000Z,3.32,1.50,38.4,5.70,6.70,145,GOOD
rd_5587,ses_3427,2026-10-01T06:56:48.000Z,3.95,2.09,38.4,5.75,6.68,142,GOOD
rd_5588,ses_3427,2026-10-01T06:56:56.000Z,3.86,2.67,38.6,5.75,6.68,148,GOOD
rd_5589,ses_3427,2026-10-01T06:57:04.000Z,3.96,3.27,38.5,5.71,6.69,139,GOOD
rd_5590,ses_3427,2026-10-01T06:57:12.000Z,3.97,3.86,38.4,5.76,6.69,153,GOOD
rd_5591,ses_3427,2026-10-01T06:57:20.000Z,3.93,4.45,38.5,5.75,6.67,150,GOOD
rd_5592,ses_3427,2026-10-01T06:57:28.000Z,3.76,5.02,38.5,5.72,6.66,139,GOOD
rd_5593,ses_3427,2026-10-01T06:57:36.000Z,3.93,5.61,38.4,5.73,6.69,148,GOOD
rd_5594,ses_3427,2026-10-01T06:57:44.000Z,3.83,6.18,38.5,5.76,6.67,143,GOOD
rd_5595,ses_3427,2026-10-01T06:57:52.000Z,3.74,6.74,38.6,5.75,6.68,142,GOOD
rd_5596,ses_3427,2026-10-01T06:58:00.000Z,3.78,7.31,38.4,5.72,6.68,147,GOOD
rd_5597,ses_3427,2026-10-01T06:58:08.000Z,3.76,7.87,38.6,5.71,6.70,139,GOOD
rd_5598,ses_3427,2026-10-01T06:58:16.000Z,3.97,8.47,38.4,5.77,6.69,154,GOOD
rd_5599,ses_3427,2026-10-01T06:58:24.000Z,3.78,9.03,38.4,5.72,6.70,145,GOOD
rd_5600,ses_3427,2026-10-01T06:58:32.000Z,3.93,9.62,38.5,5.76,6.68,142,GOOD
rd_5601,ses_3427,2026-10-01T06:58:40.000Z,3.75,10.19,38.5,5.70,6.67,147,GOOD
rd_5602,ses_3427,2026-10-01T06:58:48.000Z,3.54,10.72,38.5,5.72,6.68,144,GOOD
rd_5603,ses_3427,2026-10-01T06:58:56.000Z,3.1,11.18,38.4,5.73,6.66,142,GOOD
rd_5604,ses_3427,2026-10-01T06:59:04.000Z,2.66,11.58,38.5,5.69,6.67,145,GOOD
rd_5605,ses_3427,2026-10-01T06:59:12.000Z,2.21,11.91,38.5,5.72,6.67,147,GOOD
rd_5606,ses_3427,2026-10-01T06:59:20.000Z,1.77,12.18,38.6,5.71,6.70,149,GOOD
rd_5607,ses_3427,2026-10-01T06:59:28.000Z,1.33,12.38,38.6,5.75,6.66,142,GOOD
rd_5608,ses_3427,2026-10-01T06:59:36.000Z,0.89,12.51,38.5,5.71,6.66,147,GOOD
rd_5609,ses_3427,2026-10-01T06:59:44.000Z,0.44,12.58,38.5,5.71,6.69,139,GOOD
rd_5610,ses_3427,2026-10-01T06:59:52.000Z,0.05,12.58,38.4,5.76,6.69,141,GOOD
rd_5611,ses_3428,2026-10-01T06:50:00.000Z,0.05,0.01,38.5,5.49,6.62,143,GOOD
rd_5612,ses_3428,2026-10-01T06:50:08.000Z,0.59,0.10,38.7,5.51,6.62,140,GOOD
rd_5613,ses_3428,2026-10-01T06:50:16.000Z,1.19,0.27,38.7,5.45,6.63,145,GOOD
rd_5614,ses_3428,2026-10-01T06:50:24.000Z,1.78,0.54,38.5,5.46,6.65,149,GOOD
rd_5615,ses_3428,2026-10-01T06:50:32.000Z,2.38,0.90,38.7,5.48,6.63,143,GOOD
rd_5616,ses_3428,2026-10-01T06:50:40.000Z,2.97,1.34,38.6,5.51,6.65,144,GOOD
rd_5617,ses_3428,2026-10-01T06:50:48.000Z,3.42,1.86,38.6,5.47,6.63,149,GOOD
rd_5618,ses_3428,2026-10-01T06:50:56.000Z,3.49,2.38,38.6,5.50,6.63,148,GOOD
rd_5619,ses_3428,2026-10-01T06:51:04.000Z,3.43,2.89,38.5,5.51,6.64,146,GOOD
rd_5620,ses_3428,2026-10-01T06:51:12.000Z,3.51,3.42,38.7,5.48,6.65,137,GOOD
rd_5621,ses_3428,2026-10-01T06:51:20.000Z,3.38,3.93,38.5,5.45,6.64,141,GOOD
rd_5622,ses_3428,2026-10-01T06:51:28.000Z,3.43,4.44,38.6,5.47,6.64,147,GOOD
rd_5623,ses_3428,2026-10-01T06:51:36.000Z,3.42,4.96,38.6,5.44,6.62,147,GOOD
rd_5624,ses_3428,2026-10-01T06:51:44.000Z,3.45,5.47,38.6,5.46,6.64,149,GOOD
rd_5625,ses_3428,2026-10-01T06:51:52.000Z,3.52,6.00,38.5,5.48,6.64,139,GOOD
rd_5626,ses_3428,2026-10-01T06:52:00.000Z,3.51,6.53,38.6,5.51,6.65,136,GOOD
rd_5627,ses_3428,2026-10-01T06:52:08.000Z,3.33,7.03,38.6,5.49,6.62,138,GOOD
rd_5628,ses_3428,2026-10-01T06:52:16.000Z,3.57,7.56,38.7,5.47,6.64,148,GOOD
rd_5629,ses_3428,2026-10-01T06:52:24.000Z,3.39,8.07,38.6,5.49,6.62,136,GOOD
rd_5630,ses_3428,2026-10-01T06:52:32.000Z,3.43,8.59,38.6,5.52,6.62,141,GOOD
rd_5631,ses_3428,2026-10-01T06:52:40.000Z,3.46,9.11,38.6,5.48,6.62,148,GOOD
rd_5632,ses_3428,2026-10-01T06:52:48.000Z,3.17,9.58,38.5,5.50,6.62,146,GOOD
rd_5633,ses_3428,2026-10-01T06:52:56.000Z,2.78,10.00,38.6,5.48,6.62,138,GOOD
rd_5634,ses_3428,2026-10-01T06:53:04.000Z,2.38,10.35,38.6,5.48,6.64,138,GOOD
rd_5635,ses_3428,2026-10-01T06:53:12.000Z,1.98,10.65,38.6,5.50,6.64,146,GOOD
rd_5636,ses_3428,2026-10-01T06:53:20.000Z,1.59,10.89,38.7,5.48,6.65,149,GOOD
rd_5637,ses_3428,2026-10-01T06:53:28.000Z,1.19,11.07,38.6,5.50,6.63,146,GOOD
rd_5638,ses_3428,2026-10-01T06:53:36.000Z,0.79,11.19,38.6,5.48,6.62,143,GOOD
rd_5639,ses_3428,2026-10-01T06:53:44.000Z,0.4,11.25,38.7,5.50,6.62,144,GOOD
rd_5640,ses_3428,2026-10-01T06:53:52.000Z,0.05,11.25,38.6,5.47,6.62,140,GOOD
rd_5641,ses_3429,2026-10-01T06:03:00.000Z,0.05,0.01,38.5,5.67,6.69,143,GOOD
rd_5642,ses_3429,2026-10-01T06:03:08.000Z,0.65,0.11,38.6,5.72,6.65,147,GOOD
rd_5643,ses_3429,2026-10-01T06:03:16.000Z,1.3,0.30,38.5,5.73,6.67,142,GOOD
rd_5644,ses_3429,2026-10-01T06:03:24.000Z,1.95,0.59,38.5,5.72,6.68,149,GOOD
rd_5645,ses_3429,2026-10-01T06:03:32.000Z,2.6,0.98,38.5,5.69,6.69,152,GOOD
rd_5646,ses_3429,2026-10-01T06:03:40.000Z,3.25,1.47,38.5,5.69,6.65,144,GOOD
rd_5647,ses_3429,2026-10-01T06:03:48.000Z,3.79,2.04,38.5,5.72,6.68,153,GOOD
rd_5648,ses_3429,2026-10-01T06:03:56.000Z,3.63,2.58,38.5,5.70,6.67,141,GOOD
rd_5649,ses_3429,2026-10-01T06:04:04.000Z,3.88,3.17,38.6,5.68,6.68,152,GOOD
rd_5650,ses_3429,2026-10-01T06:04:12.000Z,3.78,3.73,38.6,5.72,6.65,141,GOOD
rd_5651,ses_3429,2026-10-01T06:04:20.000Z,3.91,4.32,38.4,5.66,6.66,152,GOOD
rd_5652,ses_3429,2026-10-01T06:04:28.000Z,3.87,4.90,38.4,5.69,6.67,148,GOOD
rd_5653,ses_3429,2026-10-01T06:04:36.000Z,3.92,5.49,38.6,5.68,6.68,138,GOOD
rd_5654,ses_3429,2026-10-01T06:04:44.000Z,3.87,6.07,38.4,5.73,6.66,140,GOOD
rd_5655,ses_3429,2026-10-01T06:04:52.000Z,3.79,6.64,38.6,5.70,6.66,153,GOOD
rd_5656,ses_3429,2026-10-01T06:05:00.000Z,3.77,7.20,38.5,5.70,6.67,145,GOOD
rd_5657,ses_3429,2026-10-01T06:05:08.000Z,3.8,7.77,38.6,5.66,6.67,147,GOOD
rd_5658,ses_3429,2026-10-01T06:05:16.000Z,3.85,8.35,38.6,5.72,6.66,139,GOOD
rd_5659,ses_3429,2026-10-01T06:05:24.000Z,3.68,8.90,38.6,5.67,6.66,141,GOOD
rd_5660,ses_3429,2026-10-01T06:05:32.000Z,3.78,9.47,38.5,5.67,6.66,139,GOOD
rd_5661,ses_3429,2026-10-01T06:05:40.000Z,3.86,10.05,38.5,5.67,6.66,146,GOOD
rd_5662,ses_3429,2026-10-01T06:05:48.000Z,3.47,10.57,38.4,5.65,6.66,149,GOOD
rd_5663,ses_3429,2026-10-01T06:05:56.000Z,3.03,11.02,38.4,5.71,6.67,150,GOOD
rd_5664,ses_3429,2026-10-01T06:06:04.000Z,2.6,11.41,38.4,5.70,6.65,142,GOOD
rd_5665,ses_3429,2026-10-01T06:06:12.000Z,2.17,11.74,38.4,5.70,6.67,146,GOOD
rd_5666,ses_3429,2026-10-01T06:06:20.000Z,1.73,12.00,38.4,5.67,6.68,153,GOOD
rd_5667,ses_3429,2026-10-01T06:06:28.000Z,1.3,12.19,38.5,5.68,6.68,150,GOOD
rd_5668,ses_3429,2026-10-01T06:06:36.000Z,0.87,12.32,38.4,5.67,6.67,142,GOOD
rd_5669,ses_3429,2026-10-01T06:06:44.000Z,0.43,12.39,38.5,5.70,6.66,141,GOOD
rd_5670,ses_3429,2026-10-01T06:06:52.000Z,0.05,12.39,38.5,5.66,6.66,140,GOOD
rd_5671,ses_3430,2026-10-01T06:17:00.000Z,0.05,0.01,38.6,5.43,6.69,99,GOOD
rd_5672,ses_3430,2026-10-01T06:17:08.000Z,0.68,0.11,38.6,5.44,6.72,91,GOOD
rd_5673,ses_3430,2026-10-01T06:17:16.000Z,1.35,0.31,38.6,5.44,6.71,85,GOOD
rd_5674,ses_3430,2026-10-01T06:17:24.000Z,2.03,0.62,38.6,5.43,6.70,91,GOOD
rd_5675,ses_3430,2026-10-01T06:17:32.000Z,2.7,1.02,38.5,5.38,6.70,85,GOOD
rd_5676,ses_3430,2026-10-01T06:17:40.000Z,3.38,1.53,38.5,5.40,6.72,89,GOOD
rd_5677,ses_3430,2026-10-01T06:17:48.000Z,3.95,2.12,38.6,5.43,6.71,96,GOOD
rd_5678,ses_3430,2026-10-01T06:17:56.000Z,3.85,2.70,38.6,5.41,6.71,87,GOOD
rd_5679,ses_3430,2026-10-01T06:18:04.000Z,3.91,3.29,38.6,5.37,6.70,97,GOOD
rd_5680,ses_3430,2026-10-01T06:18:12.000Z,3.91,3.87,38.6,5.43,6.70,90,GOOD
rd_5681,ses_3430,2026-10-01T06:18:20.000Z,3.85,4.45,38.6,5.41,6.72,86,GOOD
rd_5682,ses_3430,2026-10-01T06:18:28.000Z,3.87,5.03,38.6,5.44,6.70,89,GOOD
rd_5683,ses_3430,2026-10-01T06:18:36.000Z,3.82,5.60,38.6,5.42,6.71,94,GOOD
rd_5684,ses_3430,2026-10-01T06:18:44.000Z,3.97,6.20,38.6,5.42,6.73,95,GOOD
rd_5685,ses_3430,2026-10-01T06:18:52.000Z,3.78,6.77,38.7,5.41,6.71,91,GOOD
rd_5686,ses_3430,2026-10-01T06:19:00.000Z,3.86,7.34,38.5,5.37,6.73,97,GOOD
rd_5687,ses_3430,2026-10-01T06:19:08.000Z,4.06,7.95,38.6,5.44,6.70,91,GOOD
rd_5688,ses_3430,2026-10-01T06:19:16.000Z,4.01,8.55,38.5,5.41,6.69,89,GOOD
rd_5689,ses_3430,2026-10-01T06:19:24.000Z,4.02,9.16,38.7,5.42,6.72,99,GOOD
rd_5690,ses_3430,2026-10-01T06:19:32.000Z,3.96,9.75,38.6,5.37,6.73,96,GOOD
rd_5691,ses_3430,2026-10-01T06:19:40.000Z,3.95,10.34,38.7,5.38,6.73,94,GOOD
rd_5692,ses_3430,2026-10-01T06:19:48.000Z,3.6,10.88,38.5,5.42,6.70,92,GOOD
rd_5693,ses_3430,2026-10-01T06:19:56.000Z,3.15,11.36,38.6,5.44,6.69,86,GOOD
rd_5694,ses_3430,2026-10-01T06:20:04.000Z,2.7,11.76,38.6,5.44,6.70,90,GOOD
rd_5695,ses_3430,2026-10-01T06:20:12.000Z,2.25,12.10,38.6,5.38,6.70,95,GOOD
rd_5696,ses_3430,2026-10-01T06:20:20.000Z,1.8,12.37,38.7,5.42,6.70,90,GOOD
rd_5697,ses_3430,2026-10-01T06:20:28.000Z,1.35,12.57,38.5,5.41,6.70,86,GOOD
rd_5698,ses_3430,2026-10-01T06:20:36.000Z,0.9,12.71,38.5,5.38,6.71,100,GOOD
rd_5699,ses_3430,2026-10-01T06:20:44.000Z,0.45,12.77,38.6,5.43,6.71,99,GOOD
rd_5700,ses_3430,2026-10-01T06:20:52.000Z,0.05,12.78,38.7,5.37,6.72,100,GOOD
rd_5701,ses_3431,2026-10-01T06:33:00.000Z,0.05,0.01,38.7,5.52,6.61,113,GOOD
rd_5702,ses_3431,2026-10-01T06:33:08.000Z,0.62,0.10,38.8,5.55,6.60,109,GOOD
rd_5703,ses_3431,2026-10-01T06:33:16.000Z,1.23,0.29,38.7,5.53,6.62,111,GOOD
rd_5704,ses_3431,2026-10-01T06:33:24.000Z,1.85,0.56,38.7,5.55,6.61,106,GOOD
rd_5705,ses_3431,2026-10-01T06:33:32.000Z,2.46,0.93,38.7,5.53,6.60,114,GOOD
rd_5706,ses_3431,2026-10-01T06:33:40.000Z,3.08,1.39,38.8,5.53,6.63,114,GOOD
rd_5707,ses_3431,2026-10-01T06:33:48.000Z,3.46,1.91,38.6,5.50,6.63,107,GOOD
rd_5708,ses_3431,2026-10-01T06:33:56.000Z,3.56,2.45,38.7,5.52,6.62,101,GOOD
rd_5709,ses_3431,2026-10-01T06:34:04.000Z,3.65,2.99,38.6,5.53,6.63,108,GOOD
rd_5710,ses_3431,2026-10-01T06:34:12.000Z,3.48,3.52,38.6,5.53,6.61,112,GOOD
rd_5711,ses_3431,2026-10-01T06:34:20.000Z,3.49,4.04,38.7,5.50,6.63,101,GOOD
rd_5712,ses_3431,2026-10-01T06:34:28.000Z,3.54,4.57,38.7,5.53,6.63,110,GOOD
rd_5713,ses_3431,2026-10-01T06:34:36.000Z,3.63,5.12,38.6,5.49,6.62,103,GOOD
rd_5714,ses_3431,2026-10-01T06:34:44.000Z,3.57,5.65,38.7,5.55,6.61,100,GOOD
rd_5715,ses_3431,2026-10-01T06:34:52.000Z,3.56,6.18,38.8,5.56,6.60,107,GOOD
rd_5716,ses_3431,2026-10-01T06:35:00.000Z,3.44,6.70,38.7,5.49,6.60,108,GOOD
rd_5717,ses_3431,2026-10-01T06:35:08.000Z,3.57,7.24,38.7,5.54,6.62,102,GOOD
rd_5718,ses_3431,2026-10-01T06:35:16.000Z,3.62,7.78,38.8,5.54,6.61,106,GOOD
rd_5719,ses_3431,2026-10-01T06:35:24.000Z,3.52,8.31,38.7,5.54,6.62,110,GOOD
rd_5720,ses_3431,2026-10-01T06:35:32.000Z,3.7,8.86,38.7,5.56,6.60,105,GOOD
rd_5721,ses_3431,2026-10-01T06:35:40.000Z,3.52,9.39,38.7,5.49,6.62,115,GOOD
rd_5722,ses_3431,2026-10-01T06:35:48.000Z,3.28,9.88,38.7,5.49,6.63,100,GOOD
rd_5723,ses_3431,2026-10-01T06:35:56.000Z,2.87,10.31,38.8,5.53,6.63,103,GOOD
rd_5724,ses_3431,2026-10-01T06:36:04.000Z,2.46,10.68,38.7,5.53,6.61,107,GOOD
rd_5725,ses_3431,2026-10-01T06:36:12.000Z,2.05,10.99,38.7,5.55,6.64,111,GOOD
rd_5726,ses_3431,2026-10-01T06:36:20.000Z,1.64,11.23,38.7,5.49,6.64,108,GOOD
rd_5727,ses_3431,2026-10-01T06:36:28.000Z,1.23,11.42,38.7,5.50,6.61,111,GOOD
rd_5728,ses_3431,2026-10-01T06:36:36.000Z,0.82,11.54,38.7,5.51,6.62,112,GOOD
rd_5729,ses_3431,2026-10-01T06:36:44.000Z,0.41,11.60,38.7,5.51,6.62,109,GOOD
rd_5730,ses_3431,2026-10-01T06:36:52.000Z,0.05,11.61,38.7,5.54,6.63,107,GOOD
rd_5731,ses_3432,2026-10-01T06:35:00.000Z,0.05,0.01,38.6,5.70,6.64,101,GOOD
rd_5732,ses_3432,2026-10-01T06:35:08.000Z,0.66,0.11,38.5,5.71,6.65,96,GOOD
rd_5733,ses_3432,2026-10-01T06:35:16.000Z,1.32,0.30,38.6,5.67,6.64,96,GOOD
rd_5734,ses_3432,2026-10-01T06:35:24.000Z,1.99,0.60,38.5,5.70,6.64,101,GOOD
rd_5735,ses_3432,2026-10-01T06:35:32.000Z,2.65,1.00,38.4,5.71,6.64,90,GOOD
rd_5736,ses_3432,2026-10-01T06:35:40.000Z,3.31,1.50,38.5,5.69,6.65,99,GOOD
rd_5737,ses_3432,2026-10-01T06:35:48.000Z,3.84,2.07,38.6,5.67,6.64,99,GOOD
rd_5738,ses_3432,2026-10-01T06:35:56.000Z,3.89,2.66,38.5,5.67,6.65,99,GOOD
rd_5739,ses_3432,2026-10-01T06:36:04.000Z,3.94,3.25,38.5,5.69,6.66,100,GOOD
rd_5740,ses_3432,2026-10-01T06:36:12.000Z,3.85,3.82,38.5,5.67,6.65,103,GOOD
rd_5741,ses_3432,2026-10-01T06:36:20.000Z,3.71,4.38,38.5,5.67,6.67,91,GOOD
rd_5742,ses_3432,2026-10-01T06:36:28.000Z,3.81,4.95,38.5,5.67,6.66,100,GOOD
rd_5743,ses_3432,2026-10-01T06:36:36.000Z,3.76,5.52,38.6,5.67,6.65,98,GOOD
rd_5744,ses_3432,2026-10-01T06:36:44.000Z,3.76,6.08,38.4,5.67,6.66,99,GOOD
rd_5745,ses_3432,2026-10-01T06:36:52.000Z,3.88,6.66,38.4,5.69,6.67,95,GOOD
rd_5746,ses_3432,2026-10-01T06:37:00.000Z,3.72,7.22,38.5,5.71,6.67,101,GOOD
rd_5747,ses_3432,2026-10-01T06:37:08.000Z,3.71,7.78,38.5,5.74,6.68,95,GOOD
rd_5748,ses_3432,2026-10-01T06:37:16.000Z,3.95,8.37,38.6,5.71,6.65,95,GOOD
rd_5749,ses_3432,2026-10-01T06:37:24.000Z,3.72,8.93,38.5,5.67,6.65,102,GOOD
rd_5750,ses_3432,2026-10-01T06:37:32.000Z,3.78,9.49,38.5,5.69,6.65,103,GOOD
rd_5751,ses_3432,2026-10-01T06:37:40.000Z,3.7,10.05,38.5,5.69,6.66,94,GOOD
rd_5752,ses_3432,2026-10-01T06:37:48.000Z,3.53,10.58,38.5,5.72,6.64,103,GOOD
rd_5753,ses_3432,2026-10-01T06:37:56.000Z,3.09,11.04,38.4,5.67,6.65,98,GOOD
rd_5754,ses_3432,2026-10-01T06:38:04.000Z,2.65,11.44,38.6,5.67,6.66,96,GOOD
rd_5755,ses_3432,2026-10-01T06:38:12.000Z,2.21,11.77,38.5,5.69,6.64,96,GOOD
rd_5756,ses_3432,2026-10-01T06:38:20.000Z,1.77,12.04,38.5,5.73,6.64,90,GOOD
rd_5757,ses_3432,2026-10-01T06:38:28.000Z,1.32,12.24,38.4,5.73,6.66,97,GOOD
rd_5758,ses_3432,2026-10-01T06:38:36.000Z,0.88,12.37,38.4,5.70,6.66,99,GOOD
rd_5759,ses_3432,2026-10-01T06:38:44.000Z,0.44,12.43,38.5,5.73,6.66,99,GOOD
rd_5760,ses_3432,2026-10-01T06:38:52.000Z,0.05,12.44,38.6,5.67,6.65,99,GOOD
rd_5761,ses_3433,2026-10-01T07:24:00.000Z,0.05,0.01,38.7,5.55,6.71,110,GOOD
rd_5762,ses_3433,2026-10-01T07:24:08.000Z,0.7,0.11,38.6,5.56,6.73,111,GOOD
rd_5763,ses_3433,2026-10-01T07:24:16.000Z,1.4,0.32,38.7,5.53,6.73,101,GOOD
rd_5764,ses_3433,2026-10-01T07:24:24.000Z,2.11,0.64,38.6,5.55,6.72,106,GOOD
rd_5765,ses_3433,2026-10-01T07:24:32.000Z,2.81,1.06,38.5,5.58,6.73,97,GOOD
rd_5766,ses_3433,2026-10-01T07:24:40.000Z,3.51,1.59,38.6,5.57,6.71,101,GOOD
rd_5767,ses_3433,2026-10-01T07:24:48.000Z,4.21,2.22,38.6,5.56,6.70,105,GOOD
rd_5768,ses_3433,2026-10-01T07:24:56.000Z,4.21,2.85,38.6,5.57,6.72,96,GOOD
rd_5769,ses_3433,2026-10-01T07:25:04.000Z,4.16,3.47,38.6,5.54,6.74,110,GOOD
rd_5770,ses_3433,2026-10-01T07:25:12.000Z,4.04,4.08,38.6,5.53,6.71,108,GOOD
rd_5771,ses_3433,2026-10-01T07:25:20.000Z,4.04,4.69,38.7,5.57,6.73,100,GOOD
rd_5772,ses_3433,2026-10-01T07:25:28.000Z,4.07,5.30,38.7,5.58,6.70,109,GOOD
rd_5773,ses_3433,2026-10-01T07:25:36.000Z,4.18,5.92,38.6,5.57,6.71,108,GOOD
rd_5774,ses_3433,2026-10-01T07:25:44.000Z,4.17,6.55,38.5,5.56,6.71,102,GOOD
rd_5775,ses_3433,2026-10-01T07:25:52.000Z,4.2,7.18,38.6,5.60,6.70,109,GOOD
rd_5776,ses_3433,2026-10-01T07:26:00.000Z,3.98,7.78,38.5,5.59,6.71,106,GOOD
rd_5777,ses_3433,2026-10-01T07:26:08.000Z,4.21,8.41,38.6,5.57,6.73,110,GOOD
rd_5778,ses_3433,2026-10-01T07:26:16.000Z,3.92,9.00,38.6,5.52,6.73,103,GOOD
rd_5779,ses_3433,2026-10-01T07:26:24.000Z,3.97,9.59,38.5,5.58,6.73,99,GOOD
rd_5780,ses_3433,2026-10-01T07:26:32.000Z,4.08,10.20,38.6,5.55,6.70,102,GOOD
rd_5781,ses_3433,2026-10-01T07:26:40.000Z,4.05,10.81,38.7,5.57,6.72,106,GOOD
rd_5782,ses_3433,2026-10-01T07:26:48.000Z,3.74,11.37,38.6,5.57,6.73,110,GOOD
rd_5783,ses_3433,2026-10-01T07:26:56.000Z,3.27,11.86,38.6,5.58,6.72,102,GOOD
rd_5784,ses_3433,2026-10-01T07:27:04.000Z,2.81,12.28,38.5,5.58,6.71,104,GOOD
rd_5785,ses_3433,2026-10-01T07:27:12.000Z,2.34,12.63,38.7,5.53,6.71,105,GOOD
rd_5786,ses_3433,2026-10-01T07:27:20.000Z,1.87,12.91,38.6,5.58,6.71,103,GOOD
rd_5787,ses_3433,2026-10-01T07:27:28.000Z,1.4,13.13,38.6,5.55,6.74,98,GOOD
rd_5788,ses_3433,2026-10-01T07:27:36.000Z,0.94,13.27,38.5,5.57,6.71,105,GOOD
rd_5789,ses_3433,2026-10-01T07:27:44.000Z,0.47,13.34,38.6,5.55,6.72,102,GOOD
rd_5790,ses_3433,2026-10-01T07:27:52.000Z,0.05,13.34,38.5,5.54,6.73,103,GOOD
rd_5791,ses_3434,2026-10-01T07:13:00.000Z,0.05,0.01,38.9,5.67,6.64,116,GOOD
rd_5792,ses_3434,2026-10-01T07:13:08.000Z,0.61,0.10,38.8,5.67,6.67,107,GOOD
rd_5793,ses_3434,2026-10-01T07:13:16.000Z,1.22,0.28,38.8,5.69,6.65,111,GOOD
rd_5794,ses_3434,2026-10-01T07:13:24.000Z,1.83,0.56,38.8,5.64,6.65,113,GOOD
rd_5795,ses_3434,2026-10-01T07:13:32.000Z,2.44,0.92,38.7,5.67,6.66,109,GOOD
rd_5796,ses_3434,2026-10-01T07:13:40.000Z,3.05,1.38,38.8,5.68,6.63,111,GOOD
rd_5797,ses_3434,2026-10-01T07:13:48.000Z,3.68,1.93,38.8,5.70,6.64,114,GOOD
rd_5798,ses_3434,2026-10-01T07:13:56.000Z,3.43,2.45,38.7,5.69,6.65,106,GOOD
rd_5799,ses_3434,2026-10-01T07:14:04.000Z,3.53,2.98,38.7,5.66,6.64,105,GOOD
rd_5800,ses_3434,2026-10-01T07:14:12.000Z,3.53,3.51,38.8,5.70,6.63,113,GOOD
rd_5801,ses_3434,2026-10-01T07:14:20.000Z,3.45,4.02,38.9,5.69,6.65,114,GOOD
rd_5802,ses_3434,2026-10-01T07:14:28.000Z,3.39,4.53,38.8,5.71,6.66,114,GOOD
rd_5803,ses_3434,2026-10-01T07:14:36.000Z,3.45,5.05,38.8,5.65,6.67,116,GOOD
rd_5804,ses_3434,2026-10-01T07:14:44.000Z,3.48,5.57,38.8,5.69,6.67,107,GOOD
rd_5805,ses_3434,2026-10-01T07:14:52.000Z,3.54,6.10,38.8,5.69,6.64,102,GOOD
rd_5806,ses_3434,2026-10-01T07:15:00.000Z,3.66,6.65,38.8,5.65,6.67,113,GOOD
rd_5807,ses_3434,2026-10-01T07:15:08.000Z,3.69,7.20,38.8,5.64,6.67,108,GOOD
rd_5808,ses_3434,2026-10-01T07:15:16.000Z,3.53,7.73,38.9,5.66,6.65,103,GOOD
rd_5809,ses_3434,2026-10-01T07:15:24.000Z,3.58,8.27,38.7,5.68,6.64,109,GOOD
rd_5810,ses_3434,2026-10-01T07:15:32.000Z,3.63,8.82,38.8,5.67,6.65,105,GOOD
rd_5811,ses_3434,2026-10-01T07:15:40.000Z,3.54,9.35,38.8,5.68,6.64,108,GOOD
rd_5812,ses_3434,2026-10-01T07:15:48.000Z,3.26,9.84,38.8,5.68,6.63,105,GOOD
rd_5813,ses_3434,2026-10-01T07:15:56.000Z,2.85,10.26,38.8,5.67,6.66,116,GOOD
rd_5814,ses_3434,2026-10-01T07:16:04.000Z,2.44,10.63,38.9,5.64,6.63,104,GOOD
rd_5815,ses_3434,2026-10-01T07:16:12.000Z,2.03,10.93,38.7,5.66,6.67,103,GOOD
rd_5816,ses_3434,2026-10-01T07:16:20.000Z,1.63,11.18,38.8,5.69,6.67,105,GOOD
rd_5817,ses_3434,2026-10-01T07:16:28.000Z,1.22,11.36,38.8,5.65,6.64,111,GOOD
rd_5818,ses_3434,2026-10-01T07:16:36.000Z,0.81,11.48,38.9,5.65,6.64,107,GOOD
rd_5819,ses_3434,2026-10-01T07:16:44.000Z,0.41,11.54,38.9,5.70,6.67,115,GOOD
rd_5820,ses_3434,2026-10-01T07:16:52.000Z,0.05,11.55,38.8,5.64,6.65,107,GOOD
rd_5821,ses_3435,2026-10-01T06:48:00.000Z,0.05,0.01,38.4,5.45,6.68,129,GOOD
rd_5822,ses_3435,2026-10-01T06:48:08.000Z,0.68,0.11,38.4,5.49,6.68,117,GOOD
rd_5823,ses_3435,2026-10-01T06:48:16.000Z,1.35,0.31,38.4,5.50,6.68,121,GOOD
rd_5824,ses_3435,2026-10-01T06:48:24.000Z,2.03,0.62,38.4,5.45,6.67,114,GOOD
rd_5825,ses_3435,2026-10-01T06:48:32.000Z,2.7,1.02,38.5,5.47,6.69,117,GOOD
rd_5826,ses_3435,2026-10-01T06:48:40.000Z,3.38,1.53,38.5,5.45,6.70,115,GOOD
rd_5827,ses_3435,2026-10-01T06:48:48.000Z,3.96,2.12,38.4,5.47,6.70,118,GOOD
rd_5828,ses_3435,2026-10-01T06:48:56.000Z,3.98,2.72,38.4,5.44,6.68,120,GOOD
rd_5829,ses_3435,2026-10-01T06:49:04.000Z,3.84,3.30,38.4,5.43,6.70,115,GOOD
rd_5830,ses_3435,2026-10-01T06:49:12.000Z,3.91,3.88,38.4,5.45,6.70,117,GOOD
rd_5831,ses_3435,2026-10-01T06:49:20.000Z,3.85,4.46,38.4,5.47,6.68,126,GOOD
rd_5832,ses_3435,2026-10-01T06:49:28.000Z,4.05,5.07,38.5,5.50,6.68,127,GOOD
rd_5833,ses_3435,2026-10-01T06:49:36.000Z,4.04,5.67,38.3,5.48,6.70,124,GOOD
rd_5834,ses_3435,2026-10-01T06:49:44.000Z,4.01,6.27,38.3,5.43,6.70,120,GOOD
rd_5835,ses_3435,2026-10-01T06:49:52.000Z,4.04,6.88,38.4,5.51,6.69,127,GOOD
rd_5836,ses_3435,2026-10-01T06:50:00.000Z,3.87,7.46,38.5,5.46,6.70,129,GOOD
rd_5837,ses_3435,2026-10-01T06:50:08.000Z,3.91,8.05,38.5,5.47,6.67,124,GOOD
rd_5838,ses_3435,2026-10-01T06:50:16.000Z,3.77,8.61,38.4,5.51,6.70,121,GOOD
rd_5839,ses_3435,2026-10-01T06:50:24.000Z,3.85,9.19,38.4,5.48,6.70,121,GOOD
rd_5840,ses_3435,2026-10-01T06:50:32.000Z,3.99,9.79,38.5,5.45,6.69,124,GOOD
rd_5841,ses_3435,2026-10-01T06:50:40.000Z,3.88,10.37,38.4,5.45,6.68,122,GOOD
rd_5842,ses_3435,2026-10-01T06:50:48.000Z,3.6,10.91,38.4,5.49,6.70,126,GOOD
rd_5843,ses_3435,2026-10-01T06:50:56.000Z,3.15,11.38,38.5,5.44,6.70,116,GOOD
rd_5844,ses_3435,2026-10-01T06:51:04.000Z,2.7,11.79,38.3,5.50,6.70,114,GOOD
rd_5845,ses_3435,2026-10-01T06:51:12.000Z,2.25,12.13,38.4,5.45,6.68,121,GOOD
rd_5846,ses_3435,2026-10-01T06:51:20.000Z,1.8,12.40,38.5,5.49,6.69,120,GOOD
rd_5847,ses_3435,2026-10-01T06:51:28.000Z,1.35,12.60,38.5,5.44,6.68,127,GOOD
rd_5848,ses_3435,2026-10-01T06:51:36.000Z,0.9,12.73,38.4,5.48,6.68,124,GOOD
rd_5849,ses_3435,2026-10-01T06:51:44.000Z,0.45,12.80,38.4,5.50,6.69,121,GOOD
rd_5850,ses_3435,2026-10-01T06:51:52.000Z,0.05,12.81,38.5,5.50,6.68,129,GOOD
rd_5851,ses_3436,2026-10-01T06:23:00.000Z,0.05,0.01,38.5,5.53,6.64,129,GOOD
rd_5852,ses_3436,2026-10-01T06:23:08.000Z,0.6,0.10,38.4,5.47,6.65,124,GOOD
rd_5853,ses_3436,2026-10-01T06:23:16.000Z,1.2,0.28,38.4,5.49,6.65,137,GOOD
rd_5854,ses_3436,2026-10-01T06:23:24.000Z,1.79,0.55,38.4,5.52,6.67,130,GOOD
rd_5855,ses_3436,2026-10-01T06:23:32.000Z,2.39,0.90,38.6,5.52,6.63,124,GOOD
rd_5856,ses_3436,2026-10-01T06:23:40.000Z,2.99,1.35,38.6,5.48,6.64,130,GOOD
rd_5857,ses_3436,2026-10-01T06:23:48.000Z,3.54,1.88,38.5,5.49,6.67,136,GOOD
rd_5858,ses_3436,2026-10-01T06:23:56.000Z,3.61,2.43,38.5,5.50,6.66,125,GOOD
rd_5859,ses_3436,2026-10-01T06:24:04.000Z,3.55,2.96,38.5,5.54,6.64,125,GOOD
rd_5860,ses_3436,2026-10-01T06:24:12.000Z,3.6,3.50,38.4,5.50,6.66,130,GOOD
rd_5861,ses_3436,2026-10-01T06:24:20.000Z,3.55,4.03,38.4,5.54,6.66,130,GOOD
rd_5862,ses_3436,2026-10-01T06:24:28.000Z,3.58,4.57,38.5,5.48,6.65,129,GOOD
rd_5863,ses_3436,2026-10-01T06:24:36.000Z,3.46,5.09,38.5,5.50,6.65,127,GOOD
rd_5864,ses_3436,2026-10-01T06:24:44.000Z,3.51,5.61,38.5,5.49,6.63,124,GOOD
rd_5865,ses_3436,2026-10-01T06:24:52.000Z,3.55,6.15,38.5,5.47,6.66,124,GOOD
rd_5866,ses_3436,2026-10-01T06:25:00.000Z,3.33,6.64,38.4,5.54,6.65,137,GOOD
rd_5867,ses_3436,2026-10-01T06:25:08.000Z,3.54,7.18,38.4,5.49,6.65,131,GOOD
rd_5868,ses_3436,2026-10-01T06:25:16.000Z,3.57,7.71,38.5,5.49,6.64,128,GOOD
rd_5869,ses_3436,2026-10-01T06:25:24.000Z,3.44,8.23,38.5,5.50,6.63,138,GOOD
rd_5870,ses_3436,2026-10-01T06:25:32.000Z,3.43,8.74,38.5,5.50,6.65,126,GOOD
rd_5871,ses_3436,2026-10-01T06:25:40.000Z,3.4,9.25,38.5,5.52,6.66,139,GOOD
rd_5872,ses_3436,2026-10-01T06:25:48.000Z,3.19,9.73,38.6,5.51,6.64,134,GOOD
rd_5873,ses_3436,2026-10-01T06:25:56.000Z,2.79,10.15,38.6,5.47,6.67,135,GOOD
rd_5874,ses_3436,2026-10-01T06:26:04.000Z,2.39,10.51,38.5,5.49,6.65,127,GOOD
rd_5875,ses_3436,2026-10-01T06:26:12.000Z,1.99,10.81,38.5,5.50,6.64,125,GOOD
rd_5876,ses_3436,2026-10-01T06:26:20.000Z,1.6,11.05,38.6,5.49,6.65,135,GOOD
rd_5877,ses_3436,2026-10-01T06:26:28.000Z,1.2,11.23,38.6,5.47,6.63,125,GOOD
rd_5878,ses_3436,2026-10-01T06:26:36.000Z,0.8,11.35,38.5,5.52,6.66,138,GOOD
rd_5879,ses_3436,2026-10-01T06:26:44.000Z,0.4,11.41,38.5,5.47,6.64,131,GOOD
rd_5880,ses_3436,2026-10-01T06:26:52.000Z,0.05,11.41,38.5,5.49,6.64,136,GOOD
rd_5881,ses_3437,2026-10-01T07:01:00.000Z,0.05,0.01,38.7,5.72,6.62,137,GOOD
rd_5882,ses_3437,2026-10-01T07:01:08.000Z,0.64,0.10,38.8,5.69,6.63,137,GOOD
rd_5883,ses_3437,2026-10-01T07:01:16.000Z,1.28,0.30,38.6,5.74,6.65,131,GOOD
rd_5884,ses_3437,2026-10-01T07:01:24.000Z,1.92,0.58,38.8,5.67,6.66,131,GOOD
rd_5885,ses_3437,2026-10-01T07:01:32.000Z,2.56,0.97,38.6,5.70,6.65,132,GOOD
rd_5886,ses_3437,2026-10-01T07:01:40.000Z,3.2,1.45,38.8,5.68,6.63,129,GOOD
rd_5887,ses_3437,2026-10-01T07:01:48.000Z,3.58,1.98,38.7,5.66,6.62,138,GOOD
rd_5888,ses_3437,2026-10-01T07:01:56.000Z,3.75,2.55,38.6,5.67,6.63,130,GOOD
rd_5889,ses_3437,2026-10-01T07:02:04.000Z,3.66,3.10,38.7,5.67,6.63,141,GOOD
rd_5890,ses_3437,2026-10-01T07:02:12.000Z,3.64,3.64,38.8,5.70,6.63,138,GOOD
rd_5891,ses_3437,2026-10-01T07:02:20.000Z,3.72,4.20,38.6,5.70,6.62,138,GOOD
rd_5892,ses_3437,2026-10-01T07:02:28.000Z,3.83,4.77,38.6,5.70,6.65,140,GOOD
rd_5893,ses_3437,2026-10-01T07:02:36.000Z,3.6,5.31,38.7,5.66,6.63,138,GOOD
rd_5894,ses_3437,2026-10-01T07:02:44.000Z,3.85,5.89,38.6,5.70,6.66,137,GOOD
rd_5895,ses_3437,2026-10-01T07:02:52.000Z,3.62,6.43,38.6,5.67,6.64,132,GOOD
rd_5896,ses_3437,2026-10-01T07:03:00.000Z,3.72,6.99,38.6,5.69,6.63,131,GOOD
rd_5897,ses_3437,2026-10-01T07:03:08.000Z,3.6,7.53,38.6,5.67,6.66,128,GOOD
rd_5898,ses_3437,2026-10-01T07:03:16.000Z,3.61,8.07,38.6,5.68,6.66,128,GOOD
rd_5899,ses_3437,2026-10-01T07:03:24.000Z,3.67,8.62,38.6,5.69,6.64,139,GOOD
rd_5900,ses_3437,2026-10-01T07:03:32.000Z,3.76,9.19,38.6,5.66,6.64,136,GOOD
rd_5901,ses_3437,2026-10-01T07:03:40.000Z,3.72,9.75,38.8,5.71,6.64,140,GOOD
rd_5902,ses_3437,2026-10-01T07:03:48.000Z,3.41,10.26,38.8,5.70,6.65,138,GOOD
rd_5903,ses_3437,2026-10-01T07:03:56.000Z,2.99,10.71,38.8,5.68,6.65,129,GOOD
rd_5904,ses_3437,2026-10-01T07:04:04.000Z,2.56,11.09,38.7,5.70,6.63,136,GOOD
rd_5905,ses_3437,2026-10-01T07:04:12.000Z,2.13,11.41,38.7,5.72,6.66,132,GOOD
rd_5906,ses_3437,2026-10-01T07:04:20.000Z,1.71,11.67,38.8,5.69,6.66,137,GOOD
rd_5907,ses_3437,2026-10-01T07:04:28.000Z,1.28,11.86,38.7,5.66,6.64,135,GOOD
rd_5908,ses_3437,2026-10-01T07:04:36.000Z,0.85,11.99,38.7,5.71,6.65,126,GOOD
rd_5909,ses_3437,2026-10-01T07:04:44.000Z,0.43,12.05,38.8,5.68,6.62,125,GOOD
rd_5910,ses_3437,2026-10-01T07:04:52.000Z,0.05,12.06,38.6,5.66,6.62,131,GOOD
rd_5911,ses_3438,2026-10-01T07:26:00.000Z,0.05,0.01,38.5,5.52,6.72,161,GOOD
rd_5912,ses_3438,2026-10-01T07:26:08.000Z,0.7,0.11,38.5,5.55,6.69,151,GOOD
rd_5913,ses_3438,2026-10-01T07:26:16.000Z,1.41,0.32,38.5,5.48,6.69,153,GOOD
rd_5914,ses_3438,2026-10-01T07:26:24.000Z,2.11,0.64,38.5,5.51,6.70,162,GOOD
rd_5915,ses_3438,2026-10-01T07:26:32.000Z,2.81,1.06,38.5,5.51,6.71,151,GOOD
rd_5916,ses_3438,2026-10-01T07:26:40.000Z,3.52,1.59,38.5,5.55,6.71,152,GOOD
rd_5917,ses_3438,2026-10-01T07:26:48.000Z,4.15,2.21,38.6,5.55,6.72,159,GOOD
rd_5918,ses_3438,2026-10-01T07:26:56.000Z,4.09,2.83,38.5,5.52,6.70,154,GOOD
rd_5919,ses_3438,2026-10-01T07:27:04.000Z,4.18,3.45,38.6,5.56,6.68,159,GOOD
rd_5920,ses_3438,2026-10-01T07:27:12.000Z,3.94,4.04,38.5,5.54,6.71,160,GOOD
rd_5921,ses_3438,2026-10-01T07:27:20.000Z,4.16,4.67,38.5,5.52,6.68,164,GOOD
rd_5922,ses_3438,2026-10-01T07:27:28.000Z,3.99,5.27,38.6,5.56,6.70,163,GOOD
rd_5923,ses_3438,2026-10-01T07:27:36.000Z,3.99,5.86,38.6,5.56,6.69,151,GOOD
rd_5924,ses_3438,2026-10-01T07:27:44.000Z,4.18,6.49,38.6,5.48,6.72,163,GOOD
rd_5925,ses_3438,2026-10-01T07:27:52.000Z,4.03,7.10,38.6,5.55,6.71,155,GOOD
rd_5926,ses_3438,2026-10-01T07:28:00.000Z,3.93,7.69,38.5,5.54,6.71,161,GOOD
rd_5927,ses_3438,2026-10-01T07:28:08.000Z,4.16,8.31,38.5,5.55,6.69,161,GOOD
rd_5928,ses_3438,2026-10-01T07:28:16.000Z,4.16,8.93,38.4,5.54,6.70,158,GOOD
rd_5929,ses_3438,2026-10-01T07:28:24.000Z,4.16,9.56,38.5,5.55,6.68,163,GOOD
rd_5930,ses_3438,2026-10-01T07:28:32.000Z,3.95,10.15,38.5,5.52,6.70,163,GOOD
rd_5931,ses_3438,2026-10-01T07:28:40.000Z,4.06,10.76,38.6,5.53,6.70,160,GOOD
rd_5932,ses_3438,2026-10-01T07:28:48.000Z,3.75,11.32,38.5,5.49,6.70,151,GOOD
rd_5933,ses_3438,2026-10-01T07:28:56.000Z,3.28,11.81,38.5,5.52,6.70,163,GOOD
rd_5934,ses_3438,2026-10-01T07:29:04.000Z,2.81,12.24,38.4,5.48,6.71,155,GOOD
rd_5935,ses_3438,2026-10-01T07:29:12.000Z,2.34,12.59,38.6,5.56,6.69,161,GOOD
rd_5936,ses_3438,2026-10-01T07:29:20.000Z,1.88,12.87,38.5,5.51,6.71,152,GOOD
rd_5937,ses_3438,2026-10-01T07:29:28.000Z,1.41,13.08,38.5,5.51,6.68,156,GOOD
rd_5938,ses_3438,2026-10-01T07:29:36.000Z,0.94,13.22,38.4,5.51,6.71,152,GOOD
rd_5939,ses_3438,2026-10-01T07:29:44.000Z,0.47,13.29,38.5,5.52,6.72,150,GOOD
rd_5940,ses_3438,2026-10-01T07:29:52.000Z,0.05,13.30,38.6,5.49,6.72,150,GOOD
rd_5941,ses_3439,2026-10-01T06:50:00.000Z,0.05,0.01,38.7,5.72,6.61,163,GOOD
rd_5942,ses_3439,2026-10-01T06:50:08.000Z,0.62,0.10,38.7,5.69,6.63,151,GOOD
rd_5943,ses_3439,2026-10-01T06:50:16.000Z,1.23,0.29,38.6,5.67,6.64,153,GOOD
rd_5944,ses_3439,2026-10-01T06:50:24.000Z,1.85,0.56,38.6,5.67,6.61,164,GOOD
rd_5945,ses_3439,2026-10-01T06:50:32.000Z,2.46,0.93,38.6,5.67,6.64,160,GOOD
rd_5946,ses_3439,2026-10-01T06:50:40.000Z,3.08,1.39,38.6,5.65,6.64,154,GOOD
rd_5947,ses_3439,2026-10-01T06:50:48.000Z,3.49,1.92,38.6,5.64,6.63,155,GOOD
rd_5948,ses_3439,2026-10-01T06:50:56.000Z,3.71,2.47,38.7,5.69,6.62,162,GOOD
rd_5949,ses_3439,2026-10-01T06:51:04.000Z,3.62,3.02,38.6,5.71,6.64,155,GOOD
rd_5950,ses_3439,2026-10-01T06:51:12.000Z,3.47,3.54,38.6,5.66,6.63,150,GOOD
rd_5951,ses_3439,2026-10-01T06:51:20.000Z,3.58,4.07,38.6,5.66,6.61,150,GOOD
rd_5952,ses_3439,2026-10-01T06:51:28.000Z,3.61,4.62,38.5,5.71,6.64,151,GOOD
rd_5953,ses_3439,2026-10-01T06:51:36.000Z,3.49,5.14,38.6,5.67,6.62,163,GOOD
rd_5954,ses_3439,2026-10-01T06:51:44.000Z,3.51,5.67,38.6,5.68,6.62,153,GOOD
rd_5955,ses_3439,2026-10-01T06:51:52.000Z,3.54,6.20,38.7,5.68,6.64,153,GOOD
rd_5956,ses_3439,2026-10-01T06:52:00.000Z,3.67,6.75,38.6,5.71,6.64,150,GOOD
rd_5957,ses_3439,2026-10-01T06:52:08.000Z,3.45,7.26,38.6,5.67,6.64,152,GOOD
rd_5958,ses_3439,2026-10-01T06:52:16.000Z,3.61,7.81,38.7,5.68,6.62,159,GOOD
rd_5959,ses_3439,2026-10-01T06:52:24.000Z,3.47,8.33,38.6,5.67,6.63,155,GOOD
rd_5960,ses_3439,2026-10-01T06:52:32.000Z,3.44,8.84,38.6,5.71,6.62,153,GOOD
rd_5961,ses_3439,2026-10-01T06:52:40.000Z,3.66,9.39,38.6,5.65,6.65,161,GOOD
rd_5962,ses_3439,2026-10-01T06:52:48.000Z,3.28,9.88,38.6,5.67,6.62,161,GOOD
rd_5963,ses_3439,2026-10-01T06:52:56.000Z,2.87,10.31,38.6,5.66,6.63,162,GOOD
rd_5964,ses_3439,2026-10-01T06:53:04.000Z,2.46,10.68,38.6,5.65,6.63,162,GOOD
rd_5965,ses_3439,2026-10-01T06:53:12.000Z,2.05,10.99,38.7,5.68,6.62,157,GOOD
rd_5966,ses_3439,2026-10-01T06:53:20.000Z,1.64,11.24,38.5,5.66,6.65,150,GOOD
rd_5967,ses_3439,2026-10-01T06:53:28.000Z,1.23,11.42,38.6,5.71,6.63,163,GOOD
rd_5968,ses_3439,2026-10-01T06:53:36.000Z,0.82,11.54,38.6,5.66,6.65,148,GOOD
rd_5969,ses_3439,2026-10-01T06:53:44.000Z,0.41,11.61,38.6,5.66,6.61,151,GOOD
rd_5970,ses_3439,2026-10-01T06:53:52.000Z,0.05,11.61,38.6,5.68,6.63,148,GOOD
rd_5971,ses_3440,2026-10-01T06:29:00.000Z,0.05,0.01,38.7,5.44,6.67,92,GOOD
rd_5972,ses_3440,2026-10-01T06:29:08.000Z,0.64,0.10,38.7,5.40,6.66,77,GOOD
rd_5973,ses_3440,2026-10-01T06:29:16.000Z,1.29,0.30,38.7,5.38,6.66,90,GOOD
rd_5974,ses_3440,2026-10-01T06:29:24.000Z,1.93,0.59,38.9,5.43,6.67,81,GOOD
rd_5975,ses_3440,2026-10-01T06:29:32.000Z,2.58,0.97,38.7,5.42,6.69,77,GOOD
rd_5976,ses_3440,2026-10-01T06:29:40.000Z,3.22,1.46,38.9,5.43,6.69,89,GOOD
rd_5977,ses_3440,2026-10-01T06:29:48.000Z,3.71,2.01,38.8,5.41,6.67,88,GOOD
rd_5978,ses_3440,2026-10-01T06:29:56.000Z,3.69,2.57,38.7,5.43,6.66,92,GOOD
rd_5979,ses_3440,2026-10-01T06:30:04.000Z,3.79,3.13,38.9,5.39,6.67,82,GOOD
rd_5980,ses_3440,2026-10-01T06:30:12.000Z,3.82,3.71,38.8,5.43,6.68,86,GOOD
rd_5981,ses_3440,2026-10-01T06:30:20.000Z,3.64,4.25,38.8,5.37,6.67,79,GOOD
rd_5982,ses_3440,2026-10-01T06:30:28.000Z,3.85,4.83,38.7,5.40,6.65,83,GOOD
rd_5983,ses_3440,2026-10-01T06:30:36.000Z,3.86,5.41,38.7,5.38,6.69,83,GOOD
rd_5984,ses_3440,2026-10-01T06:30:44.000Z,3.6,5.95,38.8,5.38,6.65,83,GOOD
rd_5985,ses_3440,2026-10-01T06:30:52.000Z,3.68,6.50,38.9,5.40,6.65,84,GOOD
rd_5986,ses_3440,2026-10-01T06:31:00.000Z,3.76,7.07,38.8,5.44,6.68,85,GOOD
rd_5987,ses_3440,2026-10-01T06:31:08.000Z,3.67,7.62,38.8,5.44,6.69,86,GOOD
rd_5988,ses_3440,2026-10-01T06:31:16.000Z,3.83,8.19,38.8,5.39,6.67,86,GOOD
rd_5989,ses_3440,2026-10-01T06:31:24.000Z,3.88,8.77,38.8,5.43,6.69,81,GOOD
rd_5990,ses_3440,2026-10-01T06:31:32.000Z,3.82,9.35,38.9,5.43,6.69,85,GOOD
rd_5991,ses_3440,2026-10-01T06:31:40.000Z,3.85,9.92,38.8,5.42,6.66,82,GOOD
rd_5992,ses_3440,2026-10-01T06:31:48.000Z,3.44,10.44,38.8,5.43,6.69,78,GOOD
rd_5993,ses_3440,2026-10-01T06:31:56.000Z,3.01,10.89,38.8,5.44,6.69,83,GOOD
rd_5994,ses_3440,2026-10-01T06:32:04.000Z,2.58,11.28,38.9,5.44,6.66,83,GOOD
rd_5995,ses_3440,2026-10-01T06:32:12.000Z,2.15,11.60,38.8,5.44,6.65,86,GOOD
rd_5996,ses_3440,2026-10-01T06:32:20.000Z,1.72,11.86,38.8,5.41,6.65,92,GOOD
rd_5997,ses_3440,2026-10-01T06:32:28.000Z,1.29,12.05,38.8,5.41,6.66,91,GOOD
rd_5998,ses_3440,2026-10-01T06:32:36.000Z,0.86,12.18,38.8,5.43,6.67,80,GOOD
rd_5999,ses_3440,2026-10-01T06:32:44.000Z,0.43,12.25,38.8,5.44,6.66,83,GOOD
rd_6000,ses_3440,2026-10-01T06:32:52.000Z,0.05,12.25,38.7,5.42,6.68,78,GOOD
rd_6001,ses_3441,2026-10-01T07:17:00.000Z,0.05,0.01,38.7,6.25,6.77,192,GOOD
rd_6002,ses_3441,2026-10-01T07:17:08.000Z,0.71,0.11,38.7,6.28,6.79,192,GOOD
rd_6003,ses_3441,2026-10-01T07:17:16.000Z,1.43,0.33,38.7,6.26,6.78,192,GOOD
rd_6004,ses_3441,2026-10-01T07:17:24.000Z,2.14,0.65,38.8,6.28,6.77,188,GOOD
rd_6005,ses_3441,2026-10-01T07:17:32.000Z,2.86,1.08,38.7,6.23,6.77,182,GOOD
rd_6006,ses_3441,2026-10-01T07:17:40.000Z,3.57,1.61,38.7,6.27,6.79,188,GOOD
rd_6007,ses_3441,2026-10-01T07:17:48.000Z,4.21,2.25,38.7,6.27,6.77,190,GOOD
rd_6008,ses_3441,2026-10-01T07:17:56.000Z,4.12,2.86,38.7,6.25,6.78,188,GOOD
rd_6009,ses_3441,2026-10-01T07:18:04.000Z,4.16,3.49,38.7,6.27,6.78,187,GOOD
rd_6010,ses_3441,2026-10-01T07:18:12.000Z,4.09,4.10,38.7,6.28,6.78,192,GOOD
rd_6011,ses_3441,2026-10-01T07:18:20.000Z,3.99,4.70,38.6,6.30,6.79,186,GOOD
rd_6012,ses_3441,2026-10-01T07:18:28.000Z,4.26,5.34,38.7,6.25,6.80,182,GOOD
rd_6013,ses_3441,2026-10-01T07:18:36.000Z,4,5.94,38.6,6.26,6.78,184,GOOD
rd_6014,ses_3441,2026-10-01T07:18:44.000Z,4.22,6.57,38.6,6.28,6.78,189,GOOD
rd_6015,ses_3441,2026-10-01T07:18:52.000Z,4.2,7.20,38.7,6.26,6.78,189,GOOD
rd_6016,ses_3441,2026-10-01T07:19:00.000Z,4.09,7.82,38.8,6.28,6.77,195,GOOD
rd_6017,ses_3441,2026-10-01T07:19:08.000Z,4.01,8.42,38.8,6.30,6.78,196,GOOD
rd_6018,ses_3441,2026-10-01T07:19:16.000Z,4.06,9.03,38.7,6.27,6.79,186,GOOD
rd_6019,ses_3441,2026-10-01T07:19:24.000Z,4.02,9.63,38.6,6.27,6.80,181,GOOD
rd_6020,ses_3441,2026-10-01T07:19:32.000Z,4.15,10.25,38.6,6.28,6.77,186,GOOD
rd_6021,ses_3441,2026-10-01T07:19:40.000Z,4.18,10.88,38.8,6.30,6.77,187,GOOD
rd_6022,ses_3441,2026-10-01T07:19:48.000Z,3.81,11.45,38.8,6.31,6.77,190,GOOD
rd_6023,ses_3441,2026-10-01T07:19:56.000Z,3.33,11.95,38.8,6.28,6.78,195,GOOD
rd_6024,ses_3441,2026-10-01T07:20:04.000Z,2.86,12.38,38.8,6.30,6.79,189,GOOD
rd_6025,ses_3441,2026-10-01T07:20:12.000Z,2.38,12.74,38.7,6.24,6.77,183,GOOD
rd_6026,ses_3441,2026-10-01T07:20:20.000Z,1.9,13.02,38.8,6.25,6.77,189,GOOD
rd_6027,ses_3441,2026-10-01T07:20:28.000Z,1.43,13.23,38.8,6.27,6.79,195,GOOD
rd_6028,ses_3441,2026-10-01T07:20:36.000Z,0.95,13.38,38.8,6.27,6.80,192,GOOD
rd_6029,ses_3441,2026-10-01T07:20:44.000Z,0.48,13.45,38.8,6.30,6.80,192,GOOD
rd_6030,ses_3441,2026-10-01T07:20:52.000Z,0.05,13.46,38.7,6.30,6.76,182,GOOD
rd_6031,ses_3442,2026-10-01T06:52:00.000Z,0.05,0.01,38.8,6.35,6.74,187,GOOD
rd_6032,ses_3442,2026-10-01T06:52:08.000Z,0.61,0.10,38.8,6.38,6.74,195,GOOD
rd_6033,ses_3442,2026-10-01T06:52:16.000Z,1.22,0.28,38.7,6.40,6.76,190,GOOD
rd_6034,ses_3442,2026-10-01T06:52:24.000Z,1.83,0.56,38.8,6.39,6.77,192,GOOD
rd_6035,ses_3442,2026-10-01T06:52:32.000Z,2.43,0.92,38.8,6.39,6.74,182,GOOD
rd_6036,ses_3442,2026-10-01T06:52:40.000Z,3.04,1.38,38.7,6.37,6.74,195,GOOD
rd_6037,ses_3442,2026-10-01T06:52:48.000Z,3.54,1.91,38.7,6.34,6.76,195,GOOD
rd_6038,ses_3442,2026-10-01T06:52:56.000Z,3.47,2.43,38.9,6.41,6.76,183,GOOD
rd_6039,ses_3442,2026-10-01T06:53:04.000Z,3.47,2.95,38.9,6.41,6.73,184,GOOD
rd_6040,ses_3442,2026-10-01T06:53:12.000Z,3.4,3.46,38.8,6.42,6.76,191,GOOD
rd_6041,ses_3442,2026-10-01T06:53:20.000Z,3.42,3.97,38.9,6.37,6.76,189,GOOD
rd_6042,ses_3442,2026-10-01T06:53:28.000Z,3.66,4.52,38.9,6.37,6.76,193,GOOD
rd_6043,ses_3442,2026-10-01T06:53:36.000Z,3.42,5.03,38.8,6.38,6.74,186,GOOD
rd_6044,ses_3442,2026-10-01T06:53:44.000Z,3.49,5.56,38.7,6.39,6.76,182,GOOD
rd_6045,ses_3442,2026-10-01T06:53:52.000Z,3.67,6.11,38.9,6.40,6.76,186,GOOD
rd_6046,ses_3442,2026-10-01T06:54:00.000Z,3.4,6.62,38.9,6.35,6.75,196,GOOD
rd_6047,ses_3442,2026-10-01T06:54:08.000Z,3.56,7.15,38.8,6.41,6.74,194,GOOD
rd_6048,ses_3442,2026-10-01T06:54:16.000Z,3.39,7.66,38.8,6.41,6.77,185,GOOD
rd_6049,ses_3442,2026-10-01T06:54:24.000Z,3.63,8.21,38.9,6.42,6.76,185,GOOD
rd_6050,ses_3442,2026-10-01T06:54:32.000Z,3.51,8.73,38.8,6.36,6.75,184,GOOD
rd_6051,ses_3442,2026-10-01T06:54:40.000Z,3.61,9.27,38.8,6.36,6.75,188,GOOD
rd_6052,ses_3442,2026-10-01T06:54:48.000Z,3.25,9.76,38.7,6.35,6.74,183,GOOD
rd_6053,ses_3442,2026-10-01T06:54:56.000Z,2.84,10.19,38.9,6.40,6.74,197,GOOD
rd_6054,ses_3442,2026-10-01T06:55:04.000Z,2.43,10.55,38.9,6.37,6.74,183,GOOD
rd_6055,ses_3442,2026-10-01T06:55:12.000Z,2.03,10.86,38.8,6.40,6.74,194,GOOD
rd_6056,ses_3442,2026-10-01T06:55:20.000Z,1.62,11.10,38.8,6.37,6.75,186,GOOD
rd_6057,ses_3442,2026-10-01T06:55:28.000Z,1.22,11.28,38.8,6.38,6.76,194,GOOD
rd_6058,ses_3442,2026-10-01T06:55:36.000Z,0.81,11.40,38.8,6.42,6.75,188,GOOD
rd_6059,ses_3442,2026-10-01T06:55:44.000Z,0.41,11.46,38.9,6.36,6.76,195,GOOD
rd_6060,ses_3442,2026-10-01T06:55:52.000Z,0.05,11.47,38.7,6.41,6.76,188,GOOD
rd_6061,ses_3443,2026-10-01T06:59:00.000Z,0.05,0.01,38.9,6.17,6.75,207,GOOD
rd_6062,ses_3443,2026-10-01T06:59:08.000Z,0.66,0.11,38.7,6.20,6.75,215,GOOD
rd_6063,ses_3443,2026-10-01T06:59:16.000Z,1.31,0.30,38.7,6.18,6.77,205,GOOD
rd_6064,ses_3443,2026-10-01T06:59:24.000Z,1.97,0.60,38.8,6.17,6.74,212,GOOD
rd_6065,ses_3443,2026-10-01T06:59:32.000Z,2.63,0.99,38.8,6.17,6.74,210,GOOD
rd_6066,ses_3443,2026-10-01T06:59:40.000Z,3.28,1.48,38.7,6.17,6.76,209,GOOD
rd_6067,ses_3443,2026-10-01T06:59:48.000Z,3.68,2.04,38.7,6.16,6.77,204,GOOD
rd_6068,ses_3443,2026-10-01T06:59:56.000Z,3.79,2.61,38.8,6.18,6.76,204,GOOD
rd_6069,ses_3443,2026-10-01T07:00:04.000Z,3.71,3.16,38.9,6.23,6.76,210,GOOD
rd_6070,ses_3443,2026-10-01T07:00:12.000Z,3.95,3.75,38.8,6.20,6.75,215,GOOD
rd_6071,ses_3443,2026-10-01T07:00:20.000Z,3.93,4.34,38.7,6.17,6.74,212,GOOD
rd_6072,ses_3443,2026-10-01T07:00:28.000Z,3.68,4.90,38.9,6.17,6.74,215,GOOD
rd_6073,ses_3443,2026-10-01T07:00:36.000Z,3.8,5.47,38.7,6.21,6.76,214,GOOD
rd_6074,ses_3443,2026-10-01T07:00:44.000Z,3.75,6.03,38.7,6.23,6.75,217,GOOD
rd_6075,ses_3443,2026-10-01T07:00:52.000Z,3.95,6.62,38.8,6.18,6.74,206,GOOD
rd_6076,ses_3443,2026-10-01T07:01:00.000Z,3.71,7.18,38.8,6.17,6.74,210,GOOD
rd_6077,ses_3443,2026-10-01T07:01:08.000Z,3.68,7.73,38.8,6.16,6.76,205,GOOD
rd_6078,ses_3443,2026-10-01T07:01:16.000Z,3.8,8.30,38.9,6.16,6.76,209,GOOD
rd_6079,ses_3443,2026-10-01T07:01:24.000Z,3.8,8.87,38.9,6.18,6.76,205,GOOD
rd_6080,ses_3443,2026-10-01T07:01:32.000Z,3.72,9.43,38.8,6.23,6.73,219,GOOD
rd_6081,ses_3443,2026-10-01T07:01:40.000Z,3.9,10.01,38.8,6.22,6.73,213,GOOD
rd_6082,ses_3443,2026-10-01T07:01:48.000Z,3.5,10.54,38.8,6.17,6.75,213,GOOD
rd_6083,ses_3443,2026-10-01T07:01:56.000Z,3.07,11.00,38.9,6.18,6.74,215,GOOD
rd_6084,ses_3443,2026-10-01T07:02:04.000Z,2.63,11.39,38.7,6.23,6.76,210,GOOD
rd_6085,ses_3443,2026-10-01T07:02:12.000Z,2.19,11.72,38.8,6.21,6.75,204,GOOD
rd_6086,ses_3443,2026-10-01T07:02:20.000Z,1.75,11.98,38.7,6.24,6.77,203,GOOD
rd_6087,ses_3443,2026-10-01T07:02:28.000Z,1.31,12.18,38.8,6.23,6.74,203,GOOD
rd_6088,ses_3443,2026-10-01T07:02:36.000Z,0.88,12.31,38.9,6.17,6.76,208,GOOD
rd_6089,ses_3443,2026-10-01T07:02:44.000Z,0.44,12.38,38.7,6.16,6.76,205,GOOD
rd_6090,ses_3443,2026-10-01T07:02:52.000Z,0.05,12.39,38.7,6.17,6.74,218,GOOD
rd_6091,ses_3444,2026-10-01T06:40:00.000Z,0.05,0.01,38.6,6.21,6.71,215,GOOD
rd_6092,ses_3444,2026-10-01T06:40:08.000Z,0.58,0.09,38.7,6.24,6.74,227,GOOD
rd_6093,ses_3444,2026-10-01T06:40:16.000Z,1.16,0.27,38.8,6.26,6.70,215,GOOD
rd_6094,ses_3444,2026-10-01T06:40:24.000Z,1.73,0.53,38.7,6.28,6.73,216,GOOD
rd_6095,ses_3444,2026-10-01T06:40:32.000Z,2.31,0.87,38.6,6.21,6.73,221,GOOD
rd_6096,ses_3444,2026-10-01T06:40:40.000Z,2.89,1.31,38.6,6.27,6.74,222,GOOD
rd_6097,ses_3444,2026-10-01T06:40:48.000Z,3.45,1.83,38.7,6.27,6.73,213,GOOD
rd_6098,ses_3444,2026-10-01T06:40:56.000Z,3.25,2.31,38.7,6.26,6.72,224,GOOD
rd_6099,ses_3444,2026-10-01T06:41:04.000Z,3.44,2.83,38.7,6.24,6.71,227,GOOD
rd_6100,ses_3444,2026-10-01T06:41:12.000Z,3.35,3.33,38.6,6.22,6.74,223,GOOD
rd_6101,ses_3444,2026-10-01T06:41:20.000Z,3.26,3.82,38.7,6.29,6.71,222,GOOD
rd_6102,ses_3444,2026-10-01T06:41:28.000Z,3.21,4.30,38.7,6.27,6.74,222,GOOD
rd_6103,ses_3444,2026-10-01T06:41:36.000Z,3.31,4.80,38.7,6.22,6.74,224,GOOD
rd_6104,ses_3444,2026-10-01T06:41:44.000Z,3.48,5.32,38.7,6.28,6.73,218,GOOD
rd_6105,ses_3444,2026-10-01T06:41:52.000Z,3.25,5.81,38.8,6.23,6.73,222,GOOD
rd_6106,ses_3444,2026-10-01T06:42:00.000Z,3.44,6.32,38.7,6.26,6.71,214,GOOD
rd_6107,ses_3444,2026-10-01T06:42:08.000Z,3.46,6.84,38.7,6.21,6.73,225,GOOD
rd_6108,ses_3444,2026-10-01T06:42:16.000Z,3.46,7.36,38.6,6.24,6.72,220,GOOD
rd_6109,ses_3444,2026-10-01T06:42:24.000Z,3.34,7.86,38.7,6.22,6.73,218,GOOD
rd_6110,ses_3444,2026-10-01T06:42:32.000Z,3.45,8.38,38.7,6.23,6.74,221,GOOD
rd_6111,ses_3444,2026-10-01T06:42:40.000Z,3.45,8.90,38.7,6.22,6.70,219,GOOD
rd_6112,ses_3444,2026-10-01T06:42:48.000Z,3.08,9.36,38.6,6.22,6.71,225,GOOD
rd_6113,ses_3444,2026-10-01T06:42:56.000Z,2.7,9.76,38.7,6.26,6.71,225,GOOD
rd_6114,ses_3444,2026-10-01T06:43:04.000Z,2.31,10.11,38.7,6.29,6.70,225,GOOD
rd_6115,ses_3444,2026-10-01T06:43:12.000Z,1.93,10.40,38.7,6.24,6.72,226,GOOD
rd_6116,ses_3444,2026-10-01T06:43:20.000Z,1.54,10.63,38.6,6.22,6.73,227,GOOD
rd_6117,ses_3444,2026-10-01T06:43:28.000Z,1.16,10.81,38.7,6.26,6.71,219,GOOD
rd_6118,ses_3444,2026-10-01T06:43:36.000Z,0.77,10.92,38.7,6.25,6.72,218,GOOD
rd_6119,ses_3444,2026-10-01T06:43:44.000Z,0.39,10.98,38.7,6.22,6.72,214,GOOD
rd_6120,ses_3444,2026-10-01T06:43:52.000Z,0.05,10.99,38.7,6.26,6.73,216,GOOD
rd_6121,ses_3445,2026-10-01T07:05:00.000Z,0.05,0.01,38.7,6.12,6.76,231,GOOD
rd_6122,ses_3445,2026-10-01T07:05:08.000Z,0.64,0.10,38.6,6.13,6.76,232,GOOD
rd_6123,ses_3445,2026-10-01T07:05:16.000Z,1.28,0.30,38.7,6.12,6.75,227,GOOD
rd_6124,ses_3445,2026-10-01T07:05:24.000Z,1.92,0.58,38.6,6.07,6.73,218,GOOD
rd_6125,ses_3445,2026-10-01T07:05:32.000Z,2.57,0.97,38.6,6.08,6.74,221,GOOD
rd_6126,ses_3445,2026-10-01T07:05:40.000Z,3.21,1.45,38.6,6.10,6.74,233,GOOD
rd_6127,ses_3445,2026-10-01T07:05:48.000Z,3.61,1.99,38.8,6.10,6.77,220,GOOD
rd_6128,ses_3445,2026-10-01T07:05:56.000Z,3.76,2.56,38.8,6.07,6.73,217,GOOD
rd_6129,ses_3445,2026-10-01T07:06:04.000Z,3.79,3.12,38.7,6.09,6.76,233,GOOD
rd_6130,ses_3445,2026-10-01T07:06:12.000Z,3.58,3.66,38.7,6.11,6.75,231,GOOD
rd_6131,ses_3445,2026-10-01T07:06:20.000Z,3.66,4.21,38.6,6.07,6.74,231,GOOD
rd_6132,ses_3445,2026-10-01T07:06:28.000Z,3.61,4.75,38.7,6.10,6.74,225,GOOD
rd_6133,ses_3445,2026-10-01T07:06:36.000Z,3.79,5.32,38.7,6.11,6.75,223,GOOD
rd_6134,ses_3445,2026-10-01T07:06:44.000Z,3.57,5.86,38.6,6.12,6.77,229,GOOD
rd_6135,ses_3445,2026-10-01T07:06:52.000Z,3.7,6.41,38.8,6.08,6.73,228,GOOD
rd_6136,ses_3445,2026-10-01T07:07:00.000Z,3.61,6.95,38.6,6.10,6.75,227,GOOD
rd_6137,ses_3445,2026-10-01T07:07:08.000Z,3.81,7.52,38.7,6.13,6.77,232,GOOD
rd_6138,ses_3445,2026-10-01T07:07:16.000Z,3.58,8.06,38.7,6.12,6.73,228,GOOD
rd_6139,ses_3445,2026-10-01T07:07:24.000Z,3.74,8.62,38.7,6.14,6.75,233,GOOD
rd_6140,ses_3445,2026-10-01T07:07:32.000Z,3.67,9.17,38.8,6.11,6.74,228,GOOD
rd_6141,ses_3445,2026-10-01T07:07:40.000Z,3.69,9.73,38.7,6.07,6.74,229,GOOD
rd_6142,ses_3445,2026-10-01T07:07:48.000Z,3.42,10.24,38.7,6.13,6.74,230,GOOD
rd_6143,ses_3445,2026-10-01T07:07:56.000Z,2.99,10.69,38.8,6.11,6.73,231,GOOD
rd_6144,ses_3445,2026-10-01T07:08:04.000Z,2.57,11.07,38.8,6.07,6.74,221,GOOD
rd_6145,ses_3445,2026-10-01T07:08:12.000Z,2.14,11.39,38.8,6.11,6.73,219,GOOD
rd_6146,ses_3445,2026-10-01T07:08:20.000Z,1.71,11.65,38.7,6.09,6.76,219,GOOD
rd_6147,ses_3445,2026-10-01T07:08:28.000Z,1.28,11.84,38.6,6.10,6.73,228,GOOD
rd_6148,ses_3445,2026-10-01T07:08:36.000Z,0.86,11.97,38.7,6.11,6.75,227,GOOD
rd_6149,ses_3445,2026-10-01T07:08:44.000Z,0.43,12.04,38.7,6.11,6.73,220,GOOD
rd_6150,ses_3445,2026-10-01T07:08:52.000Z,0.05,12.04,38.8,6.11,6.76,221,GOOD
rd_6151,ses_3446,2026-10-01T06:17:00.000Z,0.05,0.01,39.6,7.10,7.16,916,GOOD
rd_6152,ses_3446,2026-10-01T06:17:08.000Z,0.68,0.11,39.5,7.13,7.15,919,GOOD
rd_6153,ses_3446,2026-10-01T06:17:16.000Z,1.37,0.32,39.5,7.06,7.14,909,GOOD
rd_6154,ses_3446,2026-10-01T06:17:24.000Z,2.05,0.62,39.4,7.07,7.18,916,GOOD
rd_6155,ses_3446,2026-10-01T06:17:32.000Z,2.73,1.03,39.4,7.08,7.17,919,GOOD
rd_6156,ses_3446,2026-10-01T06:17:40.000Z,3.41,1.54,39.5,7.11,7.15,918,GOOD
rd_6157,ses_3446,2026-10-01T06:17:48.000Z,3.87,2.12,39.4,7.08,7.14,909,GOOD
rd_6158,ses_3446,2026-10-01T06:17:56.000Z,3.93,2.71,39.4,7.13,7.17,917,GOOD
rd_6159,ses_3446,2026-10-01T06:18:04.000Z,3.91,3.30,39.5,7.07,7.14,912,GOOD
rd_6160,ses_3446,2026-10-01T06:18:12.000Z,4.1,3.91,39.5,7.12,7.17,916,GOOD
rd_6161,ses_3446,2026-10-01T06:18:20.000Z,3.93,4.50,39.5,7.08,7.16,922,GOOD
rd_6162,ses_3446,2026-10-01T06:18:28.000Z,3.85,5.08,39.4,7.12,7.15,922,GOOD
rd_6163,ses_3446,2026-10-01T06:18:36.000Z,3.92,5.67,39.6,7.13,7.15,912,GOOD
rd_6164,ses_3446,2026-10-01T06:18:44.000Z,3.88,6.25,39.5,7.10,7.17,921,GOOD
rd_6165,ses_3446,2026-10-01T06:18:52.000Z,4.01,6.85,39.5,7.12,7.17,909,GOOD
rd_6166,ses_3446,2026-10-01T06:19:00.000Z,4.1,7.47,39.4,7.07,7.15,921,GOOD
rd_6167,ses_3446,2026-10-01T06:19:08.000Z,3.87,8.05,39.6,7.09,7.15,921,GOOD
rd_6168,ses_3446,2026-10-01T06:19:16.000Z,4.06,8.66,39.5,7.06,7.17,910,GOOD
rd_6169,ses_3446,2026-10-01T06:19:24.000Z,3.92,9.25,39.6,7.14,7.15,922,GOOD
rd_6170,ses_3446,2026-10-01T06:19:32.000Z,4.07,9.86,39.5,7.06,7.16,912,GOOD
rd_6171,ses_3446,2026-10-01T06:19:40.000Z,4.11,10.47,39.4,7.09,7.16,915,GOOD
rd_6172,ses_3446,2026-10-01T06:19:48.000Z,3.64,11.02,39.6,7.13,7.18,916,GOOD
rd_6173,ses_3446,2026-10-01T06:19:56.000Z,3.19,11.50,39.5,7.11,7.17,916,GOOD
rd_6174,ses_3446,2026-10-01T06:20:04.000Z,2.73,11.91,39.5,7.13,7.15,916,GOOD
rd_6175,ses_3446,2026-10-01T06:20:12.000Z,2.28,12.25,39.4,7.13,7.14,918,GOOD
rd_6176,ses_3446,2026-10-01T06:20:20.000Z,1.82,12.52,39.4,7.06,7.18,920,GOOD
rd_6177,ses_3446,2026-10-01T06:20:28.000Z,1.37,12.73,39.5,7.09,7.16,912,GOOD
rd_6178,ses_3446,2026-10-01T06:20:36.000Z,0.91,12.86,39.5,7.08,7.18,919,GOOD
rd_6179,ses_3446,2026-10-01T06:20:44.000Z,0.46,12.93,39.5,7.12,7.17,908,GOOD
rd_6180,ses_3446,2026-10-01T06:20:52.000Z,0.05,12.94,39.5,7.13,7.15,907,GOOD
rd_6181,ses_3447,2026-10-01T06:47:00.000Z,0.05,0.01,39.4,7.19,7.09,918,GOOD
rd_6182,ses_3447,2026-10-01T06:47:08.000Z,0.61,0.10,39.5,7.22,7.10,917,GOOD
rd_6183,ses_3447,2026-10-01T06:47:16.000Z,1.21,0.28,39.4,7.17,7.10,916,GOOD
rd_6184,ses_3447,2026-10-01T06:47:24.000Z,1.82,0.55,39.4,7.19,7.08,921,GOOD
rd_6185,ses_3447,2026-10-01T06:47:32.000Z,2.42,0.92,39.5,7.22,7.12,921,GOOD
rd_6186,ses_3447,2026-10-01T06:47:40.000Z,3.03,1.37,39.3,7.23,7.12,927,GOOD
rd_6187,ses_3447,2026-10-01T06:47:48.000Z,3.5,1.90,39.5,7.20,7.10,928,GOOD
rd_6188,ses_3447,2026-10-01T06:47:56.000Z,3.36,2.40,39.3,7.20,7.09,917,GOOD
rd_6189,ses_3447,2026-10-01T06:48:04.000Z,3.42,2.91,39.4,7.17,7.12,917,GOOD
rd_6190,ses_3447,2026-10-01T06:48:12.000Z,3.44,3.43,39.4,7.23,7.10,914,GOOD
rd_6191,ses_3447,2026-10-01T06:48:20.000Z,3.51,3.96,39.3,7.20,7.09,922,GOOD
rd_6192,ses_3447,2026-10-01T06:48:28.000Z,3.64,4.50,39.4,7.21,7.09,923,GOOD
rd_6193,ses_3447,2026-10-01T06:48:36.000Z,3.6,5.04,39.4,7.21,7.12,921,GOOD
rd_6194,ses_3447,2026-10-01T06:48:44.000Z,3.55,5.57,39.3,7.24,7.08,924,GOOD
rd_6195,ses_3447,2026-10-01T06:48:52.000Z,3.66,6.12,39.5,7.19,7.11,919,GOOD
rd_6196,ses_3447,2026-10-01T06:49:00.000Z,3.37,6.63,39.4,7.19,7.10,923,GOOD
rd_6197,ses_3447,2026-10-01T06:49:08.000Z,3.42,7.14,39.4,7.22,7.09,919,GOOD
rd_6198,ses_3447,2026-10-01T06:49:16.000Z,3.6,7.68,39.5,7.20,7.10,924,GOOD
rd_6199,ses_3447,2026-10-01T06:49:24.000Z,3.5,8.21,39.4,7.21,7.11,914,GOOD
rd_6200,ses_3447,2026-10-01T06:49:32.000Z,3.62,8.75,39.3,7.21,7.10,923,GOOD
rd_6201,ses_3447,2026-10-01T06:49:40.000Z,3.44,9.27,39.3,7.20,7.08,918,GOOD
rd_6202,ses_3447,2026-10-01T06:49:48.000Z,3.23,9.75,39.5,7.24,7.11,923,GOOD
rd_6203,ses_3447,2026-10-01T06:49:56.000Z,2.82,10.17,39.3,7.23,7.10,916,GOOD
rd_6204,ses_3447,2026-10-01T06:50:04.000Z,2.42,10.54,39.4,7.25,7.10,913,GOOD
rd_6205,ses_3447,2026-10-01T06:50:12.000Z,2.02,10.84,39.5,7.18,7.09,922,GOOD
rd_6206,ses_3447,2026-10-01T06:50:20.000Z,1.61,11.08,39.4,7.23,7.11,921,GOOD
rd_6207,ses_3447,2026-10-01T06:50:28.000Z,1.21,11.26,39.4,7.25,7.11,925,GOOD
rd_6208,ses_3447,2026-10-01T06:50:36.000Z,0.81,11.38,39.4,7.25,7.12,925,GOOD
rd_6209,ses_3447,2026-10-01T06:50:44.000Z,0.4,11.44,39.4,7.19,7.09,922,GOOD
rd_6210,ses_3447,2026-10-01T06:50:52.000Z,0.05,11.45,39.4,7.22,7.08,921,GOOD
rd_6211,ses_3448,2026-10-01T06:37:00.000Z,0.05,0.01,39.3,7.07,7.11,953,GOOD
rd_6212,ses_3448,2026-10-01T06:37:08.000Z,0.67,0.11,39.4,7.01,7.12,956,GOOD
rd_6213,ses_3448,2026-10-01T06:37:16.000Z,1.33,0.31,39.3,7.01,7.12,963,GOOD
rd_6214,ses_3448,2026-10-01T06:37:24.000Z,2,0.61,39.4,7.07,7.10,956,GOOD
rd_6215,ses_3448,2026-10-01T06:37:32.000Z,2.67,1.01,39.5,7.08,7.10,950,GOOD
rd_6216,ses_3448,2026-10-01T06:37:40.000Z,3.34,1.51,39.3,7.02,7.10,953,GOOD
rd_6217,ses_3448,2026-10-01T06:37:48.000Z,3.81,2.08,39.4,7.07,7.10,959,GOOD
rd_6218,ses_3448,2026-10-01T06:37:56.000Z,3.97,2.68,39.4,7.08,7.12,962,GOOD
rd_6219,ses_3448,2026-10-01T06:38:04.000Z,3.76,3.24,39.3,7.04,7.09,961,GOOD
rd_6220,ses_3448,2026-10-01T06:38:12.000Z,4.01,3.84,39.5,7.03,7.10,960,GOOD
rd_6221,ses_3448,2026-10-01T06:38:20.000Z,3.86,4.42,39.4,7.01,7.10,951,GOOD
rd_6222,ses_3448,2026-10-01T06:38:28.000Z,4,5.02,39.4,7.07,7.11,958,GOOD
rd_6223,ses_3448,2026-10-01T06:38:36.000Z,3.78,5.59,39.5,7.03,7.12,955,GOOD
rd_6224,ses_3448,2026-10-01T06:38:44.000Z,3.75,6.15,39.4,7.07,7.11,957,GOOD
rd_6225,ses_3448,2026-10-01T06:38:52.000Z,3.96,6.74,39.3,7.03,7.09,959,GOOD
rd_6226,ses_3448,2026-10-01T06:39:00.000Z,3.96,7.34,39.3,7.05,7.09,963,GOOD
rd_6227,ses_3448,2026-10-01T06:39:08.000Z,3.89,7.92,39.3,7.03,7.09,963,GOOD
rd_6228,ses_3448,2026-10-01T06:39:16.000Z,3.75,8.48,39.3,7.01,7.09,951,GOOD
rd_6229,ses_3448,2026-10-01T06:39:24.000Z,3.95,9.08,39.5,7.06,7.08,956,GOOD
rd_6230,ses_3448,2026-10-01T06:39:32.000Z,3.75,9.64,39.4,7.07,7.11,964,GOOD
rd_6231,ses_3448,2026-10-01T06:39:40.000Z,3.81,10.21,39.4,7.04,7.10,959,GOOD
rd_6232,ses_3448,2026-10-01T06:39:48.000Z,3.56,10.74,39.3,7.02,7.10,955,GOOD
rd_6233,ses_3448,2026-10-01T06:39:56.000Z,3.11,11.21,39.3,7.05,7.09,964,GOOD
rd_6234,ses_3448,2026-10-01T06:40:04.000Z,2.67,11.61,39.3,7.01,7.09,965,GOOD
rd_6235,ses_3448,2026-10-01T06:40:12.000Z,2.22,11.94,39.3,7.01,7.09,961,GOOD
rd_6236,ses_3448,2026-10-01T06:40:20.000Z,1.78,12.21,39.4,7.00,7.09,954,GOOD
rd_6237,ses_3448,2026-10-01T06:40:28.000Z,1.33,12.41,39.3,7.01,7.09,954,GOOD
rd_6238,ses_3448,2026-10-01T06:40:36.000Z,0.89,12.54,39.4,7.04,7.09,959,GOOD
rd_6239,ses_3448,2026-10-01T06:40:44.000Z,0.44,12.61,39.3,7.03,7.12,954,GOOD
rd_6240,ses_3448,2026-10-01T06:40:52.000Z,0.05,12.62,39.4,7.02,7.08,954,GOOD
rd_6241,ses_3449,2026-10-01T07:29:00.000Z,0.05,0.01,39.5,7.26,7.09,966,GOOD
rd_6242,ses_3449,2026-10-01T07:29:08.000Z,0.69,0.11,39.5,7.26,7.09,970,GOOD
rd_6243,ses_3449,2026-10-01T07:29:16.000Z,1.39,0.32,39.5,7.20,7.09,980,GOOD
rd_6244,ses_3449,2026-10-01T07:29:24.000Z,2.08,0.63,39.4,7.25,7.07,967,GOOD
rd_6245,ses_3449,2026-10-01T07:29:32.000Z,2.77,1.05,39.4,7.28,7.08,978,GOOD
rd_6246,ses_3449,2026-10-01T07:29:40.000Z,3.47,1.57,39.5,7.22,7.08,976,GOOD
rd_6247,ses_3449,2026-10-01T07:29:48.000Z,4.05,2.17,39.5,7.26,7.07,965,GOOD
rd_6248,ses_3449,2026-10-01T07:29:56.000Z,3.93,2.76,39.5,7.21,7.07,973,GOOD
rd_6249,ses_3449,2026-10-01T07:30:04.000Z,3.99,3.36,39.5,7.23,7.08,972,GOOD
rd_6250,ses_3449,2026-10-01T07:30:12.000Z,4.01,3.96,39.6,7.23,7.09,976,GOOD
rd_6251,ses_3449,2026-10-01T07:30:20.000Z,3.93,4.55,39.4,7.26,7.07,975,GOOD
rd_6252,ses_3449,2026-10-01T07:30:28.000Z,3.93,5.14,39.6,7.22,7.07,976,GOOD
rd_6253,ses_3449,2026-10-01T07:30:36.000Z,4.16,5.77,39.6,7.20,7.08,975,GOOD
rd_6254,ses_3449,2026-10-01T07:30:44.000Z,4.05,6.38,39.5,7.23,7.08,979,GOOD
rd_6255,ses_3449,2026-10-01T07:30:52.000Z,4.16,7.00,39.5,7.20,7.08,967,GOOD
rd_6256,ses_3449,2026-10-01T07:31:00.000Z,4.16,7.62,39.5,7.25,7.07,978,GOOD
rd_6257,ses_3449,2026-10-01T07:31:08.000Z,4.07,8.23,39.5,7.27,7.10,965,GOOD
rd_6258,ses_3449,2026-10-01T07:31:16.000Z,4.17,8.86,39.4,7.21,7.08,977,GOOD
rd_6259,ses_3449,2026-10-01T07:31:24.000Z,4.09,9.47,39.6,7.28,7.07,966,GOOD
rd_6260,ses_3449,2026-10-01T07:31:32.000Z,4.09,10.09,39.4,7.27,7.06,974,GOOD
rd_6261,ses_3449,2026-10-01T07:31:40.000Z,4.15,10.71,39.5,7.25,7.08,979,GOOD
rd_6262,ses_3449,2026-10-01T07:31:48.000Z,3.7,11.26,39.5,7.24,7.08,973,GOOD
rd_6263,ses_3449,2026-10-01T07:31:56.000Z,3.23,11.75,39.6,7.22,7.07,972,GOOD
rd_6264,ses_3449,2026-10-01T07:32:04.000Z,2.77,12.16,39.6,7.28,7.09,973,GOOD
rd_6265,ses_3449,2026-10-01T07:32:12.000Z,2.31,12.51,39.4,7.26,7.07,974,GOOD
rd_6266,ses_3449,2026-10-01T07:32:20.000Z,1.85,12.79,39.6,7.21,7.10,968,GOOD
rd_6267,ses_3449,2026-10-01T07:32:28.000Z,1.39,13.00,39.5,7.27,7.09,967,GOOD
rd_6268,ses_3449,2026-10-01T07:32:36.000Z,0.92,13.13,39.6,7.24,7.09,968,GOOD
rd_6269,ses_3449,2026-10-01T07:32:44.000Z,0.46,13.20,39.5,7.24,7.08,964,GOOD
rd_6270,ses_3449,2026-10-01T07:32:52.000Z,0.05,13.21,39.5,7.23,7.07,975,GOOD
rd_6271,ses_3450,2026-10-01T06:36:00.000Z,0.05,0.01,39.3,7.04,7.08,930,GOOD
rd_6272,ses_3450,2026-10-01T06:36:08.000Z,0.61,0.10,39.4,7.06,7.09,930,GOOD
rd_6273,ses_3450,2026-10-01T06:36:16.000Z,1.22,0.28,39.4,7.01,7.09,935,GOOD
rd_6274,ses_3450,2026-10-01T06:36:24.000Z,1.83,0.56,39.2,7.03,7.09,926,GOOD
rd_6275,ses_3450,2026-10-01T06:36:32.000Z,2.43,0.92,39.3,7.07,7.10,924,GOOD
rd_6276,ses_3450,2026-10-01T06:36:40.000Z,3.04,1.38,39.3,7.03,7.10,929,GOOD
rd_6277,ses_3450,2026-10-01T06:36:48.000Z,3.5,1.90,39.3,7.01,7.08,929,GOOD
rd_6278,ses_3450,2026-10-01T06:36:56.000Z,3.65,2.45,39.4,7.04,7.07,931,GOOD
rd_6279,ses_3450,2026-10-01T06:37:04.000Z,3.66,3.00,39.4,7.07,7.10,928,GOOD
rd_6280,ses_3450,2026-10-01T06:37:12.000Z,3.61,3.54,39.4,7.03,7.07,935,GOOD
rd_6281,ses_3450,2026-10-01T06:37:20.000Z,3.67,4.09,39.4,7.09,7.08,930,GOOD
rd_6282,ses_3450,2026-10-01T06:37:28.000Z,3.68,4.64,39.3,7.07,7.10,922,GOOD
rd_6283,ses_3450,2026-10-01T06:37:36.000Z,3.5,5.17,39.2,7.08,7.08,935,GOOD
rd_6284,ses_3450,2026-10-01T06:37:44.000Z,3.49,5.69,39.3,7.08,7.08,930,GOOD
rd_6285,ses_3450,2026-10-01T06:37:52.000Z,3.66,6.24,39.3,7.02,7.10,923,GOOD
rd_6286,ses_3450,2026-10-01T06:38:00.000Z,3.4,6.75,39.3,7.01,7.11,921,GOOD
rd_6287,ses_3450,2026-10-01T06:38:08.000Z,3.45,7.27,39.4,7.05,7.09,926,GOOD
rd_6288,ses_3450,2026-10-01T06:38:16.000Z,3.45,7.79,39.3,7.02,7.09,925,GOOD
rd_6289,ses_3450,2026-10-01T06:38:24.000Z,3.58,8.32,39.4,7.08,7.08,929,GOOD
rd_6290,ses_3450,2026-10-01T06:38:32.000Z,3.43,8.84,39.3,7.09,7.09,928,GOOD
rd_6291,ses_3450,2026-10-01T06:38:40.000Z,3.41,9.35,39.3,7.03,7.09,928,GOOD
rd_6292,ses_3450,2026-10-01T06:38:48.000Z,3.25,9.84,39.2,7.01,7.08,932,GOOD
rd_6293,ses_3450,2026-10-01T06:38:56.000Z,2.84,10.26,39.2,7.06,7.09,931,GOOD
rd_6294,ses_3450,2026-10-01T06:39:04.000Z,2.43,10.63,39.4,7.02,7.09,933,GOOD
rd_6295,ses_3450,2026-10-01T06:39:12.000Z,2.03,10.93,39.4,7.05,7.08,935,GOOD
rd_6296,ses_3450,2026-10-01T06:39:20.000Z,1.62,11.17,39.2,7.06,7.11,927,GOOD
rd_6297,ses_3450,2026-10-01T06:39:28.000Z,1.22,11.36,39.3,7.03,7.10,930,GOOD
rd_6298,ses_3450,2026-10-01T06:39:36.000Z,0.81,11.48,39.2,7.07,7.11,923,GOOD
rd_6299,ses_3450,2026-10-01T06:39:44.000Z,0.41,11.54,39.2,7.01,7.11,928,GOOD
rd_6300,ses_3450,2026-10-01T06:39:52.000Z,0.05,11.55,39.2,7.06,7.08,931,GOOD
rd_6301,ses_3451,2026-10-01T17:42:00.000Z,0.05,0.01,38.6,5.62,6.62,100,GOOD
rd_6302,ses_3451,2026-10-01T17:42:08.000Z,0.64,0.10,38.6,5.57,6.64,102,GOOD
rd_6303,ses_3451,2026-10-01T17:42:16.000Z,1.29,0.30,38.5,5.59,6.62,113,GOOD
rd_6304,ses_3451,2026-10-01T17:42:24.000Z,1.93,0.59,38.5,5.57,6.63,113,GOOD
rd_6305,ses_3451,2026-10-01T17:42:32.000Z,2.57,0.97,38.6,5.60,6.63,103,GOOD
rd_6306,ses_3451,2026-10-01T17:42:40.000Z,3.22,1.46,38.6,5.59,6.61,104,GOOD
rd_6307,ses_3451,2026-10-01T17:42:48.000Z,3.68,2.01,38.6,5.59,6.65,114,GOOD
rd_6308,ses_3451,2026-10-01T17:42:56.000Z,3.82,2.58,38.7,5.62,6.61,114,GOOD
rd_6309,ses_3451,2026-10-01T17:43:04.000Z,3.7,3.14,38.7,5.55,6.65,111,GOOD
rd_6310,ses_3451,2026-10-01T17:43:12.000Z,3.58,3.67,38.5,5.56,6.62,100,GOOD
rd_6311,ses_3451,2026-10-01T17:43:20.000Z,3.78,4.24,38.5,5.57,6.62,102,GOOD
rd_6312,ses_3451,2026-10-01T17:43:28.000Z,3.74,4.80,38.6,5.59,6.61,102,GOOD
rd_6313,ses_3451,2026-10-01T17:43:36.000Z,3.87,5.38,38.5,5.59,6.63,106,GOOD
rd_6314,ses_3451,2026-10-01T17:43:44.000Z,3.69,5.93,38.6,5.56,6.63,104,GOOD
rd_6315,ses_3451,2026-10-01T17:43:52.000Z,3.74,6.49,38.7,5.59,6.65,112,GOOD
rd_6316,ses_3451,2026-10-01T17:44:00.000Z,3.65,7.04,38.6,5.62,6.65,104,GOOD
rd_6317,ses_3451,2026-10-01T17:44:08.000Z,3.78,7.61,38.6,5.62,6.64,114,GOOD
rd_6318,ses_3451,2026-10-01T17:44:16.000Z,3.8,8.18,38.7,5.60,6.63,102,GOOD
rd_6319,ses_3451,2026-10-01T17:44:24.000Z,3.67,8.73,38.6,5.62,6.63,111,GOOD
rd_6320,ses_3451,2026-10-01T17:44:32.000Z,3.74,9.29,38.7,5.62,6.62,112,GOOD
rd_6321,ses_3451,2026-10-01T17:44:40.000Z,3.86,9.87,38.7,5.57,6.61,107,GOOD
rd_6322,ses_3451,2026-10-01T17:44:48.000Z,3.43,10.38,38.6,5.62,6.64,99,GOOD
rd_6323,ses_3451,2026-10-01T17:44:56.000Z,3,10.83,38.7,5.62,6.64,114,GOOD
rd_6324,ses_3451,2026-10-01T17:45:04.000Z,2.57,11.22,38.5,5.62,6.64,109,GOOD
rd_6325,ses_3451,2026-10-01T17:45:12.000Z,2.14,11.54,38.6,5.58,6.62,103,GOOD
rd_6326,ses_3451,2026-10-01T17:45:20.000Z,1.71,11.80,38.6,5.55,6.64,99,GOOD
rd_6327,ses_3451,2026-10-01T17:45:28.000Z,1.29,11.99,38.6,5.58,6.62,106,GOOD
rd_6328,ses_3451,2026-10-01T17:45:36.000Z,0.86,12.12,38.6,5.61,6.61,104,GOOD
rd_6329,ses_3451,2026-10-01T17:45:44.000Z,0.43,12.18,38.5,5.59,6.63,107,GOOD
rd_6330,ses_3451,2026-10-01T17:45:52.000Z,0.05,12.19,38.5,5.61,6.65,99,GOOD
rd_6331,ses_3452,2026-10-01T17:19:00.000Z,0.05,0.01,38.7,5.64,6.69,102,GOOD
rd_6332,ses_3452,2026-10-01T17:19:08.000Z,0.68,0.11,38.8,5.64,6.68,103,GOOD
rd_6333,ses_3452,2026-10-01T17:19:16.000Z,1.36,0.31,38.6,5.68,6.69,113,GOOD
rd_6334,ses_3452,2026-10-01T17:19:24.000Z,2.04,0.62,38.7,5.70,6.69,99,GOOD
rd_6335,ses_3452,2026-10-01T17:19:32.000Z,2.72,1.03,38.6,5.67,6.68,112,GOOD
rd_6336,ses_3452,2026-10-01T17:19:40.000Z,3.41,1.54,38.7,5.69,6.69,104,GOOD
rd_6337,ses_3452,2026-10-01T17:19:48.000Z,3.87,2.12,38.7,5.69,6.70,100,GOOD
rd_6338,ses_3452,2026-10-01T17:19:56.000Z,3.96,2.71,38.8,5.64,6.69,103,GOOD
rd_6339,ses_3452,2026-10-01T17:20:04.000Z,4.03,3.32,38.6,5.67,6.68,109,GOOD
rd_6340,ses_3452,2026-10-01T17:20:12.000Z,4.07,3.93,38.7,5.66,6.66,100,GOOD
rd_6341,ses_3452,2026-10-01T17:20:20.000Z,3.93,4.52,38.6,5.71,6.68,106,GOOD
rd_6342,ses_3452,2026-10-01T17:20:28.000Z,4.04,5.12,38.7,5.70,6.70,110,GOOD
rd_6343,ses_3452,2026-10-01T17:20:36.000Z,4.05,5.73,38.8,5.69,6.70,98,GOOD
rd_6344,ses_3452,2026-10-01T17:20:44.000Z,3.95,6.32,38.6,5.67,6.68,99,GOOD
rd_6345,ses_3452,2026-10-01T17:20:52.000Z,4.1,6.94,38.7,5.70,6.68,102,GOOD
rd_6346,ses_3452,2026-10-01T17:21:00.000Z,3.96,7.53,38.6,5.69,6.68,100,GOOD
rd_6347,ses_3452,2026-10-01T17:21:08.000Z,3.88,8.12,38.7,5.66,6.69,110,GOOD
rd_6348,ses_3452,2026-10-01T17:21:16.000Z,4.1,8.73,38.7,5.67,6.66,100,GOOD
rd_6349,ses_3452,2026-10-01T17:21:24.000Z,3.94,9.32,38.6,5.65,6.66,108,GOOD
rd_6350,ses_3452,2026-10-01T17:21:32.000Z,3.98,9.92,38.8,5.66,6.66,97,GOOD
rd_6351,ses_3452,2026-10-01T17:21:40.000Z,3.91,10.50,38.8,5.64,6.68,98,GOOD
rd_6352,ses_3452,2026-10-01T17:21:48.000Z,3.63,11.05,38.7,5.67,6.67,111,GOOD
rd_6353,ses_3452,2026-10-01T17:21:56.000Z,3.18,11.53,38.7,5.65,6.69,111,GOOD
rd_6354,ses_3452,2026-10-01T17:22:04.000Z,2.72,11.93,38.8,5.70,6.69,111,GOOD
rd_6355,ses_3452,2026-10-01T17:22:12.000Z,2.27,12.27,38.7,5.70,6.67,111,GOOD
rd_6356,ses_3452,2026-10-01T17:22:20.000Z,1.82,12.55,38.7,5.67,6.66,98,GOOD
rd_6357,ses_3452,2026-10-01T17:22:28.000Z,1.36,12.75,38.7,5.66,6.67,99,GOOD
rd_6358,ses_3452,2026-10-01T17:22:36.000Z,0.91,12.89,38.6,5.69,6.69,108,GOOD
rd_6359,ses_3452,2026-10-01T17:22:44.000Z,0.45,12.96,38.7,5.67,6.66,109,GOOD
rd_6360,ses_3452,2026-10-01T17:22:52.000Z,0.05,12.96,38.7,5.67,6.70,108,GOOD
rd_6361,ses_3453,2026-10-01T17:32:00.000Z,0.05,0.01,38.4,5.51,6.64,96,GOOD
rd_6362,ses_3453,2026-10-01T17:32:08.000Z,0.6,0.10,38.5,5.46,6.65,100,GOOD
rd_6363,ses_3453,2026-10-01T17:32:16.000Z,1.19,0.28,38.5,5.46,6.65,103,GOOD
rd_6364,ses_3453,2026-10-01T17:32:24.000Z,1.79,0.54,38.5,5.53,6.64,106,GOOD
rd_6365,ses_3453,2026-10-01T17:32:32.000Z,2.39,0.90,38.5,5.46,6.62,105,GOOD
rd_6366,ses_3453,2026-10-01T17:32:40.000Z,2.98,1.35,38.5,5.46,6.64,109,GOOD
rd_6367,ses_3453,2026-10-01T17:32:48.000Z,3.6,1.89,38.5,5.52,6.64,103,GOOD
rd_6368,ses_3453,2026-10-01T17:32:56.000Z,3.34,2.39,38.4,5.50,6.62,104,GOOD
rd_6369,ses_3453,2026-10-01T17:33:04.000Z,3.38,2.90,38.4,5.50,6.63,102,GOOD
rd_6370,ses_3453,2026-10-01T17:33:12.000Z,3.35,3.40,38.5,5.53,6.63,104,GOOD
rd_6371,ses_3453,2026-10-01T17:33:20.000Z,3.46,3.92,38.4,5.49,6.64,97,GOOD
rd_6372,ses_3453,2026-10-01T17:33:28.000Z,3.51,4.45,38.4,5.46,6.63,109,GOOD
rd_6373,ses_3453,2026-10-01T17:33:36.000Z,3.44,4.96,38.6,5.51,6.65,103,GOOD
rd_6374,ses_3453,2026-10-01T17:33:44.000Z,3.57,5.50,38.5,5.53,6.64,101,GOOD
rd_6375,ses_3453,2026-10-01T17:33:52.000Z,3.44,6.01,38.4,5.54,6.65,110,GOOD
rd_6376,ses_3453,2026-10-01T17:34:00.000Z,3.49,6.54,38.4,5.52,6.65,104,GOOD
rd_6377,ses_3453,2026-10-01T17:34:08.000Z,3.34,7.04,38.5,5.50,6.64,109,GOOD
rd_6378,ses_3453,2026-10-01T17:34:16.000Z,3.5,7.56,38.5,5.48,6.62,102,GOOD
rd_6379,ses_3453,2026-10-01T17:34:24.000Z,3.55,8.10,38.6,5.50,6.62,106,GOOD
rd_6380,ses_3453,2026-10-01T17:34:32.000Z,3.34,8.60,38.6,5.51,6.65,100,GOOD
rd_6381,ses_3453,2026-10-01T17:34:40.000Z,3.31,9.09,38.5,5.47,6.63,96,GOOD
rd_6382,ses_3453,2026-10-01T17:34:48.000Z,3.18,9.57,38.4,5.53,6.63,95,GOOD
rd_6383,ses_3453,2026-10-01T17:34:56.000Z,2.78,9.99,38.4,5.50,6.63,102,GOOD
rd_6384,ses_3453,2026-10-01T17:35:04.000Z,2.39,10.35,38.4,5.51,6.64,103,GOOD
rd_6385,ses_3453,2026-10-01T17:35:12.000Z,1.99,10.64,38.5,5.53,6.62,107,GOOD
rd_6386,ses_3453,2026-10-01T17:35:20.000Z,1.59,10.88,38.5,5.47,6.64,109,GOOD
rd_6387,ses_3453,2026-10-01T17:35:28.000Z,1.19,11.06,38.6,5.49,6.64,95,GOOD
rd_6388,ses_3453,2026-10-01T17:35:36.000Z,0.8,11.18,38.5,5.51,6.64,97,GOOD
rd_6389,ses_3453,2026-10-01T17:35:44.000Z,0.4,11.24,38.5,5.49,6.63,107,GOOD
rd_6390,ses_3453,2026-10-01T17:35:52.000Z,0.05,11.25,38.5,5.52,6.63,101,GOOD
rd_6391,ses_3454,2026-10-01T18:02:00.000Z,0.05,0.01,38.8,5.62,6.69,105,GOOD
rd_6392,ses_3454,2026-10-01T18:02:08.000Z,0.66,0.11,38.7,5.59,6.69,103,GOOD
rd_6393,ses_3454,2026-10-01T18:02:16.000Z,1.31,0.30,38.6,5.61,6.70,112,GOOD
rd_6394,ses_3454,2026-10-01T18:02:24.000Z,1.97,0.60,38.8,5.60,6.67,101,GOOD
rd_6395,ses_3454,2026-10-01T18:02:32.000Z,2.63,0.99,38.7,5.63,6.68,113,GOOD
rd_6396,ses_3454,2026-10-01T18:02:40.000Z,3.28,1.48,38.7,5.61,6.68,112,GOOD
rd_6397,ses_3454,2026-10-01T18:02:48.000Z,3.77,2.05,38.7,5.64,6.67,114,GOOD
rd_6398,ses_3454,2026-10-01T18:02:56.000Z,3.83,2.63,38.8,5.64,6.70,114,GOOD
rd_6399,ses_3454,2026-10-01T18:03:04.000Z,3.73,3.18,38.7,5.59,6.68,100,GOOD
rd_6400,ses_3454,2026-10-01T18:03:12.000Z,3.77,3.75,38.8,5.65,6.68,116,GOOD
rd_6401,ses_3454,2026-10-01T18:03:20.000Z,3.92,4.34,38.7,5.65,6.67,115,GOOD
rd_6402,ses_3454,2026-10-01T18:03:28.000Z,3.76,4.90,38.7,5.64,6.69,105,GOOD
rd_6403,ses_3454,2026-10-01T18:03:36.000Z,3.72,5.46,38.7,5.63,6.66,105,GOOD
rd_6404,ses_3454,2026-10-01T18:03:44.000Z,3.67,6.01,38.7,5.57,6.70,110,GOOD
rd_6405,ses_3454,2026-10-01T18:03:52.000Z,3.69,6.56,38.7,5.65,6.67,105,GOOD
rd_6406,ses_3454,2026-10-01T18:04:00.000Z,3.81,7.14,38.6,5.59,6.66,105,GOOD
rd_6407,ses_3454,2026-10-01T18:04:08.000Z,3.9,7.72,38.7,5.63,6.68,112,GOOD
rd_6408,ses_3454,2026-10-01T18:04:16.000Z,3.76,8.28,38.7,5.64,6.67,106,GOOD
rd_6409,ses_3454,2026-10-01T18:04:24.000Z,3.92,8.87,38.6,5.62,6.68,111,GOOD
rd_6410,ses_3454,2026-10-01T18:04:32.000Z,3.69,9.43,38.7,5.59,6.69,112,GOOD
rd_6411,ses_3454,2026-10-01T18:04:40.000Z,3.89,10.01,38.7,5.61,6.69,108,GOOD
rd_6412,ses_3454,2026-10-01T18:04:48.000Z,3.5,10.53,38.6,5.62,6.69,109,GOOD
rd_6413,ses_3454,2026-10-01T18:04:56.000Z,3.07,10.99,38.6,5.62,6.67,105,GOOD
rd_6414,ses_3454,2026-10-01T18:05:04.000Z,2.63,11.39,38.6,5.62,6.70,104,GOOD
rd_6415,ses_3454,2026-10-01T18:05:12.000Z,2.19,11.72,38.7,5.61,6.69,113,GOOD
rd_6416,ses_3454,2026-10-01T18:05:20.000Z,1.75,11.98,38.6,5.61,6.68,111,GOOD
rd_6417,ses_3454,2026-10-01T18:05:28.000Z,1.31,12.18,38.8,5.61,6.69,112,GOOD
rd_6418,ses_3454,2026-10-01T18:05:36.000Z,0.88,12.31,38.6,5.58,6.69,114,GOOD
rd_6419,ses_3454,2026-10-01T18:05:44.000Z,0.44,12.38,38.6,5.57,6.69,105,GOOD
rd_6420,ses_3454,2026-10-01T18:05:52.000Z,0.05,12.38,38.7,5.62,6.68,115,GOOD
rd_6421,ses_3455,2026-10-01T17:59:00.000Z,0.05,0.01,38.8,5.46,6.70,125,GOOD
rd_6422,ses_3455,2026-10-01T17:59:08.000Z,0.72,0.12,38.8,5.45,6.72,118,GOOD
rd_6423,ses_3455,2026-10-01T17:59:16.000Z,1.44,0.33,38.9,5.50,6.71,124,GOOD
rd_6424,ses_3455,2026-10-01T17:59:24.000Z,2.17,0.66,38.8,5.46,6.73,120,GOOD
rd_6425,ses_3455,2026-10-01T17:59:32.000Z,2.89,1.09,38.8,5.49,6.71,130,GOOD
rd_6426,ses_3455,2026-10-01T17:59:40.000Z,3.61,1.63,38.8,5.48,6.72,131,GOOD
rd_6427,ses_3455,2026-10-01T17:59:48.000Z,4.07,2.24,38.9,5.49,6.71,117,GOOD
rd_6428,ses_3455,2026-10-01T17:59:56.000Z,4.27,2.88,38.7,5.47,6.70,127,GOOD
rd_6429,ses_3455,2026-10-01T18:00:04.000Z,4.31,3.53,38.8,5.46,6.73,132,GOOD
rd_6430,ses_3455,2026-10-01T18:00:12.000Z,4.04,4.14,38.7,5.49,6.71,128,GOOD
rd_6431,ses_3455,2026-10-01T18:00:20.000Z,4.21,4.77,38.7,5.48,6.72,124,GOOD
rd_6432,ses_3455,2026-10-01T18:00:28.000Z,4.27,5.41,38.7,5.47,6.72,127,GOOD
rd_6433,ses_3455,2026-10-01T18:00:36.000Z,4.14,6.03,38.7,5.52,6.73,126,GOOD
rd_6434,ses_3455,2026-10-01T18:00:44.000Z,4.23,6.66,38.8,5.52,6.73,128,GOOD
rd_6435,ses_3455,2026-10-01T18:00:52.000Z,4.06,7.27,38.9,5.51,6.72,124,GOOD
rd_6436,ses_3455,2026-10-01T18:01:00.000Z,4.21,7.90,38.8,5.48,6.72,132,GOOD
rd_6437,ses_3455,2026-10-01T18:01:08.000Z,4.13,8.52,38.8,5.47,6.73,126,GOOD
rd_6438,ses_3455,2026-10-01T18:01:16.000Z,4.23,9.16,38.8,5.52,6.71,120,GOOD
rd_6439,ses_3455,2026-10-01T18:01:24.000Z,4.28,9.80,38.9,5.48,6.71,128,GOOD
rd_6440,ses_3455,2026-10-01T18:01:32.000Z,4.14,10.42,38.8,5.49,6.74,119,GOOD
rd_6441,ses_3455,2026-10-01T18:01:40.000Z,4.34,11.07,38.9,5.46,6.72,118,GOOD
rd_6442,ses_3455,2026-10-01T18:01:48.000Z,3.85,11.65,38.8,5.48,6.73,128,GOOD
rd_6443,ses_3455,2026-10-01T18:01:56.000Z,3.37,12.15,38.9,5.45,6.72,116,GOOD
rd_6444,ses_3455,2026-10-01T18:02:04.000Z,2.89,12.59,38.8,5.45,6.73,132,GOOD
rd_6445,ses_3455,2026-10-01T18:02:12.000Z,2.41,12.95,38.7,5.46,6.73,118,GOOD
rd_6446,ses_3455,2026-10-01T18:02:20.000Z,1.93,13.24,38.9,5.48,6.73,129,GOOD
rd_6447,ses_3455,2026-10-01T18:02:28.000Z,1.44,13.45,38.9,5.48,6.71,122,GOOD
rd_6448,ses_3455,2026-10-01T18:02:36.000Z,0.96,13.60,38.8,5.50,6.71,116,GOOD
rd_6449,ses_3455,2026-10-01T18:02:44.000Z,0.48,13.67,38.8,5.49,6.70,128,GOOD
rd_6450,ses_3455,2026-10-01T18:02:52.000Z,0.05,13.68,38.8,5.48,6.72,132,GOOD
rd_6451,ses_3456,2026-10-01T17:28:00.000Z,0.05,0.01,38.6,5.54,6.67,130,GOOD
rd_6452,ses_3456,2026-10-01T17:28:08.000Z,0.61,0.10,38.6,5.52,6.67,125,GOOD
rd_6453,ses_3456,2026-10-01T17:28:16.000Z,1.23,0.28,38.4,5.57,6.67,126,GOOD
rd_6454,ses_3456,2026-10-01T17:28:24.000Z,1.84,0.56,38.6,5.56,6.66,122,GOOD
rd_6455,ses_3456,2026-10-01T17:28:32.000Z,2.46,0.93,38.6,5.54,6.67,131,GOOD
rd_6456,ses_3456,2026-10-01T17:28:40.000Z,3.07,1.39,38.6,5.51,6.66,123,GOOD
rd_6457,ses_3456,2026-10-01T17:28:48.000Z,3.6,1.93,38.5,5.58,6.68,118,GOOD
rd_6458,ses_3456,2026-10-01T17:28:56.000Z,3.64,2.48,38.5,5.57,6.66,127,GOOD
rd_6459,ses_3456,2026-10-01T17:29:04.000Z,3.5,3.00,38.5,5.54,6.66,130,GOOD
rd_6460,ses_3456,2026-10-01T17:29:12.000Z,3.42,3.51,38.6,5.55,6.65,118,GOOD
rd_6461,ses_3456,2026-10-01T17:29:20.000Z,3.7,4.07,38.4,5.57,6.66,116,GOOD
rd_6462,ses_3456,2026-10-01T17:29:28.000Z,3.44,4.58,38.4,5.57,6.68,130,GOOD
rd_6463,ses_3456,2026-10-01T17:29:36.000Z,3.56,5.12,38.5,5.52,6.66,119,GOOD
rd_6464,ses_3456,2026-10-01T17:29:44.000Z,3.64,5.66,38.5,5.51,6.68,117,GOOD
rd_6465,ses_3456,2026-10-01T17:29:52.000Z,3.66,6.21,38.5,5.58,6.68,124,GOOD
rd_6466,ses_3456,2026-10-01T17:30:00.000Z,3.63,6.76,38.5,5.55,6.66,130,GOOD
rd_6467,ses_3456,2026-10-01T17:30:08.000Z,3.54,7.29,38.6,5.56,6.64,125,GOOD
rd_6468,ses_3456,2026-10-01T17:30:16.000Z,3.58,7.83,38.5,5.54,6.65,115,GOOD
rd_6469,ses_3456,2026-10-01T17:30:24.000Z,3.51,8.35,38.4,5.53,6.64,125,GOOD
rd_6470,ses_3456,2026-10-01T17:30:32.000Z,3.56,8.89,38.4,5.56,6.64,125,GOOD
rd_6471,ses_3456,2026-10-01T17:30:40.000Z,3.41,9.40,38.5,5.50,6.64,126,GOOD
rd_6472,ses_3456,2026-10-01T17:30:48.000Z,3.27,9.89,38.6,5.51,6.65,129,GOOD
rd_6473,ses_3456,2026-10-01T17:30:56.000Z,2.86,10.32,38.5,5.54,6.66,118,GOOD
rd_6474,ses_3456,2026-10-01T17:31:04.000Z,2.46,10.69,38.5,5.53,6.68,116,GOOD
rd_6475,ses_3456,2026-10-01T17:31:12.000Z,2.05,10.99,38.6,5.54,6.64,126,GOOD
rd_6476,ses_3456,2026-10-01T17:31:20.000Z,1.64,11.24,38.5,5.55,6.68,126,GOOD
rd_6477,ses_3456,2026-10-01T17:31:28.000Z,1.23,11.42,38.5,5.54,6.67,116,GOOD
rd_6478,ses_3456,2026-10-01T17:31:36.000Z,0.82,11.55,38.6,5.54,6.66,116,GOOD
rd_6479,ses_3456,2026-10-01T17:31:44.000Z,0.41,11.61,38.4,5.56,6.67,117,GOOD
rd_6480,ses_3456,2026-10-01T17:31:52.000Z,0.05,11.62,38.5,5.57,6.66,118,GOOD
rd_6481,ses_3457,2026-10-01T17:16:00.000Z,0.05,0.01,38.7,5.72,6.71,135,GOOD
rd_6482,ses_3457,2026-10-01T17:16:08.000Z,0.67,0.11,38.7,5.73,6.71,135,GOOD
rd_6483,ses_3457,2026-10-01T17:16:16.000Z,1.33,0.31,38.7,5.71,6.69,148,GOOD
rd_6484,ses_3457,2026-10-01T17:16:24.000Z,2,0.61,38.8,5.73,6.69,135,GOOD
rd_6485,ses_3457,2026-10-01T17:16:32.000Z,2.67,1.01,38.7,5.73,6.68,137,GOOD
rd_6486,ses_3457,2026-10-01T17:16:40.000Z,3.34,1.51,38.7,5.73,6.69,139,GOOD
rd_6487,ses_3457,2026-10-01T17:16:48.000Z,3.87,2.09,38.8,5.74,6.72,144,GOOD
rd_6488,ses_3457,2026-10-01T17:16:56.000Z,3.99,2.69,38.7,5.68,6.68,141,GOOD
rd_6489,ses_3457,2026-10-01T17:17:04.000Z,3.99,3.29,38.6,5.74,6.70,142,GOOD
rd_6490,ses_3457,2026-10-01T17:17:12.000Z,4,3.89,38.7,5.71,6.71,142,GOOD
rd_6491,ses_3457,2026-10-01T17:17:20.000Z,3.92,4.47,38.7,5.69,6.70,141,GOOD
rd_6492,ses_3457,2026-10-01T17:17:28.000Z,3.77,5.04,38.7,5.68,6.71,145,GOOD
rd_6493,ses_3457,2026-10-01T17:17:36.000Z,3.73,5.60,38.7,5.70,6.69,144,GOOD
rd_6494,ses_3457,2026-10-01T17:17:44.000Z,3.89,6.18,38.8,5.71,6.72,144,GOOD
rd_6495,ses_3457,2026-10-01T17:17:52.000Z,3.89,6.77,38.7,5.71,6.71,136,GOOD
rd_6496,ses_3457,2026-10-01T17:18:00.000Z,4.01,7.37,38.7,5.69,6.70,142,GOOD
rd_6497,ses_3457,2026-10-01T17:18:08.000Z,3.93,7.96,38.6,5.71,6.72,135,GOOD
rd_6498,ses_3457,2026-10-01T17:18:16.000Z,3.85,8.54,38.6,5.69,6.71,140,GOOD
rd_6499,ses_3457,2026-10-01T17:18:24.000Z,3.77,9.10,38.6,5.72,6.71,137,GOOD
rd_6500,ses_3457,2026-10-01T17:18:32.000Z,3.98,9.70,38.7,5.74,6.68,142,GOOD
rd_6501,ses_3457,2026-10-01T17:18:40.000Z,3.89,10.28,38.6,5.74,6.70,145,GOOD
rd_6502,ses_3457,2026-10-01T17:18:48.000Z,3.56,10.82,38.7,5.74,6.72,142,GOOD
rd_6503,ses_3457,2026-10-01T17:18:56.000Z,3.11,11.28,38.7,5.70,6.69,148,GOOD
rd_6504,ses_3457,2026-10-01T17:19:04.000Z,2.67,11.68,38.7,5.72,6.70,144,GOOD
rd_6505,ses_3457,2026-10-01T17:19:12.000Z,2.22,12.02,38.6,5.75,6.70,139,GOOD
rd_6506,ses_3457,2026-10-01T17:19:20.000Z,1.78,12.28,38.8,5.74,6.70,139,GOOD
rd_6507,ses_3457,2026-10-01T17:19:28.000Z,1.33,12.48,38.8,5.71,6.71,140,GOOD
rd_6508,ses_3457,2026-10-01T17:19:36.000Z,0.89,12.62,38.7,5.75,6.70,145,GOOD
rd_6509,ses_3457,2026-10-01T17:19:44.000Z,0.44,12.68,38.7,5.75,6.69,136,GOOD
rd_6510,ses_3457,2026-10-01T17:19:52.000Z,0.05,12.69,38.7,5.75,6.70,143,GOOD
rd_6511,ses_3458,2026-10-01T17:50:00.000Z,0.05,0.01,38.6,5.45,6.65,136,GOOD
rd_6512,ses_3458,2026-10-01T17:50:08.000Z,0.59,0.10,38.7,5.46,6.65,140,GOOD
rd_6513,ses_3458,2026-10-01T17:50:16.000Z,1.19,0.27,38.6,5.47,6.64,132,GOOD
rd_6514,ses_3458,2026-10-01T17:50:24.000Z,1.78,0.54,38.7,5.44,6.61,142,GOOD
rd_6515,ses_3458,2026-10-01T17:50:32.000Z,2.37,0.90,38.7,5.47,6.62,145,GOOD
rd_6516,ses_3458,2026-10-01T17:50:40.000Z,2.97,1.34,38.6,5.47,6.64,145,GOOD
rd_6517,ses_3458,2026-10-01T17:50:48.000Z,3.57,1.88,38.7,5.42,6.62,145,GOOD
rd_6518,ses_3458,2026-10-01T17:50:56.000Z,3.31,2.37,38.7,5.46,6.62,140,GOOD
rd_6519,ses_3458,2026-10-01T17:51:04.000Z,3.57,2.91,38.8,5.48,6.62,143,GOOD
rd_6520,ses_3458,2026-10-01T17:51:12.000Z,3.34,3.41,38.7,5.47,6.64,140,GOOD
rd_6521,ses_3458,2026-10-01T17:51:20.000Z,3.49,3.93,38.6,5.42,6.62,145,GOOD
rd_6522,ses_3458,2026-10-01T17:51:28.000Z,3.36,4.44,38.7,5.47,6.62,140,GOOD
rd_6523,ses_3458,2026-10-01T17:51:36.000Z,3.4,4.95,38.7,5.46,6.62,141,GOOD
rd_6524,ses_3458,2026-10-01T17:51:44.000Z,3.33,5.45,38.7,5.45,6.63,140,GOOD
rd_6525,ses_3458,2026-10-01T17:51:52.000Z,3.31,5.94,38.7,5.42,6.65,133,GOOD
rd_6526,ses_3458,2026-10-01T17:52:00.000Z,3.34,6.45,38.7,5.49,6.62,136,GOOD
rd_6527,ses_3458,2026-10-01T17:52:08.000Z,3.54,6.98,38.8,5.47,6.62,138,GOOD
rd_6528,ses_3458,2026-10-01T17:52:16.000Z,3.48,7.50,38.7,5.45,6.64,138,GOOD
rd_6529,ses_3458,2026-10-01T17:52:24.000Z,3.3,7.99,38.8,5.48,6.64,146,GOOD
rd_6530,ses_3458,2026-10-01T17:52:32.000Z,3.33,8.49,38.7,5.47,6.65,138,GOOD
rd_6531,ses_3458,2026-10-01T17:52:40.000Z,3.43,9.01,38.6,5.44,6.64,142,GOOD
rd_6532,ses_3458,2026-10-01T17:52:48.000Z,3.16,9.48,38.7,5.47,6.64,133,GOOD
rd_6533,ses_3458,2026-10-01T17:52:56.000Z,2.77,9.90,38.7,5.46,6.63,136,GOOD
rd_6534,ses_3458,2026-10-01T17:53:04.000Z,2.37,10.25,38.7,5.43,6.61,145,GOOD
rd_6535,ses_3458,2026-10-01T17:53:12.000Z,1.98,10.55,38.7,5.49,6.63,143,GOOD
rd_6536,ses_3458,2026-10-01T17:53:20.000Z,1.58,10.79,38.6,5.42,6.62,138,GOOD
rd_6537,ses_3458,2026-10-01T17:53:28.000Z,1.19,10.96,38.8,5.48,6.64,146,GOOD
rd_6538,ses_3458,2026-10-01T17:53:36.000Z,0.79,11.08,38.7,5.48,6.65,144,GOOD
rd_6539,ses_3458,2026-10-01T17:53:44.000Z,0.4,11.14,38.8,5.42,6.62,147,GOOD
rd_6540,ses_3458,2026-10-01T17:53:52.000Z,0.05,11.15,38.7,5.49,6.62,138,GOOD
rd_6541,ses_3459,2026-10-01T17:02:00.000Z,0.05,0.01,38.5,5.61,6.65,143,GOOD
rd_6542,ses_3459,2026-10-01T17:02:08.000Z,0.63,0.10,38.5,5.58,6.66,149,GOOD
rd_6543,ses_3459,2026-10-01T17:02:16.000Z,1.26,0.29,38.4,5.57,6.66,139,GOOD
rd_6544,ses_3459,2026-10-01T17:02:24.000Z,1.88,0.57,38.6,5.59,6.66,147,GOOD
rd_6545,ses_3459,2026-10-01T17:02:32.000Z,2.51,0.95,38.5,5.57,6.65,144,GOOD
rd_6546,ses_3459,2026-10-01T17:02:40.000Z,3.14,1.42,38.5,5.63,6.66,139,GOOD
rd_6547,ses_3459,2026-10-01T17:02:48.000Z,3.68,1.97,38.5,5.61,6.66,140,GOOD
rd_6548,ses_3459,2026-10-01T17:02:56.000Z,3.63,2.52,38.6,5.61,6.67,145,GOOD
rd_6549,ses_3459,2026-10-01T17:03:04.000Z,3.5,3.04,38.4,5.61,6.65,146,GOOD
rd_6550,ses_3459,2026-10-01T17:03:12.000Z,3.55,3.57,38.5,5.59,6.68,140,GOOD
rd_6551,ses_3459,2026-10-01T17:03:20.000Z,3.74,4.14,38.4,5.57,6.66,146,GOOD
rd_6552,ses_3459,2026-10-01T17:03:28.000Z,3.61,4.68,38.5,5.62,6.67,140,GOOD
rd_6553,ses_3459,2026-10-01T17:03:36.000Z,3.67,5.23,38.5,5.56,6.65,149,GOOD
rd_6554,ses_3459,2026-10-01T17:03:44.000Z,3.74,5.79,38.5,5.61,6.65,138,GOOD
rd_6555,ses_3459,2026-10-01T17:03:52.000Z,3.65,6.34,38.6,5.57,6.68,138,GOOD
rd_6556,ses_3459,2026-10-01T17:04:00.000Z,3.77,6.90,38.6,5.61,6.68,149,GOOD
rd_6557,ses_3459,2026-10-01T17:04:08.000Z,3.61,7.44,38.5,5.57,6.67,151,GOOD
rd_6558,ses_3459,2026-10-01T17:04:16.000Z,3.79,8.01,38.5,5.59,6.69,138,GOOD
rd_6559,ses_3459,2026-10-01T17:04:24.000Z,3.58,8.55,38.4,5.64,6.69,151,GOOD
rd_6560,ses_3459,2026-10-01T17:04:32.000Z,3.6,9.09,38.4,5.60,6.67,136,GOOD
rd_6561,ses_3459,2026-10-01T17:04:40.000Z,3.71,9.64,38.5,5.60,6.66,145,GOOD
rd_6562,ses_3459,2026-10-01T17:04:48.000Z,3.35,10.15,38.4,5.57,6.66,144,GOOD
rd_6563,ses_3459,2026-10-01T17:04:56.000Z,2.93,10.59,38.4,5.61,6.67,145,GOOD
rd_6564,ses_3459,2026-10-01T17:05:04.000Z,2.51,10.96,38.5,5.62,6.65,147,GOOD
rd_6565,ses_3459,2026-10-01T17:05:12.000Z,2.09,11.28,38.5,5.60,6.66,145,GOOD
rd_6566,ses_3459,2026-10-01T17:05:20.000Z,1.67,11.53,38.6,5.58,6.66,137,GOOD
rd_6567,ses_3459,2026-10-01T17:05:28.000Z,1.26,11.72,38.6,5.64,6.65,144,GOOD
rd_6568,ses_3459,2026-10-01T17:05:36.000Z,0.84,11.84,38.4,5.61,6.67,137,GOOD
rd_6569,ses_3459,2026-10-01T17:05:44.000Z,0.42,11.91,38.6,5.58,6.65,146,GOOD
rd_6570,ses_3459,2026-10-01T17:05:52.000Z,0.05,11.91,38.5,5.64,6.68,144,GOOD
rd_6571,ses_3460,2026-10-01T17:40:00.000Z,0.05,0.01,38.6,5.47,6.71,87,GOOD
rd_6572,ses_3460,2026-10-01T17:40:08.000Z,0.69,0.11,38.6,5.48,6.71,79,GOOD
rd_6573,ses_3460,2026-10-01T17:40:16.000Z,1.37,0.32,38.6,5.47,6.67,83,GOOD
rd_6574,ses_3460,2026-10-01T17:40:24.000Z,2.06,0.63,38.6,5.51,6.68,81,GOOD
rd_6575,ses_3460,2026-10-01T17:40:32.000Z,2.74,1.04,38.6,5.52,6.67,87,GOOD
rd_6576,ses_3460,2026-10-01T17:40:40.000Z,3.43,1.55,38.7,5.46,6.67,90,GOOD
rd_6577,ses_3460,2026-10-01T17:40:48.000Z,4.03,2.16,38.6,5.51,6.69,85,GOOD
rd_6578,ses_3460,2026-10-01T17:40:56.000Z,4.1,2.77,38.6,5.49,6.68,75,GOOD
rd_6579,ses_3460,2026-10-01T17:41:04.000Z,3.87,3.35,38.7,5.52,6.69,90,GOOD
rd_6580,ses_3460,2026-10-01T17:41:12.000Z,3.93,3.94,38.6,5.49,6.70,85,GOOD
rd_6581,ses_3460,2026-10-01T17:41:20.000Z,3.92,4.53,38.5,5.48,6.70,82,GOOD
rd_6582,ses_3460,2026-10-01T17:41:28.000Z,4.07,5.14,38.5,5.48,6.71,87,GOOD
rd_6583,ses_3460,2026-10-01T17:41:36.000Z,4.04,5.75,38.6,5.46,6.68,79,GOOD
rd_6584,ses_3460,2026-10-01T17:41:44.000Z,3.9,6.33,38.6,5.46,6.68,76,GOOD
rd_6585,ses_3460,2026-10-01T17:41:52.000Z,4.02,6.93,38.6,5.47,6.68,78,GOOD
rd_6586,ses_3460,2026-10-01T17:42:00.000Z,4.06,7.54,38.6,5.52,6.68,91,GOOD
rd_6587,ses_3460,2026-10-01T17:42:08.000Z,3.85,8.12,38.6,5.51,6.69,78,GOOD
rd_6588,ses_3460,2026-10-01T17:42:16.000Z,3.97,8.71,38.7,5.46,6.67,87,GOOD
rd_6589,ses_3460,2026-10-01T17:42:24.000Z,3.92,9.30,38.6,5.50,6.68,85,GOOD
rd_6590,ses_3460,2026-10-01T17:42:32.000Z,4.11,9.92,38.7,5.46,6.68,90,GOOD
rd_6591,ses_3460,2026-10-01T17:42:40.000Z,4.05,10.53,38.6,5.47,6.67,79,GOOD
rd_6592,ses_3460,2026-10-01T17:42:48.000Z,3.66,11.08,38.6,5.45,6.71,89,GOOD
rd_6593,ses_3460,2026-10-01T17:42:56.000Z,3.2,11.56,38.5,5.50,6.68,90,GOOD
rd_6594,ses_3460,2026-10-01T17:43:04.000Z,2.74,11.97,38.7,5.51,6.71,91,GOOD
rd_6595,ses_3460,2026-10-01T17:43:12.000Z,2.29,12.31,38.7,5.47,6.69,78,GOOD
rd_6596,ses_3460,2026-10-01T17:43:20.000Z,1.83,12.58,38.7,5.48,6.70,81,GOOD
rd_6597,ses_3460,2026-10-01T17:43:28.000Z,1.37,12.79,38.5,5.48,6.68,77,GOOD
rd_6598,ses_3460,2026-10-01T17:43:36.000Z,0.91,12.93,38.7,5.47,6.70,77,GOOD
rd_6599,ses_3460,2026-10-01T17:43:44.000Z,0.46,13.00,38.7,5.51,6.71,83,GOOD
rd_6600,ses_3460,2026-10-01T17:43:52.000Z,0.05,13.00,38.6,5.50,6.69,79,GOOD
rd_6601,ses_3461,2026-10-01T17:22:00.000Z,0.05,0.01,38.8,5.56,6.62,100,GOOD
rd_6602,ses_3461,2026-10-01T17:22:08.000Z,0.61,0.10,38.6,5.53,6.63,87,GOOD
rd_6603,ses_3461,2026-10-01T17:22:16.000Z,1.21,0.28,38.7,5.55,6.62,99,GOOD
rd_6604,ses_3461,2026-10-01T17:22:24.000Z,1.82,0.55,38.7,5.58,6.62,87,GOOD
rd_6605,ses_3461,2026-10-01T17:22:32.000Z,2.43,0.92,38.6,5.58,6.65,96,GOOD
rd_6606,ses_3461,2026-10-01T17:22:40.000Z,3.03,1.37,38.6,5.56,6.64,93,GOOD
rd_6607,ses_3461,2026-10-01T17:22:48.000Z,3.64,1.92,38.7,5.54,6.62,95,GOOD
rd_6608,ses_3461,2026-10-01T17:22:56.000Z,3.38,2.43,38.7,5.60,6.62,96,GOOD
rd_6609,ses_3461,2026-10-01T17:23:04.000Z,3.5,2.95,38.8,5.61,6.62,98,GOOD
rd_6610,ses_3461,2026-10-01T17:23:12.000Z,3.48,3.47,38.8,5.60,6.64,94,GOOD
rd_6611,ses_3461,2026-10-01T17:23:20.000Z,3.39,3.98,38.8,5.57,6.63,89,GOOD
rd_6612,ses_3461,2026-10-01T17:23:28.000Z,3.66,4.53,38.6,5.59,6.62,96,GOOD
rd_6613,ses_3461,2026-10-01T17:23:36.000Z,3.48,5.05,38.6,5.58,6.63,86,GOOD
rd_6614,ses_3461,2026-10-01T17:23:44.000Z,3.54,5.58,38.8,5.59,6.62,98,GOOD
rd_6615,ses_3461,2026-10-01T17:23:52.000Z,3.49,6.11,38.6,5.58,6.62,93,GOOD
rd_6616,ses_3461,2026-10-01T17:24:00.000Z,3.61,6.65,38.7,5.54,6.63,95,GOOD
rd_6617,ses_3461,2026-10-01T17:24:08.000Z,3.43,7.16,38.7,5.56,6.63,89,GOOD
rd_6618,ses_3461,2026-10-01T17:24:16.000Z,3.59,7.70,38.8,5.61,6.61,91,GOOD
rd_6619,ses_3461,2026-10-01T17:24:24.000Z,3.51,8.23,38.7,5.55,6.61,93,GOOD
rd_6620,ses_3461,2026-10-01T17:24:32.000Z,3.59,8.77,38.7,5.57,6.63,92,GOOD
rd_6621,ses_3461,2026-10-01T17:24:40.000Z,3.52,9.29,38.6,5.60,6.63,87,GOOD
rd_6622,ses_3461,2026-10-01T17:24:48.000Z,3.24,9.78,38.8,5.56,6.63,88,GOOD
rd_6623,ses_3461,2026-10-01T17:24:56.000Z,2.83,10.20,38.6,5.56,6.65,85,GOOD
rd_6624,ses_3461,2026-10-01T17:25:04.000Z,2.43,10.57,38.7,5.55,6.62,95,GOOD
rd_6625,ses_3461,2026-10-01T17:25:12.000Z,2.02,10.87,38.6,5.54,6.62,94,GOOD
rd_6626,ses_3461,2026-10-01T17:25:20.000Z,1.62,11.12,38.7,5.57,6.64,89,GOOD
rd_6627,ses_3461,2026-10-01T17:25:28.000Z,1.21,11.30,38.8,5.58,6.63,101,GOOD
rd_6628,ses_3461,2026-10-01T17:25:36.000Z,0.81,11.42,38.6,5.59,6.62,91,GOOD
rd_6629,ses_3461,2026-10-01T17:25:44.000Z,0.4,11.48,38.7,5.58,6.65,95,GOOD
rd_6630,ses_3461,2026-10-01T17:25:52.000Z,0.05,11.49,38.7,5.53,6.62,98,GOOD
rd_6631,ses_3462,2026-10-01T17:17:00.000Z,0.05,0.01,38.4,5.69,6.70,92,GOOD
rd_6632,ses_3462,2026-10-01T17:17:08.000Z,0.66,0.11,38.6,5.70,6.69,102,GOOD
rd_6633,ses_3462,2026-10-01T17:17:16.000Z,1.32,0.30,38.5,5.67,6.67,107,GOOD
rd_6634,ses_3462,2026-10-01T17:17:24.000Z,1.99,0.60,38.5,5.66,6.68,94,GOOD
rd_6635,ses_3462,2026-10-01T17:17:32.000Z,2.65,1.00,38.6,5.67,6.69,101,GOOD
rd_6636,ses_3462,2026-10-01T17:17:40.000Z,3.31,1.50,38.4,5.66,6.67,105,GOOD
rd_6637,ses_3462,2026-10-01T17:17:48.000Z,3.86,2.08,38.4,5.65,6.67,103,GOOD
rd_6638,ses_3462,2026-10-01T17:17:56.000Z,3.77,2.64,38.5,5.69,6.69,106,GOOD
rd_6639,ses_3462,2026-10-01T17:18:04.000Z,3.71,3.20,38.4,5.67,6.68,95,GOOD
rd_6640,ses_3462,2026-10-01T17:18:12.000Z,3.76,3.76,38.6,5.67,6.66,104,GOOD
rd_6641,ses_3462,2026-10-01T17:18:20.000Z,3.84,4.34,38.5,5.68,6.70,107,GOOD
rd_6642,ses_3462,2026-10-01T17:18:28.000Z,3.81,4.91,38.5,5.71,6.70,103,GOOD
rd_6643,ses_3462,2026-10-01T17:18:36.000Z,3.88,5.49,38.4,5.65,6.66,106,GOOD
rd_6644,ses_3462,2026-10-01T17:18:44.000Z,3.83,6.07,38.5,5.72,6.67,98,GOOD
rd_6645,ses_3462,2026-10-01T17:18:52.000Z,3.79,6.63,38.5,5.70,6.68,97,GOOD
rd_6646,ses_3462,2026-10-01T17:19:00.000Z,3.98,7.23,38.4,5.71,6.67,99,GOOD
rd_6647,ses_3462,2026-10-01T17:19:08.000Z,3.98,7.83,38.5,5.69,6.66,96,GOOD
rd_6648,ses_3462,2026-10-01T17:19:16.000Z,3.95,8.42,38.5,5.68,6.67,99,GOOD
rd_6649,ses_3462,2026-10-01T17:19:24.000Z,3.73,8.98,38.5,5.70,6.70,103,GOOD
rd_6650,ses_3462,2026-10-01T17:19:32.000Z,3.74,9.54,38.4,5.70,6.68,93,GOOD
rd_6651,ses_3462,2026-10-01T17:19:40.000Z,3.89,10.12,38.5,5.67,6.66,104,GOOD
rd_6652,ses_3462,2026-10-01T17:19:48.000Z,3.53,10.65,38.4,5.67,6.70,96,GOOD
rd_6653,ses_3462,2026-10-01T17:19:56.000Z,3.09,11.12,38.4,5.69,6.69,93,GOOD
rd_6654,ses_3462,2026-10-01T17:20:04.000Z,2.65,11.52,38.5,5.65,6.70,98,GOOD
rd_6655,ses_3462,2026-10-01T17:20:12.000Z,2.21,11.85,38.6,5.68,6.69,99,GOOD
rd_6656,ses_3462,2026-10-01T17:20:20.000Z,1.77,12.11,38.4,5.72,6.66,94,GOOD
rd_6657,ses_3462,2026-10-01T17:20:28.000Z,1.32,12.31,38.6,5.67,6.67,107,GOOD
rd_6658,ses_3462,2026-10-01T17:20:36.000Z,0.88,12.44,38.6,5.65,6.67,94,GOOD
rd_6659,ses_3462,2026-10-01T17:20:44.000Z,0.44,12.51,38.6,5.71,6.68,95,GOOD
rd_6660,ses_3462,2026-10-01T17:20:52.000Z,0.05,12.52,38.5,5.68,6.68,100,GOOD
rd_6661,ses_3463,2026-10-01T17:05:00.000Z,0.05,0.01,38.6,5.49,6.67,110,GOOD
rd_6662,ses_3463,2026-10-01T17:05:08.000Z,0.72,0.12,38.7,5.48,6.70,116,GOOD
rd_6663,ses_3463,2026-10-01T17:05:16.000Z,1.44,0.33,38.6,5.47,6.66,120,GOOD
rd_6664,ses_3463,2026-10-01T17:05:24.000Z,2.17,0.66,38.8,5.50,6.67,121,GOOD
rd_6665,ses_3463,2026-10-01T17:05:32.000Z,2.89,1.09,38.6,5.46,6.68,111,GOOD
rd_6666,ses_3463,2026-10-01T17:05:40.000Z,3.61,1.63,38.7,5.47,6.69,122,GOOD
rd_6667,ses_3463,2026-10-01T17:05:48.000Z,4.1,2.25,38.6,5.50,6.70,115,GOOD
rd_6668,ses_3463,2026-10-01T17:05:56.000Z,4.24,2.88,38.6,5.46,6.69,119,GOOD
rd_6669,ses_3463,2026-10-01T17:06:04.000Z,4.19,3.51,38.6,5.48,6.69,116,GOOD
rd_6670,ses_3463,2026-10-01T17:06:12.000Z,4.13,4.13,38.6,5.45,6.68,110,GOOD
rd_6671,ses_3463,2026-10-01T17:06:20.000Z,4.05,4.74,38.7,5.45,6.67,113,GOOD
rd_6672,ses_3463,2026-10-01T17:06:28.000Z,4.23,5.37,38.7,5.47,6.67,121,GOOD
rd_6673,ses_3463,2026-10-01T17:06:36.000Z,4.22,6.01,38.6,5.43,6.66,113,GOOD
rd_6674,ses_3463,2026-10-01T17:06:44.000Z,4.05,6.61,38.6,5.43,6.67,117,GOOD
rd_6675,ses_3463,2026-10-01T17:06:52.000Z,4.26,7.25,38.7,5.47,6.67,116,GOOD
rd_6676,ses_3463,2026-10-01T17:07:00.000Z,4.25,7.89,38.7,5.43,6.69,119,GOOD
rd_6677,ses_3463,2026-10-01T17:07:08.000Z,4.33,8.54,38.8,5.50,6.69,109,GOOD
rd_6678,ses_3463,2026-10-01T17:07:16.000Z,4.1,9.15,38.7,5.48,6.68,112,GOOD
rd_6679,ses_3463,2026-10-01T17:07:24.000Z,4.06,9.76,38.7,5.42,6.67,122,GOOD
rd_6680,ses_3463,2026-10-01T17:07:32.000Z,4.32,10.41,38.6,5.44,6.67,118,GOOD
rd_6681,ses_3463,2026-10-01T17:07:40.000Z,4.17,11.04,38.7,5.49,6.66,122,GOOD
rd_6682,ses_3463,2026-10-01T17:07:48.000Z,3.85,11.61,38.8,5.47,6.67,120,GOOD
rd_6683,ses_3463,2026-10-01T17:07:56.000Z,3.37,12.12,38.6,5.44,6.66,123,GOOD
rd_6684,ses_3463,2026-10-01T17:08:04.000Z,2.89,12.55,38.7,5.43,6.69,122,GOOD
rd_6685,ses_3463,2026-10-01T17:08:12.000Z,2.41,12.92,38.6,5.43,6.67,122,GOOD
rd_6686,ses_3463,2026-10-01T17:08:20.000Z,1.93,13.20,38.7,5.43,6.69,110,GOOD
rd_6687,ses_3463,2026-10-01T17:08:28.000Z,1.44,13.42,38.8,5.43,6.69,109,GOOD
rd_6688,ses_3463,2026-10-01T17:08:36.000Z,0.96,13.56,38.8,5.46,6.67,108,GOOD
rd_6689,ses_3463,2026-10-01T17:08:44.000Z,0.48,13.64,38.6,5.49,6.67,115,GOOD
rd_6690,ses_3463,2026-10-01T17:08:52.000Z,0.05,13.64,38.8,5.50,6.68,112,GOOD
rd_6691,ses_3464,2026-10-01T17:48:00.000Z,0.05,0.01,38.7,5.61,6.63,113,GOOD
rd_6692,ses_3464,2026-10-01T17:48:08.000Z,0.62,0.10,38.7,5.66,6.67,105,GOOD
rd_6693,ses_3464,2026-10-01T17:48:16.000Z,1.25,0.29,38.7,5.61,6.63,103,GOOD
rd_6694,ses_3464,2026-10-01T17:48:24.000Z,1.87,0.57,38.7,5.60,6.66,107,GOOD
rd_6695,ses_3464,2026-10-01T17:48:32.000Z,2.5,0.94,38.7,5.60,6.64,105,GOOD
rd_6696,ses_3464,2026-10-01T17:48:40.000Z,3.12,1.41,38.8,5.60,6.63,113,GOOD
rd_6697,ses_3464,2026-10-01T17:48:48.000Z,3.76,1.98,38.8,5.62,6.66,110,GOOD
rd_6698,ses_3464,2026-10-01T17:48:56.000Z,3.48,2.50,38.8,5.62,6.67,113,GOOD
rd_6699,ses_3464,2026-10-01T17:49:04.000Z,3.51,3.02,38.7,5.65,6.66,115,GOOD
rd_6700,ses_3464,2026-10-01T17:49:12.000Z,3.7,3.58,38.6,5.62,6.66,114,GOOD
rd_6701,ses_3464,2026-10-01T17:49:20.000Z,3.48,4.10,38.7,5.60,6.63,103,GOOD
rd_6702,ses_3464,2026-10-01T17:49:28.000Z,3.54,4.63,38.7,5.66,6.64,107,GOOD
rd_6703,ses_3464,2026-10-01T17:49:36.000Z,3.54,5.16,38.6,5.62,6.66,108,GOOD
rd_6704,ses_3464,2026-10-01T17:49:44.000Z,3.63,5.71,38.7,5.62,6.63,101,GOOD
rd_6705,ses_3464,2026-10-01T17:49:52.000Z,3.72,6.27,38.8,5.61,6.65,102,GOOD
rd_6706,ses_3464,2026-10-01T17:50:00.000Z,3.55,6.80,38.6,5.65,6.66,102,GOOD
rd_6707,ses_3464,2026-10-01T17:50:08.000Z,3.64,7.34,38.7,5.59,6.67,115,GOOD
rd_6708,ses_3464,2026-10-01T17:50:16.000Z,3.52,7.87,38.8,5.65,6.66,109,GOOD
rd_6709,ses_3464,2026-10-01T17:50:24.000Z,3.73,8.43,38.6,5.63,6.66,107,GOOD
rd_6710,ses_3464,2026-10-01T17:50:32.000Z,3.6,8.97,38.8,5.62,6.65,105,GOOD
rd_6711,ses_3464,2026-10-01T17:50:40.000Z,3.71,9.53,38.7,5.62,6.67,111,GOOD
rd_6712,ses_3464,2026-10-01T17:50:48.000Z,3.33,10.03,38.8,5.62,6.64,114,GOOD
rd_6713,ses_3464,2026-10-01T17:50:56.000Z,2.91,10.46,38.8,5.61,6.67,105,GOOD
rd_6714,ses_3464,2026-10-01T17:51:04.000Z,2.5,10.84,38.7,5.63,6.66,114,GOOD
rd_6715,ses_3464,2026-10-01T17:51:12.000Z,2.08,11.15,38.7,5.60,6.66,102,GOOD
rd_6716,ses_3464,2026-10-01T17:51:20.000Z,1.66,11.40,38.6,5.61,6.64,110,GOOD
rd_6717,ses_3464,2026-10-01T17:51:28.000Z,1.25,11.59,38.7,5.64,6.64,112,GOOD
rd_6718,ses_3464,2026-10-01T17:51:36.000Z,0.83,11.71,38.6,5.60,6.63,105,GOOD
rd_6719,ses_3464,2026-10-01T17:51:44.000Z,0.42,11.77,38.7,5.61,6.64,109,GOOD
rd_6720,ses_3464,2026-10-01T17:51:52.000Z,0.05,11.78,38.7,5.62,6.65,112,GOOD
rd_6721,ses_3465,2026-10-01T18:20:00.000Z,0.05,0.01,38.6,5.53,6.64,119,GOOD
rd_6722,ses_3465,2026-10-01T18:20:08.000Z,0.66,0.11,38.5,5.50,6.63,125,GOOD
rd_6723,ses_3465,2026-10-01T18:20:16.000Z,1.31,0.30,38.6,5.51,6.63,125,GOOD
rd_6724,ses_3465,2026-10-01T18:20:24.000Z,1.97,0.60,38.6,5.51,6.65,129,GOOD
rd_6725,ses_3465,2026-10-01T18:20:32.000Z,2.63,0.99,38.7,5.52,6.63,125,GOOD
rd_6726,ses_3465,2026-10-01T18:20:40.000Z,3.28,1.48,38.7,5.49,6.64,133,GOOD
rd_6727,ses_3465,2026-10-01T18:20:48.000Z,3.78,2.05,38.5,5.55,6.64,131,GOOD
rd_6728,ses_3465,2026-10-01T18:20:56.000Z,3.78,2.62,38.7,5.54,6.62,122,GOOD
rd_6729,ses_3465,2026-10-01T18:21:04.000Z,3.75,3.18,38.7,5.54,6.66,128,GOOD
rd_6730,ses_3465,2026-10-01T18:21:12.000Z,3.95,3.77,38.6,5.50,6.62,129,GOOD
rd_6731,ses_3465,2026-10-01T18:21:20.000Z,3.68,4.33,38.5,5.51,6.64,128,GOOD
rd_6732,ses_3465,2026-10-01T18:21:28.000Z,3.75,4.89,38.6,5.54,6.66,132,GOOD
rd_6733,ses_3465,2026-10-01T18:21:36.000Z,3.88,5.47,38.6,5.52,6.63,125,GOOD
rd_6734,ses_3465,2026-10-01T18:21:44.000Z,3.77,6.04,38.6,5.49,6.65,122,GOOD
rd_6735,ses_3465,2026-10-01T18:21:52.000Z,3.91,6.62,38.6,5.53,6.63,131,GOOD
rd_6736,ses_3465,2026-10-01T18:22:00.000Z,3.89,7.21,38.5,5.48,6.62,130,GOOD
rd_6737,ses_3465,2026-10-01T18:22:08.000Z,3.86,7.79,38.7,5.52,6.64,126,GOOD
rd_6738,ses_3465,2026-10-01T18:22:16.000Z,3.86,8.36,38.6,5.48,6.64,130,GOOD
rd_6739,ses_3465,2026-10-01T18:22:24.000Z,3.76,8.93,38.5,5.48,6.65,127,GOOD
rd_6740,ses_3465,2026-10-01T18:22:32.000Z,3.9,9.51,38.5,5.51,6.64,130,GOOD
rd_6741,ses_3465,2026-10-01T18:22:40.000Z,3.76,10.08,38.5,5.51,6.65,128,GOOD
rd_6742,ses_3465,2026-10-01T18:22:48.000Z,3.5,10.60,38.7,5.47,6.65,126,GOOD
rd_6743,ses_3465,2026-10-01T18:22:56.000Z,3.07,11.06,38.6,5.48,6.63,120,GOOD
rd_6744,ses_3465,2026-10-01T18:23:04.000Z,2.63,11.46,38.6,5.48,6.62,126,GOOD
rd_6745,ses_3465,2026-10-01T18:23:12.000Z,2.19,11.79,38.6,5.54,6.66,129,GOOD
rd_6746,ses_3465,2026-10-01T18:23:20.000Z,1.75,12.05,38.6,5.48,6.63,121,GOOD
rd_6747,ses_3465,2026-10-01T18:23:28.000Z,1.31,12.24,38.5,5.52,6.64,124,GOOD
rd_6748,ses_3465,2026-10-01T18:23:36.000Z,0.88,12.38,38.6,5.53,6.63,123,GOOD
rd_6749,ses_3465,2026-10-01T18:23:44.000Z,0.44,12.44,38.6,5.54,6.65,124,GOOD
rd_6750,ses_3465,2026-10-01T18:23:52.000Z,0.05,12.45,38.6,5.53,6.63,123,GOOD
rd_6751,ses_3466,2026-10-01T17:22:00.000Z,0.05,0.01,38.7,5.61,6.63,116,GOOD
rd_6752,ses_3466,2026-10-01T17:22:08.000Z,0.59,0.10,38.6,5.57,6.60,116,GOOD
rd_6753,ses_3466,2026-10-01T17:22:16.000Z,1.19,0.27,38.8,5.62,6.60,124,GOOD
rd_6754,ses_3466,2026-10-01T17:22:24.000Z,1.78,0.54,38.7,5.65,6.61,127,GOOD
rd_6755,ses_3466,2026-10-01T17:22:32.000Z,2.38,0.90,38.8,5.59,6.62,130,GOOD
rd_6756,ses_3466,2026-10-01T17:22:40.000Z,2.97,1.34,38.6,5.59,6.62,120,GOOD
rd_6757,ses_3466,2026-10-01T17:22:48.000Z,3.59,1.88,38.8,5.62,6.62,123,GOOD
rd_6758,ses_3466,2026-10-01T17:22:56.000Z,3.43,2.40,38.7,5.61,6.60,121,GOOD
rd_6759,ses_3466,2026-10-01T17:23:04.000Z,3.46,2.92,38.8,5.61,6.59,128,GOOD
rd_6760,ses_3466,2026-10-01T17:23:12.000Z,3.36,3.42,38.7,5.61,6.61,124,GOOD
rd_6761,ses_3466,2026-10-01T17:23:20.000Z,3.35,3.92,38.7,5.59,6.63,116,GOOD
rd_6762,ses_3466,2026-10-01T17:23:28.000Z,3.55,4.46,38.8,5.64,6.60,129,GOOD
rd_6763,ses_3466,2026-10-01T17:23:36.000Z,3.36,4.96,38.8,5.60,6.62,121,GOOD
rd_6764,ses_3466,2026-10-01T17:23:44.000Z,3.42,5.47,38.7,5.59,6.62,128,GOOD
rd_6765,ses_3466,2026-10-01T17:23:52.000Z,3.4,5.98,38.7,5.57,6.63,118,GOOD
rd_6766,ses_3466,2026-10-01T17:24:00.000Z,3.51,6.51,38.7,5.64,6.62,122,GOOD
rd_6767,ses_3466,2026-10-01T17:24:08.000Z,3.51,7.04,38.6,5.62,6.61,131,GOOD
rd_6768,ses_3466,2026-10-01T17:24:16.000Z,3.31,7.53,38.7,5.57,6.59,117,GOOD
rd_6769,ses_3466,2026-10-01T17:24:24.000Z,3.53,8.06,38.7,5.61,6.62,122,GOOD
rd_6770,ses_3466,2026-10-01T17:24:32.000Z,3.59,8.60,38.7,5.58,6.61,119,GOOD
rd_6771,ses_3466,2026-10-01T17:24:40.000Z,3.47,9.12,38.8,5.57,6.63,124,GOOD
rd_6772,ses_3466,2026-10-01T17:24:48.000Z,3.17,9.60,38.8,5.60,6.62,128,GOOD
rd_6773,ses_3466,2026-10-01T17:24:56.000Z,2.78,10.01,38.7,5.59,6.60,129,GOOD
rd_6774,ses_3466,2026-10-01T17:25:04.000Z,2.38,10.37,38.7,5.58,6.62,123,GOOD
rd_6775,ses_3466,2026-10-01T17:25:12.000Z,1.98,10.67,38.6,5.64,6.63,122,GOOD
rd_6776,ses_3466,2026-10-01T17:25:20.000Z,1.59,10.90,38.7,5.61,6.62,126,GOOD
rd_6777,ses_3466,2026-10-01T17:25:28.000Z,1.19,11.08,38.7,5.59,6.60,120,GOOD
rd_6778,ses_3466,2026-10-01T17:25:36.000Z,0.79,11.20,38.7,5.59,6.61,120,GOOD
rd_6779,ses_3466,2026-10-01T17:25:44.000Z,0.4,11.26,38.6,5.58,6.62,129,GOOD
rd_6780,ses_3466,2026-10-01T17:25:52.000Z,0.05,11.27,38.7,5.63,6.59,127,GOOD
rd_6781,ses_3467,2026-10-01T17:43:00.000Z,0.05,0.01,38.8,5.71,6.65,153,GOOD
rd_6782,ses_3467,2026-10-01T17:43:08.000Z,0.63,0.10,38.6,5.72,6.66,145,GOOD
rd_6783,ses_3467,2026-10-01T17:43:16.000Z,1.27,0.29,38.7,5.69,6.68,150,GOOD
rd_6784,ses_3467,2026-10-01T17:43:24.000Z,1.9,0.58,38.8,5.74,6.69,155,GOOD
rd_6785,ses_3467,2026-10-01T17:43:32.000Z,2.53,0.96,38.6,5.71,6.66,157,GOOD
rd_6786,ses_3467,2026-10-01T17:43:40.000Z,3.16,1.43,38.7,5.72,6.66,158,GOOD
rd_6787,ses_3467,2026-10-01T17:43:48.000Z,3.68,1.98,38.7,5.68,6.67,146,GOOD
rd_6788,ses_3467,2026-10-01T17:43:56.000Z,3.68,2.54,38.7,5.71,6.69,143,GOOD
rd_6789,ses_3467,2026-10-01T17:44:04.000Z,3.78,3.10,38.7,5.69,6.68,153,GOOD
rd_6790,ses_3467,2026-10-01T17:44:12.000Z,3.54,3.63,38.8,5.69,6.67,155,GOOD
rd_6791,ses_3467,2026-10-01T17:44:20.000Z,3.52,4.16,38.7,5.71,6.68,147,GOOD
rd_6792,ses_3467,2026-10-01T17:44:28.000Z,3.61,4.70,38.7,5.75,6.69,159,GOOD
rd_6793,ses_3467,2026-10-01T17:44:36.000Z,3.81,5.27,38.7,5.72,6.68,152,GOOD
rd_6794,ses_3467,2026-10-01T17:44:44.000Z,3.67,5.82,38.7,5.71,6.69,151,GOOD
rd_6795,ses_3467,2026-10-01T17:44:52.000Z,3.66,6.37,38.8,5.75,6.68,157,GOOD
rd_6796,ses_3467,2026-10-01T17:45:00.000Z,3.64,6.92,38.6,5.71,6.65,157,GOOD
rd_6797,ses_3467,2026-10-01T17:45:08.000Z,3.53,7.45,38.8,5.73,6.67,156,GOOD
rd_6798,ses_3467,2026-10-01T17:45:16.000Z,3.64,8.00,38.7,5.76,6.69,148,GOOD
rd_6799,ses_3467,2026-10-01T17:45:24.000Z,3.72,8.55,38.7,5.76,6.68,157,GOOD
rd_6800,ses_3467,2026-10-01T17:45:32.000Z,3.81,9.12,38.6,5.76,6.65,152,GOOD
rd_6801,ses_3467,2026-10-01T17:45:40.000Z,3.68,9.68,38.7,5.75,6.67,149,GOOD
rd_6802,ses_3467,2026-10-01T17:45:48.000Z,3.37,10.18,38.8,5.76,6.68,145,GOOD
rd_6803,ses_3467,2026-10-01T17:45:56.000Z,2.95,10.62,38.8,5.70,6.67,152,GOOD
rd_6804,ses_3467,2026-10-01T17:46:04.000Z,2.53,11.00,38.7,5.71,6.68,155,GOOD
rd_6805,ses_3467,2026-10-01T17:46:12.000Z,2.11,11.32,38.8,5.74,6.65,159,GOOD
rd_6806,ses_3467,2026-10-01T17:46:20.000Z,1.69,11.57,38.7,5.71,6.67,144,GOOD
rd_6807,ses_3467,2026-10-01T17:46:28.000Z,1.27,11.76,38.8,5.70,6.68,144,GOOD
rd_6808,ses_3467,2026-10-01T17:46:36.000Z,0.84,11.89,38.6,5.69,6.69,150,GOOD
rd_6809,ses_3467,2026-10-01T17:46:44.000Z,0.42,11.95,38.7,5.73,6.69,153,GOOD
rd_6810,ses_3467,2026-10-01T17:46:52.000Z,0.05,11.96,38.8,5.71,6.69,144,GOOD
rd_6811,ses_3468,2026-10-01T18:07:00.000Z,0.05,0.01,38.5,5.51,6.68,153,GOOD
rd_6812,ses_3468,2026-10-01T18:07:08.000Z,0.7,0.11,38.4,5.51,6.67,141,GOOD
rd_6813,ses_3468,2026-10-01T18:07:16.000Z,1.41,0.32,38.5,5.52,6.65,148,GOOD
rd_6814,ses_3468,2026-10-01T18:07:24.000Z,2.11,0.64,38.4,5.58,6.67,153,GOOD
rd_6815,ses_3468,2026-10-01T18:07:32.000Z,2.81,1.06,38.4,5.52,6.68,152,GOOD
rd_6816,ses_3468,2026-10-01T18:07:40.000Z,3.52,1.59,38.6,5.55,6.69,146,GOOD
rd_6817,ses_3468,2026-10-01T18:07:48.000Z,4.23,2.22,38.5,5.51,6.67,144,GOOD
rd_6818,ses_3468,2026-10-01T18:07:56.000Z,4.18,2.85,38.6,5.58,6.67,139,GOOD
rd_6819,ses_3468,2026-10-01T18:08:04.000Z,4.04,3.46,38.4,5.53,6.66,149,GOOD
rd_6820,ses_3468,2026-10-01T18:08:12.000Z,3.96,4.05,38.5,5.58,6.68,140,GOOD
rd_6821,ses_3468,2026-10-01T18:08:20.000Z,4.07,4.66,38.4,5.50,6.67,153,GOOD
rd_6822,ses_3468,2026-10-01T18:08:28.000Z,3.97,5.26,38.4,5.55,6.68,142,GOOD
rd_6823,ses_3468,2026-10-01T18:08:36.000Z,3.99,5.86,38.5,5.52,6.65,141,GOOD
rd_6824,ses_3468,2026-10-01T18:08:44.000Z,4.06,6.46,38.6,5.55,6.69,142,GOOD
rd_6825,ses_3468,2026-10-01T18:08:52.000Z,3.93,7.05,38.5,5.53,6.69,149,GOOD
rd_6826,ses_3468,2026-10-01T18:09:00.000Z,4.22,7.69,38.5,5.53,6.68,151,GOOD
rd_6827,ses_3468,2026-10-01T18:09:08.000Z,4.2,8.32,38.5,5.51,6.69,142,GOOD
rd_6828,ses_3468,2026-10-01T18:09:16.000Z,4.15,8.94,38.5,5.55,6.68,140,GOOD
rd_6829,ses_3468,2026-10-01T18:09:24.000Z,4.15,9.56,38.4,5.57,6.68,154,GOOD
rd_6830,ses_3468,2026-10-01T18:09:32.000Z,4.07,10.17,38.6,5.58,6.68,150,GOOD
rd_6831,ses_3468,2026-10-01T18:09:40.000Z,4.13,10.79,38.5,5.53,6.67,141,GOOD
rd_6832,ses_3468,2026-10-01T18:09:48.000Z,3.75,11.36,38.6,5.52,6.66,138,GOOD
rd_6833,ses_3468,2026-10-01T18:09:56.000Z,3.28,11.85,38.4,5.51,6.68,148,GOOD
rd_6834,ses_3468,2026-10-01T18:10:04.000Z,2.81,12.27,38.4,5.52,6.66,140,GOOD
rd_6835,ses_3468,2026-10-01T18:10:12.000Z,2.34,12.62,38.5,5.57,6.67,140,GOOD
rd_6836,ses_3468,2026-10-01T18:10:20.000Z,1.88,12.90,38.4,5.53,6.69,138,GOOD
rd_6837,ses_3468,2026-10-01T18:10:28.000Z,1.41,13.11,38.6,5.51,6.67,153,GOOD
rd_6838,ses_3468,2026-10-01T18:10:36.000Z,0.94,13.25,38.5,5.53,6.66,144,GOOD
rd_6839,ses_3468,2026-10-01T18:10:44.000Z,0.47,13.32,38.6,5.55,6.69,154,GOOD
rd_6840,ses_3468,2026-10-01T18:10:52.000Z,0.05,13.33,38.5,5.53,6.66,154,GOOD
rd_6841,ses_3469,2026-10-01T17:28:00.000Z,0.05,0.01,38.4,5.64,6.64,151,GOOD
rd_6842,ses_3469,2026-10-01T17:28:08.000Z,0.59,0.10,38.4,5.64,6.63,151,GOOD
rd_6843,ses_3469,2026-10-01T17:28:16.000Z,1.18,0.27,38.4,5.66,6.65,157,GOOD
rd_6844,ses_3469,2026-10-01T17:28:24.000Z,1.77,0.54,38.5,5.67,6.65,152,GOOD
rd_6845,ses_3469,2026-10-01T17:28:32.000Z,2.36,0.89,38.6,5.70,6.65,150,GOOD
rd_6846,ses_3469,2026-10-01T17:28:40.000Z,2.95,1.33,38.5,5.64,6.66,156,GOOD
rd_6847,ses_3469,2026-10-01T17:28:48.000Z,3.43,1.85,38.5,5.67,6.64,157,GOOD
rd_6848,ses_3469,2026-10-01T17:28:56.000Z,3.54,2.38,38.4,5.69,6.65,147,GOOD
rd_6849,ses_3469,2026-10-01T17:29:04.000Z,3.28,2.87,38.5,5.68,6.62,147,GOOD
rd_6850,ses_3469,2026-10-01T17:29:12.000Z,3.44,3.39,38.6,5.71,6.62,155,GOOD
rd_6851,ses_3469,2026-10-01T17:29:20.000Z,3.56,3.92,38.4,5.68,6.63,153,GOOD
rd_6852,ses_3469,2026-10-01T17:29:28.000Z,3.48,4.44,38.5,5.65,6.65,153,GOOD
rd_6853,ses_3469,2026-10-01T17:29:36.000Z,3.28,4.94,38.5,5.67,6.64,145,GOOD
rd_6854,ses_3469,2026-10-01T17:29:44.000Z,3.37,5.44,38.5,5.70,6.66,160,GOOD
rd_6855,ses_3469,2026-10-01T17:29:52.000Z,3.52,5.97,38.4,5.63,6.65,153,GOOD
rd_6856,ses_3469,2026-10-01T17:30:00.000Z,3.48,6.49,38.5,5.65,6.62,156,GOOD
rd_6857,ses_3469,2026-10-01T17:30:08.000Z,3.33,6.99,38.5,5.70,6.64,153,GOOD
rd_6858,ses_3469,2026-10-01T17:30:16.000Z,3.53,7.52,38.4,5.66,6.62,144,GOOD
rd_6859,ses_3469,2026-10-01T17:30:24.000Z,3.41,8.03,38.5,5.71,6.65,152,GOOD
rd_6860,ses_3469,2026-10-01T17:30:32.000Z,3.48,8.55,38.6,5.66,6.63,156,GOOD
rd_6861,ses_3469,2026-10-01T17:30:40.000Z,3.57,9.09,38.6,5.65,6.63,154,GOOD
rd_6862,ses_3469,2026-10-01T17:30:48.000Z,3.14,9.56,38.4,5.65,6.66,155,GOOD
rd_6863,ses_3469,2026-10-01T17:30:56.000Z,2.75,9.97,38.5,5.66,6.65,156,GOOD
rd_6864,ses_3469,2026-10-01T17:31:04.000Z,2.36,10.33,38.6,5.64,6.62,148,GOOD
rd_6865,ses_3469,2026-10-01T17:31:12.000Z,1.97,10.62,38.4,5.68,6.63,145,GOOD
rd_6866,ses_3469,2026-10-01T17:31:20.000Z,1.57,10.86,38.4,5.67,6.64,147,GOOD
rd_6867,ses_3469,2026-10-01T17:31:28.000Z,1.18,11.04,38.6,5.67,6.65,144,GOOD
rd_6868,ses_3469,2026-10-01T17:31:36.000Z,0.79,11.15,38.6,5.69,6.63,152,GOOD
rd_6869,ses_3469,2026-10-01T17:31:44.000Z,0.39,11.21,38.6,5.71,6.65,158,GOOD
rd_6870,ses_3469,2026-10-01T17:31:52.000Z,0.05,11.22,38.5,5.67,6.66,149,GOOD
rd_6871,ses_3470,2026-10-01T17:10:00.000Z,0.05,0.01,38.7,5.44,6.64,96,GOOD
rd_6872,ses_3470,2026-10-01T17:10:08.000Z,0.66,0.11,38.7,5.49,6.66,103,GOOD
rd_6873,ses_3470,2026-10-01T17:10:16.000Z,1.31,0.30,38.8,5.46,6.63,102,GOOD
rd_6874,ses_3470,2026-10-01T17:10:24.000Z,1.97,0.60,38.7,5.50,6.66,94,GOOD
rd_6875,ses_3470,2026-10-01T17:10:32.000Z,2.63,0.99,38.8,5.50,6.67,98,GOOD
rd_6876,ses_3470,2026-10-01T17:10:40.000Z,3.28,1.48,38.9,5.48,6.64,97,GOOD
rd_6877,ses_3470,2026-10-01T17:10:48.000Z,3.75,2.05,38.9,5.48,6.66,101,GOOD
rd_6878,ses_3470,2026-10-01T17:10:56.000Z,3.87,2.63,38.7,5.50,6.64,103,GOOD
rd_6879,ses_3470,2026-10-01T17:11:04.000Z,3.78,3.20,38.8,5.45,6.66,92,GOOD
rd_6880,ses_3470,2026-10-01T17:11:12.000Z,3.91,3.78,38.9,5.44,6.64,93,GOOD
rd_6881,ses_3470,2026-10-01T17:11:20.000Z,3.67,4.33,38.7,5.47,6.67,107,GOOD
rd_6882,ses_3470,2026-10-01T17:11:28.000Z,3.68,4.88,38.8,5.47,6.67,108,GOOD
rd_6883,ses_3470,2026-10-01T17:11:36.000Z,3.83,5.46,38.7,5.43,6.65,100,GOOD
rd_6884,ses_3470,2026-10-01T17:11:44.000Z,3.96,6.05,38.8,5.50,6.66,100,GOOD
rd_6885,ses_3470,2026-10-01T17:11:52.000Z,3.77,6.62,38.8,5.46,6.65,101,GOOD
rd_6886,ses_3470,2026-10-01T17:12:00.000Z,3.82,7.19,38.8,5.42,6.66,105,GOOD
rd_6887,ses_3470,2026-10-01T17:12:08.000Z,3.74,7.75,38.9,5.45,6.64,100,GOOD
rd_6888,ses_3470,2026-10-01T17:12:16.000Z,3.81,8.32,38.8,5.45,6.63,107,GOOD
rd_6889,ses_3470,2026-10-01T17:12:24.000Z,3.7,8.88,38.9,5.48,6.65,94,GOOD
rd_6890,ses_3470,2026-10-01T17:12:32.000Z,3.96,9.47,38.8,5.43,6.65,95,GOOD
rd_6891,ses_3470,2026-10-01T17:12:40.000Z,3.74,10.03,38.8,5.46,6.66,93,GOOD
rd_6892,ses_3470,2026-10-01T17:12:48.000Z,3.5,10.56,38.7,5.46,6.66,94,GOOD
rd_6893,ses_3470,2026-10-01T17:12:56.000Z,3.07,11.02,38.9,5.44,6.67,106,GOOD
rd_6894,ses_3470,2026-10-01T17:13:04.000Z,2.63,11.41,38.8,5.42,6.65,96,GOOD
rd_6895,ses_3470,2026-10-01T17:13:12.000Z,2.19,11.74,38.8,5.44,6.64,97,GOOD
rd_6896,ses_3470,2026-10-01T17:13:20.000Z,1.75,12.00,38.8,5.49,6.66,96,GOOD
rd_6897,ses_3470,2026-10-01T17:13:28.000Z,1.31,12.20,38.9,5.43,6.67,93,GOOD
rd_6898,ses_3470,2026-10-01T17:13:36.000Z,0.88,12.33,38.7,5.45,6.64,100,GOOD
rd_6899,ses_3470,2026-10-01T17:13:44.000Z,0.44,12.40,38.8,5.49,6.63,96,GOOD
rd_6900,ses_3470,2026-10-01T17:13:52.000Z,0.05,12.41,38.9,5.45,6.65,98,GOOD
rd_6901,ses_3471,2026-10-01T17:52:00.000Z,0.05,0.01,38.9,6.18,6.78,190,GOOD
rd_6902,ses_3471,2026-10-01T17:52:08.000Z,0.7,0.11,38.8,6.26,6.78,181,GOOD
rd_6903,ses_3471,2026-10-01T17:52:16.000Z,1.39,0.32,38.9,6.23,6.78,181,GOOD
rd_6904,ses_3471,2026-10-01T17:52:24.000Z,2.09,0.63,38.8,6.21,6.81,179,GOOD
rd_6905,ses_3471,2026-10-01T17:52:32.000Z,2.79,1.05,38.7,6.21,6.77,184,GOOD
rd_6906,ses_3471,2026-10-01T17:52:40.000Z,3.48,1.57,38.7,6.24,6.79,192,GOOD
rd_6907,ses_3471,2026-10-01T17:52:48.000Z,4.08,2.19,38.8,6.21,6.81,184,GOOD
rd_6908,ses_3471,2026-10-01T17:52:56.000Z,3.92,2.77,38.7,6.22,6.80,191,GOOD
rd_6909,ses_3471,2026-10-01T17:53:04.000Z,4.05,3.38,38.9,6.25,6.79,187,GOOD
rd_6910,ses_3471,2026-10-01T17:53:12.000Z,4.17,4.01,38.8,6.26,6.79,192,GOOD
rd_6911,ses_3471,2026-10-01T17:53:20.000Z,3.96,4.60,38.8,6.22,6.78,192,GOOD
rd_6912,ses_3471,2026-10-01T17:53:28.000Z,4.03,5.21,38.9,6.24,6.79,190,GOOD
rd_6913,ses_3471,2026-10-01T17:53:36.000Z,3.95,5.80,38.9,6.24,6.78,184,GOOD
rd_6914,ses_3471,2026-10-01T17:53:44.000Z,4.05,6.41,38.8,6.20,6.81,181,GOOD
rd_6915,ses_3471,2026-10-01T17:53:52.000Z,4.09,7.02,38.8,6.21,6.79,181,GOOD
rd_6916,ses_3471,2026-10-01T17:54:00.000Z,4.14,7.64,38.8,6.24,6.77,181,GOOD
rd_6917,ses_3471,2026-10-01T17:54:08.000Z,4.09,8.25,38.8,6.22,6.80,190,GOOD
rd_6918,ses_3471,2026-10-01T17:54:16.000Z,4.17,8.88,38.8,6.22,6.81,190,GOOD
rd_6919,ses_3471,2026-10-01T17:54:24.000Z,3.93,9.47,38.8,6.19,6.78,193,GOOD
rd_6920,ses_3471,2026-10-01T17:54:32.000Z,4.08,10.08,38.8,6.24,6.78,188,GOOD
rd_6921,ses_3471,2026-10-01T17:54:40.000Z,4.04,10.69,38.7,6.25,6.78,191,GOOD
rd_6922,ses_3471,2026-10-01T17:54:48.000Z,3.71,11.24,38.8,6.21,6.80,187,GOOD
rd_6923,ses_3471,2026-10-01T17:54:56.000Z,3.25,11.73,38.8,6.20,6.78,191,GOOD
rd_6924,ses_3471,2026-10-01T17:55:04.000Z,2.79,12.15,38.8,6.24,6.81,186,GOOD
rd_6925,ses_3471,2026-10-01T17:55:12.000Z,2.32,12.50,38.9,6.25,6.77,189,GOOD
rd_6926,ses_3471,2026-10-01T17:55:20.000Z,1.86,12.78,38.7,6.23,6.79,179,GOOD
rd_6927,ses_3471,2026-10-01T17:55:28.000Z,1.39,12.99,38.7,6.20,6.78,184,GOOD
rd_6928,ses_3471,2026-10-01T17:55:36.000Z,0.93,13.13,38.9,6.19,6.80,182,GOOD
rd_6929,ses_3471,2026-10-01T17:55:44.000Z,0.46,13.19,38.8,6.23,6.80,179,GOOD
rd_6930,ses_3471,2026-10-01T17:55:52.000Z,0.05,13.20,38.7,6.25,6.78,181,GOOD
rd_6931,ses_3472,2026-10-01T17:19:00.000Z,0.05,0.01,38.9,6.32,6.76,198,GOOD
rd_6932,ses_3472,2026-10-01T17:19:08.000Z,0.61,0.10,38.8,6.35,6.76,209,GOOD
rd_6933,ses_3472,2026-10-01T17:19:16.000Z,1.21,0.28,38.8,6.35,6.76,200,GOOD
rd_6934,ses_3472,2026-10-01T17:19:24.000Z,1.82,0.55,38.8,6.33,6.78,198,GOOD
rd_6935,ses_3472,2026-10-01T17:19:32.000Z,2.43,0.92,38.9,6.35,6.76,208,GOOD
rd_6936,ses_3472,2026-10-01T17:19:40.000Z,3.03,1.37,38.7,6.34,6.78,206,GOOD
rd_6937,ses_3472,2026-10-01T17:19:48.000Z,3.56,1.91,38.9,6.34,6.79,198,GOOD
rd_6938,ses_3472,2026-10-01T17:19:56.000Z,3.61,2.45,38.7,6.31,6.76,203,GOOD
rd_6939,ses_3472,2026-10-01T17:20:04.000Z,3.48,2.97,38.8,6.35,6.78,197,GOOD
rd_6940,ses_3472,2026-10-01T17:20:12.000Z,3.39,3.48,38.9,6.39,6.78,203,GOOD
rd_6941,ses_3472,2026-10-01T17:20:20.000Z,3.63,4.02,38.7,6.37,6.78,193,GOOD
rd_6942,ses_3472,2026-10-01T17:20:28.000Z,3.5,4.55,38.8,6.37,6.77,208,GOOD
rd_6943,ses_3472,2026-10-01T17:20:36.000Z,3.45,5.07,38.8,6.34,6.76,203,GOOD
rd_6944,ses_3472,2026-10-01T17:20:44.000Z,3.64,5.61,38.9,6.38,6.79,202,GOOD
rd_6945,ses_3472,2026-10-01T17:20:52.000Z,3.56,6.15,38.7,6.32,6.77,201,GOOD
rd_6946,ses_3472,2026-10-01T17:21:00.000Z,3.47,6.67,38.8,6.31,6.78,204,GOOD
rd_6947,ses_3472,2026-10-01T17:21:08.000Z,3.59,7.20,38.7,6.33,6.77,196,GOOD
rd_6948,ses_3472,2026-10-01T17:21:16.000Z,3.58,7.74,38.8,6.38,6.78,195,GOOD
rd_6949,ses_3472,2026-10-01T17:21:24.000Z,3.61,8.28,38.9,6.34,6.77,198,GOOD
rd_6950,ses_3472,2026-10-01T17:21:32.000Z,3.39,8.79,38.7,6.37,6.76,204,GOOD
rd_6951,ses_3472,2026-10-01T17:21:40.000Z,3.55,9.32,38.8,6.36,6.78,200,GOOD
rd_6952,ses_3472,2026-10-01T17:21:48.000Z,3.24,9.81,38.8,6.34,6.77,200,GOOD
rd_6953,ses_3472,2026-10-01T17:21:56.000Z,2.83,10.23,38.9,6.32,6.76,200,GOOD
rd_6954,ses_3472,2026-10-01T17:22:04.000Z,2.43,10.60,38.8,6.35,6.77,200,GOOD
rd_6955,ses_3472,2026-10-01T17:22:12.000Z,2.02,10.90,38.7,6.36,6.76,202,GOOD
rd_6956,ses_3472,2026-10-01T17:22:20.000Z,1.62,11.15,38.9,6.32,6.76,201,GOOD
rd_6957,ses_3472,2026-10-01T17:22:28.000Z,1.21,11.33,38.7,6.39,6.78,202,GOOD
rd_6958,ses_3472,2026-10-01T17:22:36.000Z,0.81,11.45,38.8,6.33,6.78,198,GOOD
rd_6959,ses_3472,2026-10-01T17:22:44.000Z,0.4,11.51,38.7,6.35,6.79,203,GOOD
rd_6960,ses_3472,2026-10-01T17:22:52.000Z,0.05,11.52,38.7,6.35,6.77,199,GOOD
rd_6961,ses_3473,2026-10-01T17:00:00.000Z,0.05,0.01,39.0,6.11,6.80,217,GOOD
rd_6962,ses_3473,2026-10-01T17:00:08.000Z,0.66,0.11,38.9,6.16,6.81,210,GOOD
rd_6963,ses_3473,2026-10-01T17:00:16.000Z,1.32,0.30,39.0,6.17,6.81,215,GOOD
rd_6964,ses_3473,2026-10-01T17:00:24.000Z,1.99,0.60,38.9,6.12,6.81,212,GOOD
rd_6965,ses_3473,2026-10-01T17:00:32.000Z,2.65,1.00,38.9,6.15,6.80,208,GOOD
rd_6966,ses_3473,2026-10-01T17:00:40.000Z,3.31,1.50,38.8,6.15,6.81,214,GOOD
rd_6967,ses_3473,2026-10-01T17:00:48.000Z,3.88,2.08,38.8,6.18,6.82,214,GOOD
rd_6968,ses_3473,2026-10-01T17:00:56.000Z,3.74,2.64,38.8,6.13,6.83,212,GOOD
rd_6969,ses_3473,2026-10-01T17:01:04.000Z,3.9,3.22,38.8,6.19,6.82,214,GOOD
rd_6970,ses_3473,2026-10-01T17:01:12.000Z,3.87,3.81,39.0,6.11,6.83,210,GOOD
rd_6971,ses_3473,2026-10-01T17:01:20.000Z,3.82,4.38,39.0,6.14,6.80,217,GOOD
rd_6972,ses_3473,2026-10-01T17:01:28.000Z,3.9,4.96,39.0,6.13,6.80,214,GOOD
rd_6973,ses_3473,2026-10-01T17:01:36.000Z,3.72,5.52,39.0,6.14,6.79,207,GOOD
rd_6974,ses_3473,2026-10-01T17:01:44.000Z,3.98,6.12,38.9,6.13,6.82,210,GOOD
rd_6975,ses_3473,2026-10-01T17:01:52.000Z,3.76,6.68,39.0,6.12,6.81,213,GOOD
rd_6976,ses_3473,2026-10-01T17:02:00.000Z,3.77,7.25,38.8,6.14,6.80,223,GOOD
rd_6977,ses_3473,2026-10-01T17:02:08.000Z,3.87,7.83,38.8,6.17,6.79,218,GOOD
rd_6978,ses_3473,2026-10-01T17:02:16.000Z,3.81,8.40,38.8,6.17,6.83,210,GOOD
rd_6979,ses_3473,2026-10-01T17:02:24.000Z,3.89,8.98,38.8,6.19,6.79,210,GOOD
rd_6980,ses_3473,2026-10-01T17:02:32.000Z,3.98,9.58,38.9,6.18,6.80,212,GOOD
rd_6981,ses_3473,2026-10-01T17:02:40.000Z,3.92,10.17,38.8,6.13,6.81,212,GOOD
rd_6982,ses_3473,2026-10-01T17:02:48.000Z,3.53,10.70,38.9,6.19,6.80,215,GOOD
rd_6983,ses_3473,2026-10-01T17:02:56.000Z,3.09,11.16,39.0,6.17,6.80,213,GOOD
rd_6984,ses_3473,2026-10-01T17:03:04.000Z,2.65,11.56,38.9,6.14,6.81,218,GOOD
rd_6985,ses_3473,2026-10-01T17:03:12.000Z,2.21,11.89,39.0,6.12,6.82,210,GOOD
rd_6986,ses_3473,2026-10-01T17:03:20.000Z,1.77,12.16,38.9,6.18,6.81,215,GOOD
rd_6987,ses_3473,2026-10-01T17:03:28.000Z,1.32,12.35,38.9,6.12,6.81,220,GOOD
rd_6988,ses_3473,2026-10-01T17:03:36.000Z,0.88,12.49,38.9,6.18,6.83,217,GOOD
rd_6989,ses_3473,2026-10-01T17:03:44.000Z,0.44,12.55,38.9,6.12,6.81,215,GOOD
rd_6990,ses_3473,2026-10-01T17:03:52.000Z,0.05,12.56,38.9,6.17,6.81,217,GOOD
rd_6991,ses_3474,2026-10-01T17:46:00.000Z,0.05,0.01,38.8,6.37,6.71,215,GOOD
rd_6992,ses_3474,2026-10-01T17:46:08.000Z,0.57,0.09,38.6,6.37,6.70,204,GOOD
rd_6993,ses_3474,2026-10-01T17:46:16.000Z,1.15,0.27,38.7,6.33,6.71,203,GOOD
rd_6994,ses_3474,2026-10-01T17:46:24.000Z,1.72,0.52,38.7,6.38,6.72,213,GOOD
rd_6995,ses_3474,2026-10-01T17:46:32.000Z,2.3,0.87,38.7,6.34,6.71,205,GOOD
rd_6996,ses_3474,2026-10-01T17:46:40.000Z,2.87,1.30,38.6,6.38,6.70,217,GOOD
rd_6997,ses_3474,2026-10-01T17:46:48.000Z,3.31,1.80,38.7,6.34,6.73,213,GOOD
rd_6998,ses_3474,2026-10-01T17:46:56.000Z,3.43,2.31,38.6,6.34,6.71,211,GOOD
rd_6999,ses_3474,2026-10-01T17:47:04.000Z,3.27,2.80,38.7,6.32,6.71,204,GOOD
rd_7000,ses_3474,2026-10-01T17:47:12.000Z,3.21,3.28,38.8,6.30,6.70,213,GOOD
rd_7001,ses_3474,2026-10-01T17:47:20.000Z,3.38,3.79,38.7,6.32,6.71,216,GOOD
rd_7002,ses_3474,2026-10-01T17:47:28.000Z,3.42,4.30,38.7,6.32,6.70,209,GOOD
rd_7003,ses_3474,2026-10-01T17:47:36.000Z,3.26,4.79,38.7,6.32,6.70,210,GOOD
rd_7004,ses_3474,2026-10-01T17:47:44.000Z,3.26,5.28,38.7,6.31,6.70,208,GOOD
rd_7005,ses_3474,2026-10-01T17:47:52.000Z,3.38,5.79,38.8,6.37,6.73,203,GOOD
rd_7006,ses_3474,2026-10-01T17:48:00.000Z,3.25,6.27,38.7,6.31,6.72,214,GOOD
rd_7007,ses_3474,2026-10-01T17:48:08.000Z,3.22,6.76,38.8,6.32,6.69,216,GOOD
rd_7008,ses_3474,2026-10-01T17:48:16.000Z,3.38,7.26,38.7,6.38,6.70,204,GOOD
rd_7009,ses_3474,2026-10-01T17:48:24.000Z,3.4,7.77,38.7,6.31,6.72,204,GOOD
rd_7010,ses_3474,2026-10-01T17:48:32.000Z,3.32,8.27,38.8,6.36,6.70,207,GOOD
rd_7011,ses_3474,2026-10-01T17:48:40.000Z,3.34,8.77,38.7,6.37,6.70,203,GOOD
rd_7012,ses_3474,2026-10-01T17:48:48.000Z,3.06,9.23,38.6,6.33,6.72,210,GOOD
rd_7013,ses_3474,2026-10-01T17:48:56.000Z,2.68,9.63,38.7,6.37,6.70,213,GOOD
rd_7014,ses_3474,2026-10-01T17:49:04.000Z,2.3,9.98,38.8,6.37,6.70,201,GOOD
rd_7015,ses_3474,2026-10-01T17:49:12.000Z,1.91,10.27,38.7,6.37,6.72,206,GOOD
rd_7016,ses_3474,2026-10-01T17:49:20.000Z,1.53,10.50,38.7,6.37,6.70,215,GOOD
rd_7017,ses_3474,2026-10-01T17:49:28.000Z,1.15,10.67,38.6,6.32,6.71,213,GOOD
rd_7018,ses_3474,2026-10-01T17:49:36.000Z,0.77,10.78,38.6,6.38,6.70,210,GOOD
rd_7019,ses_3474,2026-10-01T17:49:44.000Z,0.38,10.84,38.8,6.34,6.70,208,GOOD
rd_7020,ses_3474,2026-10-01T17:49:52.000Z,0.05,10.85,38.7,6.32,6.71,210,GOOD
rd_7021,ses_3475,2026-10-01T17:10:00.000Z,0.05,0.01,38.8,6.15,6.74,235,GOOD
rd_7022,ses_3475,2026-10-01T17:10:08.000Z,0.63,0.10,38.9,6.07,6.75,239,GOOD
rd_7023,ses_3475,2026-10-01T17:10:16.000Z,1.26,0.29,38.7,6.10,6.78,228,GOOD
rd_7024,ses_3475,2026-10-01T17:10:24.000Z,1.89,0.57,38.8,6.12,6.75,238,GOOD
rd_7025,ses_3475,2026-10-01T17:10:32.000Z,2.52,0.95,38.9,6.11,6.78,233,GOOD
rd_7026,ses_3475,2026-10-01T17:10:40.000Z,3.15,1.43,38.8,6.15,6.76,226,GOOD
rd_7027,ses_3475,2026-10-01T17:10:48.000Z,3.79,1.99,38.8,6.11,6.76,232,GOOD
rd_7028,ses_3475,2026-10-01T17:10:56.000Z,3.57,2.53,38.7,6.09,6.78,233,GOOD
rd_7029,ses_3475,2026-10-01T17:11:04.000Z,3.67,3.08,38.8,6.11,6.76,227,GOOD
rd_7030,ses_3475,2026-10-01T17:11:12.000Z,3.66,3.63,38.9,6.09,6.75,240,GOOD
rd_7031,ses_3475,2026-10-01T17:11:20.000Z,3.55,4.16,38.9,6.11,6.76,232,GOOD
rd_7032,ses_3475,2026-10-01T17:11:28.000Z,3.75,4.72,38.8,6.14,6.76,228,GOOD
rd_7033,ses_3475,2026-10-01T17:11:36.000Z,3.62,5.27,38.7,6.08,6.77,226,GOOD
rd_7034,ses_3475,2026-10-01T17:11:44.000Z,3.7,5.82,38.8,6.12,6.77,225,GOOD
rd_7035,ses_3475,2026-10-01T17:11:52.000Z,3.68,6.37,38.8,6.11,6.74,226,GOOD
rd_7036,ses_3475,2026-10-01T17:12:00.000Z,3.59,6.91,38.7,6.08,6.74,236,GOOD
rd_7037,ses_3475,2026-10-01T17:12:08.000Z,3.66,7.46,38.8,6.09,6.78,225,GOOD
rd_7038,ses_3475,2026-10-01T17:12:16.000Z,3.5,7.99,38.9,6.10,6.75,239,GOOD
rd_7039,ses_3475,2026-10-01T17:12:24.000Z,3.76,8.55,38.8,6.14,6.74,237,GOOD
rd_7040,ses_3475,2026-10-01T17:12:32.000Z,3.62,9.09,38.7,6.13,6.75,225,GOOD
rd_7041,ses_3475,2026-10-01T17:12:40.000Z,3.67,9.64,38.8,6.08,6.78,225,GOOD
rd_7042,ses_3475,2026-10-01T17:12:48.000Z,3.36,10.15,38.8,6.12,6.77,239,GOOD
rd_7043,ses_3475,2026-10-01T17:12:56.000Z,2.94,10.59,38.8,6.09,6.75,228,GOOD
rd_7044,ses_3475,2026-10-01T17:13:04.000Z,2.52,10.97,38.8,6.13,6.74,228,GOOD
rd_7045,ses_3475,2026-10-01T17:13:12.000Z,2.1,11.28,38.7,6.11,6.75,236,GOOD
rd_7046,ses_3475,2026-10-01T17:13:20.000Z,1.68,11.53,38.8,6.08,6.78,233,GOOD
rd_7047,ses_3475,2026-10-01T17:13:28.000Z,1.26,11.72,38.8,6.11,6.78,225,GOOD
rd_7048,ses_3475,2026-10-01T17:13:36.000Z,0.84,11.85,38.8,6.12,6.75,231,GOOD
rd_7049,ses_3475,2026-10-01T17:13:44.000Z,0.42,11.91,38.7,6.12,6.75,236,GOOD
rd_7050,ses_3475,2026-10-01T17:13:52.000Z,0.05,11.92,38.9,6.10,6.76,224,GOOD
rd_7051,ses_3476,2026-10-01T17:44:00.000Z,0.05,0.01,39.6,7.16,7.08,862,GOOD
rd_7052,ses_3476,2026-10-01T17:44:08.000Z,0.69,0.11,39.6,7.11,7.09,865,GOOD
rd_7053,ses_3476,2026-10-01T17:44:16.000Z,1.39,0.32,39.5,7.15,7.11,856,GOOD
rd_7054,ses_3476,2026-10-01T17:44:24.000Z,2.08,0.63,39.5,7.12,7.12,859,GOOD
rd_7055,ses_3476,2026-10-01T17:44:32.000Z,2.77,1.05,39.5,7.16,7.09,853,GOOD
rd_7056,ses_3476,2026-10-01T17:44:40.000Z,3.47,1.57,39.6,7.14,7.11,865,GOOD
rd_7057,ses_3476,2026-10-01T17:44:48.000Z,3.93,2.16,39.6,7.10,7.11,860,GOOD
rd_7058,ses_3476,2026-10-01T17:44:56.000Z,3.99,2.76,39.6,7.11,7.08,856,GOOD
rd_7059,ses_3476,2026-10-01T17:45:04.000Z,3.92,3.34,39.6,7.16,7.11,863,GOOD
rd_7060,ses_3476,2026-10-01T17:45:12.000Z,3.98,3.94,39.5,7.12,7.10,859,GOOD
rd_7061,ses_3476,2026-10-01T17:45:20.000Z,4.05,4.55,39.6,7.13,7.11,869,GOOD
rd_7062,ses_3476,2026-10-01T17:45:28.000Z,4.13,5.17,39.5,7.11,7.09,860,GOOD
rd_7063,ses_3476,2026-10-01T17:45:36.000Z,4.06,5.78,39.5,7.09,7.10,866,GOOD
rd_7064,ses_3476,2026-10-01T17:45:44.000Z,3.96,6.37,39.4,7.14,7.08,860,GOOD
rd_7065,ses_3476,2026-10-01T17:45:52.000Z,4.01,6.97,39.5,7.11,7.10,856,GOOD
rd_7066,ses_3476,2026-10-01T17:46:00.000Z,3.96,7.57,39.6,7.16,7.09,868,GOOD
rd_7067,ses_3476,2026-10-01T17:46:08.000Z,4.16,8.19,39.5,7.14,7.09,861,GOOD
rd_7068,ses_3476,2026-10-01T17:46:16.000Z,4.13,8.81,39.6,7.16,7.09,867,GOOD
rd_7069,ses_3476,2026-10-01T17:46:24.000Z,3.93,9.40,39.5,7.16,7.08,865,GOOD
rd_7070,ses_3476,2026-10-01T17:46:32.000Z,4.06,10.01,39.5,7.14,7.10,861,GOOD
rd_7071,ses_3476,2026-10-01T17:46:40.000Z,4.15,10.63,39.5,7.15,7.11,862,GOOD
rd_7072,ses_3476,2026-10-01T17:46:48.000Z,3.7,11.19,39.6,7.10,7.09,863,GOOD
rd_7073,ses_3476,2026-10-01T17:46:56.000Z,3.23,11.67,39.5,7.14,7.10,865,GOOD
rd_7074,ses_3476,2026-10-01T17:47:04.000Z,2.77,12.09,39.5,7.13,7.10,856,GOOD
rd_7075,ses_3476,2026-10-01T17:47:12.000Z,2.31,12.43,39.4,7.12,7.09,859,GOOD
rd_7076,ses_3476,2026-10-01T17:47:20.000Z,1.85,12.71,39.6,7.11,7.09,858,GOOD
rd_7077,ses_3476,2026-10-01T17:47:28.000Z,1.39,12.92,39.6,7.10,7.11,867,GOOD
rd_7078,ses_3476,2026-10-01T17:47:36.000Z,0.92,13.06,39.6,7.14,7.09,864,GOOD
rd_7079,ses_3476,2026-10-01T17:47:44.000Z,0.46,13.13,39.5,7.10,7.08,868,GOOD
rd_7080,ses_3476,2026-10-01T17:47:52.000Z,0.05,13.13,39.6,7.12,7.10,866,GOOD
rd_7081,ses_3477,2026-10-01T17:53:00.000Z,0.05,0.01,39.3,7.35,7.10,889,GOOD
rd_7082,ses_3477,2026-10-01T17:53:08.000Z,0.6,0.10,39.3,7.35,7.11,893,GOOD
rd_7083,ses_3477,2026-10-01T17:53:16.000Z,1.19,0.28,39.4,7.32,7.08,902,GOOD
rd_7084,ses_3477,2026-10-01T17:53:24.000Z,1.79,0.54,39.3,7.29,7.08,898,GOOD
rd_7085,ses_3477,2026-10-01T17:53:32.000Z,2.39,0.90,39.3,7.33,7.07,895,GOOD
rd_7086,ses_3477,2026-10-01T17:53:40.000Z,2.98,1.35,39.3,7.29,7.09,902,GOOD
rd_7087,ses_3477,2026-10-01T17:53:48.000Z,3.47,1.87,39.2,7.34,7.10,890,GOOD
rd_7088,ses_3477,2026-10-01T17:53:56.000Z,3.44,2.39,39.2,7.30,7.08,894,GOOD
rd_7089,ses_3477,2026-10-01T17:54:04.000Z,3.61,2.93,39.3,7.35,7.10,888,GOOD
rd_7090,ses_3477,2026-10-01T17:54:12.000Z,3.35,3.43,39.3,7.29,7.11,892,GOOD
rd_7091,ses_3477,2026-10-01T17:54:20.000Z,3.32,3.93,39.4,7.27,7.11,894,GOOD
rd_7092,ses_3477,2026-10-01T17:54:28.000Z,3.45,4.45,39.3,7.29,7.09,899,GOOD
rd_7093,ses_3477,2026-10-01T17:54:36.000Z,3.51,4.97,39.4,7.27,7.11,898,GOOD
rd_7094,ses_3477,2026-10-01T17:54:44.000Z,3.6,5.51,39.2,7.31,7.08,888,GOOD
rd_7095,ses_3477,2026-10-01T17:54:52.000Z,3.53,6.04,39.3,7.28,7.09,891,GOOD
rd_7096,ses_3477,2026-10-01T17:55:00.000Z,3.35,6.54,39.2,7.35,7.10,888,GOOD
rd_7097,ses_3477,2026-10-01T17:55:08.000Z,3.4,7.05,39.3,7.31,7.08,890,GOOD
rd_7098,ses_3477,2026-10-01T17:55:16.000Z,3.43,7.57,39.4,7.34,7.10,898,GOOD
rd_7099,ses_3477,2026-10-01T17:55:24.000Z,3.45,8.09,39.4,7.28,7.08,903,GOOD
rd_7100,ses_3477,2026-10-01T17:55:32.000Z,3.49,8.61,39.3,7.29,7.10,895,GOOD
rd_7101,ses_3477,2026-10-01T17:55:40.000Z,3.52,9.14,39.4,7.35,7.10,896,GOOD
rd_7102,ses_3477,2026-10-01T17:55:48.000Z,3.18,9.62,39.3,7.33,7.08,895,GOOD
rd_7103,ses_3477,2026-10-01T17:55:56.000Z,2.78,10.03,39.3,7.31,7.11,899,GOOD
rd_7104,ses_3477,2026-10-01T17:56:04.000Z,2.39,10.39,39.3,7.28,7.10,891,GOOD
rd_7105,ses_3477,2026-10-01T17:56:12.000Z,1.99,10.69,39.2,7.27,7.09,901,GOOD
rd_7106,ses_3477,2026-10-01T17:56:20.000Z,1.59,10.93,39.4,7.30,7.09,895,GOOD
rd_7107,ses_3477,2026-10-01T17:56:28.000Z,1.19,11.11,39.2,7.33,7.08,900,GOOD
rd_7108,ses_3477,2026-10-01T17:56:36.000Z,0.8,11.23,39.4,7.33,7.10,889,GOOD
rd_7109,ses_3477,2026-10-01T17:56:44.000Z,0.4,11.29,39.3,7.31,7.07,896,GOOD
rd_7110,ses_3477,2026-10-01T17:56:52.000Z,0.05,11.29,39.2,7.34,7.09,897,GOOD
rd_7111,ses_3478,2026-10-01T18:05:00.000Z,0.05,0.01,39.4,7.03,7.15,962,GOOD
rd_7112,ses_3478,2026-10-01T18:05:08.000Z,0.66,0.11,39.4,7.10,7.13,949,GOOD
rd_7113,ses_3478,2026-10-01T18:05:16.000Z,1.32,0.30,39.4,7.05,7.12,950,GOOD
rd_7114,ses_3478,2026-10-01T18:05:24.000Z,1.98,0.60,39.4,7.10,7.12,950,GOOD
rd_7115,ses_3478,2026-10-01T18:05:32.000Z,2.63,1.00,39.3,7.08,7.14,952,GOOD
rd_7116,ses_3478,2026-10-01T18:05:40.000Z,3.29,1.49,39.4,7.04,7.13,958,GOOD
rd_7117,ses_3478,2026-10-01T18:05:48.000Z,3.94,2.08,39.4,7.09,7.14,962,GOOD
rd_7118,ses_3478,2026-10-01T18:05:56.000Z,3.74,2.64,39.3,7.11,7.13,952,GOOD
rd_7119,ses_3478,2026-10-01T18:06:04.000Z,3.77,3.21,39.4,7.09,7.12,955,GOOD
rd_7120,ses_3478,2026-10-01T18:06:12.000Z,3.73,3.77,39.4,7.10,7.13,949,GOOD
rd_7121,ses_3478,2026-10-01T18:06:20.000Z,3.87,4.35,39.4,7.04,7.12,959,GOOD
rd_7122,ses_3478,2026-10-01T18:06:28.000Z,3.92,4.93,39.3,7.07,7.15,960,GOOD
rd_7123,ses_3478,2026-10-01T18:06:36.000Z,3.83,5.51,39.4,7.06,7.13,961,GOOD
rd_7124,ses_3478,2026-10-01T18:06:44.000Z,3.96,6.10,39.5,7.11,7.14,957,GOOD
rd_7125,ses_3478,2026-10-01T18:06:52.000Z,3.9,6.69,39.3,7.05,7.14,950,GOOD
rd_7126,ses_3478,2026-10-01T18:07:00.000Z,3.85,7.27,39.4,7.04,7.12,960,GOOD
rd_7127,ses_3478,2026-10-01T18:07:08.000Z,3.82,7.84,39.5,7.06,7.15,958,GOOD
rd_7128,ses_3478,2026-10-01T18:07:16.000Z,3.72,8.40,39.4,7.04,7.14,952,GOOD
rd_7129,ses_3478,2026-10-01T18:07:24.000Z,3.95,8.99,39.5,7.08,7.12,948,GOOD
rd_7130,ses_3478,2026-10-01T18:07:32.000Z,3.83,9.56,39.5,7.03,7.13,963,GOOD
rd_7131,ses_3478,2026-10-01T18:07:40.000Z,3.75,10.13,39.3,7.08,7.14,959,GOOD
rd_7132,ses_3478,2026-10-01T18:07:48.000Z,3.51,10.65,39.4,7.07,7.12,956,GOOD
rd_7133,ses_3478,2026-10-01T18:07:56.000Z,3.07,11.11,39.4,7.05,7.13,961,GOOD
rd_7134,ses_3478,2026-10-01T18:08:04.000Z,2.63,11.51,39.4,7.08,7.14,955,GOOD
rd_7135,ses_3478,2026-10-01T18:08:12.000Z,2.2,11.84,39.5,7.10,7.11,963,GOOD
rd_7136,ses_3478,2026-10-01T18:08:20.000Z,1.76,12.10,39.4,7.04,7.12,950,GOOD
rd_7137,ses_3478,2026-10-01T18:08:28.000Z,1.32,12.30,39.3,7.10,7.13,953,GOOD
rd_7138,ses_3478,2026-10-01T18:08:36.000Z,0.88,12.43,39.5,7.08,7.14,961,GOOD
rd_7139,ses_3478,2026-10-01T18:08:44.000Z,0.44,12.50,39.4,7.05,7.11,957,GOOD
rd_7140,ses_3478,2026-10-01T18:08:52.000Z,0.05,12.51,39.4,7.08,7.12,954,GOOD
rd_7141,ses_3479,2026-10-01T17:16:00.000Z,0.05,0.01,39.6,7.20,7.16,996,GOOD
rd_7142,ses_3479,2026-10-01T17:16:08.000Z,0.72,0.12,39.7,7.16,7.17,1000,GOOD
rd_7143,ses_3479,2026-10-01T17:16:16.000Z,1.43,0.33,39.7,7.16,7.18,1000,GOOD
rd_7144,ses_3479,2026-10-01T17:16:24.000Z,2.15,0.65,39.6,7.22,7.17,998,GOOD
rd_7145,ses_3479,2026-10-01T17:16:32.000Z,2.86,1.08,39.6,7.21,7.16,989,GOOD
rd_7146,ses_3479,2026-10-01T17:16:40.000Z,3.58,1.62,39.6,7.21,7.18,999,GOOD
rd_7147,ses_3479,2026-10-01T17:16:48.000Z,4.27,2.26,39.5,7.20,7.15,992,GOOD
rd_7148,ses_3479,2026-10-01T17:16:56.000Z,4.03,2.86,39.5,7.22,7.17,989,GOOD
rd_7149,ses_3479,2026-10-01T17:17:04.000Z,4.28,3.51,39.6,7.20,7.14,988,GOOD
rd_7150,ses_3479,2026-10-01T17:17:12.000Z,4.1,4.12,39.7,7.17,7.16,1003,GOOD
rd_7151,ses_3479,2026-10-01T17:17:20.000Z,4.23,4.75,39.6,7.18,7.16,997,GOOD
rd_7152,ses_3479,2026-10-01T17:17:28.000Z,4.11,5.37,39.5,7.21,7.17,997,GOOD
rd_7153,ses_3479,2026-10-01T17:17:36.000Z,4.22,6.00,39.5,7.19,7.18,997,GOOD
rd_7154,ses_3479,2026-10-01T17:17:44.000Z,4.26,6.64,39.6,7.20,7.15,995,GOOD
rd_7155,ses_3479,2026-10-01T17:17:52.000Z,4.08,7.26,39.6,7.17,7.16,997,GOOD
rd_7156,ses_3479,2026-10-01T17:18:00.000Z,4.21,7.89,39.7,7.16,7.16,990,GOOD
rd_7157,ses_3479,2026-10-01T17:18:08.000Z,4.01,8.49,39.5,7.19,7.16,990,GOOD
rd_7158,ses_3479,2026-10-01T17:18:16.000Z,4.08,9.10,39.5,7.18,7.15,988,GOOD
rd_7159,ses_3479,2026-10-01T17:18:24.000Z,4.09,9.71,39.6,7.17,7.16,995,GOOD
rd_7160,ses_3479,2026-10-01T17:18:32.000Z,4.19,10.34,39.6,7.23,7.16,992,GOOD
rd_7161,ses_3479,2026-10-01T17:18:40.000Z,4.11,10.96,39.6,7.21,7.14,994,GOOD
rd_7162,ses_3479,2026-10-01T17:18:48.000Z,3.82,11.53,39.6,7.18,7.17,989,GOOD
rd_7163,ses_3479,2026-10-01T17:18:56.000Z,3.34,12.03,39.7,7.15,7.17,990,GOOD
rd_7164,ses_3479,2026-10-01T17:19:04.000Z,2.86,12.46,39.6,7.15,7.16,1000,GOOD
rd_7165,ses_3479,2026-10-01T17:19:12.000Z,2.39,12.82,39.7,7.21,7.15,999,GOOD
rd_7166,ses_3479,2026-10-01T17:19:20.000Z,1.91,13.11,39.7,7.20,7.16,987,GOOD
rd_7167,ses_3479,2026-10-01T17:19:28.000Z,1.43,13.32,39.6,7.15,7.15,992,GOOD
rd_7168,ses_3479,2026-10-01T17:19:36.000Z,0.95,13.46,39.6,7.22,7.17,988,GOOD
rd_7169,ses_3479,2026-10-01T17:19:44.000Z,0.48,13.54,39.7,7.21,7.15,1002,GOOD
rd_7170,ses_3479,2026-10-01T17:19:52.000Z,0.05,13.54,39.6,7.22,7.18,998,GOOD
rd_7171,ses_3480,2026-10-01T17:51:00.000Z,0.05,0.01,39.5,7.02,7.06,882,GOOD
rd_7172,ses_3480,2026-10-01T17:51:08.000Z,0.62,0.10,39.4,7.05,7.10,884,GOOD
rd_7173,ses_3480,2026-10-01T17:51:16.000Z,1.23,0.29,39.4,7.04,7.09,885,GOOD
rd_7174,ses_3480,2026-10-01T17:51:24.000Z,1.85,0.56,39.4,7.07,7.09,877,GOOD
rd_7175,ses_3480,2026-10-01T17:51:32.000Z,2.47,0.93,39.3,7.01,7.06,887,GOOD
rd_7176,ses_3480,2026-10-01T17:51:40.000Z,3.09,1.40,39.4,7.01,7.08,880,GOOD
rd_7177,ses_3480,2026-10-01T17:51:48.000Z,3.69,1.95,39.4,7.00,7.07,880,GOOD
rd_7178,ses_3480,2026-10-01T17:51:56.000Z,3.55,2.48,39.4,7.08,7.07,878,GOOD
rd_7179,ses_3480,2026-10-01T17:52:04.000Z,3.65,3.03,39.5,7.05,7.08,882,GOOD
rd_7180,ses_3480,2026-10-01T17:52:12.000Z,3.59,3.57,39.3,7.03,7.08,876,GOOD
rd_7181,ses_3480,2026-10-01T17:52:20.000Z,3.72,4.13,39.4,7.04,7.07,883,GOOD
rd_7182,ses_3480,2026-10-01T17:52:28.000Z,3.62,4.67,39.3,7.01,7.07,879,GOOD
rd_7183,ses_3480,2026-10-01T17:52:36.000Z,3.67,5.22,39.3,7.07,7.07,877,GOOD
rd_7184,ses_3480,2026-10-01T17:52:44.000Z,3.7,5.78,39.4,7.00,7.09,883,GOOD
rd_7185,ses_3480,2026-10-01T17:52:52.000Z,3.68,6.33,39.5,7.05,7.08,877,GOOD
rd_7186,ses_3480,2026-10-01T17:53:00.000Z,3.73,6.89,39.4,7.04,7.06,889,GOOD
rd_7187,ses_3480,2026-10-01T17:53:08.000Z,3.61,7.43,39.3,7.03,7.06,890,GOOD
rd_7188,ses_3480,2026-10-01T17:53:16.000Z,3.59,7.97,39.4,7.04,7.08,885,GOOD
rd_7189,ses_3480,2026-10-01T17:53:24.000Z,3.66,8.52,39.3,7.01,7.07,890,GOOD
rd_7190,ses_3480,2026-10-01T17:53:32.000Z,3.57,9.05,39.4,7.06,7.07,878,GOOD
rd_7191,ses_3480,2026-10-01T17:53:40.000Z,3.64,9.60,39.4,7.07,7.08,881,GOOD
rd_7192,ses_3480,2026-10-01T17:53:48.000Z,3.29,10.09,39.3,7.01,7.10,882,GOOD
rd_7193,ses_3480,2026-10-01T17:53:56.000Z,2.88,10.52,39.5,7.02,7.09,890,GOOD
rd_7194,ses_3480,2026-10-01T17:54:04.000Z,2.47,10.89,39.3,7.02,7.08,877,GOOD
rd_7195,ses_3480,2026-10-01T17:54:12.000Z,2.06,11.20,39.4,7.07,7.08,878,GOOD
rd_7196,ses_3480,2026-10-01T17:54:20.000Z,1.65,11.45,39.4,7.04,7.08,889,GOOD
rd_7197,ses_3480,2026-10-01T17:54:28.000Z,1.23,11.63,39.3,7.02,7.10,877,GOOD
rd_7198,ses_3480,2026-10-01T17:54:36.000Z,0.82,11.76,39.4,7.02,7.08,883,GOOD
rd_7199,ses_3480,2026-10-01T17:54:44.000Z,0.41,11.82,39.3,7.08,7.06,876,GOOD
rd_7200,ses_3480,2026-10-01T17:54:52.000Z,0.05,11.83,39.5,7.06,7.09,885,GOOD
rd_7201,ses_3481,2026-10-02T06:34:00.000Z,0.05,0.01,38.5,5.61,6.64,91,GOOD
rd_7202,ses_3481,2026-10-02T06:34:08.000Z,0.63,0.10,38.6,5.63,6.65,99,GOOD
rd_7203,ses_3481,2026-10-02T06:34:16.000Z,1.26,0.29,38.5,5.63,6.63,96,GOOD
rd_7204,ses_3481,2026-10-02T06:34:24.000Z,1.89,0.57,38.5,5.59,6.64,103,GOOD
rd_7205,ses_3481,2026-10-02T06:34:32.000Z,2.52,0.95,38.6,5.64,6.63,97,GOOD
rd_7206,ses_3481,2026-10-02T06:34:40.000Z,3.15,1.43,38.5,5.60,6.63,96,GOOD
rd_7207,ses_3481,2026-10-02T06:34:48.000Z,3.8,2.00,38.4,5.63,6.61,89,GOOD
rd_7208,ses_3481,2026-10-02T06:34:56.000Z,3.79,2.56,38.6,5.62,6.62,88,GOOD
rd_7209,ses_3481,2026-10-02T06:35:04.000Z,3.55,3.10,38.5,5.59,6.64,88,GOOD
rd_7210,ses_3481,2026-10-02T06:35:12.000Z,3.55,3.63,38.4,5.61,6.65,103,GOOD
rd_7211,ses_3481,2026-10-02T06:35:20.000Z,3.8,4.20,38.4,5.66,6.65,89,GOOD
rd_7212,ses_3481,2026-10-02T06:35:28.000Z,3.64,4.74,38.6,5.63,6.65,93,GOOD
rd_7213,ses_3481,2026-10-02T06:35:36.000Z,3.66,5.29,38.5,5.66,6.64,100,GOOD
rd_7214,ses_3481,2026-10-02T06:35:44.000Z,3.62,5.84,38.4,5.60,6.62,93,GOOD
rd_7215,ses_3481,2026-10-02T06:35:52.000Z,3.73,6.40,38.5,5.65,6.64,99,GOOD
rd_7216,ses_3481,2026-10-02T06:36:00.000Z,3.78,6.96,38.5,5.65,6.62,96,GOOD
rd_7217,ses_3481,2026-10-02T06:36:08.000Z,3.61,7.50,38.6,5.67,6.64,99,GOOD
rd_7218,ses_3481,2026-10-02T06:36:16.000Z,3.56,8.04,38.5,5.65,6.62,92,GOOD
rd_7219,ses_3481,2026-10-02T06:36:24.000Z,3.79,8.61,38.4,5.66,6.64,90,GOOD
rd_7220,ses_3481,2026-10-02T06:36:32.000Z,3.69,9.16,38.5,5.60,6.64,103,GOOD
rd_7221,ses_3481,2026-10-02T06:36:40.000Z,3.6,9.70,38.5,5.62,6.62,99,GOOD
rd_7222,ses_3481,2026-10-02T06:36:48.000Z,3.36,10.20,38.5,5.63,6.65,89,GOOD
rd_7223,ses_3481,2026-10-02T06:36:56.000Z,2.94,10.65,38.6,5.61,6.62,99,GOOD
rd_7224,ses_3481,2026-10-02T06:37:04.000Z,2.52,11.02,38.6,5.65,6.65,92,GOOD
rd_7225,ses_3481,2026-10-02T06:37:12.000Z,2.1,11.34,38.5,5.61,6.64,97,GOOD
rd_7226,ses_3481,2026-10-02T06:37:20.000Z,1.68,11.59,38.5,5.64,6.63,103,GOOD
rd_7227,ses_3481,2026-10-02T06:37:28.000Z,1.26,11.78,38.5,5.67,6.62,94,GOOD
rd_7228,ses_3481,2026-10-02T06:37:36.000Z,0.84,11.91,38.4,5.64,6.63,95,GOOD
rd_7229,ses_3481,2026-10-02T06:37:44.000Z,0.42,11.97,38.6,5.65,6.63,96,GOOD
rd_7230,ses_3481,2026-10-02T06:37:52.000Z,0.05,11.98,38.6,5.62,6.63,94,GOOD
rd_7231,ses_3482,2026-10-02T07:30:00.000Z,0.05,0.01,38.7,5.72,6.68,91,GOOD
rd_7232,ses_3482,2026-10-02T07:30:08.000Z,0.69,0.11,38.7,5.71,6.67,105,GOOD
rd_7233,ses_3482,2026-10-02T07:30:16.000Z,1.37,0.32,38.7,5.74,6.69,89,GOOD
rd_7234,ses_3482,2026-10-02T07:30:24.000Z,2.06,0.63,38.6,5.71,6.69,92,GOOD
rd_7235,ses_3482,2026-10-02T07:30:32.000Z,2.74,1.04,38.8,5.75,6.68,101,GOOD
rd_7236,ses_3482,2026-10-02T07:30:40.000Z,3.43,1.55,38.7,5.73,6.69,96,GOOD
rd_7237,ses_3482,2026-10-02T07:30:48.000Z,4.08,2.16,38.8,5.72,6.68,98,GOOD
rd_7238,ses_3482,2026-10-02T07:30:56.000Z,3.98,2.76,38.7,5.74,6.68,92,GOOD
rd_7239,ses_3482,2026-10-02T07:31:04.000Z,4.12,3.38,38.8,5.75,6.70,95,GOOD
rd_7240,ses_3482,2026-10-02T07:31:12.000Z,3.86,3.96,38.8,5.70,6.70,103,GOOD
rd_7241,ses_3482,2026-10-02T07:31:20.000Z,3.88,4.54,38.8,5.72,6.66,98,GOOD
rd_7242,ses_3482,2026-10-02T07:31:28.000Z,3.94,5.13,38.8,5.74,6.66,100,GOOD
rd_7243,ses_3482,2026-10-02T07:31:36.000Z,4.03,5.73,38.8,5.73,6.68,90,GOOD
rd_7244,ses_3482,2026-10-02T07:31:44.000Z,4.04,6.34,38.8,5.69,6.69,105,GOOD
rd_7245,ses_3482,2026-10-02T07:31:52.000Z,4.03,6.94,38.7,5.72,6.70,105,GOOD
rd_7246,ses_3482,2026-10-02T07:32:00.000Z,4.08,7.56,38.7,5.72,6.68,93,GOOD
rd_7247,ses_3482,2026-10-02T07:32:08.000Z,4.08,8.17,38.6,5.76,6.68,101,GOOD
rd_7248,ses_3482,2026-10-02T07:32:16.000Z,3.84,8.74,38.7,5.73,6.70,99,GOOD
rd_7249,ses_3482,2026-10-02T07:32:24.000Z,4.04,9.35,38.8,5.69,6.69,104,GOOD
rd_7250,ses_3482,2026-10-02T07:32:32.000Z,3.91,9.94,38.6,5.71,6.70,104,GOOD
rd_7251,ses_3482,2026-10-02T07:32:40.000Z,4.04,10.54,38.7,5.73,6.67,89,GOOD
rd_7252,ses_3482,2026-10-02T07:32:48.000Z,3.66,11.09,38.7,5.72,6.67,101,GOOD
rd_7253,ses_3482,2026-10-02T07:32:56.000Z,3.2,11.57,38.6,5.75,6.70,93,GOOD
rd_7254,ses_3482,2026-10-02T07:33:04.000Z,2.74,11.98,38.7,5.69,6.70,95,GOOD
rd_7255,ses_3482,2026-10-02T07:33:12.000Z,2.29,12.33,38.8,5.68,6.66,94,GOOD
rd_7256,ses_3482,2026-10-02T07:33:20.000Z,1.83,12.60,38.7,5.76,6.68,98,GOOD
rd_7257,ses_3482,2026-10-02T07:33:28.000Z,1.37,12.81,38.8,5.71,6.70,98,GOOD
rd_7258,ses_3482,2026-10-02T07:33:36.000Z,0.91,12.94,38.6,5.76,6.67,96,GOOD
rd_7259,ses_3482,2026-10-02T07:33:44.000Z,0.46,13.01,38.6,5.72,6.69,97,GOOD
rd_7260,ses_3482,2026-10-02T07:33:52.000Z,0.05,13.02,38.8,5.72,6.67,100,GOOD
rd_7261,ses_3483,2026-10-02T07:14:00.000Z,0.05,0.01,38.6,5.52,6.61,100,GOOD
rd_7262,ses_3483,2026-10-02T07:14:08.000Z,0.62,0.10,38.7,5.51,6.61,108,GOOD
rd_7263,ses_3483,2026-10-02T07:14:16.000Z,1.23,0.29,38.6,5.46,6.61,112,GOOD
rd_7264,ses_3483,2026-10-02T07:14:24.000Z,1.85,0.56,38.6,5.45,6.63,101,GOOD
rd_7265,ses_3483,2026-10-02T07:14:32.000Z,2.46,0.93,38.5,5.51,6.63,113,GOOD
rd_7266,ses_3483,2026-10-02T07:14:40.000Z,3.08,1.39,38.5,5.45,6.62,108,GOOD
rd_7267,ses_3483,2026-10-02T07:14:48.000Z,3.6,1.93,38.7,5.49,6.62,116,GOOD
rd_7268,ses_3483,2026-10-02T07:14:56.000Z,3.45,2.45,38.6,5.49,6.62,107,GOOD
rd_7269,ses_3483,2026-10-02T07:15:04.000Z,3.62,2.99,38.5,5.50,6.62,101,GOOD
rd_7270,ses_3483,2026-10-02T07:15:12.000Z,3.53,3.52,38.5,5.44,6.63,110,GOOD
rd_7271,ses_3483,2026-10-02T07:15:20.000Z,3.62,4.07,38.6,5.45,6.62,101,GOOD
rd_7272,ses_3483,2026-10-02T07:15:28.000Z,3.52,4.59,38.7,5.49,6.63,114,GOOD
rd_7273,ses_3483,2026-10-02T07:15:36.000Z,3.6,5.13,38.6,5.49,6.63,105,GOOD
rd_7274,ses_3483,2026-10-02T07:15:44.000Z,3.45,5.65,38.6,5.44,6.61,113,GOOD
rd_7275,ses_3483,2026-10-02T07:15:52.000Z,3.5,6.18,38.6,5.49,6.64,113,GOOD
rd_7276,ses_3483,2026-10-02T07:16:00.000Z,3.49,6.70,38.5,5.52,6.62,106,GOOD
rd_7277,ses_3483,2026-10-02T07:16:08.000Z,3.59,7.24,38.6,5.50,6.64,105,GOOD
rd_7278,ses_3483,2026-10-02T07:16:16.000Z,3.67,7.79,38.6,5.48,6.62,106,GOOD
rd_7279,ses_3483,2026-10-02T07:16:24.000Z,3.59,8.33,38.6,5.50,6.61,109,GOOD
rd_7280,ses_3483,2026-10-02T07:16:32.000Z,3.46,8.85,38.7,5.50,6.64,114,GOOD
rd_7281,ses_3483,2026-10-02T07:16:40.000Z,3.62,9.39,38.5,5.47,6.63,111,GOOD
rd_7282,ses_3483,2026-10-02T07:16:48.000Z,3.28,9.88,38.5,5.49,6.63,109,GOOD
rd_7283,ses_3483,2026-10-02T07:16:56.000Z,2.87,10.31,38.7,5.52,6.63,105,GOOD
rd_7284,ses_3483,2026-10-02T07:17:04.000Z,2.46,10.68,38.7,5.44,6.64,106,GOOD
rd_7285,ses_3483,2026-10-02T07:17:12.000Z,2.05,10.99,38.6,5.50,6.62,107,GOOD
rd_7286,ses_3483,2026-10-02T07:17:20.000Z,1.64,11.23,38.7,5.46,6.62,115,GOOD
rd_7287,ses_3483,2026-10-02T07:17:28.000Z,1.23,11.42,38.6,5.50,6.64,116,GOOD
rd_7288,ses_3483,2026-10-02T07:17:36.000Z,0.82,11.54,38.6,5.52,6.63,113,GOOD
rd_7289,ses_3483,2026-10-02T07:17:44.000Z,0.41,11.60,38.5,5.45,6.62,111,GOOD
rd_7290,ses_3483,2026-10-02T07:17:52.000Z,0.05,11.61,38.6,5.49,6.63,106,GOOD
rd_7291,ses_3484,2026-10-02T06:07:00.000Z,0.05,0.01,38.6,5.67,6.66,119,GOOD
rd_7292,ses_3484,2026-10-02T06:07:08.000Z,0.64,0.10,38.5,5.61,6.67,113,GOOD
rd_7293,ses_3484,2026-10-02T06:07:16.000Z,1.28,0.30,38.6,5.65,6.65,112,GOOD
rd_7294,ses_3484,2026-10-02T06:07:24.000Z,1.91,0.58,38.7,5.65,6.66,117,GOOD
rd_7295,ses_3484,2026-10-02T06:07:32.000Z,2.55,0.96,38.6,5.67,6.67,111,GOOD
rd_7296,ses_3484,2026-10-02T06:07:40.000Z,3.19,1.44,38.6,5.64,6.65,120,GOOD
rd_7297,ses_3484,2026-10-02T06:07:48.000Z,3.66,1.99,38.7,5.67,6.67,120,GOOD
rd_7298,ses_3484,2026-10-02T06:07:56.000Z,3.7,2.55,38.7,5.63,6.67,114,GOOD
rd_7299,ses_3484,2026-10-02T06:08:04.000Z,3.7,3.10,38.6,5.61,6.67,120,GOOD
rd_7300,ses_3484,2026-10-02T06:08:12.000Z,3.62,3.65,38.6,5.65,6.64,121,GOOD
rd_7301,ses_3484,2026-10-02T06:08:20.000Z,3.59,4.18,38.6,5.68,6.65,120,GOOD
rd_7302,ses_3484,2026-10-02T06:08:28.000Z,3.56,4.72,38.6,5.66,6.65,117,GOOD
rd_7303,ses_3484,2026-10-02T06:08:36.000Z,3.81,5.29,38.6,5.63,6.65,114,GOOD
rd_7304,ses_3484,2026-10-02T06:08:44.000Z,3.6,5.83,38.7,5.61,6.66,124,GOOD
rd_7305,ses_3484,2026-10-02T06:08:52.000Z,3.62,6.37,38.7,5.66,6.65,121,GOOD
rd_7306,ses_3484,2026-10-02T06:09:00.000Z,3.56,6.91,38.6,5.61,6.66,111,GOOD
rd_7307,ses_3484,2026-10-02T06:09:08.000Z,3.79,7.47,38.5,5.60,6.64,119,GOOD
rd_7308,ses_3484,2026-10-02T06:09:16.000Z,3.77,8.04,38.6,5.66,6.67,116,GOOD
rd_7309,ses_3484,2026-10-02T06:09:24.000Z,3.58,8.58,38.7,5.63,6.66,115,GOOD
rd_7310,ses_3484,2026-10-02T06:09:32.000Z,3.66,9.13,38.7,5.61,6.65,112,GOOD
rd_7311,ses_3484,2026-10-02T06:09:40.000Z,3.62,9.67,38.7,5.61,6.65,125,GOOD
rd_7312,ses_3484,2026-10-02T06:09:48.000Z,3.4,10.18,38.7,5.61,6.67,116,GOOD
rd_7313,ses_3484,2026-10-02T06:09:56.000Z,2.98,10.63,38.6,5.64,6.66,111,GOOD
rd_7314,ses_3484,2026-10-02T06:10:04.000Z,2.55,11.01,38.5,5.66,6.64,125,GOOD
rd_7315,ses_3484,2026-10-02T06:10:12.000Z,2.13,11.33,38.5,5.63,6.64,110,GOOD
rd_7316,ses_3484,2026-10-02T06:10:20.000Z,1.7,11.58,38.7,5.65,6.64,125,GOOD
rd_7317,ses_3484,2026-10-02T06:10:28.000Z,1.28,11.78,38.6,5.67,6.67,120,GOOD
rd_7318,ses_3484,2026-10-02T06:10:36.000Z,0.85,11.90,38.7,5.62,6.65,119,GOOD
rd_7319,ses_3484,2026-10-02T06:10:44.000Z,0.43,11.97,38.6,5.66,6.67,123,GOOD
rd_7320,ses_3484,2026-10-02T06:10:52.000Z,0.05,11.97,38.6,5.64,6.65,115,GOOD
rd_7321,ses_3485,2026-10-02T06:32:00.000Z,0.05,0.01,38.7,5.54,6.71,125,GOOD
rd_7322,ses_3485,2026-10-02T06:32:08.000Z,0.71,0.11,38.7,5.48,6.70,139,GOOD
rd_7323,ses_3485,2026-10-02T06:32:16.000Z,1.42,0.33,38.7,5.47,6.72,131,GOOD
rd_7324,ses_3485,2026-10-02T06:32:24.000Z,2.13,0.65,38.7,5.55,6.73,134,GOOD
rd_7325,ses_3485,2026-10-02T06:32:32.000Z,2.83,1.07,38.5,5.52,6.69,129,GOOD
rd_7326,ses_3485,2026-10-02T06:32:40.000Z,3.54,1.60,38.5,5.52,6.70,132,GOOD
rd_7327,ses_3485,2026-10-02T06:32:48.000Z,4.18,2.23,38.6,5.49,6.72,137,GOOD
rd_7328,ses_3485,2026-10-02T06:32:56.000Z,4.03,2.83,38.5,5.53,6.73,131,GOOD
rd_7329,ses_3485,2026-10-02T06:33:04.000Z,4,3.43,38.6,5.48,6.71,135,GOOD
rd_7330,ses_3485,2026-10-02T06:33:12.000Z,4.17,4.06,38.7,5.55,6.73,128,GOOD
rd_7331,ses_3485,2026-10-02T06:33:20.000Z,4,4.66,38.5,5.51,6.72,129,GOOD
rd_7332,ses_3485,2026-10-02T06:33:28.000Z,4.21,5.29,38.5,5.50,6.72,132,GOOD
rd_7333,ses_3485,2026-10-02T06:33:36.000Z,4.09,5.90,38.6,5.50,6.70,130,GOOD
rd_7334,ses_3485,2026-10-02T06:33:44.000Z,3.99,6.50,38.5,5.52,6.69,124,GOOD
rd_7335,ses_3485,2026-10-02T06:33:52.000Z,4.24,7.14,38.6,5.53,6.73,138,GOOD
rd_7336,ses_3485,2026-10-02T06:34:00.000Z,4.02,7.74,38.6,5.53,6.69,134,GOOD
rd_7337,ses_3485,2026-10-02T06:34:08.000Z,4.05,8.35,38.7,5.47,6.72,129,GOOD
rd_7338,ses_3485,2026-10-02T06:34:16.000Z,4.21,8.98,38.6,5.53,6.69,128,GOOD
rd_7339,ses_3485,2026-10-02T06:34:24.000Z,4.06,9.59,38.7,5.48,6.71,127,GOOD
rd_7340,ses_3485,2026-10-02T06:34:32.000Z,4,10.19,38.7,5.51,6.71,129,GOOD
rd_7341,ses_3485,2026-10-02T06:34:40.000Z,4.01,10.79,38.7,5.50,6.72,132,GOOD
rd_7342,ses_3485,2026-10-02T06:34:48.000Z,3.78,11.36,38.7,5.50,6.72,128,GOOD
rd_7343,ses_3485,2026-10-02T06:34:56.000Z,3.31,11.85,38.5,5.53,6.72,134,GOOD
rd_7344,ses_3485,2026-10-02T06:35:04.000Z,2.83,12.28,38.7,5.52,6.71,130,GOOD
rd_7345,ses_3485,2026-10-02T06:35:12.000Z,2.36,12.63,38.7,5.54,6.71,128,GOOD
rd_7346,ses_3485,2026-10-02T06:35:20.000Z,1.89,12.92,38.6,5.50,6.71,130,GOOD
rd_7347,ses_3485,2026-10-02T06:35:28.000Z,1.42,13.13,38.6,5.50,6.73,123,GOOD
rd_7348,ses_3485,2026-10-02T06:35:36.000Z,0.94,13.27,38.6,5.53,6.69,133,GOOD
rd_7349,ses_3485,2026-10-02T06:35:44.000Z,0.47,13.34,38.5,5.50,6.73,124,GOOD
rd_7350,ses_3485,2026-10-02T06:35:52.000Z,0.05,13.35,38.6,5.54,6.70,132,GOOD
rd_7351,ses_3486,2026-10-02T06:45:00.000Z,0.05,0.01,38.7,5.61,6.65,136,GOOD
rd_7352,ses_3486,2026-10-02T06:45:08.000Z,0.62,0.10,38.6,5.63,6.66,134,GOOD
rd_7353,ses_3486,2026-10-02T06:45:16.000Z,1.23,0.29,38.5,5.58,6.65,136,GOOD
rd_7354,ses_3486,2026-10-02T06:45:24.000Z,1.85,0.56,38.6,5.63,6.67,144,GOOD
rd_7355,ses_3486,2026-10-02T06:45:32.000Z,2.47,0.93,38.7,5.63,6.66,141,GOOD
rd_7356,ses_3486,2026-10-02T06:45:40.000Z,3.09,1.40,38.5,5.62,6.69,138,GOOD
rd_7357,ses_3486,2026-10-02T06:45:48.000Z,3.7,1.95,38.5,5.61,6.68,134,GOOD
rd_7358,ses_3486,2026-10-02T06:45:56.000Z,3.66,2.50,38.6,5.63,6.67,134,GOOD
rd_7359,ses_3486,2026-10-02T06:46:04.000Z,3.69,3.05,38.6,5.61,6.69,139,GOOD
rd_7360,ses_3486,2026-10-02T06:46:12.000Z,3.5,3.58,38.6,5.63,6.69,147,GOOD
rd_7361,ses_3486,2026-10-02T06:46:20.000Z,3.68,4.13,38.6,5.60,6.66,135,GOOD
rd_7362,ses_3486,2026-10-02T06:46:28.000Z,3.69,4.68,38.6,5.61,6.66,140,GOOD
rd_7363,ses_3486,2026-10-02T06:46:36.000Z,3.59,5.22,38.6,5.58,6.67,141,GOOD
rd_7364,ses_3486,2026-10-02T06:46:44.000Z,3.54,5.75,38.5,5.60,6.65,138,GOOD
rd_7365,ses_3486,2026-10-02T06:46:52.000Z,3.66,6.30,38.6,5.60,6.67,137,GOOD
rd_7366,ses_3486,2026-10-02T06:47:00.000Z,3.47,6.82,38.6,5.62,6.69,145,GOOD
rd_7367,ses_3486,2026-10-02T06:47:08.000Z,3.69,7.38,38.6,5.62,6.67,134,GOOD
rd_7368,ses_3486,2026-10-02T06:47:16.000Z,3.55,7.91,38.6,5.63,6.66,145,GOOD
rd_7369,ses_3486,2026-10-02T06:47:24.000Z,3.44,8.43,38.5,5.59,6.65,134,GOOD
rd_7370,ses_3486,2026-10-02T06:47:32.000Z,3.7,8.98,38.5,5.60,6.68,141,GOOD
rd_7371,ses_3486,2026-10-02T06:47:40.000Z,3.56,9.51,38.7,5.61,6.66,135,GOOD
rd_7372,ses_3486,2026-10-02T06:47:48.000Z,3.29,10.01,38.7,5.60,6.68,139,GOOD
rd_7373,ses_3486,2026-10-02T06:47:56.000Z,2.88,10.44,38.6,5.57,6.68,132,GOOD
rd_7374,ses_3486,2026-10-02T06:48:04.000Z,2.47,10.81,38.6,5.58,6.67,137,GOOD
rd_7375,ses_3486,2026-10-02T06:48:12.000Z,2.06,11.12,38.6,5.64,6.65,144,GOOD
rd_7376,ses_3486,2026-10-02T06:48:20.000Z,1.65,11.37,38.6,5.64,6.66,139,GOOD
rd_7377,ses_3486,2026-10-02T06:48:28.000Z,1.23,11.55,38.6,5.61,6.67,142,GOOD
rd_7378,ses_3486,2026-10-02T06:48:36.000Z,0.82,11.67,38.5,5.59,6.65,141,GOOD
rd_7379,ses_3486,2026-10-02T06:48:44.000Z,0.41,11.74,38.5,5.56,6.66,132,GOOD
rd_7380,ses_3486,2026-10-02T06:48:52.000Z,0.05,11.74,38.6,5.61,6.67,136,GOOD
rd_7381,ses_3487,2026-10-02T06:29:00.000Z,0.05,0.01,38.8,5.71,6.67,130,GOOD
rd_7382,ses_3487,2026-10-02T06:29:08.000Z,0.67,0.11,38.7,5.66,6.68,137,GOOD
rd_7383,ses_3487,2026-10-02T06:29:16.000Z,1.34,0.31,38.7,5.72,6.65,138,GOOD
rd_7384,ses_3487,2026-10-02T06:29:24.000Z,2.01,0.61,38.6,5.67,6.66,133,GOOD
rd_7385,ses_3487,2026-10-02T06:29:32.000Z,2.68,1.01,38.8,5.72,6.66,141,GOOD
rd_7386,ses_3487,2026-10-02T06:29:40.000Z,3.34,1.51,38.7,5.71,6.67,140,GOOD
rd_7387,ses_3487,2026-10-02T06:29:48.000Z,3.96,2.11,38.6,5.67,6.67,135,GOOD
rd_7388,ses_3487,2026-10-02T06:29:56.000Z,3.78,2.67,38.8,5.66,6.69,129,GOOD
rd_7389,ses_3487,2026-10-02T06:30:04.000Z,3.83,3.25,38.8,5.67,6.67,142,GOOD
rd_7390,ses_3487,2026-10-02T06:30:12.000Z,3.85,3.83,38.6,5.68,6.68,129,GOOD
rd_7391,ses_3487,2026-10-02T06:30:20.000Z,3.91,4.41,38.8,5.70,6.67,134,GOOD
rd_7392,ses_3487,2026-10-02T06:30:28.000Z,3.78,4.98,38.7,5.71,6.68,130,GOOD
rd_7393,ses_3487,2026-10-02T06:30:36.000Z,3.85,5.56,38.6,5.69,6.66,131,GOOD
rd_7394,ses_3487,2026-10-02T06:30:44.000Z,3.88,6.14,38.7,5.73,6.67,142,GOOD
rd_7395,ses_3487,2026-10-02T06:30:52.000Z,3.76,6.70,38.7,5.72,6.67,139,GOOD
rd_7396,ses_3487,2026-10-02T06:31:00.000Z,3.87,7.28,38.6,5.67,6.68,133,GOOD
rd_7397,ses_3487,2026-10-02T06:31:08.000Z,3.73,7.84,38.7,5.72,6.68,139,GOOD
rd_7398,ses_3487,2026-10-02T06:31:16.000Z,3.97,8.44,38.8,5.73,6.68,133,GOOD
rd_7399,ses_3487,2026-10-02T06:31:24.000Z,3.79,9.01,38.7,5.66,6.68,142,GOOD
rd_7400,ses_3487,2026-10-02T06:31:32.000Z,4,9.61,38.6,5.69,6.68,129,GOOD
rd_7401,ses_3487,2026-10-02T06:31:40.000Z,3.85,10.19,38.6,5.66,6.65,135,GOOD
rd_7402,ses_3487,2026-10-02T06:31:48.000Z,3.57,10.72,38.7,5.68,6.65,135,GOOD
rd_7403,ses_3487,2026-10-02T06:31:56.000Z,3.12,11.19,38.7,5.70,6.68,140,GOOD
rd_7404,ses_3487,2026-10-02T06:32:04.000Z,2.68,11.59,38.8,5.70,6.67,144,GOOD
rd_7405,ses_3487,2026-10-02T06:32:12.000Z,2.23,11.93,38.7,5.69,6.66,135,GOOD
rd_7406,ses_3487,2026-10-02T06:32:20.000Z,1.78,12.19,38.7,5.71,6.65,144,GOOD
rd_7407,ses_3487,2026-10-02T06:32:28.000Z,1.34,12.39,38.7,5.66,6.68,141,GOOD
rd_7408,ses_3487,2026-10-02T06:32:36.000Z,0.89,12.53,38.7,5.72,6.67,140,GOOD
rd_7409,ses_3487,2026-10-02T06:32:44.000Z,0.45,12.59,38.8,5.73,6.67,139,GOOD
rd_7410,ses_3487,2026-10-02T06:32:52.000Z,0.05,12.60,38.7,5.67,6.67,134,GOOD
rd_7411,ses_3488,2026-10-02T07:12:00.000Z,0.05,0.01,38.7,5.54,6.61,138,GOOD
rd_7412,ses_3488,2026-10-02T07:12:08.000Z,0.59,0.10,38.7,5.51,6.61,145,GOOD
rd_7413,ses_3488,2026-10-02T07:12:16.000Z,1.17,0.27,38.9,5.55,6.62,147,GOOD
rd_7414,ses_3488,2026-10-02T07:12:24.000Z,1.76,0.54,38.7,5.48,6.62,151,GOOD
rd_7415,ses_3488,2026-10-02T07:12:32.000Z,2.34,0.89,38.9,5.50,6.60,139,GOOD
rd_7416,ses_3488,2026-10-02T07:12:40.000Z,2.93,1.33,38.7,5.48,6.60,154,GOOD
rd_7417,ses_3488,2026-10-02T07:12:48.000Z,3.35,1.83,38.8,5.47,6.60,144,GOOD
rd_7418,ses_3488,2026-10-02T07:12:56.000Z,3.28,2.32,38.7,5.54,6.62,138,GOOD
rd_7419,ses_3488,2026-10-02T07:13:04.000Z,3.32,2.82,38.9,5.49,6.60,150,GOOD
rd_7420,ses_3488,2026-10-02T07:13:12.000Z,3.47,3.34,38.8,5.51,6.61,149,GOOD
rd_7421,ses_3488,2026-10-02T07:13:20.000Z,3.26,3.83,38.8,5.51,6.60,146,GOOD
rd_7422,ses_3488,2026-10-02T07:13:28.000Z,3.26,4.32,38.9,5.54,6.61,146,GOOD
rd_7423,ses_3488,2026-10-02T07:13:36.000Z,3.43,4.83,38.8,5.49,6.62,153,GOOD
rd_7424,ses_3488,2026-10-02T07:13:44.000Z,3.29,5.32,38.9,5.48,6.59,144,GOOD
rd_7425,ses_3488,2026-10-02T07:13:52.000Z,3.42,5.84,38.8,5.51,6.60,143,GOOD
rd_7426,ses_3488,2026-10-02T07:14:00.000Z,3.45,6.36,38.7,5.49,6.61,153,GOOD
rd_7427,ses_3488,2026-10-02T07:14:08.000Z,3.33,6.85,38.8,5.53,6.60,141,GOOD
rd_7428,ses_3488,2026-10-02T07:14:16.000Z,3.53,7.38,38.8,5.51,6.63,147,GOOD
rd_7429,ses_3488,2026-10-02T07:14:24.000Z,3.42,7.90,38.8,5.51,6.61,139,GOOD
rd_7430,ses_3488,2026-10-02T07:14:32.000Z,3.43,8.41,38.8,5.48,6.61,152,GOOD
rd_7431,ses_3488,2026-10-02T07:14:40.000Z,3.35,8.91,38.9,5.49,6.61,142,GOOD
rd_7432,ses_3488,2026-10-02T07:14:48.000Z,3.13,9.38,38.7,5.52,6.61,149,GOOD
rd_7433,ses_3488,2026-10-02T07:14:56.000Z,2.74,9.79,38.8,5.55,6.63,139,GOOD
rd_7434,ses_3488,2026-10-02T07:15:04.000Z,2.34,10.15,38.7,5.50,6.60,138,GOOD
rd_7435,ses_3488,2026-10-02T07:15:12.000Z,1.95,10.44,38.8,5.55,6.59,145,GOOD
rd_7436,ses_3488,2026-10-02T07:15:20.000Z,1.56,10.67,38.8,5.53,6.61,150,GOOD
rd_7437,ses_3488,2026-10-02T07:15:28.000Z,1.17,10.85,38.8,5.50,6.59,145,GOOD
rd_7438,ses_3488,2026-10-02T07:15:36.000Z,0.78,10.96,38.8,5.52,6.61,147,GOOD
rd_7439,ses_3488,2026-10-02T07:15:44.000Z,0.39,11.02,38.8,5.54,6.59,148,GOOD
rd_7440,ses_3488,2026-10-02T07:15:52.000Z,0.05,11.03,38.7,5.53,6.59,149,GOOD
rd_7441,ses_3489,2026-10-02T07:19:00.000Z,0.05,0.01,38.5,5.63,6.66,160,GOOD
rd_7442,ses_3489,2026-10-02T07:19:08.000Z,0.65,0.11,38.5,5.61,6.65,147,GOOD
rd_7443,ses_3489,2026-10-02T07:19:16.000Z,1.3,0.30,38.5,5.61,6.65,161,GOOD
rd_7444,ses_3489,2026-10-02T07:19:24.000Z,1.95,0.59,38.5,5.59,6.68,156,GOOD
rd_7445,ses_3489,2026-10-02T07:19:32.000Z,2.6,0.98,38.6,5.65,6.65,159,GOOD
rd_7446,ses_3489,2026-10-02T07:19:40.000Z,3.25,1.47,38.4,5.65,6.67,160,GOOD
rd_7447,ses_3489,2026-10-02T07:19:48.000Z,3.8,2.04,38.4,5.62,6.65,162,GOOD
rd_7448,ses_3489,2026-10-02T07:19:56.000Z,3.73,2.60,38.4,5.64,6.65,156,GOOD
rd_7449,ses_3489,2026-10-02T07:20:04.000Z,3.7,3.15,38.5,5.64,6.65,161,GOOD
rd_7450,ses_3489,2026-10-02T07:20:12.000Z,3.88,3.74,38.6,5.61,6.65,155,GOOD
rd_7451,ses_3489,2026-10-02T07:20:20.000Z,3.75,4.30,38.5,5.61,6.67,158,GOOD
rd_7452,ses_3489,2026-10-02T07:20:28.000Z,3.71,4.86,38.5,5.60,6.69,147,GOOD
rd_7453,ses_3489,2026-10-02T07:20:36.000Z,3.69,5.41,38.5,5.61,6.66,148,GOOD
rd_7454,ses_3489,2026-10-02T07:20:44.000Z,3.84,5.98,38.4,5.59,6.68,151,GOOD
rd_7455,ses_3489,2026-10-02T07:20:52.000Z,3.62,6.53,38.5,5.59,6.69,156,GOOD
rd_7456,ses_3489,2026-10-02T07:21:00.000Z,3.66,7.08,38.6,5.64,6.66,153,GOOD
rd_7457,ses_3489,2026-10-02T07:21:08.000Z,3.65,7.62,38.4,5.62,6.67,153,GOOD
rd_7458,ses_3489,2026-10-02T07:21:16.000Z,3.77,8.19,38.6,5.61,6.65,161,GOOD
rd_7459,ses_3489,2026-10-02T07:21:24.000Z,3.71,8.75,38.5,5.65,6.66,148,GOOD
rd_7460,ses_3489,2026-10-02T07:21:32.000Z,3.73,9.31,38.5,5.65,6.66,155,GOOD
rd_7461,ses_3489,2026-10-02T07:21:40.000Z,3.82,9.88,38.5,5.63,6.67,153,GOOD
rd_7462,ses_3489,2026-10-02T07:21:48.000Z,3.47,10.40,38.4,5.63,6.68,156,GOOD
rd_7463,ses_3489,2026-10-02T07:21:56.000Z,3.03,10.85,38.6,5.59,6.66,156,GOOD
rd_7464,ses_3489,2026-10-02T07:22:04.000Z,2.6,11.24,38.5,5.66,6.68,161,GOOD
rd_7465,ses_3489,2026-10-02T07:22:12.000Z,2.17,11.57,38.4,5.64,6.66,154,GOOD
rd_7466,ses_3489,2026-10-02T07:22:20.000Z,1.73,11.83,38.6,5.59,6.65,146,GOOD
rd_7467,ses_3489,2026-10-02T07:22:28.000Z,1.3,12.02,38.4,5.64,6.69,151,GOOD
rd_7468,ses_3489,2026-10-02T07:22:36.000Z,0.87,12.15,38.4,5.58,6.66,158,GOOD
rd_7469,ses_3489,2026-10-02T07:22:44.000Z,0.43,12.22,38.5,5.62,6.69,154,GOOD
rd_7470,ses_3489,2026-10-02T07:22:52.000Z,0.05,12.23,38.5,5.62,6.67,150,GOOD
rd_7471,ses_3490,2026-10-02T06:56:00.000Z,0.05,0.01,38.6,5.39,6.70,95,GOOD
rd_7472,ses_3490,2026-10-02T06:56:08.000Z,0.7,0.11,38.5,5.40,6.69,91,GOOD
rd_7473,ses_3490,2026-10-02T06:56:16.000Z,1.4,0.32,38.6,5.41,6.67,96,GOOD
rd_7474,ses_3490,2026-10-02T06:56:24.000Z,2.11,0.64,38.6,5.44,6.68,91,GOOD
rd_7475,ses_3490,2026-10-02T06:56:32.000Z,2.81,1.06,38.6,5.42,6.66,99,GOOD
rd_7476,ses_3490,2026-10-02T06:56:40.000Z,3.51,1.59,38.6,5.47,6.70,100,GOOD
rd_7477,ses_3490,2026-10-02T06:56:48.000Z,4.2,2.22,38.6,5.45,6.66,99,GOOD
rd_7478,ses_3490,2026-10-02T06:56:56.000Z,4.13,2.84,38.7,5.46,6.69,94,GOOD
rd_7479,ses_3490,2026-10-02T06:57:04.000Z,4.19,3.46,38.7,5.45,6.68,92,GOOD
rd_7480,ses_3490,2026-10-02T06:57:12.000Z,4.19,4.09,38.6,5.44,6.67,93,GOOD
rd_7481,ses_3490,2026-10-02T06:57:20.000Z,4.1,4.71,38.5,5.46,6.69,98,GOOD
rd_7482,ses_3490,2026-10-02T06:57:28.000Z,4.11,5.33,38.7,5.43,6.68,104,GOOD
rd_7483,ses_3490,2026-10-02T06:57:36.000Z,4,5.92,38.6,5.45,6.68,100,GOOD
rd_7484,ses_3490,2026-10-02T06:57:44.000Z,3.98,6.52,38.6,5.41,6.67,100,GOOD
rd_7485,ses_3490,2026-10-02T06:57:52.000Z,4.02,7.13,38.7,5.45,6.69,94,GOOD
rd_7486,ses_3490,2026-10-02T06:58:00.000Z,4.12,7.74,38.6,5.40,6.66,104,GOOD
rd_7487,ses_3490,2026-10-02T06:58:08.000Z,4.16,8.37,38.7,5.45,6.68,103,GOOD
rd_7488,ses_3490,2026-10-02T06:58:16.000Z,4.14,8.99,38.6,5.46,6.67,91,GOOD
rd_7489,ses_3490,2026-10-02T06:58:24.000Z,4.08,9.60,38.6,5.42,6.68,91,GOOD
rd_7490,ses_3490,2026-10-02T06:58:32.000Z,3.97,10.20,38.7,5.46,6.70,104,GOOD
rd_7491,ses_3490,2026-10-02T06:58:40.000Z,3.94,10.79,38.7,5.40,6.67,91,GOOD
rd_7492,ses_3490,2026-10-02T06:58:48.000Z,3.74,11.35,38.5,5.46,6.66,99,GOOD
rd_7493,ses_3490,2026-10-02T06:58:56.000Z,3.27,11.84,38.6,5.47,6.69,105,GOOD
rd_7494,ses_3490,2026-10-02T06:59:04.000Z,2.81,12.26,38.6,5.46,6.68,98,GOOD
rd_7495,ses_3490,2026-10-02T06:59:12.000Z,2.34,12.61,38.6,5.42,6.67,105,GOOD
rd_7496,ses_3490,2026-10-02T06:59:20.000Z,1.87,12.89,38.5,5.43,6.66,100,GOOD
rd_7497,ses_3490,2026-10-02T06:59:28.000Z,1.4,13.10,38.6,5.40,6.70,97,GOOD
rd_7498,ses_3490,2026-10-02T06:59:36.000Z,0.94,13.24,38.5,5.40,6.68,94,GOOD
rd_7499,ses_3490,2026-10-02T06:59:44.000Z,0.47,13.31,38.6,5.43,6.69,96,GOOD
rd_7500,ses_3490,2026-10-02T06:59:52.000Z,0.05,13.32,38.5,5.45,6.69,104,GOOD
rd_7501,ses_3491,2026-10-02T07:02:00.000Z,0.05,0.01,38.6,5.62,6.64,107,GOOD
rd_7502,ses_3491,2026-10-02T07:02:08.000Z,0.61,0.10,38.6,5.56,6.62,94,GOOD
rd_7503,ses_3491,2026-10-02T07:02:16.000Z,1.23,0.28,38.7,5.59,6.64,102,GOOD
rd_7504,ses_3491,2026-10-02T07:02:24.000Z,1.84,0.56,38.7,5.57,6.63,101,GOOD
rd_7505,ses_3491,2026-10-02T07:02:32.000Z,2.46,0.93,38.8,5.56,6.61,92,GOOD
rd_7506,ses_3491,2026-10-02T07:02:40.000Z,3.07,1.39,38.7,5.62,6.62,92,GOOD
rd_7507,ses_3491,2026-10-02T07:02:48.000Z,3.61,1.93,38.7,5.61,6.64,100,GOOD
rd_7508,ses_3491,2026-10-02T07:02:56.000Z,3.64,2.48,38.7,5.64,6.63,102,GOOD
rd_7509,ses_3491,2026-10-02T07:03:04.000Z,3.48,3.00,38.8,5.59,6.63,92,GOOD
rd_7510,ses_3491,2026-10-02T07:03:12.000Z,3.6,3.54,38.6,5.62,6.64,100,GOOD
rd_7511,ses_3491,2026-10-02T07:03:20.000Z,3.45,4.06,38.7,5.60,6.63,96,GOOD
rd_7512,ses_3491,2026-10-02T07:03:28.000Z,3.54,4.59,38.6,5.61,6.62,93,GOOD
rd_7513,ses_3491,2026-10-02T07:03:36.000Z,3.69,5.14,38.8,5.57,6.63,100,GOOD
rd_7514,ses_3491,2026-10-02T07:03:44.000Z,3.57,5.68,38.7,5.63,6.64,96,GOOD
rd_7515,ses_3491,2026-10-02T07:03:52.000Z,3.52,6.20,38.7,5.58,6.65,101,GOOD
rd_7516,ses_3491,2026-10-02T07:04:00.000Z,3.59,6.74,38.7,5.63,6.63,104,GOOD
rd_7517,ses_3491,2026-10-02T07:04:08.000Z,3.52,7.27,38.7,5.64,6.63,103,GOOD
rd_7518,ses_3491,2026-10-02T07:04:16.000Z,3.54,7.80,38.7,5.56,6.64,91,GOOD
rd_7519,ses_3491,2026-10-02T07:04:24.000Z,3.58,8.34,38.8,5.62,6.61,93,GOOD
rd_7520,ses_3491,2026-10-02T07:04:32.000Z,3.55,8.87,38.8,5.59,6.61,107,GOOD
rd_7521,ses_3491,2026-10-02T07:04:40.000Z,3.56,9.40,38.7,5.57,6.63,92,GOOD
rd_7522,ses_3491,2026-10-02T07:04:48.000Z,3.27,9.90,38.8,5.62,6.64,95,GOOD
rd_7523,ses_3491,2026-10-02T07:04:56.000Z,2.86,10.32,38.6,5.59,6.61,93,GOOD
rd_7524,ses_3491,2026-10-02T07:05:04.000Z,2.46,10.69,38.6,5.58,6.62,91,GOOD
rd_7525,ses_3491,2026-10-02T07:05:12.000Z,2.05,11.00,38.8,5.60,6.62,99,GOOD
rd_7526,ses_3491,2026-10-02T07:05:20.000Z,1.64,11.25,38.8,5.63,6.65,93,GOOD
rd_7527,ses_3491,2026-10-02T07:05:28.000Z,1.23,11.43,38.8,5.61,6.64,105,GOOD
rd_7528,ses_3491,2026-10-02T07:05:36.000Z,0.82,11.55,38.8,5.62,6.64,101,GOOD
rd_7529,ses_3491,2026-10-02T07:05:44.000Z,0.41,11.62,38.7,5.59,6.62,93,GOOD
rd_7530,ses_3491,2026-10-02T07:05:52.000Z,0.05,11.62,38.7,5.58,6.62,106,GOOD
rd_7531,ses_3492,2026-10-02T07:00:00.000Z,0.05,0.01,38.5,5.65,6.69,89,GOOD
rd_7532,ses_3492,2026-10-02T07:00:08.000Z,0.64,0.10,38.4,5.64,6.68,97,GOOD
rd_7533,ses_3492,2026-10-02T07:00:16.000Z,1.28,0.30,38.6,5.68,6.66,91,GOOD
rd_7534,ses_3492,2026-10-02T07:00:24.000Z,1.91,0.58,38.4,5.64,6.69,90,GOOD
rd_7535,ses_3492,2026-10-02T07:00:32.000Z,2.55,0.96,38.5,5.68,6.70,98,GOOD
rd_7536,ses_3492,2026-10-02T07:00:40.000Z,3.19,1.44,38.6,5.68,6.66,95,GOOD
rd_7537,ses_3492,2026-10-02T07:00:48.000Z,3.79,2.01,38.6,5.68,6.66,89,GOOD
rd_7538,ses_3492,2026-10-02T07:00:56.000Z,3.78,2.58,38.4,5.63,6.69,100,GOOD
rd_7539,ses_3492,2026-10-02T07:01:04.000Z,3.61,3.12,38.4,5.67,6.67,102,GOOD
rd_7540,ses_3492,2026-10-02T07:01:12.000Z,3.59,3.66,38.5,5.70,6.69,100,GOOD
rd_7541,ses_3492,2026-10-02T07:01:20.000Z,3.67,4.21,38.6,5.64,6.69,91,GOOD
rd_7542,ses_3492,2026-10-02T07:01:28.000Z,3.64,4.75,38.6,5.66,6.69,101,GOOD
rd_7543,ses_3492,2026-10-02T07:01:36.000Z,3.74,5.32,38.6,5.65,6.69,88,GOOD
rd_7544,ses_3492,2026-10-02T07:01:44.000Z,3.71,5.87,38.5,5.70,6.67,97,GOOD
rd_7545,ses_3492,2026-10-02T07:01:52.000Z,3.8,6.44,38.5,5.66,6.69,91,GOOD
rd_7546,ses_3492,2026-10-02T07:02:00.000Z,3.73,7.00,38.4,5.64,6.69,86,GOOD
rd_7547,ses_3492,2026-10-02T07:02:08.000Z,3.85,7.58,38.5,5.63,6.69,101,GOOD
rd_7548,ses_3492,2026-10-02T07:02:16.000Z,3.59,8.12,38.6,5.65,6.68,97,GOOD
rd_7549,ses_3492,2026-10-02T07:02:24.000Z,3.69,8.67,38.5,5.66,6.67,92,GOOD
rd_7550,ses_3492,2026-10-02T07:02:32.000Z,3.75,9.23,38.4,5.63,6.69,94,GOOD
rd_7551,ses_3492,2026-10-02T07:02:40.000Z,3.64,9.78,38.4,5.68,6.69,99,GOOD
rd_7552,ses_3492,2026-10-02T07:02:48.000Z,3.4,10.29,38.5,5.67,6.70,92,GOOD
rd_7553,ses_3492,2026-10-02T07:02:56.000Z,2.98,10.74,38.4,5.67,6.68,101,GOOD
rd_7554,ses_3492,2026-10-02T07:03:04.000Z,2.55,11.12,38.6,5.68,6.67,87,GOOD
rd_7555,ses_3492,2026-10-02T07:03:12.000Z,2.13,11.44,38.4,5.69,6.69,89,GOOD
rd_7556,ses_3492,2026-10-02T07:03:20.000Z,1.7,11.69,38.6,5.63,6.69,100,GOOD
rd_7557,ses_3492,2026-10-02T07:03:28.000Z,1.28,11.89,38.6,5.69,6.69,92,GOOD
rd_7558,ses_3492,2026-10-02T07:03:36.000Z,0.85,12.01,38.5,5.67,6.70,95,GOOD
rd_7559,ses_3492,2026-10-02T07:03:44.000Z,0.43,12.08,38.6,5.65,6.70,101,GOOD
rd_7560,ses_3492,2026-10-02T07:03:52.000Z,0.05,12.09,38.5,5.66,6.70,95,GOOD
rd_7561,ses_3493,2026-10-02T06:43:00.000Z,0.05,0.01,38.6,5.50,6.67,111,GOOD
rd_7562,ses_3493,2026-10-02T06:43:08.000Z,0.72,0.12,38.5,5.51,6.67,114,GOOD
rd_7563,ses_3493,2026-10-02T06:43:16.000Z,1.44,0.33,38.7,5.55,6.68,123,GOOD
rd_7564,ses_3493,2026-10-02T06:43:24.000Z,2.16,0.66,38.6,5.51,6.67,125,GOOD
rd_7565,ses_3493,2026-10-02T06:43:32.000Z,2.88,1.09,38.7,5.50,6.70,110,GOOD
rd_7566,ses_3493,2026-10-02T06:43:40.000Z,3.6,1.63,38.6,5.49,6.68,114,GOOD
rd_7567,ses_3493,2026-10-02T06:43:48.000Z,4.14,2.25,38.6,5.52,6.70,116,GOOD
rd_7568,ses_3493,2026-10-02T06:43:56.000Z,4.13,2.87,38.6,5.48,6.68,115,GOOD
rd_7569,ses_3493,2026-10-02T06:44:04.000Z,4.07,3.48,38.6,5.55,6.69,111,GOOD
rd_7570,ses_3493,2026-10-02T06:44:12.000Z,4.11,4.09,38.5,5.49,6.68,116,GOOD
rd_7571,ses_3493,2026-10-02T06:44:20.000Z,4.06,4.70,38.7,5.50,6.70,117,GOOD
rd_7572,ses_3493,2026-10-02T06:44:28.000Z,4.28,5.35,38.5,5.55,6.67,113,GOOD
rd_7573,ses_3493,2026-10-02T06:44:36.000Z,4.13,5.97,38.6,5.54,6.69,116,GOOD
rd_7574,ses_3493,2026-10-02T06:44:44.000Z,4.19,6.59,38.6,5.48,6.70,121,GOOD
rd_7575,ses_3493,2026-10-02T06:44:52.000Z,4.28,7.24,38.6,5.48,6.67,114,GOOD
rd_7576,ses_3493,2026-10-02T06:45:00.000Z,4.07,7.85,38.6,5.51,6.68,122,GOOD
rd_7577,ses_3493,2026-10-02T06:45:08.000Z,4.3,8.49,38.5,5.52,6.69,115,GOOD
rd_7578,ses_3493,2026-10-02T06:45:16.000Z,4.1,9.11,38.5,5.50,6.68,124,GOOD
rd_7579,ses_3493,2026-10-02T06:45:24.000Z,4.07,9.72,38.6,5.54,6.68,119,GOOD
rd_7580,ses_3493,2026-10-02T06:45:32.000Z,4.21,10.35,38.6,5.49,6.70,123,GOOD
rd_7581,ses_3493,2026-10-02T06:45:40.000Z,4.27,10.99,38.5,5.55,6.71,123,GOOD
rd_7582,ses_3493,2026-10-02T06:45:48.000Z,3.84,11.57,38.5,5.54,6.69,121,GOOD
rd_7583,ses_3493,2026-10-02T06:45:56.000Z,3.36,12.07,38.5,5.47,6.69,112,GOOD
rd_7584,ses_3493,2026-10-02T06:46:04.000Z,2.88,12.50,38.5,5.47,6.70,126,GOOD
rd_7585,ses_3493,2026-10-02T06:46:12.000Z,2.4,12.86,38.6,5.54,6.68,122,GOOD
rd_7586,ses_3493,2026-10-02T06:46:20.000Z,1.92,13.15,38.6,5.53,6.68,111,GOOD
rd_7587,ses_3493,2026-10-02T06:46:28.000Z,1.44,13.37,38.6,5.54,6.70,119,GOOD
rd_7588,ses_3493,2026-10-02T06:46:36.000Z,0.96,13.51,38.6,5.51,6.67,111,GOOD
rd_7589,ses_3493,2026-10-02T06:46:44.000Z,0.48,13.58,38.7,5.54,6.67,120,GOOD
rd_7590,ses_3493,2026-10-02T06:46:52.000Z,0.05,13.59,38.6,5.52,6.69,119,GOOD
rd_7591,ses_3494,2026-10-02T06:41:00.000Z,0.05,0.01,38.6,5.70,6.67,121,GOOD
rd_7592,ses_3494,2026-10-02T06:41:08.000Z,0.63,0.10,38.6,5.65,6.65,127,GOOD
rd_7593,ses_3494,2026-10-02T06:41:16.000Z,1.26,0.29,38.7,5.65,6.64,131,GOOD
rd_7594,ses_3494,2026-10-02T06:41:24.000Z,1.88,0.57,38.7,5.63,6.65,132,GOOD
rd_7595,ses_3494,2026-10-02T06:41:32.000Z,2.51,0.95,38.6,5.71,6.63,126,GOOD
rd_7596,ses_3494,2026-10-02T06:41:40.000Z,3.14,1.42,38.7,5.63,6.65,119,GOOD
rd_7597,ses_3494,2026-10-02T06:41:48.000Z,3.74,1.98,38.6,5.67,6.65,134,GOOD
rd_7598,ses_3494,2026-10-02T06:41:56.000Z,3.77,2.55,38.6,5.66,6.63,120,GOOD
rd_7599,ses_3494,2026-10-02T06:42:04.000Z,3.76,3.11,38.7,5.67,6.63,134,GOOD
rd_7600,ses_3494,2026-10-02T06:42:12.000Z,3.75,3.67,38.7,5.66,6.66,128,GOOD
rd_7601,ses_3494,2026-10-02T06:42:20.000Z,3.64,4.22,38.7,5.64,6.65,125,GOOD
rd_7602,ses_3494,2026-10-02T06:42:28.000Z,3.64,4.77,38.6,5.70,6.65,127,GOOD
rd_7603,ses_3494,2026-10-02T06:42:36.000Z,3.55,5.30,38.7,5.67,6.67,134,GOOD
rd_7604,ses_3494,2026-10-02T06:42:44.000Z,3.59,5.84,38.5,5.69,6.65,132,GOOD
rd_7605,ses_3494,2026-10-02T06:42:52.000Z,3.71,6.39,38.7,5.67,6.64,122,GOOD
rd_7606,ses_3494,2026-10-02T06:43:00.000Z,3.65,6.94,38.7,5.68,6.64,126,GOOD
rd_7607,ses_3494,2026-10-02T06:43:08.000Z,3.71,7.50,38.7,5.64,6.64,132,GOOD
rd_7608,ses_3494,2026-10-02T06:43:16.000Z,3.57,8.03,38.6,5.69,6.66,128,GOOD
rd_7609,ses_3494,2026-10-02T06:43:24.000Z,3.56,8.57,38.6,5.66,6.66,127,GOOD
rd_7610,ses_3494,2026-10-02T06:43:32.000Z,3.6,9.11,38.5,5.67,6.66,119,GOOD
rd_7611,ses_3494,2026-10-02T06:43:40.000Z,3.75,9.67,38.6,5.65,6.66,133,GOOD
rd_7612,ses_3494,2026-10-02T06:43:48.000Z,3.35,10.17,38.5,5.69,6.64,132,GOOD
rd_7613,ses_3494,2026-10-02T06:43:56.000Z,2.93,10.61,38.6,5.66,6.67,129,GOOD
rd_7614,ses_3494,2026-10-02T06:44:04.000Z,2.51,10.99,38.6,5.64,6.66,122,GOOD
rd_7615,ses_3494,2026-10-02T06:44:12.000Z,2.09,11.30,38.5,5.64,6.64,123,GOOD
rd_7616,ses_3494,2026-10-02T06:44:20.000Z,1.67,11.55,38.6,5.64,6.67,128,GOOD
rd_7617,ses_3494,2026-10-02T06:44:28.000Z,1.26,11.74,38.5,5.67,6.65,123,GOOD
rd_7618,ses_3494,2026-10-02T06:44:36.000Z,0.84,11.87,38.6,5.66,6.67,122,GOOD
rd_7619,ses_3494,2026-10-02T06:44:44.000Z,0.42,11.93,38.7,5.64,6.64,127,GOOD
rd_7620,ses_3494,2026-10-02T06:44:52.000Z,0.05,11.94,38.5,5.70,6.64,119,GOOD
rd_7621,ses_3495,2026-10-02T06:55:00.000Z,0.05,0.01,38.7,5.46,6.66,127,GOOD
rd_7622,ses_3495,2026-10-02T06:55:08.000Z,0.66,0.11,38.7,5.46,6.65,120,GOOD
rd_7623,ses_3495,2026-10-02T06:55:16.000Z,1.31,0.30,38.6,5.42,6.67,130,GOOD
rd_7624,ses_3495,2026-10-02T06:55:24.000Z,1.97,0.60,38.6,5.39,6.66,124,GOOD
rd_7625,ses_3495,2026-10-02T06:55:32.000Z,2.62,0.99,38.6,5.40,6.65,127,GOOD
rd_7626,ses_3495,2026-10-02T06:55:40.000Z,3.28,1.48,38.5,5.41,6.69,122,GOOD
rd_7627,ses_3495,2026-10-02T06:55:48.000Z,3.66,2.03,38.7,5.41,6.67,121,GOOD
rd_7628,ses_3495,2026-10-02T06:55:56.000Z,3.81,2.60,38.6,5.46,6.67,116,GOOD
rd_7629,ses_3495,2026-10-02T06:56:04.000Z,3.83,3.18,38.5,5.45,6.66,121,GOOD
rd_7630,ses_3495,2026-10-02T06:56:12.000Z,3.68,3.73,38.6,5.41,6.67,128,GOOD
rd_7631,ses_3495,2026-10-02T06:56:20.000Z,3.81,4.30,38.7,5.46,6.68,126,GOOD
rd_7632,ses_3495,2026-10-02T06:56:28.000Z,3.68,4.85,38.6,5.45,6.69,127,GOOD
rd_7633,ses_3495,2026-10-02T06:56:36.000Z,3.78,5.42,38.6,5.47,6.66,124,GOOD
rd_7634,ses_3495,2026-10-02T06:56:44.000Z,3.84,6.00,38.6,5.40,6.69,127,GOOD
rd_7635,ses_3495,2026-10-02T06:56:52.000Z,3.69,6.55,38.5,5.43,6.68,118,GOOD
rd_7636,ses_3495,2026-10-02T06:57:00.000Z,3.69,7.10,38.6,5.45,6.68,127,GOOD
rd_7637,ses_3495,2026-10-02T06:57:08.000Z,3.87,7.68,38.6,5.47,6.68,119,GOOD
rd_7638,ses_3495,2026-10-02T06:57:16.000Z,3.79,8.25,38.7,5.42,6.67,117,GOOD
rd_7639,ses_3495,2026-10-02T06:57:24.000Z,3.86,8.83,38.7,5.41,6.68,115,GOOD
rd_7640,ses_3495,2026-10-02T06:57:32.000Z,3.82,9.41,38.5,5.42,6.66,124,GOOD
rd_7641,ses_3495,2026-10-02T06:57:40.000Z,3.72,9.96,38.7,5.41,6.65,129,GOOD
rd_7642,ses_3495,2026-10-02T06:57:48.000Z,3.49,10.49,38.5,5.41,6.67,117,GOOD
rd_7643,ses_3495,2026-10-02T06:57:56.000Z,3.06,10.95,38.6,5.46,6.65,128,GOOD
rd_7644,ses_3495,2026-10-02T06:58:04.000Z,2.62,11.34,38.6,5.40,6.67,117,GOOD
rd_7645,ses_3495,2026-10-02T06:58:12.000Z,2.18,11.67,38.5,5.44,6.68,127,GOOD
rd_7646,ses_3495,2026-10-02T06:58:20.000Z,1.75,11.93,38.5,5.45,6.65,126,GOOD
rd_7647,ses_3495,2026-10-02T06:58:28.000Z,1.31,12.12,38.6,5.44,6.68,121,GOOD
rd_7648,ses_3495,2026-10-02T06:58:36.000Z,0.87,12.26,38.6,5.41,6.66,125,GOOD
rd_7649,ses_3495,2026-10-02T06:58:44.000Z,0.44,12.32,38.5,5.39,6.65,118,GOOD
rd_7650,ses_3495,2026-10-02T06:58:52.000Z,0.05,12.33,38.6,5.44,6.68,120,GOOD
rd_7651,ses_3496,2026-10-02T07:14:00.000Z,0.05,0.01,38.8,5.61,6.60,127,GOOD
rd_7652,ses_3496,2026-10-02T07:14:08.000Z,0.6,0.10,38.7,5.56,6.62,130,GOOD
rd_7653,ses_3496,2026-10-02T07:14:16.000Z,1.2,0.28,38.8,5.57,6.61,140,GOOD
rd_7654,ses_3496,2026-10-02T07:14:24.000Z,1.8,0.55,38.7,5.56,6.60,141,GOOD
rd_7655,ses_3496,2026-10-02T07:14:32.000Z,2.4,0.91,38.7,5.62,6.59,136,GOOD
rd_7656,ses_3496,2026-10-02T07:14:40.000Z,3,1.36,38.6,5.63,6.61,140,GOOD
rd_7657,ses_3496,2026-10-02T07:14:48.000Z,3.35,1.86,38.7,5.56,6.60,142,GOOD
rd_7658,ses_3496,2026-10-02T07:14:56.000Z,3.5,2.38,38.7,5.58,6.60,133,GOOD
rd_7659,ses_3496,2026-10-02T07:15:04.000Z,3.43,2.90,38.7,5.59,6.60,141,GOOD
rd_7660,ses_3496,2026-10-02T07:15:12.000Z,3.48,3.42,38.7,5.60,6.61,132,GOOD
rd_7661,ses_3496,2026-10-02T07:15:20.000Z,3.38,3.93,38.8,5.56,6.60,131,GOOD
rd_7662,ses_3496,2026-10-02T07:15:28.000Z,3.34,4.43,38.7,5.60,6.60,128,GOOD
rd_7663,ses_3496,2026-10-02T07:15:36.000Z,3.56,4.96,38.8,5.58,6.62,139,GOOD
rd_7664,ses_3496,2026-10-02T07:15:44.000Z,3.46,5.48,38.8,5.59,6.61,137,GOOD
rd_7665,ses_3496,2026-10-02T07:15:52.000Z,3.35,5.98,38.8,5.62,6.60,139,GOOD
rd_7666,ses_3496,2026-10-02T07:16:00.000Z,3.5,6.51,38.7,5.57,6.59,130,GOOD
rd_7667,ses_3496,2026-10-02T07:16:08.000Z,3.52,7.04,38.8,5.61,6.62,135,GOOD
rd_7668,ses_3496,2026-10-02T07:16:16.000Z,3.58,7.58,38.6,5.56,6.63,133,GOOD
rd_7669,ses_3496,2026-10-02T07:16:24.000Z,3.52,8.10,38.8,5.55,6.60,126,GOOD
rd_7670,ses_3496,2026-10-02T07:16:32.000Z,3.51,8.63,38.7,5.60,6.63,134,GOOD
rd_7671,ses_3496,2026-10-02T07:16:40.000Z,3.4,9.14,38.6,5.58,6.62,131,GOOD
rd_7672,ses_3496,2026-10-02T07:16:48.000Z,3.2,9.62,38.7,5.63,6.62,127,GOOD
rd_7673,ses_3496,2026-10-02T07:16:56.000Z,2.8,10.04,38.6,5.56,6.60,133,GOOD
rd_7674,ses_3496,2026-10-02T07:17:04.000Z,2.4,10.40,38.7,5.57,6.62,127,GOOD
rd_7675,ses_3496,2026-10-02T07:17:12.000Z,2,10.70,38.8,5.56,6.59,133,GOOD
rd_7676,ses_3496,2026-10-02T07:17:20.000Z,1.6,10.94,38.6,5.60,6.61,141,GOOD
rd_7677,ses_3496,2026-10-02T07:17:28.000Z,1.2,11.12,38.6,5.58,6.60,140,GOOD
rd_7678,ses_3496,2026-10-02T07:17:36.000Z,0.8,11.24,38.7,5.58,6.63,136,GOOD
rd_7679,ses_3496,2026-10-02T07:17:44.000Z,0.4,11.30,38.7,5.56,6.61,130,GOOD
rd_7680,ses_3496,2026-10-02T07:17:52.000Z,0.05,11.31,38.6,5.61,6.62,127,GOOD
rd_7681,ses_3497,2026-10-02T06:25:00.000Z,0.05,0.01,38.8,5.66,6.68,148,GOOD
rd_7682,ses_3497,2026-10-02T06:25:08.000Z,0.63,0.10,38.8,5.66,6.66,132,GOOD
rd_7683,ses_3497,2026-10-02T06:25:16.000Z,1.27,0.29,38.9,5.67,6.65,140,GOOD
rd_7684,ses_3497,2026-10-02T06:25:24.000Z,1.9,0.58,38.8,5.66,6.69,146,GOOD
rd_7685,ses_3497,2026-10-02T06:25:32.000Z,2.53,0.96,38.8,5.68,6.65,137,GOOD
rd_7686,ses_3497,2026-10-02T06:25:40.000Z,3.16,1.43,38.7,5.64,6.69,140,GOOD
rd_7687,ses_3497,2026-10-02T06:25:48.000Z,3.8,2.00,38.7,5.65,6.68,143,GOOD
rd_7688,ses_3497,2026-10-02T06:25:56.000Z,3.66,2.55,38.8,5.63,6.67,147,GOOD
rd_7689,ses_3497,2026-10-02T06:26:04.000Z,3.74,3.11,38.8,5.62,6.69,135,GOOD
rd_7690,ses_3497,2026-10-02T06:26:12.000Z,3.69,3.66,38.8,5.68,6.65,140,GOOD
rd_7691,ses_3497,2026-10-02T06:26:20.000Z,3.72,4.22,38.8,5.67,6.68,140,GOOD
rd_7692,ses_3497,2026-10-02T06:26:28.000Z,3.68,4.77,38.7,5.67,6.68,142,GOOD
rd_7693,ses_3497,2026-10-02T06:26:36.000Z,3.64,5.32,38.8,5.68,6.66,144,GOOD
rd_7694,ses_3497,2026-10-02T06:26:44.000Z,3.64,5.87,38.9,5.66,6.67,146,GOOD
rd_7695,ses_3497,2026-10-02T06:26:52.000Z,3.63,6.41,38.9,5.68,6.67,141,GOOD
rd_7696,ses_3497,2026-10-02T06:27:00.000Z,3.65,6.96,38.8,5.69,6.65,141,GOOD
rd_7697,ses_3497,2026-10-02T06:27:08.000Z,3.65,7.51,38.9,5.68,6.67,140,GOOD
rd_7698,ses_3497,2026-10-02T06:27:16.000Z,3.64,8.05,38.9,5.67,6.68,143,GOOD
rd_7699,ses_3497,2026-10-02T06:27:24.000Z,3.63,8.60,38.8,5.68,6.68,133,GOOD
rd_7700,ses_3497,2026-10-02T06:27:32.000Z,3.62,9.14,38.9,5.64,6.65,140,GOOD
rd_7701,ses_3497,2026-10-02T06:27:40.000Z,3.81,9.71,38.9,5.67,6.67,139,GOOD
rd_7702,ses_3497,2026-10-02T06:27:48.000Z,3.37,10.22,38.8,5.64,6.68,138,GOOD
rd_7703,ses_3497,2026-10-02T06:27:56.000Z,2.95,10.66,38.8,5.63,6.69,134,GOOD
rd_7704,ses_3497,2026-10-02T06:28:04.000Z,2.53,11.04,38.7,5.66,6.66,134,GOOD
rd_7705,ses_3497,2026-10-02T06:28:12.000Z,2.11,11.36,38.9,5.67,6.67,137,GOOD
rd_7706,ses_3497,2026-10-02T06:28:20.000Z,1.69,11.61,38.8,5.66,6.66,136,GOOD
rd_7707,ses_3497,2026-10-02T06:28:28.000Z,1.27,11.80,38.9,5.65,6.69,144,GOOD
rd_7708,ses_3497,2026-10-02T06:28:36.000Z,0.84,11.93,38.8,5.64,6.66,138,GOOD
rd_7709,ses_3497,2026-10-02T06:28:44.000Z,0.42,11.99,38.7,5.62,6.67,147,GOOD
rd_7710,ses_3497,2026-10-02T06:28:52.000Z,0.05,12.00,38.8,5.68,6.66,138,GOOD
rd_7711,ses_3498,2026-10-02T07:06:00.000Z,0.05,0.01,38.4,5.50,6.68,143,GOOD
rd_7712,ses_3498,2026-10-02T07:06:08.000Z,0.69,0.11,38.3,5.50,6.70,145,GOOD
rd_7713,ses_3498,2026-10-02T07:06:16.000Z,1.37,0.32,38.4,5.56,6.69,136,GOOD
rd_7714,ses_3498,2026-10-02T07:06:24.000Z,2.06,0.63,38.4,5.50,6.70,148,GOOD
rd_7715,ses_3498,2026-10-02T07:06:32.000Z,2.74,1.04,38.4,5.48,6.69,136,GOOD
rd_7716,ses_3498,2026-10-02T07:06:40.000Z,3.43,1.55,38.5,5.55,6.68,143,GOOD
rd_7717,ses_3498,2026-10-02T07:06:48.000Z,3.9,2.14,38.4,5.55,6.69,135,GOOD
rd_7718,ses_3498,2026-10-02T07:06:56.000Z,3.94,2.73,38.4,5.56,6.69,135,GOOD
rd_7719,ses_3498,2026-10-02T07:07:04.000Z,3.95,3.32,38.4,5.52,6.69,148,GOOD
rd_7720,ses_3498,2026-10-02T07:07:12.000Z,3.85,3.90,38.5,5.49,6.66,138,GOOD
rd_7721,ses_3498,2026-10-02T07:07:20.000Z,4.13,4.52,38.5,5.56,6.68,142,GOOD
rd_7722,ses_3498,2026-10-02T07:07:28.000Z,3.88,5.10,38.4,5.53,6.66,145,GOOD
rd_7723,ses_3498,2026-10-02T07:07:36.000Z,4,5.70,38.4,5.54,6.70,146,GOOD
rd_7724,ses_3498,2026-10-02T07:07:44.000Z,4.07,6.31,38.4,5.53,6.69,139,GOOD
rd_7725,ses_3498,2026-10-02T07:07:52.000Z,4.01,6.91,38.5,5.50,6.69,136,GOOD
rd_7726,ses_3498,2026-10-02T07:08:00.000Z,3.85,7.49,38.4,5.54,6.68,140,GOOD
rd_7727,ses_3498,2026-10-02T07:08:08.000Z,4.01,8.09,38.4,5.54,6.69,134,GOOD
rd_7728,ses_3498,2026-10-02T07:08:16.000Z,3.89,8.67,38.3,5.50,6.66,147,GOOD
rd_7729,ses_3498,2026-10-02T07:08:24.000Z,4,9.27,38.3,5.50,6.69,142,GOOD
rd_7730,ses_3498,2026-10-02T07:08:32.000Z,4,9.87,38.4,5.52,6.69,149,GOOD
rd_7731,ses_3498,2026-10-02T07:08:40.000Z,3.88,10.46,38.3,5.54,6.67,142,GOOD
rd_7732,ses_3498,2026-10-02T07:08:48.000Z,3.66,11.00,38.4,5.51,6.67,140,GOOD
rd_7733,ses_3498,2026-10-02T07:08:56.000Z,3.2,11.48,38.3,5.54,6.69,144,GOOD
rd_7734,ses_3498,2026-10-02T07:09:04.000Z,2.74,11.89,38.4,5.55,6.67,138,GOOD
rd_7735,ses_3498,2026-10-02T07:09:12.000Z,2.29,12.24,38.5,5.52,6.70,135,GOOD
rd_7736,ses_3498,2026-10-02T07:09:20.000Z,1.83,12.51,38.3,5.48,6.69,137,GOOD
rd_7737,ses_3498,2026-10-02T07:09:28.000Z,1.37,12.72,38.5,5.53,6.67,143,GOOD
rd_7738,ses_3498,2026-10-02T07:09:36.000Z,0.91,12.86,38.5,5.50,6.67,148,GOOD
rd_7739,ses_3498,2026-10-02T07:09:44.000Z,0.46,12.92,38.3,5.51,6.69,149,GOOD
rd_7740,ses_3498,2026-10-02T07:09:52.000Z,0.05,12.93,38.3,5.50,6.69,139,GOOD
rd_7741,ses_3499,2026-10-02T06:54:00.000Z,0.05,0.01,38.5,5.59,6.66,152,GOOD
rd_7742,ses_3499,2026-10-02T06:54:08.000Z,0.6,0.10,38.6,5.53,6.65,149,GOOD
rd_7743,ses_3499,2026-10-02T06:54:16.000Z,1.2,0.28,38.6,5.60,6.65,156,GOOD
rd_7744,ses_3499,2026-10-02T06:54:24.000Z,1.79,0.55,38.7,5.58,6.66,141,GOOD
rd_7745,ses_3499,2026-10-02T06:54:32.000Z,2.39,0.90,38.6,5.61,6.64,153,GOOD
rd_7746,ses_3499,2026-10-02T06:54:40.000Z,2.99,1.35,38.5,5.54,6.63,151,GOOD
rd_7747,ses_3499,2026-10-02T06:54:48.000Z,3.33,1.85,38.7,5.59,6.64,150,GOOD
rd_7748,ses_3499,2026-10-02T06:54:56.000Z,3.6,2.39,38.6,5.59,6.66,148,GOOD
rd_7749,ses_3499,2026-10-02T06:55:04.000Z,3.49,2.92,38.6,5.54,6.66,148,GOOD
rd_7750,ses_3499,2026-10-02T06:55:12.000Z,3.36,3.42,38.7,5.54,6.66,143,GOOD
rd_7751,ses_3499,2026-10-02T06:55:20.000Z,3.55,3.95,38.5,5.54,6.67,155,GOOD
rd_7752,ses_3499,2026-10-02T06:55:28.000Z,3.43,4.47,38.6,5.59,6.67,153,GOOD
rd_7753,ses_3499,2026-10-02T06:55:36.000Z,3.47,4.99,38.6,5.54,6.63,148,GOOD
rd_7754,ses_3499,2026-10-02T06:55:44.000Z,3.49,5.51,38.7,5.60,6.63,152,GOOD
rd_7755,ses_3499,2026-10-02T06:55:52.000Z,3.45,6.03,38.6,5.57,6.64,151,GOOD
rd_7756,ses_3499,2026-10-02T06:56:00.000Z,3.32,6.53,38.5,5.53,6.65,149,GOOD
rd_7757,ses_3499,2026-10-02T06:56:08.000Z,3.54,7.06,38.5,5.60,6.66,154,GOOD
rd_7758,ses_3499,2026-10-02T06:56:16.000Z,3.34,7.56,38.6,5.58,6.65,147,GOOD
rd_7759,ses_3499,2026-10-02T06:56:24.000Z,3.61,8.10,38.7,5.58,6.63,142,GOOD
rd_7760,ses_3499,2026-10-02T06:56:32.000Z,3.58,8.64,38.5,5.54,6.64,143,GOOD
rd_7761,ses_3499,2026-10-02T06:56:40.000Z,3.33,9.14,38.6,5.54,6.67,144,GOOD
rd_7762,ses_3499,2026-10-02T06:56:48.000Z,3.19,9.62,38.5,5.59,6.65,145,GOOD
rd_7763,ses_3499,2026-10-02T06:56:56.000Z,2.79,10.03,38.6,5.60,6.66,154,GOOD
rd_7764,ses_3499,2026-10-02T06:57:04.000Z,2.39,10.39,38.7,5.60,6.64,143,GOOD
rd_7765,ses_3499,2026-10-02T06:57:12.000Z,1.99,10.69,38.6,5.55,6.67,156,GOOD
rd_7766,ses_3499,2026-10-02T06:57:20.000Z,1.6,10.93,38.7,5.54,6.66,154,GOOD
rd_7767,ses_3499,2026-10-02T06:57:28.000Z,1.2,11.11,38.6,5.58,6.65,154,GOOD
rd_7768,ses_3499,2026-10-02T06:57:36.000Z,0.8,11.23,38.6,5.56,6.66,155,GOOD
rd_7769,ses_3499,2026-10-02T06:57:44.000Z,0.4,11.29,38.5,5.60,6.63,144,GOOD
rd_7770,ses_3499,2026-10-02T06:57:52.000Z,0.05,11.30,38.6,5.59,6.63,151,GOOD
rd_7771,ses_3500,2026-10-02T06:38:00.000Z,0.05,0.01,38.7,5.37,6.67,95,GOOD
rd_7772,ses_3500,2026-10-02T06:38:08.000Z,0.66,0.11,38.7,5.41,6.65,93,GOOD
rd_7773,ses_3500,2026-10-02T06:38:16.000Z,1.31,0.30,38.7,5.39,6.67,86,GOOD
rd_7774,ses_3500,2026-10-02T06:38:24.000Z,1.97,0.60,38.8,5.44,6.66,90,GOOD
rd_7775,ses_3500,2026-10-02T06:38:32.000Z,2.63,0.99,38.7,5.44,6.68,83,GOOD
rd_7776,ses_3500,2026-10-02T06:38:40.000Z,3.28,1.48,38.8,5.39,6.69,86,GOOD
rd_7777,ses_3500,2026-10-02T06:38:48.000Z,3.88,2.07,38.7,5.39,6.66,95,GOOD
rd_7778,ses_3500,2026-10-02T06:38:56.000Z,3.7,2.62,38.6,5.39,6.67,94,GOOD
rd_7779,ses_3500,2026-10-02T06:39:04.000Z,3.7,3.18,38.7,5.38,6.68,83,GOOD
rd_7780,ses_3500,2026-10-02T06:39:12.000Z,3.96,3.77,38.7,5.39,6.66,85,GOOD
rd_7781,ses_3500,2026-10-02T06:39:20.000Z,3.96,4.37,38.6,5.45,6.69,92,GOOD
rd_7782,ses_3500,2026-10-02T06:39:28.000Z,3.88,4.95,38.8,5.42,6.67,92,GOOD
rd_7783,ses_3500,2026-10-02T06:39:36.000Z,3.69,5.50,38.6,5.41,6.67,90,GOOD
rd_7784,ses_3500,2026-10-02T06:39:44.000Z,3.84,6.08,38.7,5.39,6.66,89,GOOD
rd_7785,ses_3500,2026-10-02T06:39:52.000Z,3.83,6.65,38.6,5.44,6.65,89,GOOD
rd_7786,ses_3500,2026-10-02T06:40:00.000Z,3.77,7.22,38.7,5.43,6.67,83,GOOD
rd_7787,ses_3500,2026-10-02T06:40:08.000Z,3.79,7.79,38.7,5.44,6.66,86,GOOD
rd_7788,ses_3500,2026-10-02T06:40:16.000Z,3.95,8.38,38.7,5.43,6.69,97,GOOD
rd_7789,ses_3500,2026-10-02T06:40:24.000Z,3.94,8.97,38.7,5.37,6.68,84,GOOD
rd_7790,ses_3500,2026-10-02T06:40:32.000Z,3.78,9.54,38.7,5.38,6.66,85,GOOD
rd_7791,ses_3500,2026-10-02T06:40:40.000Z,3.81,10.11,38.8,5.39,6.67,92,GOOD
rd_7792,ses_3500,2026-10-02T06:40:48.000Z,3.5,10.63,38.7,5.44,6.67,82,GOOD
rd_7793,ses_3500,2026-10-02T06:40:56.000Z,3.07,11.09,38.8,5.41,6.67,82,GOOD
rd_7794,ses_3500,2026-10-02T06:41:04.000Z,2.63,11.49,38.7,5.39,6.67,92,GOOD
rd_7795,ses_3500,2026-10-02T06:41:12.000Z,2.19,11.82,38.7,5.37,6.67,87,GOOD
rd_7796,ses_3500,2026-10-02T06:41:20.000Z,1.75,12.08,38.7,5.41,6.67,87,GOOD
rd_7797,ses_3500,2026-10-02T06:41:28.000Z,1.31,12.27,38.8,5.38,6.65,87,GOOD
rd_7798,ses_3500,2026-10-02T06:41:36.000Z,0.88,12.41,38.6,5.42,6.69,95,GOOD
rd_7799,ses_3500,2026-10-02T06:41:44.000Z,0.44,12.47,38.7,5.39,6.69,93,GOOD
rd_7800,ses_3500,2026-10-02T06:41:52.000Z,0.05,12.48,38.6,5.39,6.65,93,GOOD
rd_7801,ses_3501,2026-10-02T06:07:00.000Z,0.05,0.01,38.9,6.25,6.82,184,GOOD
rd_7802,ses_3501,2026-10-02T06:07:08.000Z,0.72,0.12,38.9,6.23,6.81,185,GOOD
rd_7803,ses_3501,2026-10-02T06:07:16.000Z,1.44,0.33,38.8,6.25,6.80,178,GOOD
rd_7804,ses_3501,2026-10-02T06:07:24.000Z,2.16,0.66,38.8,6.19,6.83,182,GOOD
rd_7805,ses_3501,2026-10-02T06:07:32.000Z,2.88,1.09,38.8,6.22,6.82,176,GOOD
rd_7806,ses_3501,2026-10-02T06:07:40.000Z,3.59,1.63,38.9,6.25,6.81,186,GOOD
rd_7807,ses_3501,2026-10-02T06:07:48.000Z,4.13,2.25,38.7,6.24,6.82,185,GOOD
rd_7808,ses_3501,2026-10-02T06:07:56.000Z,4.24,2.88,38.7,6.27,6.82,181,GOOD
rd_7809,ses_3501,2026-10-02T06:08:04.000Z,4.2,3.51,38.9,6.25,6.82,177,GOOD
rd_7810,ses_3501,2026-10-02T06:08:12.000Z,4.22,4.14,38.7,6.24,6.82,182,GOOD
rd_7811,ses_3501,2026-10-02T06:08:20.000Z,4.13,4.76,38.9,6.26,6.79,173,GOOD
rd_7812,ses_3501,2026-10-02T06:08:28.000Z,4.04,5.37,38.8,6.20,6.83,175,GOOD
rd_7813,ses_3501,2026-10-02T06:08:36.000Z,4.03,5.97,38.7,6.21,6.81,176,GOOD
rd_7814,ses_3501,2026-10-02T06:08:44.000Z,4.12,6.59,38.8,6.25,6.80,178,GOOD
rd_7815,ses_3501,2026-10-02T06:08:52.000Z,4.08,7.20,38.9,6.25,6.81,173,GOOD
rd_7816,ses_3501,2026-10-02T06:09:00.000Z,4.09,7.82,38.9,6.19,6.80,181,GOOD
rd_7817,ses_3501,2026-10-02T06:09:08.000Z,4.03,8.42,38.7,6.20,6.79,178,GOOD
rd_7818,ses_3501,2026-10-02T06:09:16.000Z,4.26,9.06,38.8,6.23,6.80,184,GOOD
rd_7819,ses_3501,2026-10-02T06:09:24.000Z,4.13,9.68,38.8,6.21,6.81,175,GOOD
rd_7820,ses_3501,2026-10-02T06:09:32.000Z,4.12,10.30,38.8,6.25,6.82,187,GOOD
rd_7821,ses_3501,2026-10-02T06:09:40.000Z,4.29,10.94,38.8,6.24,6.83,173,GOOD
rd_7822,ses_3501,2026-10-02T06:09:48.000Z,3.83,11.52,38.9,6.27,6.80,184,GOOD
rd_7823,ses_3501,2026-10-02T06:09:56.000Z,3.36,12.02,38.8,6.20,6.80,185,GOOD
rd_7824,ses_3501,2026-10-02T06:10:04.000Z,2.88,12.45,38.8,6.21,6.80,175,GOOD
rd_7825,ses_3501,2026-10-02T06:10:12.000Z,2.4,12.81,38.7,6.23,6.80,184,GOOD
rd_7826,ses_3501,2026-10-02T06:10:20.000Z,1.92,13.10,38.7,6.25,6.82,184,GOOD
rd_7827,ses_3501,2026-10-02T06:10:28.000Z,1.44,13.32,38.7,6.25,6.81,185,GOOD
rd_7828,ses_3501,2026-10-02T06:10:36.000Z,0.96,13.46,38.9,6.23,6.81,176,GOOD
rd_7829,ses_3501,2026-10-02T06:10:44.000Z,0.48,13.53,38.9,6.24,6.80,179,GOOD
rd_7830,ses_3501,2026-10-02T06:10:52.000Z,0.05,13.54,38.8,6.21,6.83,172,GOOD
rd_7831,ses_3502,2026-10-02T07:00:00.000Z,0.05,0.01,38.7,6.32,6.74,189,GOOD
rd_7832,ses_3502,2026-10-02T07:00:08.000Z,0.62,0.10,38.9,6.33,6.74,182,GOOD
rd_7833,ses_3502,2026-10-02T07:00:16.000Z,1.24,0.29,38.8,6.35,6.75,182,GOOD
rd_7834,ses_3502,2026-10-02T07:00:24.000Z,1.86,0.57,38.7,6.31,6.74,181,GOOD
rd_7835,ses_3502,2026-10-02T07:00:32.000Z,2.48,0.94,38.9,6.32,6.74,184,GOOD
rd_7836,ses_3502,2026-10-02T07:00:40.000Z,3.09,1.40,38.8,6.34,6.73,193,GOOD
rd_7837,ses_3502,2026-10-02T07:00:48.000Z,3.66,1.95,38.8,6.34,6.74,180,GOOD
rd_7838,ses_3502,2026-10-02T07:00:56.000Z,3.7,2.51,38.8,6.37,6.75,192,GOOD
rd_7839,ses_3502,2026-10-02T07:01:04.000Z,3.72,3.06,38.8,6.33,6.76,190,GOOD
rd_7840,ses_3502,2026-10-02T07:01:12.000Z,3.53,3.59,38.8,6.35,6.76,183,GOOD
rd_7841,ses_3502,2026-10-02T07:01:20.000Z,3.71,4.15,38.8,6.37,6.76,185,GOOD
rd_7842,ses_3502,2026-10-02T07:01:28.000Z,3.7,4.70,38.8,6.34,6.75,192,GOOD
rd_7843,ses_3502,2026-10-02T07:01:36.000Z,3.52,5.23,38.8,6.36,6.73,190,GOOD
rd_7844,ses_3502,2026-10-02T07:01:44.000Z,3.65,5.78,38.7,6.38,6.75,179,GOOD
rd_7845,ses_3502,2026-10-02T07:01:52.000Z,3.64,6.33,38.8,6.30,6.74,191,GOOD
rd_7846,ses_3502,2026-10-02T07:02:00.000Z,3.5,6.85,38.8,6.36,6.76,185,GOOD
rd_7847,ses_3502,2026-10-02T07:02:08.000Z,3.7,7.41,38.9,6.30,6.76,185,GOOD
rd_7848,ses_3502,2026-10-02T07:02:16.000Z,3.73,7.97,38.9,6.37,6.75,187,GOOD
rd_7849,ses_3502,2026-10-02T07:02:24.000Z,3.5,8.49,38.7,6.31,6.73,183,GOOD
rd_7850,ses_3502,2026-10-02T07:02:32.000Z,3.52,9.02,38.8,6.30,6.77,191,GOOD
rd_7851,ses_3502,2026-10-02T07:02:40.000Z,3.73,9.58,38.7,6.32,6.76,190,GOOD
rd_7852,ses_3502,2026-10-02T07:02:48.000Z,3.3,10.07,38.7,6.33,6.73,185,GOOD
rd_7853,ses_3502,2026-10-02T07:02:56.000Z,2.89,10.51,38.8,6.37,6.74,188,GOOD
rd_7854,ses_3502,2026-10-02T07:03:04.000Z,2.48,10.88,38.8,6.33,6.75,179,GOOD
rd_7855,ses_3502,2026-10-02T07:03:12.000Z,2.06,11.19,38.8,6.31,6.76,178,GOOD
rd_7856,ses_3502,2026-10-02T07:03:20.000Z,1.65,11.43,38.7,6.37,6.76,186,GOOD
rd_7857,ses_3502,2026-10-02T07:03:28.000Z,1.24,11.62,38.9,6.36,6.74,187,GOOD
rd_7858,ses_3502,2026-10-02T07:03:36.000Z,0.83,11.75,38.8,6.33,6.77,181,GOOD
rd_7859,ses_3502,2026-10-02T07:03:44.000Z,0.41,11.81,38.8,6.37,6.76,180,GOOD
rd_7860,ses_3502,2026-10-02T07:03:52.000Z,0.05,11.81,38.8,6.37,6.76,191,GOOD
rd_7861,ses_3503,2026-10-02T06:56:00.000Z,0.05,0.01,38.9,6.12,6.78,213,GOOD
rd_7862,ses_3503,2026-10-02T06:56:08.000Z,0.68,0.11,38.8,6.15,6.79,207,GOOD
rd_7863,ses_3503,2026-10-02T06:56:16.000Z,1.36,0.31,38.8,6.16,6.82,218,GOOD
rd_7864,ses_3503,2026-10-02T06:56:24.000Z,2.03,0.62,38.9,6.19,6.81,210,GOOD
rd_7865,ses_3503,2026-10-02T06:56:32.000Z,2.71,1.02,38.8,6.14,6.78,216,GOOD
rd_7866,ses_3503,2026-10-02T06:56:40.000Z,3.39,1.53,38.8,6.13,6.78,210,GOOD
rd_7867,ses_3503,2026-10-02T06:56:48.000Z,3.9,2.12,38.9,6.16,6.80,212,GOOD
rd_7868,ses_3503,2026-10-02T06:56:56.000Z,4,2.72,38.9,6.15,6.81,210,GOOD
rd_7869,ses_3503,2026-10-02T06:57:04.000Z,3.99,3.32,39.0,6.13,6.79,216,GOOD
rd_7870,ses_3503,2026-10-02T06:57:12.000Z,4.03,3.92,38.9,6.14,6.81,210,GOOD
rd_7871,ses_3503,2026-10-02T06:57:20.000Z,4,4.52,38.9,6.16,6.78,217,GOOD
rd_7872,ses_3503,2026-10-02T06:57:28.000Z,3.93,5.11,39.0,6.14,6.79,217,GOOD
rd_7873,ses_3503,2026-10-02T06:57:36.000Z,3.93,5.70,39.0,6.13,6.79,212,GOOD
rd_7874,ses_3503,2026-10-02T06:57:44.000Z,3.99,6.30,39.0,6.12,6.80,215,GOOD
rd_7875,ses_3503,2026-10-02T06:57:52.000Z,3.87,6.88,38.9,6.14,6.79,206,GOOD
rd_7876,ses_3503,2026-10-02T06:58:00.000Z,3.91,7.47,38.9,6.16,6.80,209,GOOD
rd_7877,ses_3503,2026-10-02T06:58:08.000Z,4.03,8.07,39.0,6.17,6.82,211,GOOD
rd_7878,ses_3503,2026-10-02T06:58:16.000Z,3.81,8.64,38.8,6.16,6.81,217,GOOD
rd_7879,ses_3503,2026-10-02T06:58:24.000Z,3.89,9.22,38.9,6.17,6.78,212,GOOD
rd_7880,ses_3503,2026-10-02T06:58:32.000Z,3.87,9.81,39.0,6.16,6.82,212,GOOD
rd_7881,ses_3503,2026-10-02T06:58:40.000Z,3.81,10.38,38.8,6.14,6.82,208,GOOD
rd_7882,ses_3503,2026-10-02T06:58:48.000Z,3.61,10.92,38.9,6.11,6.80,213,GOOD
rd_7883,ses_3503,2026-10-02T06:58:56.000Z,3.16,11.39,38.9,6.12,6.81,214,GOOD
rd_7884,ses_3503,2026-10-02T06:59:04.000Z,2.71,11.80,39.0,6.14,6.81,206,GOOD
rd_7885,ses_3503,2026-10-02T06:59:12.000Z,2.26,12.14,38.8,6.14,6.80,213,GOOD
rd_7886,ses_3503,2026-10-02T06:59:20.000Z,1.81,12.41,38.9,6.13,6.79,210,GOOD
rd_7887,ses_3503,2026-10-02T06:59:28.000Z,1.36,12.61,38.9,6.17,6.82,203,GOOD
rd_7888,ses_3503,2026-10-02T06:59:36.000Z,0.9,12.75,38.9,6.12,6.80,216,GOOD
rd_7889,ses_3503,2026-10-02T06:59:44.000Z,0.45,12.82,38.9,6.16,6.79,219,GOOD
rd_7890,ses_3503,2026-10-02T06:59:52.000Z,0.05,12.82,38.9,6.14,6.82,217,GOOD
rd_7891,ses_3504,2026-10-02T06:07:00.000Z,0.05,0.01,38.6,6.28,6.76,222,GOOD
rd_7892,ses_3504,2026-10-02T06:07:08.000Z,0.59,0.10,38.6,6.25,6.77,209,GOOD
rd_7893,ses_3504,2026-10-02T06:07:16.000Z,1.19,0.27,38.8,6.26,6.76,221,GOOD
rd_7894,ses_3504,2026-10-02T06:07:24.000Z,1.78,0.54,38.6,6.26,6.74,212,GOOD
rd_7895,ses_3504,2026-10-02T06:07:32.000Z,2.38,0.90,38.7,6.25,6.77,222,GOOD
rd_7896,ses_3504,2026-10-02T06:07:40.000Z,2.97,1.34,38.6,6.26,6.76,219,GOOD
rd_7897,ses_3504,2026-10-02T06:07:48.000Z,3.37,1.85,38.7,6.24,6.76,211,GOOD
rd_7898,ses_3504,2026-10-02T06:07:56.000Z,3.48,2.37,38.7,6.23,6.76,209,GOOD
rd_7899,ses_3504,2026-10-02T06:08:04.000Z,3.36,2.88,38.7,6.27,6.78,210,GOOD
rd_7900,ses_3504,2026-10-02T06:08:12.000Z,3.56,3.41,38.7,6.26,6.76,218,GOOD
rd_7901,ses_3504,2026-10-02T06:08:20.000Z,3.39,3.92,38.6,6.26,6.77,212,GOOD
rd_7902,ses_3504,2026-10-02T06:08:28.000Z,3.54,4.45,38.7,6.27,6.75,224,GOOD
rd_7903,ses_3504,2026-10-02T06:08:36.000Z,3.51,4.98,38.7,6.22,6.75,218,GOOD
rd_7904,ses_3504,2026-10-02T06:08:44.000Z,3.49,5.50,38.6,6.28,6.75,211,GOOD
rd_7905,ses_3504,2026-10-02T06:08:52.000Z,3.5,6.02,38.7,6.29,6.78,213,GOOD
rd_7906,ses_3504,2026-10-02T06:09:00.000Z,3.38,6.53,38.6,6.23,6.74,221,GOOD
rd_7907,ses_3504,2026-10-02T06:09:08.000Z,3.35,7.03,38.6,6.30,6.74,217,GOOD
rd_7908,ses_3504,2026-10-02T06:09:16.000Z,3.52,7.56,38.8,6.25,6.76,216,GOOD
rd_7909,ses_3504,2026-10-02T06:09:24.000Z,3.49,8.09,38.7,6.27,6.74,216,GOOD
rd_7910,ses_3504,2026-10-02T06:09:32.000Z,3.51,8.61,38.7,6.25,6.76,214,GOOD
rd_7911,ses_3504,2026-10-02T06:09:40.000Z,3.53,9.14,38.7,6.25,6.76,219,GOOD
rd_7912,ses_3504,2026-10-02T06:09:48.000Z,3.17,9.62,38.6,6.24,6.77,213,GOOD
rd_7913,ses_3504,2026-10-02T06:09:56.000Z,2.78,10.03,38.7,6.24,6.76,209,GOOD
rd_7914,ses_3504,2026-10-02T06:10:04.000Z,2.38,10.39,38.7,6.28,6.78,210,GOOD
rd_7915,ses_3504,2026-10-02T06:10:12.000Z,1.98,10.69,38.7,6.24,6.77,216,GOOD
rd_7916,ses_3504,2026-10-02T06:10:20.000Z,1.59,10.93,38.7,6.27,6.77,214,GOOD
rd_7917,ses_3504,2026-10-02T06:10:28.000Z,1.19,11.10,38.6,6.24,6.77,221,GOOD
rd_7918,ses_3504,2026-10-02T06:10:36.000Z,0.79,11.22,38.6,6.30,6.75,217,GOOD
rd_7919,ses_3504,2026-10-02T06:10:44.000Z,0.4,11.28,38.8,6.25,6.75,215,GOOD
rd_7920,ses_3504,2026-10-02T06:10:52.000Z,0.05,11.29,38.8,6.24,6.77,220,GOOD
rd_7921,ses_3505,2026-10-02T06:51:00.000Z,0.05,0.01,38.7,6.13,6.75,229,GOOD
rd_7922,ses_3505,2026-10-02T06:51:08.000Z,0.63,0.10,38.9,6.11,6.78,233,GOOD
rd_7923,ses_3505,2026-10-02T06:51:16.000Z,1.27,0.29,38.7,6.09,6.76,229,GOOD
rd_7924,ses_3505,2026-10-02T06:51:24.000Z,1.9,0.58,38.8,6.12,6.77,238,GOOD
rd_7925,ses_3505,2026-10-02T06:51:32.000Z,2.54,0.96,38.8,6.06,6.77,235,GOOD
rd_7926,ses_3505,2026-10-02T06:51:40.000Z,3.17,1.43,38.8,6.07,6.77,228,GOOD
rd_7927,ses_3505,2026-10-02T06:51:48.000Z,3.66,1.98,38.8,6.11,6.76,241,GOOD
rd_7928,ses_3505,2026-10-02T06:51:56.000Z,3.63,2.53,38.8,6.08,6.75,235,GOOD
rd_7929,ses_3505,2026-10-02T06:52:04.000Z,3.81,3.10,38.8,6.07,6.76,230,GOOD
rd_7930,ses_3505,2026-10-02T06:52:12.000Z,3.58,3.64,38.9,6.11,6.75,233,GOOD
rd_7931,ses_3505,2026-10-02T06:52:20.000Z,3.6,4.18,38.8,6.12,6.76,230,GOOD
rd_7932,ses_3505,2026-10-02T06:52:28.000Z,3.8,4.75,38.9,6.06,6.76,233,GOOD
rd_7933,ses_3505,2026-10-02T06:52:36.000Z,3.65,5.29,38.7,6.10,6.76,236,GOOD
rd_7934,ses_3505,2026-10-02T06:52:44.000Z,3.68,5.85,38.8,6.07,6.75,228,GOOD
rd_7935,ses_3505,2026-10-02T06:52:52.000Z,3.75,6.41,38.9,6.08,6.75,233,GOOD
rd_7936,ses_3505,2026-10-02T06:53:00.000Z,3.59,6.95,38.8,6.11,6.76,231,GOOD
rd_7937,ses_3505,2026-10-02T06:53:08.000Z,3.8,7.52,38.9,6.13,6.75,235,GOOD
rd_7938,ses_3505,2026-10-02T06:53:16.000Z,3.69,8.07,38.9,6.06,6.78,232,GOOD
rd_7939,ses_3505,2026-10-02T06:53:24.000Z,3.78,8.64,38.7,6.08,6.77,234,GOOD
rd_7940,ses_3505,2026-10-02T06:53:32.000Z,3.61,9.18,38.7,6.07,6.75,242,GOOD
rd_7941,ses_3505,2026-10-02T06:53:40.000Z,3.59,9.72,38.7,6.10,6.75,229,GOOD
rd_7942,ses_3505,2026-10-02T06:53:48.000Z,3.38,10.22,38.8,6.11,6.75,230,GOOD
rd_7943,ses_3505,2026-10-02T06:53:56.000Z,2.96,10.67,38.8,6.06,6.77,240,GOOD
rd_7944,ses_3505,2026-10-02T06:54:04.000Z,2.54,11.05,38.8,6.07,6.77,230,GOOD
rd_7945,ses_3505,2026-10-02T06:54:12.000Z,2.11,11.37,38.8,6.10,6.75,242,GOOD
rd_7946,ses_3505,2026-10-02T06:54:20.000Z,1.69,11.62,38.7,6.10,6.77,229,GOOD
rd_7947,ses_3505,2026-10-02T06:54:28.000Z,1.27,11.81,38.9,6.06,6.76,236,GOOD
rd_7948,ses_3505,2026-10-02T06:54:36.000Z,0.85,11.94,38.9,6.11,6.77,237,GOOD
rd_7949,ses_3505,2026-10-02T06:54:44.000Z,0.42,12.00,38.7,6.10,6.77,244,GOOD
rd_7950,ses_3505,2026-10-02T06:54:52.000Z,0.05,12.01,38.7,6.11,6.76,242,GOOD
rd_7951,ses_3506,2026-10-02T06:49:00.000Z,0.05,0.01,39.5,7.11,7.10,869,GOOD
rd_7952,ses_3506,2026-10-02T06:49:08.000Z,0.68,0.11,39.5,7.09,7.12,861,GOOD
rd_7953,ses_3506,2026-10-02T06:49:16.000Z,1.36,0.31,39.4,7.14,7.10,869,GOOD
rd_7954,ses_3506,2026-10-02T06:49:24.000Z,2.04,0.62,39.5,7.14,7.11,858,GOOD
rd_7955,ses_3506,2026-10-02T06:49:32.000Z,2.72,1.03,39.6,7.09,7.10,867,GOOD
rd_7956,ses_3506,2026-10-02T06:49:40.000Z,3.41,1.54,39.6,7.11,7.11,864,GOOD
rd_7957,ses_3506,2026-10-02T06:49:48.000Z,3.87,2.12,39.5,7.14,7.10,868,GOOD
rd_7958,ses_3506,2026-10-02T06:49:56.000Z,3.96,2.71,39.5,7.11,7.09,864,GOOD
rd_7959,ses_3506,2026-10-02T06:50:04.000Z,3.97,3.31,39.4,7.13,7.12,859,GOOD
rd_7960,ses_3506,2026-10-02T06:50:12.000Z,3.95,3.90,39.5,7.12,7.11,868,GOOD
rd_7961,ses_3506,2026-10-02T06:50:20.000Z,4.05,4.51,39.5,7.13,7.13,857,GOOD
rd_7962,ses_3506,2026-10-02T06:50:28.000Z,3.96,5.10,39.5,7.08,7.09,864,GOOD
rd_7963,ses_3506,2026-10-02T06:50:36.000Z,4.01,5.70,39.5,7.09,7.12,857,GOOD
rd_7964,ses_3506,2026-10-02T06:50:44.000Z,3.82,6.28,39.6,7.13,7.10,862,GOOD
rd_7965,ses_3506,2026-10-02T06:50:52.000Z,4.02,6.88,39.5,7.14,7.10,855,GOOD
rd_7966,ses_3506,2026-10-02T06:51:00.000Z,3.99,7.48,39.5,7.16,7.11,860,GOOD
rd_7967,ses_3506,2026-10-02T06:51:08.000Z,3.99,8.08,39.5,7.08,7.12,856,GOOD
rd_7968,ses_3506,2026-10-02T06:51:16.000Z,3.85,8.65,39.5,7.13,7.10,868,GOOD
rd_7969,ses_3506,2026-10-02T06:51:24.000Z,3.87,9.24,39.5,7.13,7.13,860,GOOD
rd_7970,ses_3506,2026-10-02T06:51:32.000Z,3.89,9.82,39.5,7.14,7.12,868,GOOD
rd_7971,ses_3506,2026-10-02T06:51:40.000Z,3.95,10.41,39.5,7.14,7.11,870,GOOD
rd_7972,ses_3506,2026-10-02T06:51:48.000Z,3.63,10.96,39.6,7.12,7.09,865,GOOD
rd_7973,ses_3506,2026-10-02T06:51:56.000Z,3.18,11.43,39.6,7.09,7.10,861,GOOD
rd_7974,ses_3506,2026-10-02T06:52:04.000Z,2.72,11.84,39.4,7.10,7.11,865,GOOD
rd_7975,ses_3506,2026-10-02T06:52:12.000Z,2.27,12.18,39.4,7.09,7.11,858,GOOD
rd_7976,ses_3506,2026-10-02T06:52:20.000Z,1.82,12.45,39.5,7.14,7.11,867,GOOD
rd_7977,ses_3506,2026-10-02T06:52:28.000Z,1.36,12.66,39.6,7.10,7.11,863,GOOD
rd_7978,ses_3506,2026-10-02T06:52:36.000Z,0.91,12.79,39.5,7.09,7.10,860,GOOD
rd_7979,ses_3506,2026-10-02T06:52:44.000Z,0.45,12.86,39.6,7.13,7.10,864,GOOD
rd_7980,ses_3506,2026-10-02T06:52:52.000Z,0.05,12.87,39.4,7.08,7.11,870,GOOD
rd_7981,ses_3507,2026-10-02T06:56:00.000Z,0.05,0.01,39.2,7.19,7.06,892,GOOD
rd_7982,ses_3507,2026-10-02T06:56:08.000Z,0.59,0.10,39.3,7.21,7.06,904,GOOD
rd_7983,ses_3507,2026-10-02T06:56:16.000Z,1.19,0.27,39.2,7.16,7.06,903,GOOD
rd_7984,ses_3507,2026-10-02T06:56:24.000Z,1.78,0.54,39.4,7.17,7.08,896,GOOD
rd_7985,ses_3507,2026-10-02T06:56:32.000Z,2.38,0.90,39.4,7.18,7.08,893,GOOD
rd_7986,ses_3507,2026-10-02T06:56:40.000Z,2.97,1.34,39.3,7.22,7.08,891,GOOD
rd_7987,ses_3507,2026-10-02T06:56:48.000Z,3.51,1.87,39.3,7.19,7.09,891,GOOD
rd_7988,ses_3507,2026-10-02T06:56:56.000Z,3.54,2.40,39.2,7.18,7.07,895,GOOD
rd_7989,ses_3507,2026-10-02T06:57:04.000Z,3.31,2.90,39.3,7.17,7.08,893,GOOD
rd_7990,ses_3507,2026-10-02T06:57:12.000Z,3.45,3.42,39.2,7.22,7.06,900,GOOD
rd_7991,ses_3507,2026-10-02T06:57:20.000Z,3.47,3.94,39.3,7.18,7.07,902,GOOD
rd_7992,ses_3507,2026-10-02T06:57:28.000Z,3.43,4.45,39.4,7.16,7.09,897,GOOD
rd_7993,ses_3507,2026-10-02T06:57:36.000Z,3.59,4.99,39.3,7.20,7.06,901,GOOD
rd_7994,ses_3507,2026-10-02T06:57:44.000Z,3.3,5.48,39.2,7.20,7.08,891,GOOD
rd_7995,ses_3507,2026-10-02T06:57:52.000Z,3.4,5.99,39.3,7.15,7.09,904,GOOD
rd_7996,ses_3507,2026-10-02T06:58:00.000Z,3.42,6.51,39.3,7.18,7.08,894,GOOD
rd_7997,ses_3507,2026-10-02T06:58:08.000Z,3.31,7.00,39.3,7.23,7.07,898,GOOD
rd_7998,ses_3507,2026-10-02T06:58:16.000Z,3.3,7.50,39.3,7.18,7.07,901,GOOD
rd_7999,ses_3507,2026-10-02T06:58:24.000Z,3.43,8.01,39.4,7.23,7.09,892,GOOD
rd_8000,ses_3507,2026-10-02T06:58:32.000Z,3.58,8.55,39.3,7.18,7.07,899,GOOD
rd_8001,ses_3507,2026-10-02T06:58:40.000Z,3.35,9.05,39.3,7.17,7.05,889,GOOD
rd_8002,ses_3507,2026-10-02T06:58:48.000Z,3.17,9.53,39.2,7.19,7.09,893,GOOD
rd_8003,ses_3507,2026-10-02T06:58:56.000Z,2.78,9.95,39.3,7.21,7.08,898,GOOD
rd_8004,ses_3507,2026-10-02T06:59:04.000Z,2.38,10.30,39.3,7.19,7.08,894,GOOD
rd_8005,ses_3507,2026-10-02T06:59:12.000Z,1.98,10.60,39.3,7.18,7.05,890,GOOD
rd_8006,ses_3507,2026-10-02T06:59:20.000Z,1.59,10.84,39.3,7.18,7.08,903,GOOD
rd_8007,ses_3507,2026-10-02T06:59:28.000Z,1.19,11.02,39.4,7.22,7.05,902,GOOD
rd_8008,ses_3507,2026-10-02T06:59:36.000Z,0.79,11.13,39.4,7.19,7.07,891,GOOD
rd_8009,ses_3507,2026-10-02T06:59:44.000Z,0.4,11.19,39.3,7.19,7.07,891,GOOD
rd_8010,ses_3507,2026-10-02T06:59:52.000Z,0.05,11.20,39.2,7.20,7.06,892,GOOD
rd_8011,ses_3508,2026-10-02T06:51:00.000Z,0.05,0.01,39.3,7.00,7.08,1022,GOOD
rd_8012,ses_3508,2026-10-02T06:51:08.000Z,0.66,0.11,39.4,7.00,7.08,1019,GOOD
rd_8013,ses_3508,2026-10-02T06:51:16.000Z,1.32,0.30,39.3,7.01,7.07,1017,GOOD
rd_8014,ses_3508,2026-10-02T06:51:24.000Z,1.98,0.60,39.3,6.98,7.08,1017,GOOD
rd_8015,ses_3508,2026-10-02T06:51:32.000Z,2.63,1.00,39.3,7.00,7.10,1022,GOOD
rd_8016,ses_3508,2026-10-02T06:51:40.000Z,3.29,1.49,39.3,6.97,7.11,1016,GOOD
rd_8017,ses_3508,2026-10-02T06:51:48.000Z,3.8,2.06,39.2,6.97,7.09,1021,GOOD
rd_8018,ses_3508,2026-10-02T06:51:56.000Z,3.96,2.65,39.3,6.98,7.07,1026,GOOD
rd_8019,ses_3508,2026-10-02T06:52:04.000Z,3.74,3.21,39.3,7.02,7.11,1029,GOOD
rd_8020,ses_3508,2026-10-02T06:52:12.000Z,3.85,3.79,39.2,6.98,7.10,1016,GOOD
rd_8021,ses_3508,2026-10-02T06:52:20.000Z,3.84,4.37,39.2,6.97,7.07,1022,GOOD
rd_8022,ses_3508,2026-10-02T06:52:28.000Z,3.7,4.92,39.4,6.97,7.09,1028,GOOD
rd_8023,ses_3508,2026-10-02T06:52:36.000Z,3.75,5.49,39.2,7.00,7.11,1018,GOOD
rd_8024,ses_3508,2026-10-02T06:52:44.000Z,3.92,6.07,39.3,7.00,7.11,1019,GOOD
rd_8025,ses_3508,2026-10-02T06:52:52.000Z,3.96,6.67,39.4,6.98,7.11,1016,GOOD
rd_8026,ses_3508,2026-10-02T06:53:00.000Z,3.7,7.22,39.2,6.94,7.08,1028,GOOD
rd_8027,ses_3508,2026-10-02T06:53:08.000Z,3.95,7.81,39.3,6.94,7.10,1028,GOOD
rd_8028,ses_3508,2026-10-02T06:53:16.000Z,3.83,8.39,39.4,7.00,7.10,1025,GOOD
rd_8029,ses_3508,2026-10-02T06:53:24.000Z,3.97,8.98,39.3,7.01,7.10,1023,GOOD
rd_8030,ses_3508,2026-10-02T06:53:32.000Z,3.71,9.54,39.2,6.98,7.11,1026,GOOD
rd_8031,ses_3508,2026-10-02T06:53:40.000Z,3.87,10.12,39.2,7.01,7.09,1029,GOOD
rd_8032,ses_3508,2026-10-02T06:53:48.000Z,3.51,10.65,39.3,7.01,7.09,1023,GOOD
rd_8033,ses_3508,2026-10-02T06:53:56.000Z,3.07,11.11,39.3,7.00,7.09,1022,GOOD
rd_8034,ses_3508,2026-10-02T06:54:04.000Z,2.63,11.50,39.2,7.00,7.11,1027,GOOD
rd_8035,ses_3508,2026-10-02T06:54:12.000Z,2.2,11.83,39.2,6.98,7.10,1016,GOOD
rd_8036,ses_3508,2026-10-02T06:54:20.000Z,1.76,12.10,39.3,6.99,7.10,1014,GOOD
rd_8037,ses_3508,2026-10-02T06:54:28.000Z,1.32,12.30,39.3,6.95,7.10,1016,GOOD
rd_8038,ses_3508,2026-10-02T06:54:36.000Z,0.88,12.43,39.4,6.97,7.07,1018,GOOD
rd_8039,ses_3508,2026-10-02T06:54:44.000Z,0.44,12.49,39.2,7.01,7.08,1021,GOOD
rd_8040,ses_3508,2026-10-02T06:54:52.000Z,0.05,12.50,39.3,7.01,7.07,1018,GOOD
rd_8041,ses_3509,2026-10-02T07:09:00.000Z,0.05,0.01,39.7,7.27,7.13,876,GOOD
rd_8042,ses_3509,2026-10-02T07:09:08.000Z,0.7,0.11,39.7,7.28,7.15,869,GOOD
rd_8043,ses_3509,2026-10-02T07:09:16.000Z,1.4,0.32,39.5,7.29,7.11,873,GOOD
rd_8044,ses_3509,2026-10-02T07:09:24.000Z,2.1,0.64,39.5,7.23,7.13,869,GOOD
rd_8045,ses_3509,2026-10-02T07:09:32.000Z,2.8,1.06,39.7,7.28,7.15,863,GOOD
rd_8046,ses_3509,2026-10-02T07:09:40.000Z,3.5,1.58,39.6,7.25,7.14,874,GOOD
rd_8047,ses_3509,2026-10-02T07:09:48.000Z,4.13,2.20,39.6,7.29,7.11,863,GOOD
rd_8048,ses_3509,2026-10-02T07:09:56.000Z,4.17,2.83,39.7,7.28,7.12,872,GOOD
rd_8049,ses_3509,2026-10-02T07:10:04.000Z,4.02,3.43,39.5,7.27,7.11,863,GOOD
rd_8050,ses_3509,2026-10-02T07:10:12.000Z,3.94,4.02,39.7,7.26,7.15,866,GOOD
rd_8051,ses_3509,2026-10-02T07:10:20.000Z,4.03,4.63,39.6,7.29,7.13,873,GOOD
rd_8052,ses_3509,2026-10-02T07:10:28.000Z,4.1,5.24,39.6,7.30,7.15,875,GOOD
rd_8053,ses_3509,2026-10-02T07:10:36.000Z,4.15,5.86,39.6,7.27,7.12,864,GOOD
rd_8054,ses_3509,2026-10-02T07:10:44.000Z,3.98,6.46,39.6,7.26,7.11,877,GOOD
rd_8055,ses_3509,2026-10-02T07:10:52.000Z,4.16,7.08,39.5,7.29,7.12,863,GOOD
rd_8056,ses_3509,2026-10-02T07:11:00.000Z,4.19,7.71,39.7,7.25,7.13,876,GOOD
rd_8057,ses_3509,2026-10-02T07:11:08.000Z,3.95,8.31,39.6,7.30,7.11,868,GOOD
rd_8058,ses_3509,2026-10-02T07:11:16.000Z,4.05,8.91,39.6,7.23,7.15,872,GOOD
rd_8059,ses_3509,2026-10-02T07:11:24.000Z,3.98,9.51,39.7,7.29,7.12,873,GOOD
rd_8060,ses_3509,2026-10-02T07:11:32.000Z,4.02,10.11,39.7,7.23,7.12,868,GOOD
rd_8061,ses_3509,2026-10-02T07:11:40.000Z,4.06,10.72,39.6,7.30,7.11,866,GOOD
rd_8062,ses_3509,2026-10-02T07:11:48.000Z,3.73,11.28,39.7,7.29,7.14,868,GOOD
rd_8063,ses_3509,2026-10-02T07:11:56.000Z,3.27,11.77,39.5,7.31,7.15,870,GOOD
rd_8064,ses_3509,2026-10-02T07:12:04.000Z,2.8,12.19,39.7,7.24,7.15,866,GOOD
rd_8065,ses_3509,2026-10-02T07:12:12.000Z,2.33,12.54,39.6,7.27,7.13,866,GOOD
rd_8066,ses_3509,2026-10-02T07:12:20.000Z,1.87,12.82,39.6,7.28,7.13,871,GOOD
rd_8067,ses_3509,2026-10-02T07:12:28.000Z,1.4,13.03,39.5,7.27,7.12,877,GOOD
rd_8068,ses_3509,2026-10-02T07:12:36.000Z,0.93,13.17,39.6,7.23,7.15,872,GOOD
rd_8069,ses_3509,2026-10-02T07:12:44.000Z,0.47,13.24,39.6,7.27,7.13,863,GOOD
rd_8070,ses_3509,2026-10-02T07:12:52.000Z,0.05,13.25,39.5,7.23,7.12,870,GOOD
rd_8071,ses_3510,2026-10-02T07:19:00.000Z,0.05,0.01,39.1,7.01,7.02,904,GOOD
rd_8072,ses_3510,2026-10-02T07:19:08.000Z,0.62,0.10,39.1,7.01,7.05,905,GOOD
rd_8073,ses_3510,2026-10-02T07:19:16.000Z,1.24,0.29,39.1,7.01,7.02,910,GOOD
rd_8074,ses_3510,2026-10-02T07:19:24.000Z,1.87,0.57,39.3,7.00,7.02,909,GOOD
rd_8075,ses_3510,2026-10-02T07:19:32.000Z,2.49,0.94,39.1,7.02,7.04,909,GOOD
rd_8076,ses_3510,2026-10-02T07:19:40.000Z,3.11,1.41,39.2,7.06,7.01,906,GOOD
rd_8077,ses_3510,2026-10-02T07:19:48.000Z,3.7,1.96,39.2,7.04,7.02,906,GOOD
rd_8078,ses_3510,2026-10-02T07:19:56.000Z,3.57,2.50,39.2,7.03,7.03,918,GOOD
rd_8079,ses_3510,2026-10-02T07:20:04.000Z,3.68,3.05,39.1,7.03,7.04,915,GOOD
rd_8080,ses_3510,2026-10-02T07:20:12.000Z,3.49,3.57,39.2,7.02,7.04,914,GOOD
rd_8081,ses_3510,2026-10-02T07:20:20.000Z,3.67,4.12,39.1,7.02,7.05,912,GOOD
rd_8082,ses_3510,2026-10-02T07:20:28.000Z,3.58,4.66,39.1,7.04,7.02,912,GOOD
rd_8083,ses_3510,2026-10-02T07:20:36.000Z,3.59,5.20,39.2,7.06,7.04,916,GOOD
rd_8084,ses_3510,2026-10-02T07:20:44.000Z,3.57,5.73,39.1,7.01,7.02,917,GOOD
rd_8085,ses_3510,2026-10-02T07:20:52.000Z,3.48,6.26,39.2,7.06,7.02,912,GOOD
rd_8086,ses_3510,2026-10-02T07:21:00.000Z,3.59,6.79,39.2,7.04,7.04,916,GOOD
rd_8087,ses_3510,2026-10-02T07:21:08.000Z,3.46,7.31,39.1,7.03,7.04,913,GOOD
rd_8088,ses_3510,2026-10-02T07:21:16.000Z,3.66,7.86,39.3,7.02,7.03,911,GOOD
rd_8089,ses_3510,2026-10-02T07:21:24.000Z,3.58,8.40,39.2,7.02,7.04,911,GOOD
rd_8090,ses_3510,2026-10-02T07:21:32.000Z,3.72,8.96,39.2,7.00,7.05,912,GOOD
rd_8091,ses_3510,2026-10-02T07:21:40.000Z,3.5,9.48,39.2,7.00,7.01,909,GOOD
rd_8092,ses_3510,2026-10-02T07:21:48.000Z,3.32,9.98,39.2,7.06,7.03,904,GOOD
rd_8093,ses_3510,2026-10-02T07:21:56.000Z,2.9,10.42,39.2,7.02,7.03,917,GOOD
rd_8094,ses_3510,2026-10-02T07:22:04.000Z,2.49,10.79,39.1,7.05,7.02,910,GOOD
rd_8095,ses_3510,2026-10-02T07:22:12.000Z,2.07,11.10,39.3,6.99,7.01,915,GOOD
rd_8096,ses_3510,2026-10-02T07:22:20.000Z,1.66,11.35,39.2,7.03,7.03,914,GOOD
rd_8097,ses_3510,2026-10-02T07:22:28.000Z,1.24,11.54,39.3,7.06,7.03,918,GOOD
rd_8098,ses_3510,2026-10-02T07:22:36.000Z,0.83,11.66,39.1,7.01,7.04,917,GOOD
rd_8099,ses_3510,2026-10-02T07:22:44.000Z,0.41,11.72,39.2,7.05,7.04,907,GOOD
rd_8100,ses_3510,2026-10-02T07:22:52.000Z,0.05,11.73,39.2,7.04,7.01,916,GOOD
rd_8101,ses_3511,2026-10-02T18:03:00.000Z,0.05,0.01,38.6,5.53,6.69,103,GOOD
rd_8102,ses_3511,2026-10-02T18:03:08.000Z,0.63,0.10,38.5,5.52,6.67,95,GOOD
rd_8103,ses_3511,2026-10-02T18:03:16.000Z,1.25,0.29,38.6,5.55,6.68,107,GOOD
rd_8104,ses_3511,2026-10-02T18:03:24.000Z,1.88,0.57,38.6,5.52,6.70,98,GOOD
rd_8105,ses_3511,2026-10-02T18:03:32.000Z,2.5,0.95,38.6,5.53,6.67,94,GOOD
rd_8106,ses_3511,2026-10-02T18:03:40.000Z,3.13,1.42,38.6,5.57,6.70,99,GOOD
rd_8107,ses_3511,2026-10-02T18:03:48.000Z,3.55,1.95,38.5,5.56,6.68,108,GOOD
rd_8108,ses_3511,2026-10-02T18:03:56.000Z,3.5,2.47,38.5,5.53,6.70,106,GOOD
rd_8109,ses_3511,2026-10-02T18:04:04.000Z,3.58,3.01,38.6,5.49,6.68,93,GOOD
rd_8110,ses_3511,2026-10-02T18:04:12.000Z,3.64,3.56,38.6,5.52,6.67,95,GOOD
rd_8111,ses_3511,2026-10-02T18:04:20.000Z,3.56,4.09,38.7,5.57,6.70,99,GOOD
rd_8112,ses_3511,2026-10-02T18:04:28.000Z,3.58,4.63,38.6,5.50,6.67,94,GOOD
rd_8113,ses_3511,2026-10-02T18:04:36.000Z,3.75,5.19,38.5,5.56,6.67,103,GOOD
rd_8114,ses_3511,2026-10-02T18:04:44.000Z,3.48,5.71,38.5,5.55,6.69,107,GOOD
rd_8115,ses_3511,2026-10-02T18:04:52.000Z,3.53,6.24,38.5,5.54,6.66,104,GOOD
rd_8116,ses_3511,2026-10-02T18:05:00.000Z,3.49,6.76,38.6,5.52,6.67,107,GOOD
rd_8117,ses_3511,2026-10-02T18:05:08.000Z,3.7,7.32,38.6,5.50,6.68,101,GOOD
rd_8118,ses_3511,2026-10-02T18:05:16.000Z,3.71,7.88,38.5,5.56,6.67,100,GOOD
rd_8119,ses_3511,2026-10-02T18:05:24.000Z,3.62,8.42,38.5,5.56,6.69,94,GOOD
rd_8120,ses_3511,2026-10-02T18:05:32.000Z,3.65,8.97,38.7,5.51,6.68,93,GOOD
rd_8121,ses_3511,2026-10-02T18:05:40.000Z,3.51,9.49,38.7,5.53,6.68,104,GOOD
rd_8122,ses_3511,2026-10-02T18:05:48.000Z,3.34,9.99,38.5,5.50,6.69,92,GOOD
rd_8123,ses_3511,2026-10-02T18:05:56.000Z,2.92,10.43,38.7,5.52,6.67,108,GOOD
rd_8124,ses_3511,2026-10-02T18:06:04.000Z,2.5,10.81,38.6,5.56,6.68,107,GOOD
rd_8125,ses_3511,2026-10-02T18:06:12.000Z,2.09,11.12,38.7,5.50,6.68,94,GOOD
rd_8126,ses_3511,2026-10-02T18:06:20.000Z,1.67,11.37,38.6,5.55,6.67,101,GOOD
rd_8127,ses_3511,2026-10-02T18:06:28.000Z,1.25,11.56,38.7,5.52,6.67,96,GOOD
rd_8128,ses_3511,2026-10-02T18:06:36.000Z,0.83,11.68,38.7,5.54,6.67,95,GOOD
rd_8129,ses_3511,2026-10-02T18:06:44.000Z,0.42,11.75,38.6,5.55,6.67,93,GOOD
rd_8130,ses_3511,2026-10-02T18:06:52.000Z,0.05,11.75,38.7,5.57,6.68,94,GOOD
rd_8131,ses_3512,2026-10-02T17:19:00.000Z,0.05,0.01,38.7,5.72,6.66,96,GOOD
rd_8132,ses_3512,2026-10-02T17:19:08.000Z,0.68,0.11,38.8,5.75,6.65,102,GOOD
rd_8133,ses_3512,2026-10-02T17:19:16.000Z,1.37,0.32,38.8,5.73,6.66,96,GOOD
rd_8134,ses_3512,2026-10-02T17:19:24.000Z,2.05,0.62,38.7,5.70,6.65,102,GOOD
rd_8135,ses_3512,2026-10-02T17:19:32.000Z,2.73,1.03,38.9,5.76,6.66,103,GOOD
rd_8136,ses_3512,2026-10-02T17:19:40.000Z,3.41,1.54,38.8,5.76,6.66,92,GOOD
rd_8137,ses_3512,2026-10-02T17:19:48.000Z,4.09,2.16,38.8,5.70,6.67,103,GOOD
rd_8138,ses_3512,2026-10-02T17:19:56.000Z,3.99,2.76,38.8,5.73,6.65,103,GOOD
rd_8139,ses_3512,2026-10-02T17:20:04.000Z,3.94,3.35,38.8,5.76,6.67,96,GOOD
rd_8140,ses_3512,2026-10-02T17:20:12.000Z,4.02,3.95,38.8,5.73,6.65,98,GOOD
rd_8141,ses_3512,2026-10-02T17:20:20.000Z,4.03,4.55,38.9,5.74,6.67,98,GOOD
rd_8142,ses_3512,2026-10-02T17:20:28.000Z,4.06,5.16,38.8,5.76,6.66,104,GOOD
rd_8143,ses_3512,2026-10-02T17:20:36.000Z,3.93,5.75,38.8,5.75,6.67,102,GOOD
rd_8144,ses_3512,2026-10-02T17:20:44.000Z,3.82,6.33,38.8,5.76,6.64,104,GOOD
rd_8145,ses_3512,2026-10-02T17:20:52.000Z,3.81,6.90,38.7,5.75,6.68,99,GOOD
rd_8146,ses_3512,2026-10-02T17:21:00.000Z,3.97,7.49,38.8,5.78,6.67,92,GOOD
rd_8147,ses_3512,2026-10-02T17:21:08.000Z,3.92,8.08,38.9,5.77,6.67,102,GOOD
rd_8148,ses_3512,2026-10-02T17:21:16.000Z,3.97,8.68,38.9,5.73,6.65,104,GOOD
rd_8149,ses_3512,2026-10-02T17:21:24.000Z,4.05,9.28,38.8,5.72,6.67,92,GOOD
rd_8150,ses_3512,2026-10-02T17:21:32.000Z,4.01,9.88,38.7,5.78,6.64,92,GOOD
rd_8151,ses_3512,2026-10-02T17:21:40.000Z,3.83,10.46,38.9,5.78,6.67,89,GOOD
rd_8152,ses_3512,2026-10-02T17:21:48.000Z,3.64,11.01,38.9,5.72,6.65,104,GOOD
rd_8153,ses_3512,2026-10-02T17:21:56.000Z,3.19,11.48,38.9,5.73,6.67,96,GOOD
rd_8154,ses_3512,2026-10-02T17:22:04.000Z,2.73,11.89,38.8,5.75,6.68,101,GOOD
rd_8155,ses_3512,2026-10-02T17:22:12.000Z,2.28,12.24,38.8,5.76,6.67,99,GOOD
rd_8156,ses_3512,2026-10-02T17:22:20.000Z,1.82,12.51,38.7,5.73,6.67,92,GOOD
rd_8157,ses_3512,2026-10-02T17:22:28.000Z,1.37,12.71,38.9,5.72,6.67,104,GOOD
rd_8158,ses_3512,2026-10-02T17:22:36.000Z,0.91,12.85,38.9,5.73,6.66,103,GOOD
rd_8159,ses_3512,2026-10-02T17:22:44.000Z,0.46,12.92,38.8,5.75,6.66,92,GOOD
rd_8160,ses_3512,2026-10-02T17:22:52.000Z,0.05,12.93,38.9,5.77,6.67,91,GOOD
rd_8161,ses_3513,2026-10-02T17:29:00.000Z,0.05,0.01,38.4,5.50,6.64,122,GOOD
rd_8162,ses_3513,2026-10-02T17:29:08.000Z,0.62,0.10,38.5,5.51,6.65,125,GOOD
rd_8163,ses_3513,2026-10-02T17:29:16.000Z,1.24,0.29,38.5,5.54,6.63,112,GOOD
rd_8164,ses_3513,2026-10-02T17:29:24.000Z,1.86,0.57,38.5,5.52,6.63,114,GOOD
rd_8165,ses_3513,2026-10-02T17:29:32.000Z,2.48,0.94,38.5,5.49,6.64,124,GOOD
rd_8166,ses_3513,2026-10-02T17:29:40.000Z,3.09,1.40,38.5,5.56,6.63,111,GOOD
rd_8167,ses_3513,2026-10-02T17:29:48.000Z,3.7,1.96,38.5,5.55,6.64,124,GOOD
rd_8168,ses_3513,2026-10-02T17:29:56.000Z,3.48,2.48,38.4,5.54,6.63,116,GOOD
rd_8169,ses_3513,2026-10-02T17:30:04.000Z,3.7,3.03,38.5,5.53,6.63,122,GOOD
rd_8170,ses_3513,2026-10-02T17:30:12.000Z,3.66,3.58,38.5,5.51,6.64,113,GOOD
rd_8171,ses_3513,2026-10-02T17:30:20.000Z,3.56,4.12,38.4,5.55,6.64,119,GOOD
rd_8172,ses_3513,2026-10-02T17:30:28.000Z,3.63,4.66,38.4,5.50,6.64,120,GOOD
rd_8173,ses_3513,2026-10-02T17:30:36.000Z,3.56,5.19,38.4,5.51,6.64,118,GOOD
rd_8174,ses_3513,2026-10-02T17:30:44.000Z,3.5,5.72,38.4,5.52,6.66,113,GOOD
rd_8175,ses_3513,2026-10-02T17:30:52.000Z,3.71,6.28,38.3,5.48,6.64,115,GOOD
rd_8176,ses_3513,2026-10-02T17:31:00.000Z,3.61,6.82,38.5,5.50,6.63,114,GOOD
rd_8177,ses_3513,2026-10-02T17:31:08.000Z,3.72,7.38,38.3,5.53,6.66,122,GOOD
rd_8178,ses_3513,2026-10-02T17:31:16.000Z,3.49,7.90,38.3,5.50,6.63,112,GOOD
rd_8179,ses_3513,2026-10-02T17:31:24.000Z,3.59,8.44,38.3,5.48,6.65,114,GOOD
rd_8180,ses_3513,2026-10-02T17:31:32.000Z,3.49,8.96,38.4,5.52,6.64,113,GOOD
rd_8181,ses_3513,2026-10-02T17:31:40.000Z,3.47,9.48,38.4,5.54,6.66,110,GOOD
rd_8182,ses_3513,2026-10-02T17:31:48.000Z,3.3,9.98,38.3,5.48,6.66,114,GOOD
rd_8183,ses_3513,2026-10-02T17:31:56.000Z,2.89,10.41,38.3,5.54,6.64,120,GOOD
rd_8184,ses_3513,2026-10-02T17:32:04.000Z,2.48,10.78,38.5,5.49,6.65,120,GOOD
rd_8185,ses_3513,2026-10-02T17:32:12.000Z,2.06,11.09,38.4,5.53,6.64,122,GOOD
rd_8186,ses_3513,2026-10-02T17:32:20.000Z,1.65,11.34,38.5,5.55,6.66,125,GOOD
rd_8187,ses_3513,2026-10-02T17:32:28.000Z,1.24,11.52,38.3,5.50,6.65,123,GOOD
rd_8188,ses_3513,2026-10-02T17:32:36.000Z,0.83,11.65,38.3,5.52,6.64,123,GOOD
rd_8189,ses_3513,2026-10-02T17:32:44.000Z,0.41,11.71,38.5,5.49,6.67,114,GOOD
rd_8190,ses_3513,2026-10-02T17:32:52.000Z,0.05,11.72,38.4,5.50,6.66,119,GOOD
rd_8191,ses_3514,2026-10-02T17:16:00.000Z,0.05,0.01,38.5,5.67,6.62,113,GOOD
rd_8192,ses_3514,2026-10-02T17:16:08.000Z,0.67,0.11,38.7,5.68,6.62,110,GOOD
rd_8193,ses_3514,2026-10-02T17:16:16.000Z,1.33,0.31,38.6,5.70,6.63,120,GOOD
rd_8194,ses_3514,2026-10-02T17:16:24.000Z,2,0.61,38.6,5.70,6.64,115,GOOD
rd_8195,ses_3514,2026-10-02T17:16:32.000Z,2.67,1.01,38.7,5.66,6.63,116,GOOD
rd_8196,ses_3514,2026-10-02T17:16:40.000Z,3.34,1.51,38.6,5.67,6.65,120,GOOD
rd_8197,ses_3514,2026-10-02T17:16:48.000Z,3.73,2.07,38.5,5.70,6.66,120,GOOD
rd_8198,ses_3514,2026-10-02T17:16:56.000Z,3.8,2.64,38.7,5.67,6.62,113,GOOD
rd_8199,ses_3514,2026-10-02T17:17:04.000Z,3.89,3.22,38.5,5.65,6.64,116,GOOD
rd_8200,ses_3514,2026-10-02T17:17:12.000Z,3.76,3.79,38.7,5.68,6.65,116,GOOD
rd_8201,ses_3514,2026-10-02T17:17:20.000Z,3.82,4.36,38.7,5.70,6.62,107,GOOD
rd_8202,ses_3514,2026-10-02T17:17:28.000Z,3.96,4.95,38.6,5.66,6.63,113,GOOD
rd_8203,ses_3514,2026-10-02T17:17:36.000Z,3.79,5.52,38.5,5.66,6.64,112,GOOD
rd_8204,ses_3514,2026-10-02T17:17:44.000Z,3.83,6.10,38.6,5.67,6.62,118,GOOD
rd_8205,ses_3514,2026-10-02T17:17:52.000Z,3.82,6.67,38.7,5.71,6.65,111,GOOD
rd_8206,ses_3514,2026-10-02T17:18:00.000Z,3.76,7.23,38.7,5.69,6.66,111,GOOD
rd_8207,ses_3514,2026-10-02T17:18:08.000Z,3.86,7.81,38.7,5.68,6.63,122,GOOD
rd_8208,ses_3514,2026-10-02T17:18:16.000Z,3.84,8.39,38.6,5.66,6.64,113,GOOD
rd_8209,ses_3514,2026-10-02T17:18:24.000Z,3.92,8.98,38.5,5.64,6.63,121,GOOD
rd_8210,ses_3514,2026-10-02T17:18:32.000Z,3.76,9.54,38.6,5.67,6.63,117,GOOD
rd_8211,ses_3514,2026-10-02T17:18:40.000Z,3.74,10.10,38.7,5.68,6.64,112,GOOD
rd_8212,ses_3514,2026-10-02T17:18:48.000Z,3.56,10.63,38.6,5.67,6.62,114,GOOD
rd_8213,ses_3514,2026-10-02T17:18:56.000Z,3.11,11.10,38.5,5.69,6.62,113,GOOD
rd_8214,ses_3514,2026-10-02T17:19:04.000Z,2.67,11.50,38.5,5.65,6.65,107,GOOD
rd_8215,ses_3514,2026-10-02T17:19:12.000Z,2.22,11.83,38.7,5.66,6.65,116,GOOD
rd_8216,ses_3514,2026-10-02T17:19:20.000Z,1.78,12.10,38.6,5.64,6.65,122,GOOD
rd_8217,ses_3514,2026-10-02T17:19:28.000Z,1.33,12.30,38.7,5.65,6.66,115,GOOD
rd_8218,ses_3514,2026-10-02T17:19:36.000Z,0.89,12.43,38.6,5.63,6.62,109,GOOD
rd_8219,ses_3514,2026-10-02T17:19:44.000Z,0.44,12.50,38.6,5.64,6.65,107,GOOD
rd_8220,ses_3514,2026-10-02T17:19:52.000Z,0.05,12.51,38.7,5.64,6.66,115,GOOD
rd_8221,ses_3515,2026-10-02T18:24:00.000Z,0.05,0.01,38.7,5.39,6.64,117,GOOD
rd_8222,ses_3515,2026-10-02T18:24:08.000Z,0.7,0.11,38.7,5.42,6.67,123,GOOD
rd_8223,ses_3515,2026-10-02T18:24:16.000Z,1.4,0.32,38.7,5.40,6.65,114,GOOD
rd_8224,ses_3515,2026-10-02T18:24:24.000Z,2.1,0.64,38.8,5.45,6.67,125,GOOD
rd_8225,ses_3515,2026-10-02T18:24:32.000Z,2.8,1.06,38.8,5.44,6.68,122,GOOD
rd_8226,ses_3515,2026-10-02T18:24:40.000Z,3.5,1.58,38.7,5.43,6.68,114,GOOD
rd_8227,ses_3515,2026-10-02T18:24:48.000Z,4.02,2.19,38.8,5.40,6.68,116,GOOD
rd_8228,ses_3515,2026-10-02T18:24:56.000Z,3.97,2.78,38.8,5.41,6.66,123,GOOD
rd_8229,ses_3515,2026-10-02T18:25:04.000Z,4.06,3.39,38.8,5.42,6.65,117,GOOD
rd_8230,ses_3515,2026-10-02T18:25:12.000Z,4.03,3.99,38.7,5.46,6.68,124,GOOD
rd_8231,ses_3515,2026-10-02T18:25:20.000Z,4.13,4.61,38.7,5.44,6.66,120,GOOD
rd_8232,ses_3515,2026-10-02T18:25:28.000Z,4.07,5.22,38.7,5.40,6.67,128,GOOD
rd_8233,ses_3515,2026-10-02T18:25:36.000Z,3.99,5.82,38.8,5.45,6.67,113,GOOD
rd_8234,ses_3515,2026-10-02T18:25:44.000Z,3.91,6.41,38.7,5.45,6.68,114,GOOD
rd_8235,ses_3515,2026-10-02T18:25:52.000Z,3.99,7.01,38.8,5.42,6.67,127,GOOD
rd_8236,ses_3515,2026-10-02T18:26:00.000Z,4.14,7.63,38.9,5.46,6.65,127,GOOD
rd_8237,ses_3515,2026-10-02T18:26:08.000Z,4.11,8.25,38.9,5.43,6.66,116,GOOD
rd_8238,ses_3515,2026-10-02T18:26:16.000Z,4.06,8.85,38.7,5.39,6.66,117,GOOD
rd_8239,ses_3515,2026-10-02T18:26:24.000Z,4.1,9.47,38.8,5.41,6.64,115,GOOD
rd_8240,ses_3515,2026-10-02T18:26:32.000Z,4.2,10.10,38.8,5.39,6.65,127,GOOD
rd_8241,ses_3515,2026-10-02T18:26:40.000Z,4.19,10.73,38.9,5.45,6.65,122,GOOD
rd_8242,ses_3515,2026-10-02T18:26:48.000Z,3.73,11.29,38.8,5.43,6.67,116,GOOD
rd_8243,ses_3515,2026-10-02T18:26:56.000Z,3.27,11.78,38.9,5.41,6.65,115,GOOD
rd_8244,ses_3515,2026-10-02T18:27:04.000Z,2.8,12.20,38.8,5.40,6.66,122,GOOD
rd_8245,ses_3515,2026-10-02T18:27:12.000Z,2.33,12.55,38.8,5.45,6.64,119,GOOD
rd_8246,ses_3515,2026-10-02T18:27:20.000Z,1.87,12.83,38.7,5.46,6.65,118,GOOD
rd_8247,ses_3515,2026-10-02T18:27:28.000Z,1.4,13.04,38.8,5.43,6.68,114,GOOD
rd_8248,ses_3515,2026-10-02T18:27:36.000Z,0.93,13.18,38.8,5.40,6.65,124,GOOD
rd_8249,ses_3515,2026-10-02T18:27:44.000Z,0.47,13.25,38.8,5.41,6.64,116,GOOD
rd_8250,ses_3515,2026-10-02T18:27:52.000Z,0.05,13.26,38.9,5.43,6.66,119,GOOD
rd_8251,ses_3516,2026-10-02T17:19:00.000Z,0.05,0.01,38.4,5.60,6.64,135,GOOD
rd_8252,ses_3516,2026-10-02T17:19:08.000Z,0.62,0.10,38.6,5.66,6.62,133,GOOD
rd_8253,ses_3516,2026-10-02T17:19:16.000Z,1.25,0.29,38.6,5.59,6.63,132,GOOD
rd_8254,ses_3516,2026-10-02T17:19:24.000Z,1.87,0.57,38.5,5.61,6.60,126,GOOD
rd_8255,ses_3516,2026-10-02T17:19:32.000Z,2.5,0.94,38.5,5.66,6.64,136,GOOD
rd_8256,ses_3516,2026-10-02T17:19:40.000Z,3.12,1.41,38.4,5.61,6.60,124,GOOD
rd_8257,ses_3516,2026-10-02T17:19:48.000Z,3.48,1.93,38.4,5.65,6.62,134,GOOD
rd_8258,ses_3516,2026-10-02T17:19:56.000Z,3.69,2.49,38.5,5.66,6.61,137,GOOD
rd_8259,ses_3516,2026-10-02T17:20:04.000Z,3.74,3.05,38.5,5.60,6.60,131,GOOD
rd_8260,ses_3516,2026-10-02T17:20:12.000Z,3.63,3.59,38.5,5.62,6.61,132,GOOD
rd_8261,ses_3516,2026-10-02T17:20:20.000Z,3.7,4.15,38.6,5.60,6.62,124,GOOD
rd_8262,ses_3516,2026-10-02T17:20:28.000Z,3.54,4.68,38.4,5.59,6.63,125,GOOD
rd_8263,ses_3516,2026-10-02T17:20:36.000Z,3.68,5.23,38.6,5.66,6.61,127,GOOD
rd_8264,ses_3516,2026-10-02T17:20:44.000Z,3.6,5.77,38.4,5.60,6.61,127,GOOD
rd_8265,ses_3516,2026-10-02T17:20:52.000Z,3.5,6.30,38.4,5.67,6.61,135,GOOD
rd_8266,ses_3516,2026-10-02T17:21:00.000Z,3.51,6.82,38.5,5.59,6.61,128,GOOD
rd_8267,ses_3516,2026-10-02T17:21:08.000Z,3.74,7.38,38.5,5.59,6.63,132,GOOD
rd_8268,ses_3516,2026-10-02T17:21:16.000Z,3.73,7.94,38.5,5.60,6.61,138,GOOD
rd_8269,ses_3516,2026-10-02T17:21:24.000Z,3.52,8.47,38.5,5.59,6.62,123,GOOD
rd_8270,ses_3516,2026-10-02T17:21:32.000Z,3.65,9.02,38.6,5.60,6.61,124,GOOD
rd_8271,ses_3516,2026-10-02T17:21:40.000Z,3.49,9.54,38.5,5.67,6.61,132,GOOD
rd_8272,ses_3516,2026-10-02T17:21:48.000Z,3.33,10.04,38.5,5.59,6.62,131,GOOD
rd_8273,ses_3516,2026-10-02T17:21:56.000Z,2.91,10.48,38.6,5.59,6.61,127,GOOD
rd_8274,ses_3516,2026-10-02T17:22:04.000Z,2.5,10.85,38.4,5.59,6.64,131,GOOD
rd_8275,ses_3516,2026-10-02T17:22:12.000Z,2.08,11.16,38.5,5.65,6.63,132,GOOD
rd_8276,ses_3516,2026-10-02T17:22:20.000Z,1.66,11.41,38.5,5.61,6.62,136,GOOD
rd_8277,ses_3516,2026-10-02T17:22:28.000Z,1.25,11.60,38.5,5.61,6.63,124,GOOD
rd_8278,ses_3516,2026-10-02T17:22:36.000Z,0.83,11.73,38.5,5.66,6.63,129,GOOD
rd_8279,ses_3516,2026-10-02T17:22:44.000Z,0.42,11.79,38.4,5.64,6.60,131,GOOD
rd_8280,ses_3516,2026-10-02T17:22:52.000Z,0.05,11.80,38.4,5.64,6.62,134,GOOD
rd_8281,ses_3517,2026-10-02T18:05:00.000Z,0.05,0.01,38.6,5.75,6.65,153,GOOD
rd_8282,ses_3517,2026-10-02T18:05:08.000Z,0.67,0.11,38.6,5.77,6.67,150,GOOD
rd_8283,ses_3517,2026-10-02T18:05:16.000Z,1.34,0.31,38.6,5.78,6.64,154,GOOD
rd_8284,ses_3517,2026-10-02T18:05:24.000Z,2.02,0.61,38.7,5.74,6.66,140,GOOD
rd_8285,ses_3517,2026-10-02T18:05:32.000Z,2.69,1.02,38.7,5.78,6.66,148,GOOD
rd_8286,ses_3517,2026-10-02T18:05:40.000Z,3.36,1.52,38.6,5.73,6.63,147,GOOD
rd_8287,ses_3517,2026-10-02T18:05:48.000Z,3.8,2.09,38.5,5.71,6.65,155,GOOD
rd_8288,ses_3517,2026-10-02T18:05:56.000Z,3.78,2.66,38.7,5.78,6.65,156,GOOD
rd_8289,ses_3517,2026-10-02T18:06:04.000Z,3.81,3.23,38.7,5.71,6.64,151,GOOD
rd_8290,ses_3517,2026-10-02T18:06:12.000Z,3.81,3.80,38.7,5.77,6.65,142,GOOD
rd_8291,ses_3517,2026-10-02T18:06:20.000Z,4.02,4.40,38.6,5.79,6.65,146,GOOD
rd_8292,ses_3517,2026-10-02T18:06:28.000Z,3.89,4.99,38.6,5.74,6.67,142,GOOD
rd_8293,ses_3517,2026-10-02T18:06:36.000Z,4.02,5.59,38.6,5.74,6.64,144,GOOD
rd_8294,ses_3517,2026-10-02T18:06:44.000Z,3.92,6.18,38.7,5.78,6.64,154,GOOD
rd_8295,ses_3517,2026-10-02T18:06:52.000Z,3.82,6.75,38.6,5.75,6.66,153,GOOD
rd_8296,ses_3517,2026-10-02T18:07:00.000Z,3.92,7.34,38.7,5.78,6.67,142,GOOD
rd_8297,ses_3517,2026-10-02T18:07:08.000Z,4.04,7.94,38.6,5.76,6.67,153,GOOD
rd_8298,ses_3517,2026-10-02T18:07:16.000Z,3.83,8.52,38.6,5.79,6.63,145,GOOD
rd_8299,ses_3517,2026-10-02T18:07:24.000Z,3.99,9.12,38.7,5.74,6.66,156,GOOD
rd_8300,ses_3517,2026-10-02T18:07:32.000Z,3.81,9.69,38.6,5.76,6.64,147,GOOD
rd_8301,ses_3517,2026-10-02T18:07:40.000Z,3.9,10.27,38.7,5.73,6.66,146,GOOD
rd_8302,ses_3517,2026-10-02T18:07:48.000Z,3.59,10.81,38.6,5.74,6.66,147,GOOD
rd_8303,ses_3517,2026-10-02T18:07:56.000Z,3.14,11.28,38.6,5.78,6.64,146,GOOD
rd_8304,ses_3517,2026-10-02T18:08:04.000Z,2.69,11.69,38.6,5.73,6.64,147,GOOD
rd_8305,ses_3517,2026-10-02T18:08:12.000Z,2.24,12.02,38.6,5.72,6.65,141,GOOD
rd_8306,ses_3517,2026-10-02T18:08:20.000Z,1.79,12.29,38.5,5.73,6.65,154,GOOD
rd_8307,ses_3517,2026-10-02T18:08:28.000Z,1.34,12.49,38.6,5.76,6.64,146,GOOD
rd_8308,ses_3517,2026-10-02T18:08:36.000Z,0.9,12.63,38.6,5.73,6.65,142,GOOD
rd_8309,ses_3517,2026-10-02T18:08:44.000Z,0.45,12.69,38.7,5.77,6.66,150,GOOD
rd_8310,ses_3517,2026-10-02T18:08:52.000Z,0.05,12.70,38.6,5.75,6.66,153,GOOD
rd_8311,ses_3518,2026-10-02T17:17:00.000Z,0.05,0.01,38.6,5.55,6.65,156,GOOD
rd_8312,ses_3518,2026-10-02T17:17:08.000Z,0.59,0.10,38.7,5.51,6.64,152,GOOD
rd_8313,ses_3518,2026-10-02T17:17:16.000Z,1.19,0.27,38.6,5.54,6.63,155,GOOD
rd_8314,ses_3518,2026-10-02T17:17:24.000Z,1.78,0.54,38.7,5.56,6.63,155,GOOD
rd_8315,ses_3518,2026-10-02T17:17:32.000Z,2.38,0.90,38.6,5.51,6.65,157,GOOD
rd_8316,ses_3518,2026-10-02T17:17:40.000Z,2.97,1.34,38.8,5.56,6.64,154,GOOD
rd_8317,ses_3518,2026-10-02T17:17:48.000Z,3.59,1.88,38.7,5.57,6.65,157,GOOD
rd_8318,ses_3518,2026-10-02T17:17:56.000Z,3.56,2.42,38.8,5.52,6.65,156,GOOD
rd_8319,ses_3518,2026-10-02T17:18:04.000Z,3.44,2.93,38.6,5.55,6.63,144,GOOD
rd_8320,ses_3518,2026-10-02T17:18:12.000Z,3.46,3.45,38.7,5.51,6.63,151,GOOD
rd_8321,ses_3518,2026-10-02T17:18:20.000Z,3.32,3.95,38.7,5.56,6.66,147,GOOD
rd_8322,ses_3518,2026-10-02T17:18:28.000Z,3.53,4.48,38.7,5.50,6.65,156,GOOD
rd_8323,ses_3518,2026-10-02T17:18:36.000Z,3.5,5.00,38.7,5.54,6.63,151,GOOD
rd_8324,ses_3518,2026-10-02T17:18:44.000Z,3.35,5.51,38.7,5.52,6.65,146,GOOD
rd_8325,ses_3518,2026-10-02T17:18:52.000Z,3.47,6.03,38.7,5.54,6.63,157,GOOD
rd_8326,ses_3518,2026-10-02T17:19:00.000Z,3.57,6.56,38.8,5.51,6.62,157,GOOD
rd_8327,ses_3518,2026-10-02T17:19:08.000Z,3.36,7.07,38.7,5.50,6.64,158,GOOD
rd_8328,ses_3518,2026-10-02T17:19:16.000Z,3.35,7.57,38.7,5.52,6.66,143,GOOD
rd_8329,ses_3518,2026-10-02T17:19:24.000Z,3.51,8.10,38.8,5.54,6.65,144,GOOD
rd_8330,ses_3518,2026-10-02T17:19:32.000Z,3.42,8.61,38.7,5.55,6.62,151,GOOD
rd_8331,ses_3518,2026-10-02T17:19:40.000Z,3.33,9.11,38.7,5.52,6.66,158,GOOD
rd_8332,ses_3518,2026-10-02T17:19:48.000Z,3.17,9.58,38.6,5.57,6.64,152,GOOD
rd_8333,ses_3518,2026-10-02T17:19:56.000Z,2.78,10.00,38.7,5.56,6.63,156,GOOD
rd_8334,ses_3518,2026-10-02T17:20:04.000Z,2.38,10.36,38.6,5.56,6.65,142,GOOD
rd_8335,ses_3518,2026-10-02T17:20:12.000Z,1.98,10.65,38.8,5.54,6.66,144,GOOD
rd_8336,ses_3518,2026-10-02T17:20:20.000Z,1.59,10.89,38.8,5.54,6.63,156,GOOD
rd_8337,ses_3518,2026-10-02T17:20:28.000Z,1.19,11.07,38.8,5.51,6.63,154,GOOD
rd_8338,ses_3518,2026-10-02T17:20:36.000Z,0.79,11.19,38.8,5.53,6.62,144,GOOD
rd_8339,ses_3518,2026-10-02T17:20:44.000Z,0.4,11.25,38.7,5.56,6.63,155,GOOD
rd_8340,ses_3518,2026-10-02T17:20:52.000Z,0.05,11.26,38.7,5.50,6.64,151,GOOD
rd_8341,ses_3519,2026-10-02T18:19:00.000Z,0.05,0.01,38.3,5.71,6.68,156,GOOD
rd_8342,ses_3519,2026-10-02T18:19:08.000Z,0.64,0.10,38.3,5.66,6.65,157,GOOD
rd_8343,ses_3519,2026-10-02T18:19:16.000Z,1.28,0.30,38.4,5.66,6.67,152,GOOD
rd_8344,ses_3519,2026-10-02T18:19:24.000Z,1.91,0.58,38.5,5.65,6.65,157,GOOD
rd_8345,ses_3519,2026-10-02T18:19:32.000Z,2.55,0.96,38.5,5.66,6.65,152,GOOD
rd_8346,ses_3519,2026-10-02T18:19:40.000Z,3.19,1.44,38.3,5.64,6.65,145,GOOD
rd_8347,ses_3519,2026-10-02T18:19:48.000Z,3.75,2.01,38.4,5.72,6.67,156,GOOD
rd_8348,ses_3519,2026-10-02T18:19:56.000Z,3.81,2.58,38.3,5.69,6.67,145,GOOD
rd_8349,ses_3519,2026-10-02T18:20:04.000Z,3.73,3.14,38.4,5.69,6.65,148,GOOD
rd_8350,ses_3519,2026-10-02T18:20:12.000Z,3.84,3.71,38.3,5.66,6.67,145,GOOD
rd_8351,ses_3519,2026-10-02T18:20:20.000Z,3.56,4.25,38.3,5.69,6.65,152,GOOD
rd_8352,ses_3519,2026-10-02T18:20:28.000Z,3.71,4.80,38.5,5.67,6.67,149,GOOD
rd_8353,ses_3519,2026-10-02T18:20:36.000Z,3.71,5.36,38.5,5.70,6.67,154,GOOD
rd_8354,ses_3519,2026-10-02T18:20:44.000Z,3.65,5.91,38.4,5.70,6.67,155,GOOD
rd_8355,ses_3519,2026-10-02T18:20:52.000Z,3.57,6.44,38.3,5.71,6.65,150,GOOD
rd_8356,ses_3519,2026-10-02T18:21:00.000Z,3.66,6.99,38.5,5.65,6.65,158,GOOD
rd_8357,ses_3519,2026-10-02T18:21:08.000Z,3.59,7.53,38.3,5.72,6.66,149,GOOD
rd_8358,ses_3519,2026-10-02T18:21:16.000Z,3.82,8.10,38.4,5.67,6.65,148,GOOD
rd_8359,ses_3519,2026-10-02T18:21:24.000Z,3.71,8.66,38.5,5.69,6.68,149,GOOD
rd_8360,ses_3519,2026-10-02T18:21:32.000Z,3.63,9.20,38.3,5.68,6.67,149,GOOD
rd_8361,ses_3519,2026-10-02T18:21:40.000Z,3.84,9.78,38.3,5.68,6.67,158,GOOD
rd_8362,ses_3519,2026-10-02T18:21:48.000Z,3.4,10.29,38.4,5.72,6.67,155,GOOD
rd_8363,ses_3519,2026-10-02T18:21:56.000Z,2.98,10.74,38.4,5.66,6.64,148,GOOD
rd_8364,ses_3519,2026-10-02T18:22:04.000Z,2.55,11.12,38.4,5.65,6.67,147,GOOD
rd_8365,ses_3519,2026-10-02T18:22:12.000Z,2.13,11.44,38.4,5.65,6.66,152,GOOD
rd_8366,ses_3519,2026-10-02T18:22:20.000Z,1.7,11.69,38.3,5.72,6.68,145,GOOD
rd_8367,ses_3519,2026-10-02T18:22:28.000Z,1.28,11.89,38.5,5.70,6.67,157,GOOD
rd_8368,ses_3519,2026-10-02T18:22:36.000Z,0.85,12.01,38.5,5.68,6.65,158,GOOD
rd_8369,ses_3519,2026-10-02T18:22:44.000Z,0.43,12.08,38.4,5.65,6.66,150,GOOD
rd_8370,ses_3519,2026-10-02T18:22:52.000Z,0.05,12.09,38.5,5.65,6.67,157,GOOD
rd_8371,ses_3520,2026-10-02T17:41:00.000Z,0.05,0.01,38.5,5.41,6.65,82,GOOD
rd_8372,ses_3520,2026-10-02T17:41:08.000Z,0.7,0.11,38.5,5.43,6.68,78,GOOD
rd_8373,ses_3520,2026-10-02T17:41:16.000Z,1.41,0.32,38.5,5.47,6.65,89,GOOD
rd_8374,ses_3520,2026-10-02T17:41:24.000Z,2.11,0.64,38.4,5.42,6.65,77,GOOD
rd_8375,ses_3520,2026-10-02T17:41:32.000Z,2.81,1.06,38.5,5.48,6.67,81,GOOD
rd_8376,ses_3520,2026-10-02T17:41:40.000Z,3.52,1.59,38.5,5.45,6.65,87,GOOD
rd_8377,ses_3520,2026-10-02T17:41:48.000Z,4.1,2.20,38.5,5.47,6.67,75,GOOD
rd_8378,ses_3520,2026-10-02T17:41:56.000Z,4.07,2.82,38.6,5.42,6.66,89,GOOD
rd_8379,ses_3520,2026-10-02T17:42:04.000Z,4.17,3.44,38.5,5.43,6.64,87,GOOD
rd_8380,ses_3520,2026-10-02T17:42:12.000Z,4.11,4.06,38.4,5.40,6.67,85,GOOD
rd_8381,ses_3520,2026-10-02T17:42:20.000Z,4.11,4.67,38.5,5.42,6.68,85,GOOD
rd_8382,ses_3520,2026-10-02T17:42:28.000Z,4.03,5.28,38.6,5.46,6.64,76,GOOD
rd_8383,ses_3520,2026-10-02T17:42:36.000Z,4.15,5.90,38.4,5.47,6.66,90,GOOD
rd_8384,ses_3520,2026-10-02T17:42:44.000Z,3.94,6.49,38.5,5.41,6.64,82,GOOD
rd_8385,ses_3520,2026-10-02T17:42:52.000Z,3.99,7.09,38.5,5.41,6.66,77,GOOD
rd_8386,ses_3520,2026-10-02T17:43:00.000Z,4.13,7.71,38.6,5.43,6.66,90,GOOD
rd_8387,ses_3520,2026-10-02T17:43:08.000Z,4.18,8.34,38.6,5.45,6.67,86,GOOD
rd_8388,ses_3520,2026-10-02T17:43:16.000Z,4.07,8.95,38.5,5.44,6.67,79,GOOD
rd_8389,ses_3520,2026-10-02T17:43:24.000Z,4.1,9.56,38.5,5.45,6.67,84,GOOD
rd_8390,ses_3520,2026-10-02T17:43:32.000Z,4.05,10.17,38.5,5.47,6.67,88,GOOD
rd_8391,ses_3520,2026-10-02T17:43:40.000Z,4.11,10.79,38.5,5.41,6.67,80,GOOD
rd_8392,ses_3520,2026-10-02T17:43:48.000Z,3.75,11.35,38.4,5.42,6.68,83,GOOD
rd_8393,ses_3520,2026-10-02T17:43:56.000Z,3.28,11.84,38.5,5.47,6.67,74,GOOD
rd_8394,ses_3520,2026-10-02T17:44:04.000Z,2.81,12.26,38.5,5.46,6.65,88,GOOD
rd_8395,ses_3520,2026-10-02T17:44:12.000Z,2.34,12.61,38.5,5.45,6.66,78,GOOD
rd_8396,ses_3520,2026-10-02T17:44:20.000Z,1.88,12.90,38.4,5.48,6.66,77,GOOD
rd_8397,ses_3520,2026-10-02T17:44:28.000Z,1.41,13.11,38.5,5.43,6.66,84,GOOD
rd_8398,ses_3520,2026-10-02T17:44:36.000Z,0.94,13.25,38.5,5.46,6.67,89,GOOD
rd_8399,ses_3520,2026-10-02T17:44:44.000Z,0.47,13.32,38.5,5.45,6.65,85,GOOD
rd_8400,ses_3520,2026-10-02T17:44:52.000Z,0.05,13.33,38.5,5.41,6.66,86,GOOD
rd_8401,ses_3521,2026-10-02T17:32:00.000Z,0.05,0.01,38.8,5.53,6.63,104,GOOD
rd_8402,ses_3521,2026-10-02T17:32:08.000Z,0.61,0.10,38.7,5.55,6.61,110,GOOD
rd_8403,ses_3521,2026-10-02T17:32:16.000Z,1.22,0.28,38.8,5.54,6.61,102,GOOD
rd_8404,ses_3521,2026-10-02T17:32:24.000Z,1.84,0.56,38.8,5.52,6.61,99,GOOD
rd_8405,ses_3521,2026-10-02T17:32:32.000Z,2.45,0.93,38.9,5.56,6.62,101,GOOD
rd_8406,ses_3521,2026-10-02T17:32:40.000Z,3.06,1.38,38.8,5.53,6.63,101,GOOD
rd_8407,ses_3521,2026-10-02T17:32:48.000Z,3.59,1.92,38.7,5.53,6.61,105,GOOD
rd_8408,ses_3521,2026-10-02T17:32:56.000Z,3.51,2.45,38.7,5.57,6.60,107,GOOD
rd_8409,ses_3521,2026-10-02T17:33:04.000Z,3.42,2.96,38.8,5.53,6.63,109,GOOD
rd_8410,ses_3521,2026-10-02T17:33:12.000Z,3.46,3.48,38.9,5.59,6.62,108,GOOD
rd_8411,ses_3521,2026-10-02T17:33:20.000Z,3.41,3.99,38.7,5.55,6.64,106,GOOD
rd_8412,ses_3521,2026-10-02T17:33:28.000Z,3.53,4.52,38.8,5.60,6.61,101,GOOD
rd_8413,ses_3521,2026-10-02T17:33:36.000Z,3.61,5.06,38.7,5.59,6.62,112,GOOD
rd_8414,ses_3521,2026-10-02T17:33:44.000Z,3.42,5.58,38.7,5.58,6.62,113,GOOD
rd_8415,ses_3521,2026-10-02T17:33:52.000Z,3.41,6.09,38.7,5.54,6.62,103,GOOD
rd_8416,ses_3521,2026-10-02T17:34:00.000Z,3.66,6.64,38.7,5.53,6.63,107,GOOD
rd_8417,ses_3521,2026-10-02T17:34:08.000Z,3.43,7.15,38.7,5.58,6.63,100,GOOD
rd_8418,ses_3521,2026-10-02T17:34:16.000Z,3.58,7.69,38.8,5.55,6.60,110,GOOD
rd_8419,ses_3521,2026-10-02T17:34:24.000Z,3.46,8.21,38.9,5.60,6.60,110,GOOD
rd_8420,ses_3521,2026-10-02T17:34:32.000Z,3.69,8.76,38.8,5.59,6.63,99,GOOD
rd_8421,ses_3521,2026-10-02T17:34:40.000Z,3.47,9.28,38.8,5.56,6.62,113,GOOD
rd_8422,ses_3521,2026-10-02T17:34:48.000Z,3.26,9.77,38.8,5.53,6.60,110,GOOD
rd_8423,ses_3521,2026-10-02T17:34:56.000Z,2.86,10.20,38.8,5.59,6.64,112,GOOD
rd_8424,ses_3521,2026-10-02T17:35:04.000Z,2.45,10.57,38.7,5.54,6.62,109,GOOD
rd_8425,ses_3521,2026-10-02T17:35:12.000Z,2.04,10.87,38.8,5.58,6.61,104,GOOD
rd_8426,ses_3521,2026-10-02T17:35:20.000Z,1.63,11.12,38.8,5.57,6.61,113,GOOD
rd_8427,ses_3521,2026-10-02T17:35:28.000Z,1.22,11.30,38.9,5.58,6.62,106,GOOD
rd_8428,ses_3521,2026-10-02T17:35:36.000Z,0.82,11.42,38.8,5.52,6.61,107,GOOD
rd_8429,ses_3521,2026-10-02T17:35:44.000Z,0.41,11.49,38.8,5.59,6.61,102,GOOD
rd_8430,ses_3521,2026-10-02T17:35:52.000Z,0.05,11.49,38.8,5.59,6.64,112,GOOD
rd_8431,ses_3522,2026-10-02T17:22:00.000Z,0.05,0.01,38.6,5.71,6.70,104,GOOD
rd_8432,ses_3522,2026-10-02T17:22:08.000Z,0.64,0.10,38.5,5.72,6.69,99,GOOD
rd_8433,ses_3522,2026-10-02T17:22:16.000Z,1.28,0.30,38.5,5.71,6.68,95,GOOD
rd_8434,ses_3522,2026-10-02T17:22:24.000Z,1.92,0.58,38.5,5.70,6.70,103,GOOD
rd_8435,ses_3522,2026-10-02T17:22:32.000Z,2.56,0.97,38.4,5.75,6.68,96,GOOD
rd_8436,ses_3522,2026-10-02T17:22:40.000Z,3.2,1.45,38.5,5.72,6.70,105,GOOD
rd_8437,ses_3522,2026-10-02T17:22:48.000Z,3.8,2.02,38.4,5.69,6.70,104,GOOD
rd_8438,ses_3522,2026-10-02T17:22:56.000Z,3.76,2.58,38.5,5.71,6.69,97,GOOD
rd_8439,ses_3522,2026-10-02T17:23:04.000Z,3.69,3.13,38.5,5.75,6.69,106,GOOD
rd_8440,ses_3522,2026-10-02T17:23:12.000Z,3.61,3.68,38.6,5.74,6.69,97,GOOD
rd_8441,ses_3522,2026-10-02T17:23:20.000Z,3.81,4.25,38.5,5.76,6.69,104,GOOD
rd_8442,ses_3522,2026-10-02T17:23:28.000Z,3.59,4.79,38.6,5.77,6.70,92,GOOD
rd_8443,ses_3522,2026-10-02T17:23:36.000Z,3.61,5.33,38.6,5.70,6.68,98,GOOD
rd_8444,ses_3522,2026-10-02T17:23:44.000Z,3.61,5.87,38.5,5.76,6.67,105,GOOD
rd_8445,ses_3522,2026-10-02T17:23:52.000Z,3.83,6.44,38.5,5.76,6.71,93,GOOD
rd_8446,ses_3522,2026-10-02T17:24:00.000Z,3.74,7.01,38.5,5.70,6.68,103,GOOD
rd_8447,ses_3522,2026-10-02T17:24:08.000Z,3.8,7.58,38.5,5.73,6.70,96,GOOD
rd_8448,ses_3522,2026-10-02T17:24:16.000Z,3.78,8.14,38.4,5.77,6.68,105,GOOD
rd_8449,ses_3522,2026-10-02T17:24:24.000Z,3.85,8.72,38.5,5.74,6.69,105,GOOD
rd_8450,ses_3522,2026-10-02T17:24:32.000Z,3.82,9.29,38.4,5.70,6.70,92,GOOD
rd_8451,ses_3522,2026-10-02T17:24:40.000Z,3.83,9.87,38.5,5.73,6.68,93,GOOD
rd_8452,ses_3522,2026-10-02T17:24:48.000Z,3.41,10.38,38.4,5.76,6.70,105,GOOD
rd_8453,ses_3522,2026-10-02T17:24:56.000Z,2.99,10.83,38.5,5.75,6.67,106,GOOD
rd_8454,ses_3522,2026-10-02T17:25:04.000Z,2.56,11.21,38.4,5.70,6.68,97,GOOD
rd_8455,ses_3522,2026-10-02T17:25:12.000Z,2.13,11.53,38.4,5.73,6.70,104,GOOD
rd_8456,ses_3522,2026-10-02T17:25:20.000Z,1.71,11.79,38.6,5.74,6.68,105,GOOD
rd_8457,ses_3522,2026-10-02T17:25:28.000Z,1.28,11.98,38.5,5.72,6.67,105,GOOD
rd_8458,ses_3522,2026-10-02T17:25:36.000Z,0.85,12.11,38.5,5.73,6.71,95,GOOD
rd_8459,ses_3522,2026-10-02T17:25:44.000Z,0.43,12.17,38.4,5.73,6.71,94,GOOD
rd_8460,ses_3522,2026-10-02T17:25:52.000Z,0.05,12.18,38.5,5.76,6.70,99,GOOD
rd_8461,ses_3523,2026-10-02T17:55:00.000Z,0.05,0.01,38.7,5.50,6.72,109,GOOD
rd_8462,ses_3523,2026-10-02T17:55:08.000Z,0.7,0.11,38.5,5.49,6.70,120,GOOD
rd_8463,ses_3523,2026-10-02T17:55:16.000Z,1.39,0.32,38.7,5.54,6.70,120,GOOD
rd_8464,ses_3523,2026-10-02T17:55:24.000Z,2.09,0.63,38.6,5.52,6.70,114,GOOD
rd_8465,ses_3523,2026-10-02T17:55:32.000Z,2.79,1.05,38.6,5.47,6.71,108,GOOD
rd_8466,ses_3523,2026-10-02T17:55:40.000Z,3.48,1.57,38.6,5.53,6.70,117,GOOD
rd_8467,ses_3523,2026-10-02T17:55:48.000Z,4.13,2.19,38.6,5.49,6.71,118,GOOD
rd_8468,ses_3523,2026-10-02T17:55:56.000Z,4.01,2.80,38.6,5.47,6.72,116,GOOD
rd_8469,ses_3523,2026-10-02T17:56:04.000Z,3.92,3.38,38.5,5.51,6.71,118,GOOD
rd_8470,ses_3523,2026-10-02T17:56:12.000Z,4,3.98,38.6,5.53,6.69,109,GOOD
rd_8471,ses_3523,2026-10-02T17:56:20.000Z,4.1,4.60,38.5,5.51,6.69,107,GOOD
rd_8472,ses_3523,2026-10-02T17:56:28.000Z,3.93,5.19,38.7,5.53,6.73,115,GOOD
rd_8473,ses_3523,2026-10-02T17:56:36.000Z,3.98,5.79,38.7,5.54,6.72,120,GOOD
rd_8474,ses_3523,2026-10-02T17:56:44.000Z,4.12,6.40,38.6,5.51,6.71,112,GOOD
rd_8475,ses_3523,2026-10-02T17:56:52.000Z,4,7.00,38.6,5.48,6.72,113,GOOD
rd_8476,ses_3523,2026-10-02T17:57:00.000Z,4.03,7.61,38.6,5.51,6.72,117,GOOD
rd_8477,ses_3523,2026-10-02T17:57:08.000Z,3.93,8.20,38.6,5.50,6.71,117,GOOD
rd_8478,ses_3523,2026-10-02T17:57:16.000Z,3.96,8.79,38.5,5.49,6.72,106,GOOD
rd_8479,ses_3523,2026-10-02T17:57:24.000Z,3.93,9.38,38.7,5.50,6.73,109,GOOD
rd_8480,ses_3523,2026-10-02T17:57:32.000Z,3.93,9.97,38.6,5.49,6.71,111,GOOD
rd_8481,ses_3523,2026-10-02T17:57:40.000Z,4,10.57,38.5,5.51,6.72,107,GOOD
rd_8482,ses_3523,2026-10-02T17:57:48.000Z,3.71,11.13,38.5,5.50,6.70,120,GOOD
rd_8483,ses_3523,2026-10-02T17:57:56.000Z,3.25,11.61,38.7,5.51,6.69,118,GOOD
rd_8484,ses_3523,2026-10-02T17:58:04.000Z,2.79,12.03,38.6,5.53,6.72,115,GOOD
rd_8485,ses_3523,2026-10-02T17:58:12.000Z,2.32,12.38,38.7,5.50,6.71,111,GOOD
rd_8486,ses_3523,2026-10-02T17:58:20.000Z,1.86,12.66,38.6,5.53,6.70,111,GOOD
rd_8487,ses_3523,2026-10-02T17:58:28.000Z,1.39,12.87,38.7,5.47,6.71,116,GOOD
rd_8488,ses_3523,2026-10-02T17:58:36.000Z,0.93,13.01,38.6,5.48,6.72,110,GOOD
rd_8489,ses_3523,2026-10-02T17:58:44.000Z,0.46,13.08,38.6,5.48,6.71,107,GOOD
rd_8490,ses_3523,2026-10-02T17:58:52.000Z,0.05,13.08,38.6,5.47,6.71,120,GOOD
rd_8491,ses_3524,2026-10-02T17:59:00.000Z,0.05,0.01,38.7,5.61,6.63,130,GOOD
rd_8492,ses_3524,2026-10-02T17:59:08.000Z,0.61,0.10,38.7,5.57,6.64,124,GOOD
rd_8493,ses_3524,2026-10-02T17:59:16.000Z,1.23,0.28,38.8,5.57,6.64,130,GOOD
rd_8494,ses_3524,2026-10-02T17:59:24.000Z,1.84,0.56,38.8,5.61,6.65,130,GOOD
rd_8495,ses_3524,2026-10-02T17:59:32.000Z,2.46,0.93,38.8,5.64,6.63,120,GOOD
rd_8496,ses_3524,2026-10-02T17:59:40.000Z,3.07,1.39,38.8,5.56,6.66,126,GOOD
rd_8497,ses_3524,2026-10-02T17:59:48.000Z,3.56,1.92,38.7,5.59,6.66,129,GOOD
rd_8498,ses_3524,2026-10-02T17:59:56.000Z,3.69,2.48,38.7,5.60,6.62,123,GOOD
rd_8499,ses_3524,2026-10-02T18:00:04.000Z,3.69,3.03,38.6,5.63,6.66,128,GOOD
rd_8500,ses_3524,2026-10-02T18:00:12.000Z,3.6,3.57,38.7,5.57,6.65,129,GOOD
rd_8501,ses_3524,2026-10-02T18:00:20.000Z,3.51,4.10,38.8,5.64,6.65,120,GOOD
rd_8502,ses_3524,2026-10-02T18:00:28.000Z,3.45,4.61,38.8,5.59,6.63,122,GOOD
rd_8503,ses_3524,2026-10-02T18:00:36.000Z,3.48,5.14,38.6,5.59,6.64,118,GOOD
rd_8504,ses_3524,2026-10-02T18:00:44.000Z,3.69,5.69,38.8,5.64,6.63,125,GOOD
rd_8505,ses_3524,2026-10-02T18:00:52.000Z,3.63,6.23,38.7,5.61,6.64,125,GOOD
rd_8506,ses_3524,2026-10-02T18:01:00.000Z,3.5,6.76,38.7,5.57,6.65,129,GOOD
rd_8507,ses_3524,2026-10-02T18:01:08.000Z,3.53,7.29,38.8,5.57,6.64,126,GOOD
rd_8508,ses_3524,2026-10-02T18:01:16.000Z,3.47,7.81,38.7,5.59,6.62,123,GOOD
rd_8509,ses_3524,2026-10-02T18:01:24.000Z,3.59,8.35,38.7,5.59,6.63,124,GOOD
rd_8510,ses_3524,2026-10-02T18:01:32.000Z,3.46,8.87,38.7,5.59,6.63,124,GOOD
rd_8511,ses_3524,2026-10-02T18:01:40.000Z,3.62,9.41,38.8,5.60,6.66,129,GOOD
rd_8512,ses_3524,2026-10-02T18:01:48.000Z,3.27,9.90,38.7,5.57,6.65,117,GOOD
rd_8513,ses_3524,2026-10-02T18:01:56.000Z,2.86,10.33,38.7,5.59,6.64,122,GOOD
rd_8514,ses_3524,2026-10-02T18:02:04.000Z,2.46,10.70,38.8,5.59,6.63,129,GOOD
rd_8515,ses_3524,2026-10-02T18:02:12.000Z,2.05,11.01,38.6,5.59,6.63,121,GOOD
rd_8516,ses_3524,2026-10-02T18:02:20.000Z,1.64,11.25,38.7,5.58,6.63,117,GOOD
rd_8517,ses_3524,2026-10-02T18:02:28.000Z,1.23,11.44,38.7,5.62,6.63,126,GOOD
rd_8518,ses_3524,2026-10-02T18:02:36.000Z,0.82,11.56,38.6,5.57,6.64,132,GOOD
rd_8519,ses_3524,2026-10-02T18:02:44.000Z,0.41,11.62,38.7,5.62,6.65,126,GOOD
rd_8520,ses_3524,2026-10-02T18:02:52.000Z,0.05,11.63,38.7,5.60,6.63,117,GOOD
rd_8521,ses_3525,2026-10-02T17:45:00.000Z,0.05,0.01,38.6,5.46,6.65,113,GOOD
rd_8522,ses_3525,2026-10-02T17:45:08.000Z,0.67,0.11,38.6,5.52,6.65,117,GOOD
rd_8523,ses_3525,2026-10-02T17:45:16.000Z,1.34,0.31,38.6,5.48,6.66,115,GOOD
rd_8524,ses_3525,2026-10-02T17:45:24.000Z,2.02,0.61,38.5,5.46,6.66,112,GOOD
rd_8525,ses_3525,2026-10-02T17:45:32.000Z,2.69,1.02,38.5,5.48,6.64,125,GOOD
rd_8526,ses_3525,2026-10-02T17:45:40.000Z,3.36,1.52,38.6,5.48,6.64,120,GOOD
rd_8527,ses_3525,2026-10-02T17:45:48.000Z,4.01,2.12,38.6,5.51,6.67,127,GOOD
rd_8528,ses_3525,2026-10-02T17:45:56.000Z,3.87,2.70,38.6,5.49,6.67,119,GOOD
rd_8529,ses_3525,2026-10-02T17:46:04.000Z,4.02,3.30,38.6,5.52,6.64,125,GOOD
rd_8530,ses_3525,2026-10-02T17:46:12.000Z,3.86,3.88,38.6,5.47,6.67,112,GOOD
rd_8531,ses_3525,2026-10-02T17:46:20.000Z,4.03,4.49,38.6,5.47,6.67,117,GOOD
rd_8532,ses_3525,2026-10-02T17:46:28.000Z,3.78,5.05,38.6,5.50,6.66,114,GOOD
rd_8533,ses_3525,2026-10-02T17:46:36.000Z,4.02,5.66,38.5,5.50,6.65,120,GOOD
rd_8534,ses_3525,2026-10-02T17:46:44.000Z,3.87,6.24,38.5,5.52,6.64,119,GOOD
rd_8535,ses_3525,2026-10-02T17:46:52.000Z,3.91,6.82,38.6,5.50,6.63,124,GOOD
rd_8536,ses_3525,2026-10-02T17:47:00.000Z,3.79,7.39,38.6,5.45,6.65,119,GOOD
rd_8537,ses_3525,2026-10-02T17:47:08.000Z,3.91,7.98,38.6,5.46,6.63,122,GOOD
rd_8538,ses_3525,2026-10-02T17:47:16.000Z,3.89,8.56,38.6,5.50,6.64,113,GOOD
rd_8539,ses_3525,2026-10-02T17:47:24.000Z,3.98,9.16,38.7,5.51,6.63,120,GOOD
rd_8540,ses_3525,2026-10-02T17:47:32.000Z,3.91,9.75,38.7,5.49,6.64,125,GOOD
rd_8541,ses_3525,2026-10-02T17:47:40.000Z,3.95,10.34,38.6,5.50,6.64,116,GOOD
rd_8542,ses_3525,2026-10-02T17:47:48.000Z,3.59,10.88,38.7,5.50,6.67,121,GOOD
rd_8543,ses_3525,2026-10-02T17:47:56.000Z,3.14,11.35,38.5,5.50,6.64,126,GOOD
rd_8544,ses_3525,2026-10-02T17:48:04.000Z,2.69,11.75,38.7,5.46,6.66,120,GOOD
rd_8545,ses_3525,2026-10-02T17:48:12.000Z,2.24,12.09,38.6,5.48,6.67,120,GOOD
rd_8546,ses_3525,2026-10-02T17:48:20.000Z,1.79,12.36,38.7,5.48,6.66,113,GOOD
rd_8547,ses_3525,2026-10-02T17:48:28.000Z,1.34,12.56,38.6,5.45,6.63,113,GOOD
rd_8548,ses_3525,2026-10-02T17:48:36.000Z,0.9,12.69,38.7,5.51,6.64,111,GOOD
rd_8549,ses_3525,2026-10-02T17:48:44.000Z,0.45,12.76,38.6,5.50,6.66,127,GOOD
rd_8550,ses_3525,2026-10-02T17:48:52.000Z,0.05,12.77,38.5,5.52,6.65,118,GOOD
rd_8551,ses_3526,2026-10-02T17:56:00.000Z,0.05,0.01,38.7,5.53,6.60,145,GOOD
rd_8552,ses_3526,2026-10-02T17:56:08.000Z,0.58,0.09,38.5,5.58,6.63,137,GOOD
rd_8553,ses_3526,2026-10-02T17:56:16.000Z,1.17,0.27,38.6,5.57,6.61,139,GOOD
rd_8554,ses_3526,2026-10-02T17:56:24.000Z,1.75,0.53,38.7,5.54,6.60,144,GOOD
rd_8555,ses_3526,2026-10-02T17:56:32.000Z,2.33,0.88,38.6,5.53,6.63,141,GOOD
rd_8556,ses_3526,2026-10-02T17:56:40.000Z,2.91,1.32,38.6,5.57,6.62,140,GOOD
rd_8557,ses_3526,2026-10-02T17:56:48.000Z,3.29,1.81,38.6,5.58,6.63,147,GOOD
rd_8558,ses_3526,2026-10-02T17:56:56.000Z,3.49,2.34,38.5,5.58,6.61,143,GOOD
rd_8559,ses_3526,2026-10-02T17:57:04.000Z,3.36,2.84,38.7,5.54,6.63,134,GOOD
rd_8560,ses_3526,2026-10-02T17:57:12.000Z,3.49,3.36,38.6,5.58,6.63,146,GOOD
rd_8561,ses_3526,2026-10-02T17:57:20.000Z,3.49,3.89,38.7,5.55,6.61,147,GOOD
rd_8562,ses_3526,2026-10-02T17:57:28.000Z,3.43,4.40,38.7,5.56,6.63,142,GOOD
rd_8563,ses_3526,2026-10-02T17:57:36.000Z,3.42,4.91,38.7,5.55,6.62,138,GOOD
rd_8564,ses_3526,2026-10-02T17:57:44.000Z,3.46,5.43,38.6,5.55,6.62,139,GOOD
rd_8565,ses_3526,2026-10-02T17:57:52.000Z,3.26,5.92,38.6,5.56,6.61,135,GOOD
rd_8566,ses_3526,2026-10-02T17:58:00.000Z,3.24,6.41,38.6,5.56,6.63,142,GOOD
rd_8567,ses_3526,2026-10-02T17:58:08.000Z,3.45,6.93,38.7,5.59,6.63,136,GOOD
rd_8568,ses_3526,2026-10-02T17:58:16.000Z,3.48,7.45,38.7,5.55,6.61,142,GOOD
rd_8569,ses_3526,2026-10-02T17:58:24.000Z,3.27,7.94,38.6,5.56,6.63,140,GOOD
rd_8570,ses_3526,2026-10-02T17:58:32.000Z,3.52,8.47,38.7,5.57,6.61,136,GOOD
rd_8571,ses_3526,2026-10-02T17:58:40.000Z,3.33,8.97,38.7,5.53,6.63,148,GOOD
rd_8572,ses_3526,2026-10-02T17:58:48.000Z,3.11,9.43,38.5,5.59,6.61,139,GOOD
rd_8573,ses_3526,2026-10-02T17:58:56.000Z,2.72,9.84,38.6,5.53,6.63,149,GOOD
rd_8574,ses_3526,2026-10-02T17:59:04.000Z,2.33,10.19,38.5,5.59,6.64,147,GOOD
rd_8575,ses_3526,2026-10-02T17:59:12.000Z,1.94,10.48,38.5,5.53,6.61,149,GOOD
rd_8576,ses_3526,2026-10-02T17:59:20.000Z,1.55,10.71,38.7,5.56,6.61,141,GOOD
rd_8577,ses_3526,2026-10-02T17:59:28.000Z,1.17,10.89,38.5,5.53,6.62,134,GOOD
rd_8578,ses_3526,2026-10-02T17:59:36.000Z,0.78,11.01,38.6,5.59,6.62,142,GOOD
rd_8579,ses_3526,2026-10-02T17:59:44.000Z,0.39,11.06,38.5,5.59,6.61,140,GOOD
rd_8580,ses_3526,2026-10-02T17:59:52.000Z,0.05,11.07,38.6,5.58,6.61,148,GOOD
rd_8581,ses_3527,2026-10-02T17:36:00.000Z,0.05,0.01,38.6,5.64,6.68,136,GOOD
rd_8582,ses_3527,2026-10-02T17:36:08.000Z,0.63,0.10,38.6,5.68,6.67,142,GOOD
rd_8583,ses_3527,2026-10-02T17:36:16.000Z,1.27,0.29,38.6,5.68,6.68,129,GOOD
rd_8584,ses_3527,2026-10-02T17:36:24.000Z,1.9,0.58,38.8,5.64,6.68,137,GOOD
rd_8585,ses_3527,2026-10-02T17:36:32.000Z,2.54,0.96,38.6,5.64,6.68,135,GOOD
rd_8586,ses_3527,2026-10-02T17:36:40.000Z,3.17,1.43,38.6,5.65,6.65,140,GOOD
rd_8587,ses_3527,2026-10-02T17:36:48.000Z,3.76,2.00,38.7,5.62,6.67,132,GOOD
rd_8588,ses_3527,2026-10-02T17:36:56.000Z,3.55,2.53,38.7,5.63,6.68,137,GOOD
rd_8589,ses_3527,2026-10-02T17:37:04.000Z,3.56,3.06,38.7,5.64,6.69,134,GOOD
rd_8590,ses_3527,2026-10-02T17:37:12.000Z,3.61,3.61,38.6,5.63,6.66,142,GOOD
rd_8591,ses_3527,2026-10-02T17:37:20.000Z,3.78,4.17,38.7,5.63,6.65,142,GOOD
rd_8592,ses_3527,2026-10-02T17:37:28.000Z,3.78,4.74,38.7,5.64,6.67,131,GOOD
rd_8593,ses_3527,2026-10-02T17:37:36.000Z,3.8,5.31,38.7,5.67,6.68,131,GOOD
rd_8594,ses_3527,2026-10-02T17:37:44.000Z,3.66,5.86,38.8,5.65,6.67,143,GOOD
rd_8595,ses_3527,2026-10-02T17:37:52.000Z,3.76,6.42,38.6,5.66,6.66,137,GOOD
rd_8596,ses_3527,2026-10-02T17:38:00.000Z,3.75,6.99,38.7,5.63,6.66,138,GOOD
rd_8597,ses_3527,2026-10-02T17:38:08.000Z,3.72,7.54,38.6,5.66,6.66,140,GOOD
rd_8598,ses_3527,2026-10-02T17:38:16.000Z,3.62,8.09,38.7,5.64,6.69,140,GOOD
rd_8599,ses_3527,2026-10-02T17:38:24.000Z,3.83,8.66,38.6,5.63,6.66,142,GOOD
rd_8600,ses_3527,2026-10-02T17:38:32.000Z,3.64,9.21,38.7,5.63,6.67,133,GOOD
rd_8601,ses_3527,2026-10-02T17:38:40.000Z,3.58,9.74,38.7,5.64,6.69,131,GOOD
rd_8602,ses_3527,2026-10-02T17:38:48.000Z,3.38,10.25,38.7,5.63,6.66,139,GOOD
rd_8603,ses_3527,2026-10-02T17:38:56.000Z,2.96,10.70,38.7,5.67,6.67,129,GOOD
rd_8604,ses_3527,2026-10-02T17:39:04.000Z,2.54,11.08,38.6,5.68,6.66,138,GOOD
rd_8605,ses_3527,2026-10-02T17:39:12.000Z,2.11,11.39,38.8,5.66,6.65,139,GOOD
rd_8606,ses_3527,2026-10-02T17:39:20.000Z,1.69,11.65,38.7,5.64,6.66,139,GOOD
rd_8607,ses_3527,2026-10-02T17:39:28.000Z,1.27,11.84,38.7,5.64,6.65,143,GOOD
rd_8608,ses_3527,2026-10-02T17:39:36.000Z,0.85,11.96,38.7,5.66,6.66,129,GOOD
rd_8609,ses_3527,2026-10-02T17:39:44.000Z,0.42,12.03,38.8,5.62,6.68,142,GOOD
rd_8610,ses_3527,2026-10-02T17:39:52.000Z,0.05,12.03,38.6,5.65,6.68,143,GOOD
rd_8611,ses_3528,2026-10-02T17:00:00.000Z,0.05,0.01,38.5,5.54,6.69,138,GOOD
rd_8612,ses_3528,2026-10-02T17:00:08.000Z,0.7,0.11,38.3,5.56,6.69,148,GOOD
rd_8613,ses_3528,2026-10-02T17:00:16.000Z,1.4,0.32,38.5,5.55,6.68,152,GOOD
rd_8614,ses_3528,2026-10-02T17:00:24.000Z,2.11,0.64,38.4,5.58,6.66,146,GOOD
rd_8615,ses_3528,2026-10-02T17:00:32.000Z,2.81,1.06,38.5,5.58,6.68,146,GOOD
rd_8616,ses_3528,2026-10-02T17:00:40.000Z,3.51,1.59,38.4,5.54,6.67,139,GOOD
rd_8617,ses_3528,2026-10-02T17:00:48.000Z,4.21,2.22,38.4,5.56,6.70,146,GOOD
rd_8618,ses_3528,2026-10-02T17:00:56.000Z,4.11,2.83,38.4,5.59,6.69,140,GOOD
rd_8619,ses_3528,2026-10-02T17:01:04.000Z,4.06,3.44,38.3,5.56,6.69,145,GOOD
rd_8620,ses_3528,2026-10-02T17:01:12.000Z,3.95,4.04,38.4,5.60,6.67,139,GOOD
rd_8621,ses_3528,2026-10-02T17:01:20.000Z,4.07,4.65,38.3,5.59,6.66,148,GOOD
rd_8622,ses_3528,2026-10-02T17:01:28.000Z,4.1,5.26,38.4,5.55,6.70,141,GOOD
rd_8623,ses_3528,2026-10-02T17:01:36.000Z,4.2,5.89,38.5,5.57,6.67,153,GOOD
rd_8624,ses_3528,2026-10-02T17:01:44.000Z,3.99,6.49,38.3,5.58,6.68,148,GOOD
rd_8625,ses_3528,2026-10-02T17:01:52.000Z,4.18,7.12,38.4,5.57,6.67,152,GOOD
rd_8626,ses_3528,2026-10-02T17:02:00.000Z,4.12,7.74,38.4,5.59,6.70,147,GOOD
rd_8627,ses_3528,2026-10-02T17:02:08.000Z,3.99,8.33,38.5,5.55,6.70,150,GOOD
rd_8628,ses_3528,2026-10-02T17:02:16.000Z,3.99,8.93,38.5,5.58,6.67,153,GOOD
rd_8629,ses_3528,2026-10-02T17:02:24.000Z,3.94,9.52,38.3,5.61,6.68,153,GOOD
rd_8630,ses_3528,2026-10-02T17:02:32.000Z,4.08,10.14,38.5,5.56,6.70,145,GOOD
rd_8631,ses_3528,2026-10-02T17:02:40.000Z,4.02,10.74,38.3,5.55,6.68,150,GOOD
rd_8632,ses_3528,2026-10-02T17:02:48.000Z,3.74,11.30,38.3,5.60,6.69,143,GOOD
rd_8633,ses_3528,2026-10-02T17:02:56.000Z,3.27,11.79,38.3,5.60,6.68,149,GOOD
rd_8634,ses_3528,2026-10-02T17:03:04.000Z,2.81,12.21,38.3,5.57,6.66,154,GOOD
rd_8635,ses_3528,2026-10-02T17:03:12.000Z,2.34,12.56,38.4,5.55,6.70,140,GOOD
rd_8636,ses_3528,2026-10-02T17:03:20.000Z,1.87,12.84,38.3,5.54,6.67,144,GOOD
rd_8637,ses_3528,2026-10-02T17:03:28.000Z,1.4,13.05,38.5,5.60,6.67,150,GOOD
rd_8638,ses_3528,2026-10-02T17:03:36.000Z,0.94,13.19,38.4,5.56,6.68,152,GOOD
rd_8639,ses_3528,2026-10-02T17:03:44.000Z,0.47,13.26,38.5,5.54,6.66,143,GOOD
rd_8640,ses_3528,2026-10-02T17:03:52.000Z,0.05,13.27,38.5,5.58,6.66,148,GOOD
rd_8641,ses_3529,2026-10-02T18:17:00.000Z,0.05,0.01,38.7,5.60,6.60,155,GOOD
rd_8642,ses_3529,2026-10-02T18:17:08.000Z,0.6,0.10,38.7,5.63,6.61,157,GOOD
rd_8643,ses_3529,2026-10-02T18:17:16.000Z,1.21,0.28,38.8,5.56,6.61,145,GOOD
rd_8644,ses_3529,2026-10-02T18:17:24.000Z,1.81,0.55,38.6,5.62,6.62,157,GOOD
rd_8645,ses_3529,2026-10-02T18:17:32.000Z,2.41,0.91,38.8,5.56,6.64,155,GOOD
rd_8646,ses_3529,2026-10-02T18:17:40.000Z,3.02,1.36,38.6,5.57,6.61,154,GOOD
rd_8647,ses_3529,2026-10-02T18:17:48.000Z,3.45,1.88,38.8,5.57,6.62,155,GOOD
rd_8648,ses_3529,2026-10-02T18:17:56.000Z,3.63,2.43,38.7,5.55,6.61,158,GOOD
rd_8649,ses_3529,2026-10-02T18:18:04.000Z,3.42,2.94,38.7,5.58,6.63,154,GOOD
rd_8650,ses_3529,2026-10-02T18:18:12.000Z,3.38,3.45,38.7,5.62,6.61,159,GOOD
rd_8651,ses_3529,2026-10-02T18:18:20.000Z,3.58,3.98,38.7,5.62,6.62,156,GOOD
rd_8652,ses_3529,2026-10-02T18:18:28.000Z,3.46,4.50,38.6,5.61,6.60,151,GOOD
rd_8653,ses_3529,2026-10-02T18:18:36.000Z,3.57,5.04,38.7,5.58,6.60,157,GOOD
rd_8654,ses_3529,2026-10-02T18:18:44.000Z,3.54,5.57,38.8,5.57,6.62,151,GOOD
rd_8655,ses_3529,2026-10-02T18:18:52.000Z,3.37,6.07,38.6,5.60,6.60,151,GOOD
rd_8656,ses_3529,2026-10-02T18:19:00.000Z,3.5,6.60,38.8,5.57,6.61,149,GOOD
rd_8657,ses_3529,2026-10-02T18:19:08.000Z,3.51,7.13,38.8,5.55,6.64,156,GOOD
rd_8658,ses_3529,2026-10-02T18:19:16.000Z,3.63,7.67,38.7,5.59,6.64,145,GOOD
rd_8659,ses_3529,2026-10-02T18:19:24.000Z,3.51,8.20,38.7,5.55,6.61,146,GOOD
rd_8660,ses_3529,2026-10-02T18:19:32.000Z,3.5,8.72,38.7,5.59,6.61,144,GOOD
rd_8661,ses_3529,2026-10-02T18:19:40.000Z,3.64,9.27,38.8,5.59,6.61,159,GOOD
rd_8662,ses_3529,2026-10-02T18:19:48.000Z,3.22,9.75,38.7,5.56,6.62,156,GOOD
rd_8663,ses_3529,2026-10-02T18:19:56.000Z,2.82,10.17,38.7,5.58,6.61,157,GOOD
rd_8664,ses_3529,2026-10-02T18:20:04.000Z,2.41,10.54,38.8,5.59,6.61,146,GOOD
rd_8665,ses_3529,2026-10-02T18:20:12.000Z,2.01,10.84,38.6,5.55,6.61,157,GOOD
rd_8666,ses_3529,2026-10-02T18:20:20.000Z,1.61,11.08,38.8,5.58,6.62,148,GOOD
rd_8667,ses_3529,2026-10-02T18:20:28.000Z,1.21,11.26,38.8,5.57,6.64,155,GOOD
rd_8668,ses_3529,2026-10-02T18:20:36.000Z,0.8,11.38,38.7,5.56,6.60,151,GOOD
rd_8669,ses_3529,2026-10-02T18:20:44.000Z,0.4,11.44,38.7,5.58,6.63,155,GOOD
rd_8670,ses_3529,2026-10-02T18:20:52.000Z,0.05,11.45,38.7,5.58,6.62,154,GOOD
rd_8671,ses_3530,2026-10-02T17:17:00.000Z,0.05,0.01,38.6,5.45,6.68,99,GOOD
rd_8672,ses_3530,2026-10-02T17:17:08.000Z,0.64,0.10,38.7,5.45,6.67,98,GOOD
rd_8673,ses_3530,2026-10-02T17:17:16.000Z,1.28,0.30,38.8,5.43,6.66,94,GOOD
rd_8674,ses_3530,2026-10-02T17:17:24.000Z,1.92,0.58,38.7,5.50,6.67,92,GOOD
rd_8675,ses_3530,2026-10-02T17:17:32.000Z,2.57,0.97,38.6,5.49,6.64,92,GOOD
rd_8676,ses_3530,2026-10-02T17:17:40.000Z,3.21,1.45,38.7,5.49,6.67,95,GOOD
rd_8677,ses_3530,2026-10-02T17:17:48.000Z,3.79,2.02,38.8,5.43,6.65,103,GOOD
rd_8678,ses_3530,2026-10-02T17:17:56.000Z,3.77,2.58,38.7,5.50,6.67,103,GOOD
rd_8679,ses_3530,2026-10-02T17:18:04.000Z,3.59,3.12,38.7,5.51,6.65,101,GOOD
rd_8680,ses_3530,2026-10-02T17:18:12.000Z,3.82,3.70,38.8,5.48,6.66,101,GOOD
rd_8681,ses_3530,2026-10-02T17:18:20.000Z,3.7,4.25,38.7,5.48,6.66,101,GOOD
rd_8682,ses_3530,2026-10-02T17:18:28.000Z,3.86,4.83,38.8,5.45,6.66,102,GOOD
rd_8683,ses_3530,2026-10-02T17:18:36.000Z,3.61,5.37,38.6,5.49,6.65,95,GOOD
rd_8684,ses_3530,2026-10-02T17:18:44.000Z,3.65,5.92,38.7,5.49,6.67,103,GOOD
rd_8685,ses_3530,2026-10-02T17:18:52.000Z,3.66,6.47,38.7,5.47,6.65,96,GOOD
rd_8686,ses_3530,2026-10-02T17:19:00.000Z,3.62,7.01,38.6,5.44,6.68,102,GOOD
rd_8687,ses_3530,2026-10-02T17:19:08.000Z,3.76,7.58,38.8,5.46,6.64,99,GOOD
rd_8688,ses_3530,2026-10-02T17:19:16.000Z,3.65,8.12,38.8,5.44,6.65,90,GOOD
rd_8689,ses_3530,2026-10-02T17:19:24.000Z,3.69,8.68,38.7,5.46,6.65,102,GOOD
rd_8690,ses_3530,2026-10-02T17:19:32.000Z,3.73,9.24,38.7,5.43,6.67,94,GOOD
rd_8691,ses_3530,2026-10-02T17:19:40.000Z,3.59,9.77,38.7,5.45,6.67,93,GOOD
rd_8692,ses_3530,2026-10-02T17:19:48.000Z,3.42,10.29,38.6,5.45,6.67,103,GOOD
rd_8693,ses_3530,2026-10-02T17:19:56.000Z,2.99,10.74,38.8,5.46,6.67,94,GOOD
rd_8694,ses_3530,2026-10-02T17:20:04.000Z,2.57,11.12,38.7,5.50,6.66,96,GOOD
rd_8695,ses_3530,2026-10-02T17:20:12.000Z,2.14,11.44,38.8,5.50,6.65,102,GOOD
rd_8696,ses_3530,2026-10-02T17:20:20.000Z,1.71,11.70,38.7,5.46,6.65,104,GOOD
rd_8697,ses_3530,2026-10-02T17:20:28.000Z,1.28,11.89,38.7,5.50,6.65,92,GOOD
rd_8698,ses_3530,2026-10-02T17:20:36.000Z,0.86,12.02,38.7,5.50,6.64,105,GOOD
rd_8699,ses_3530,2026-10-02T17:20:44.000Z,0.43,12.08,38.8,5.49,6.67,104,GOOD
rd_8700,ses_3530,2026-10-02T17:20:52.000Z,0.05,12.09,38.6,5.48,6.66,92,GOOD
rd_8701,ses_3531,2026-10-02T17:33:00.000Z,0.05,0.01,38.7,6.24,6.81,174,GOOD
rd_8702,ses_3531,2026-10-02T17:33:08.000Z,0.69,0.11,38.9,6.25,6.84,165,GOOD
rd_8703,ses_3531,2026-10-02T17:33:16.000Z,1.39,0.32,38.9,6.27,6.82,172,GOOD
rd_8704,ses_3531,2026-10-02T17:33:24.000Z,2.08,0.63,38.9,6.28,6.80,165,GOOD
rd_8705,ses_3531,2026-10-02T17:33:32.000Z,2.77,1.05,38.8,6.28,6.80,179,GOOD
rd_8706,ses_3531,2026-10-02T17:33:40.000Z,3.47,1.57,38.7,6.26,6.82,175,GOOD
rd_8707,ses_3531,2026-10-02T17:33:48.000Z,3.88,2.15,38.9,6.23,6.82,170,GOOD
rd_8708,ses_3531,2026-10-02T17:33:56.000Z,4.15,2.77,38.8,6.24,6.80,174,GOOD
rd_8709,ses_3531,2026-10-02T17:34:04.000Z,3.91,3.36,38.8,6.29,6.80,167,GOOD
rd_8710,ses_3531,2026-10-02T17:34:12.000Z,3.95,3.95,38.8,6.27,6.83,166,GOOD
rd_8711,ses_3531,2026-10-02T17:34:20.000Z,4.17,4.58,38.9,6.29,6.83,173,GOOD
rd_8712,ses_3531,2026-10-02T17:34:28.000Z,3.9,5.16,38.7,6.25,6.84,181,GOOD
rd_8713,ses_3531,2026-10-02T17:34:36.000Z,4.08,5.77,38.7,6.30,6.82,167,GOOD
rd_8714,ses_3531,2026-10-02T17:34:44.000Z,3.92,6.36,38.7,6.26,6.83,167,GOOD
rd_8715,ses_3531,2026-10-02T17:34:52.000Z,4.05,6.97,38.8,6.25,6.80,168,GOOD
rd_8716,ses_3531,2026-10-02T17:35:00.000Z,4.15,7.59,38.7,6.28,6.81,167,GOOD
rd_8717,ses_3531,2026-10-02T17:35:08.000Z,3.89,8.18,38.9,6.24,6.83,172,GOOD
rd_8718,ses_3531,2026-10-02T17:35:16.000Z,4.16,8.80,38.7,6.27,6.83,172,GOOD
rd_8719,ses_3531,2026-10-02T17:35:24.000Z,4.1,9.41,38.7,6.24,6.82,177,GOOD
rd_8720,ses_3531,2026-10-02T17:35:32.000Z,3.97,10.01,38.7,6.25,6.81,180,GOOD
rd_8721,ses_3531,2026-10-02T17:35:40.000Z,4,10.61,38.8,6.27,6.82,177,GOOD
rd_8722,ses_3531,2026-10-02T17:35:48.000Z,3.7,11.16,38.8,6.25,6.81,177,GOOD
rd_8723,ses_3531,2026-10-02T17:35:56.000Z,3.23,11.65,38.9,6.31,6.81,170,GOOD
rd_8724,ses_3531,2026-10-02T17:36:04.000Z,2.77,12.06,38.8,6.24,6.80,176,GOOD
rd_8725,ses_3531,2026-10-02T17:36:12.000Z,2.31,12.41,38.9,6.26,6.83,175,GOOD
rd_8726,ses_3531,2026-10-02T17:36:20.000Z,1.85,12.69,38.8,6.30,6.81,176,GOOD
rd_8727,ses_3531,2026-10-02T17:36:28.000Z,1.39,12.90,38.8,6.24,6.83,180,GOOD
rd_8728,ses_3531,2026-10-02T17:36:36.000Z,0.92,13.04,38.9,6.27,6.82,177,GOOD
rd_8729,ses_3531,2026-10-02T17:36:44.000Z,0.46,13.10,38.9,6.29,6.84,172,GOOD
rd_8730,ses_3531,2026-10-02T17:36:52.000Z,0.05,13.11,38.7,6.23,6.82,172,GOOD
rd_8731,ses_3532,2026-10-02T18:11:00.000Z,0.05,0.01,38.8,6.33,6.76,188,GOOD
rd_8732,ses_3532,2026-10-02T18:11:08.000Z,0.61,0.10,38.8,6.35,6.73,180,GOOD
rd_8733,ses_3532,2026-10-02T18:11:16.000Z,1.21,0.28,39.0,6.33,6.74,184,GOOD
rd_8734,ses_3532,2026-10-02T18:11:24.000Z,1.82,0.55,38.9,6.29,6.74,186,GOOD
rd_8735,ses_3532,2026-10-02T18:11:32.000Z,2.42,0.92,38.9,6.35,6.73,182,GOOD
rd_8736,ses_3532,2026-10-02T18:11:40.000Z,3.03,1.37,38.9,6.33,6.75,189,GOOD
rd_8737,ses_3532,2026-10-02T18:11:48.000Z,3.55,1.90,38.9,6.31,6.74,177,GOOD
rd_8738,ses_3532,2026-10-02T18:11:56.000Z,3.59,2.44,38.9,6.31,6.73,181,GOOD
rd_8739,ses_3532,2026-10-02T18:12:04.000Z,3.53,2.97,38.8,6.32,6.76,177,GOOD
rd_8740,ses_3532,2026-10-02T18:12:12.000Z,3.42,3.48,38.9,6.35,6.75,190,GOOD
rd_8741,ses_3532,2026-10-02T18:12:20.000Z,3.38,3.99,39.0,6.28,6.73,182,GOOD
rd_8742,ses_3532,2026-10-02T18:12:28.000Z,3.59,4.53,38.8,6.30,6.76,178,GOOD
rd_8743,ses_3532,2026-10-02T18:12:36.000Z,3.65,5.08,39.0,6.31,6.74,178,GOOD
rd_8744,ses_3532,2026-10-02T18:12:44.000Z,3.54,5.61,38.8,6.34,6.76,185,GOOD
rd_8745,ses_3532,2026-10-02T18:12:52.000Z,3.53,6.14,38.9,6.35,6.77,189,GOOD
rd_8746,ses_3532,2026-10-02T18:13:00.000Z,3.61,6.68,38.9,6.32,6.74,188,GOOD
rd_8747,ses_3532,2026-10-02T18:13:08.000Z,3.54,7.21,38.9,6.33,6.76,187,GOOD
rd_8748,ses_3532,2026-10-02T18:13:16.000Z,3.49,7.73,38.8,6.30,6.76,179,GOOD
rd_8749,ses_3532,2026-10-02T18:13:24.000Z,3.45,8.25,38.9,6.34,6.74,190,GOOD
rd_8750,ses_3532,2026-10-02T18:13:32.000Z,3.62,8.79,39.0,6.35,6.74,185,GOOD
rd_8751,ses_3532,2026-10-02T18:13:40.000Z,3.57,9.33,38.8,6.34,6.77,192,GOOD
rd_8752,ses_3532,2026-10-02T18:13:48.000Z,3.23,9.81,39.0,6.35,6.75,186,GOOD
rd_8753,ses_3532,2026-10-02T18:13:56.000Z,2.82,10.24,39.0,6.36,6.74,193,GOOD
rd_8754,ses_3532,2026-10-02T18:14:04.000Z,2.42,10.60,38.9,6.31,6.74,186,GOOD
rd_8755,ses_3532,2026-10-02T18:14:12.000Z,2.02,10.90,38.8,6.34,6.74,187,GOOD
rd_8756,ses_3532,2026-10-02T18:14:20.000Z,1.61,11.15,38.8,6.29,6.75,192,GOOD
rd_8757,ses_3532,2026-10-02T18:14:28.000Z,1.21,11.33,38.9,6.31,6.76,178,GOOD
rd_8758,ses_3532,2026-10-02T18:14:36.000Z,0.81,11.45,38.9,6.36,6.76,183,GOOD
rd_8759,ses_3532,2026-10-02T18:14:44.000Z,0.4,11.51,39.0,6.30,6.77,191,GOOD
rd_8760,ses_3532,2026-10-02T18:14:52.000Z,0.05,11.52,38.9,6.34,6.76,186,GOOD
rd_8761,ses_3533,2026-10-02T18:00:00.000Z,0.05,0.01,38.9,6.22,6.80,202,GOOD
rd_8762,ses_3533,2026-10-02T18:00:08.000Z,0.67,0.11,38.9,6.18,6.76,204,GOOD
rd_8763,ses_3533,2026-10-02T18:00:16.000Z,1.34,0.31,38.9,6.20,6.77,203,GOOD
rd_8764,ses_3533,2026-10-02T18:00:24.000Z,2.01,0.61,38.8,6.18,6.76,214,GOOD
rd_8765,ses_3533,2026-10-02T18:00:32.000Z,2.68,1.01,38.9,6.24,6.79,205,GOOD
rd_8766,ses_3533,2026-10-02T18:00:40.000Z,3.35,1.52,38.8,6.22,6.77,205,GOOD
rd_8767,ses_3533,2026-10-02T18:00:48.000Z,3.89,2.10,38.9,6.25,6.79,206,GOOD
rd_8768,ses_3533,2026-10-02T18:00:56.000Z,3.78,2.67,39.0,6.21,6.79,211,GOOD
rd_8769,ses_3533,2026-10-02T18:01:04.000Z,3.81,3.24,38.8,6.23,6.78,212,GOOD
rd_8770,ses_3533,2026-10-02T18:01:12.000Z,3.87,3.82,38.9,6.17,6.76,214,GOOD
rd_8771,ses_3533,2026-10-02T18:01:20.000Z,3.99,4.42,38.9,6.18,6.79,200,GOOD
rd_8772,ses_3533,2026-10-02T18:01:28.000Z,3.88,5.00,38.9,6.20,6.79,211,GOOD
rd_8773,ses_3533,2026-10-02T18:01:36.000Z,3.87,5.58,38.9,6.22,6.77,202,GOOD
rd_8774,ses_3533,2026-10-02T18:01:44.000Z,3.89,6.16,39.0,6.20,6.76,210,GOOD
rd_8775,ses_3533,2026-10-02T18:01:52.000Z,3.94,6.75,38.9,6.18,6.80,200,GOOD
rd_8776,ses_3533,2026-10-02T18:02:00.000Z,3.8,7.32,39.0,6.19,6.77,204,GOOD
rd_8777,ses_3533,2026-10-02T18:02:08.000Z,3.81,7.89,38.8,6.18,6.77,208,GOOD
rd_8778,ses_3533,2026-10-02T18:02:16.000Z,3.75,8.46,38.9,6.22,6.77,206,GOOD
rd_8779,ses_3533,2026-10-02T18:02:24.000Z,3.99,9.06,38.9,6.18,6.78,202,GOOD
rd_8780,ses_3533,2026-10-02T18:02:32.000Z,3.81,9.63,38.8,6.22,6.78,204,GOOD
rd_8781,ses_3533,2026-10-02T18:02:40.000Z,3.75,10.19,38.8,6.20,6.78,210,GOOD
rd_8782,ses_3533,2026-10-02T18:02:48.000Z,3.58,10.73,38.9,6.25,6.78,209,GOOD
rd_8783,ses_3533,2026-10-02T18:02:56.000Z,3.13,11.20,38.9,6.20,6.76,213,GOOD
rd_8784,ses_3533,2026-10-02T18:03:04.000Z,2.68,11.60,39.0,6.23,6.80,205,GOOD
rd_8785,ses_3533,2026-10-02T18:03:12.000Z,2.24,11.93,38.9,6.24,6.80,202,GOOD
rd_8786,ses_3533,2026-10-02T18:03:20.000Z,1.79,12.20,38.8,6.23,6.78,201,GOOD
rd_8787,ses_3533,2026-10-02T18:03:28.000Z,1.34,12.40,39.0,6.25,6.77,206,GOOD
rd_8788,ses_3533,2026-10-02T18:03:36.000Z,0.89,12.54,38.8,6.21,6.76,209,GOOD
rd_8789,ses_3533,2026-10-02T18:03:44.000Z,0.45,12.60,38.8,6.20,6.78,211,GOOD
rd_8790,ses_3533,2026-10-02T18:03:52.000Z,0.05,12.61,39.0,6.18,6.80,201,GOOD
rd_8791,ses_3534,2026-10-02T17:54:00.000Z,0.05,0.01,38.9,6.30,6.73,235,GOOD
rd_8792,ses_3534,2026-10-02T17:54:08.000Z,0.59,0.10,38.8,6.29,6.75,234,GOOD
rd_8793,ses_3534,2026-10-02T17:54:16.000Z,1.19,0.27,38.7,6.26,6.74,227,GOOD
rd_8794,ses_3534,2026-10-02T17:54:24.000Z,1.78,0.54,38.9,6.28,6.76,237,GOOD
rd_8795,ses_3534,2026-10-02T17:54:32.000Z,2.38,0.90,38.7,6.24,6.75,229,GOOD
rd_8796,ses_3534,2026-10-02T17:54:40.000Z,2.97,1.34,38.9,6.28,6.74,232,GOOD
rd_8797,ses_3534,2026-10-02T17:54:48.000Z,3.35,1.85,38.8,6.27,6.74,225,GOOD
rd_8798,ses_3534,2026-10-02T17:54:56.000Z,3.48,2.37,38.7,6.28,6.74,238,GOOD
rd_8799,ses_3534,2026-10-02T17:55:04.000Z,3.4,2.88,38.9,6.26,6.73,236,GOOD
rd_8800,ses_3534,2026-10-02T17:55:12.000Z,3.53,3.41,38.8,6.27,6.73,231,GOOD
rd_8801,ses_3534,2026-10-02T17:55:20.000Z,3.51,3.93,38.7,6.27,6.75,236,GOOD
rd_8802,ses_3534,2026-10-02T17:55:28.000Z,3.54,4.47,38.8,6.24,6.76,237,GOOD
rd_8803,ses_3534,2026-10-02T17:55:36.000Z,3.35,4.97,38.9,6.25,6.74,229,GOOD
rd_8804,ses_3534,2026-10-02T17:55:44.000Z,3.35,5.47,38.9,6.27,6.75,226,GOOD
rd_8805,ses_3534,2026-10-02T17:55:52.000Z,3.5,6.00,38.7,6.28,6.73,238,GOOD
rd_8806,ses_3534,2026-10-02T17:56:00.000Z,3.41,6.51,38.8,6.27,6.72,224,GOOD
rd_8807,ses_3534,2026-10-02T17:56:08.000Z,3.5,7.03,38.9,6.26,6.72,236,GOOD
rd_8808,ses_3534,2026-10-02T17:56:16.000Z,3.48,7.55,38.9,6.26,6.74,230,GOOD
rd_8809,ses_3534,2026-10-02T17:56:24.000Z,3.36,8.06,38.9,6.24,6.73,235,GOOD
rd_8810,ses_3534,2026-10-02T17:56:32.000Z,3.44,8.57,38.9,6.23,6.74,225,GOOD
rd_8811,ses_3534,2026-10-02T17:56:40.000Z,3.5,9.10,38.8,6.23,6.76,233,GOOD
rd_8812,ses_3534,2026-10-02T17:56:48.000Z,3.17,9.57,38.8,6.22,6.73,231,GOOD
rd_8813,ses_3534,2026-10-02T17:56:56.000Z,2.78,9.99,38.7,6.28,6.75,236,GOOD
rd_8814,ses_3534,2026-10-02T17:57:04.000Z,2.38,10.35,38.7,6.22,6.75,239,GOOD
rd_8815,ses_3534,2026-10-02T17:57:12.000Z,1.98,10.65,38.8,6.29,6.73,229,GOOD
rd_8816,ses_3534,2026-10-02T17:57:20.000Z,1.59,10.88,38.8,6.28,6.76,227,GOOD
rd_8817,ses_3534,2026-10-02T17:57:28.000Z,1.19,11.06,38.9,6.28,6.76,238,GOOD
rd_8818,ses_3534,2026-10-02T17:57:36.000Z,0.79,11.18,38.7,6.28,6.73,234,GOOD
rd_8819,ses_3534,2026-10-02T17:57:44.000Z,0.4,11.24,38.7,6.28,6.75,224,GOOD
rd_8820,ses_3534,2026-10-02T17:57:52.000Z,0.05,11.25,38.8,6.24,6.72,227,GOOD
rd_8821,ses_3535,2026-10-02T17:01:00.000Z,0.05,0.01,38.9,6.07,6.74,246,GOOD
rd_8822,ses_3535,2026-10-02T17:01:08.000Z,0.65,0.11,38.9,6.05,6.73,243,GOOD
rd_8823,ses_3535,2026-10-02T17:01:16.000Z,1.29,0.30,38.9,6.08,6.75,239,GOOD
rd_8824,ses_3535,2026-10-02T17:01:24.000Z,1.94,0.59,38.8,6.07,6.75,240,GOOD
rd_8825,ses_3535,2026-10-02T17:01:32.000Z,2.59,0.98,39.0,6.08,6.74,234,GOOD
rd_8826,ses_3535,2026-10-02T17:01:40.000Z,3.23,1.46,38.9,6.05,6.77,244,GOOD
rd_8827,ses_3535,2026-10-02T17:01:48.000Z,3.87,2.04,39.0,6.11,6.73,241,GOOD
rd_8828,ses_3535,2026-10-02T17:01:56.000Z,3.76,2.61,38.9,6.11,6.74,240,GOOD
rd_8829,ses_3535,2026-10-02T17:02:04.000Z,3.85,3.18,39.0,6.07,6.74,245,GOOD
rd_8830,ses_3535,2026-10-02T17:02:12.000Z,3.75,3.75,38.9,6.06,6.74,247,GOOD
rd_8831,ses_3535,2026-10-02T17:02:20.000Z,3.86,4.33,38.8,6.11,6.75,237,GOOD
rd_8832,ses_3535,2026-10-02T17:02:28.000Z,3.81,4.90,38.9,6.05,6.75,244,GOOD
rd_8833,ses_3535,2026-10-02T17:02:36.000Z,3.65,5.45,38.9,6.11,6.76,241,GOOD
rd_8834,ses_3535,2026-10-02T17:02:44.000Z,3.85,6.02,38.8,6.09,6.75,233,GOOD
rd_8835,ses_3535,2026-10-02T17:02:52.000Z,3.69,6.58,38.9,6.10,6.74,244,GOOD
rd_8836,ses_3535,2026-10-02T17:03:00.000Z,3.82,7.15,39.0,6.06,6.76,247,GOOD
rd_8837,ses_3535,2026-10-02T17:03:08.000Z,3.83,7.72,38.8,6.09,6.75,243,GOOD
rd_8838,ses_3535,2026-10-02T17:03:16.000Z,3.69,8.28,38.8,6.05,6.76,236,GOOD
rd_8839,ses_3535,2026-10-02T17:03:24.000Z,3.66,8.83,38.9,6.10,6.76,236,GOOD
rd_8840,ses_3535,2026-10-02T17:03:32.000Z,3.87,9.41,39.0,6.07,6.76,240,GOOD
rd_8841,ses_3535,2026-10-02T17:03:40.000Z,3.89,9.99,38.9,6.11,6.75,241,GOOD
rd_8842,ses_3535,2026-10-02T17:03:48.000Z,3.45,10.51,39.0,6.05,6.73,241,GOOD
rd_8843,ses_3535,2026-10-02T17:03:56.000Z,3.02,10.96,38.9,6.09,6.76,246,GOOD
rd_8844,ses_3535,2026-10-02T17:04:04.000Z,2.59,11.35,38.9,6.10,6.73,247,GOOD
rd_8845,ses_3535,2026-10-02T17:04:12.000Z,2.16,11.67,38.9,6.10,6.76,242,GOOD
rd_8846,ses_3535,2026-10-02T17:04:20.000Z,1.72,11.93,38.8,6.09,6.74,241,GOOD
rd_8847,ses_3535,2026-10-02T17:04:28.000Z,1.29,12.12,38.9,6.07,6.76,244,GOOD
rd_8848,ses_3535,2026-10-02T17:04:36.000Z,0.86,12.25,39.0,6.07,6.75,239,GOOD
rd_8849,ses_3535,2026-10-02T17:04:44.000Z,0.43,12.32,38.9,6.06,6.74,235,GOOD
rd_8850,ses_3535,2026-10-02T17:04:52.000Z,0.05,12.33,38.9,6.11,6.74,247,GOOD
rd_8851,ses_3536,2026-10-02T17:08:00.000Z,0.05,0.01,39.6,7.20,7.13,912,GOOD
rd_8852,ses_3536,2026-10-02T17:08:08.000Z,0.69,0.11,39.6,7.14,7.12,900,GOOD
rd_8853,ses_3536,2026-10-02T17:08:16.000Z,1.38,0.32,39.6,7.14,7.12,911,GOOD
rd_8854,ses_3536,2026-10-02T17:08:24.000Z,2.07,0.63,39.5,7.18,7.15,901,GOOD
rd_8855,ses_3536,2026-10-02T17:08:32.000Z,2.77,1.04,39.6,7.20,7.14,904,GOOD
rd_8856,ses_3536,2026-10-02T17:08:40.000Z,3.46,1.56,39.6,7.20,7.11,903,GOOD
rd_8857,ses_3536,2026-10-02T17:08:48.000Z,4.04,2.17,39.5,7.19,7.14,910,GOOD
rd_8858,ses_3536,2026-10-02T17:08:56.000Z,3.91,2.76,39.7,7.18,7.15,908,GOOD
rd_8859,ses_3536,2026-10-02T17:09:04.000Z,4.14,3.38,39.6,7.15,7.11,913,GOOD
rd_8860,ses_3536,2026-10-02T17:09:12.000Z,4,3.98,39.6,7.17,7.12,912,GOOD
rd_8861,ses_3536,2026-10-02T17:09:20.000Z,4.1,4.59,39.6,7.14,7.15,915,GOOD
rd_8862,ses_3536,2026-10-02T17:09:28.000Z,4.05,5.20,39.6,7.15,7.14,903,GOOD
rd_8863,ses_3536,2026-10-02T17:09:36.000Z,4.03,5.80,39.5,7.20,7.12,908,GOOD
rd_8864,ses_3536,2026-10-02T17:09:44.000Z,4.01,6.40,39.5,7.16,7.12,902,GOOD
rd_8865,ses_3536,2026-10-02T17:09:52.000Z,3.97,7.00,39.7,7.21,7.14,909,GOOD
rd_8866,ses_3536,2026-10-02T17:10:00.000Z,4.08,7.61,39.6,7.13,7.14,905,GOOD
rd_8867,ses_3536,2026-10-02T17:10:08.000Z,4,8.21,39.6,7.20,7.14,906,GOOD
rd_8868,ses_3536,2026-10-02T17:10:16.000Z,4.11,8.83,39.5,7.16,7.13,899,GOOD
rd_8869,ses_3536,2026-10-02T17:10:24.000Z,3.94,9.42,39.7,7.20,7.12,907,GOOD
rd_8870,ses_3536,2026-10-02T17:10:32.000Z,4.12,10.04,39.6,7.19,7.14,908,GOOD
rd_8871,ses_3536,2026-10-02T17:10:40.000Z,3.94,10.63,39.6,7.18,7.15,913,GOOD
rd_8872,ses_3536,2026-10-02T17:10:48.000Z,3.69,11.18,39.6,7.20,7.14,904,GOOD
rd_8873,ses_3536,2026-10-02T17:10:56.000Z,3.23,11.67,39.6,7.14,7.13,915,GOOD
rd_8874,ses_3536,2026-10-02T17:11:04.000Z,2.77,12.08,39.6,7.13,7.14,903,GOOD
rd_8875,ses_3536,2026-10-02T17:11:12.000Z,2.3,12.43,39.6,7.20,7.15,906,GOOD
rd_8876,ses_3536,2026-10-02T17:11:20.000Z,1.84,12.70,39.7,7.19,7.14,905,GOOD
rd_8877,ses_3536,2026-10-02T17:11:28.000Z,1.38,12.91,39.7,7.17,7.12,910,GOOD
rd_8878,ses_3536,2026-10-02T17:11:36.000Z,0.92,13.05,39.7,7.18,7.13,905,GOOD
rd_8879,ses_3536,2026-10-02T17:11:44.000Z,0.46,13.12,39.6,7.18,7.13,913,GOOD
rd_8880,ses_3536,2026-10-02T17:11:52.000Z,0.05,13.13,39.6,7.15,7.12,912,GOOD
rd_8881,ses_3537,2026-10-02T17:56:00.000Z,0.05,0.01,39.2,7.25,7.04,993,GOOD
rd_8882,ses_3537,2026-10-02T17:56:08.000Z,0.61,0.10,39.2,7.25,7.03,1006,GOOD
rd_8883,ses_3537,2026-10-02T17:56:16.000Z,1.23,0.28,39.3,7.22,7.04,1000,GOOD
rd_8884,ses_3537,2026-10-02T17:56:24.000Z,1.84,0.56,39.4,7.24,7.02,998,GOOD
rd_8885,ses_3537,2026-10-02T17:56:32.000Z,2.46,0.93,39.2,7.22,7.05,1003,GOOD
rd_8886,ses_3537,2026-10-02T17:56:40.000Z,3.07,1.39,39.3,7.23,7.05,1006,GOOD
rd_8887,ses_3537,2026-10-02T17:56:48.000Z,3.42,1.90,39.3,7.26,7.02,1005,GOOD
rd_8888,ses_3537,2026-10-02T17:56:56.000Z,3.65,2.45,39.2,7.27,7.04,1000,GOOD
rd_8889,ses_3537,2026-10-02T17:57:04.000Z,3.6,2.99,39.4,7.28,7.04,992,GOOD
rd_8890,ses_3537,2026-10-02T17:57:12.000Z,3.54,3.52,39.3,7.26,7.05,995,GOOD
rd_8891,ses_3537,2026-10-02T17:57:20.000Z,3.53,4.05,39.4,7.26,7.06,1003,GOOD
rd_8892,ses_3537,2026-10-02T17:57:28.000Z,3.49,4.57,39.3,7.21,7.05,1006,GOOD
rd_8893,ses_3537,2026-10-02T17:57:36.000Z,3.6,5.11,39.3,7.26,7.03,996,GOOD
rd_8894,ses_3537,2026-10-02T17:57:44.000Z,3.43,5.63,39.3,7.24,7.02,999,GOOD
rd_8895,ses_3537,2026-10-02T17:57:52.000Z,3.58,6.17,39.3,7.23,7.06,993,GOOD
rd_8896,ses_3537,2026-10-02T17:58:00.000Z,3.59,6.70,39.4,7.25,7.03,998,GOOD
rd_8897,ses_3537,2026-10-02T17:58:08.000Z,3.52,7.23,39.3,7.24,7.04,1006,GOOD
rd_8898,ses_3537,2026-10-02T17:58:16.000Z,3.42,7.74,39.4,7.26,7.04,1002,GOOD
rd_8899,ses_3537,2026-10-02T17:58:24.000Z,3.46,8.26,39.3,7.23,7.04,999,GOOD
rd_8900,ses_3537,2026-10-02T17:58:32.000Z,3.6,8.80,39.4,7.25,7.04,999,GOOD
rd_8901,ses_3537,2026-10-02T17:58:40.000Z,3.62,9.35,39.4,7.27,7.06,999,GOOD
rd_8902,ses_3537,2026-10-02T17:58:48.000Z,3.27,9.84,39.3,7.23,7.04,1004,GOOD
rd_8903,ses_3537,2026-10-02T17:58:56.000Z,2.86,10.27,39.4,7.24,7.05,1002,GOOD
rd_8904,ses_3537,2026-10-02T17:59:04.000Z,2.46,10.63,39.3,7.21,7.05,1004,GOOD
rd_8905,ses_3537,2026-10-02T17:59:12.000Z,2.05,10.94,39.3,7.22,7.04,999,GOOD
rd_8906,ses_3537,2026-10-02T17:59:20.000Z,1.64,11.19,39.2,7.24,7.05,996,GOOD
rd_8907,ses_3537,2026-10-02T17:59:28.000Z,1.23,11.37,39.3,7.23,7.05,998,GOOD
rd_8908,ses_3537,2026-10-02T17:59:36.000Z,0.82,11.50,39.3,7.24,7.06,1005,GOOD
rd_8909,ses_3537,2026-10-02T17:59:44.000Z,0.41,11.56,39.4,7.25,7.04,998,GOOD
rd_8910,ses_3537,2026-10-02T17:59:52.000Z,0.05,11.56,39.4,7.22,7.05,1007,GOOD
rd_8911,ses_3538,2026-10-02T17:18:00.000Z,0.05,0.01,39.3,7.15,7.03,940,GOOD
rd_8912,ses_3538,2026-10-02T17:18:08.000Z,0.66,0.11,39.3,7.18,7.04,937,GOOD
rd_8913,ses_3538,2026-10-02T17:18:16.000Z,1.32,0.30,39.3,7.13,7.02,932,GOOD
rd_8914,ses_3538,2026-10-02T17:18:24.000Z,1.98,0.60,39.2,7.19,7.04,928,GOOD
rd_8915,ses_3538,2026-10-02T17:18:32.000Z,2.64,1.00,39.4,7.20,7.03,941,GOOD
rd_8916,ses_3538,2026-10-02T17:18:40.000Z,3.3,1.49,39.3,7.16,7.04,940,GOOD
rd_8917,ses_3538,2026-10-02T17:18:48.000Z,3.77,2.06,39.2,7.18,7.03,927,GOOD
rd_8918,ses_3538,2026-10-02T17:18:56.000Z,3.85,2.64,39.4,7.20,7.03,940,GOOD
rd_8919,ses_3538,2026-10-02T17:19:04.000Z,3.86,3.21,39.3,7.16,7.02,934,GOOD
rd_8920,ses_3538,2026-10-02T17:19:12.000Z,3.91,3.80,39.2,7.14,7.05,926,GOOD
rd_8921,ses_3538,2026-10-02T17:19:20.000Z,3.94,4.39,39.4,7.17,7.03,938,GOOD
rd_8922,ses_3538,2026-10-02T17:19:28.000Z,3.86,4.97,39.2,7.17,7.04,928,GOOD
rd_8923,ses_3538,2026-10-02T17:19:36.000Z,3.84,5.55,39.3,7.16,7.04,926,GOOD
rd_8924,ses_3538,2026-10-02T17:19:44.000Z,3.85,6.12,39.4,7.19,7.05,938,GOOD
rd_8925,ses_3538,2026-10-02T17:19:52.000Z,3.74,6.69,39.3,7.18,7.05,940,GOOD
rd_8926,ses_3538,2026-10-02T17:20:00.000Z,3.77,7.25,39.3,7.17,7.04,929,GOOD
rd_8927,ses_3538,2026-10-02T17:20:08.000Z,3.74,7.81,39.3,7.16,7.04,942,GOOD
rd_8928,ses_3538,2026-10-02T17:20:16.000Z,3.93,8.40,39.3,7.17,7.04,936,GOOD
rd_8929,ses_3538,2026-10-02T17:20:24.000Z,3.95,8.99,39.3,7.18,7.04,928,GOOD
rd_8930,ses_3538,2026-10-02T17:20:32.000Z,3.81,9.57,39.2,7.19,7.05,939,GOOD
rd_8931,ses_3538,2026-10-02T17:20:40.000Z,3.96,10.16,39.3,7.19,7.02,933,GOOD
rd_8932,ses_3538,2026-10-02T17:20:48.000Z,3.52,10.69,39.4,7.19,7.06,930,GOOD
rd_8933,ses_3538,2026-10-02T17:20:56.000Z,3.08,11.15,39.2,7.14,7.06,940,GOOD
rd_8934,ses_3538,2026-10-02T17:21:04.000Z,2.64,11.55,39.2,7.14,7.05,934,GOOD
rd_8935,ses_3538,2026-10-02T17:21:12.000Z,2.2,11.88,39.3,7.14,7.04,929,GOOD
rd_8936,ses_3538,2026-10-02T17:21:20.000Z,1.76,12.14,39.3,7.19,7.06,931,GOOD
rd_8937,ses_3538,2026-10-02T17:21:28.000Z,1.32,12.34,39.3,7.17,7.04,931,GOOD
rd_8938,ses_3538,2026-10-02T17:21:36.000Z,0.88,12.47,39.3,7.16,7.03,932,GOOD
rd_8939,ses_3538,2026-10-02T17:21:44.000Z,0.44,12.54,39.2,7.13,7.04,932,GOOD
rd_8940,ses_3538,2026-10-02T17:21:52.000Z,0.05,12.54,39.4,7.13,7.05,942,GOOD
rd_8941,ses_3539,2026-10-02T18:02:00.000Z,0.05,0.01,39.4,7.28,7.11,980,GOOD
rd_8942,ses_3539,2026-10-02T18:02:08.000Z,0.7,0.11,39.4,7.28,7.10,985,GOOD
rd_8943,ses_3539,2026-10-02T18:02:16.000Z,1.39,0.32,39.5,7.23,7.10,980,GOOD
rd_8944,ses_3539,2026-10-02T18:02:24.000Z,2.09,0.63,39.5,7.28,7.10,976,GOOD
rd_8945,ses_3539,2026-10-02T18:02:32.000Z,2.79,1.05,39.5,7.28,7.11,985,GOOD
rd_8946,ses_3539,2026-10-02T18:02:40.000Z,3.48,1.57,39.5,7.24,7.10,985,GOOD
rd_8947,ses_3539,2026-10-02T18:02:48.000Z,3.97,2.17,39.4,7.29,7.11,989,GOOD
rd_8948,ses_3539,2026-10-02T18:02:56.000Z,3.9,2.76,39.4,7.28,7.11,974,GOOD
rd_8949,ses_3539,2026-10-02T18:03:04.000Z,4.16,3.38,39.5,7.26,7.09,988,GOOD
rd_8950,ses_3539,2026-10-02T18:03:12.000Z,3.92,3.97,39.6,7.29,7.10,987,GOOD
rd_8951,ses_3539,2026-10-02T18:03:20.000Z,3.97,4.56,39.4,7.27,7.11,983,GOOD
rd_8952,ses_3539,2026-10-02T18:03:28.000Z,4.05,5.17,39.4,7.24,7.10,977,GOOD
rd_8953,ses_3539,2026-10-02T18:03:36.000Z,3.95,5.76,39.6,7.26,7.10,977,GOOD
rd_8954,ses_3539,2026-10-02T18:03:44.000Z,4.18,6.39,39.6,7.27,7.09,987,GOOD
rd_8955,ses_3539,2026-10-02T18:03:52.000Z,4.12,7.01,39.6,7.25,7.09,983,GOOD
rd_8956,ses_3539,2026-10-02T18:04:00.000Z,4.12,7.63,39.5,7.28,7.12,977,GOOD
rd_8957,ses_3539,2026-10-02T18:04:08.000Z,3.89,8.21,39.5,7.28,7.09,978,GOOD
rd_8958,ses_3539,2026-10-02T18:04:16.000Z,4.11,8.83,39.4,7.22,7.10,975,GOOD
rd_8959,ses_3539,2026-10-02T18:04:24.000Z,3.92,9.41,39.5,7.23,7.10,974,GOOD
rd_8960,ses_3539,2026-10-02T18:04:32.000Z,4.12,10.03,39.4,7.22,7.10,989,GOOD
rd_8961,ses_3539,2026-10-02T18:04:40.000Z,3.96,10.63,39.6,7.24,7.09,985,GOOD
rd_8962,ses_3539,2026-10-02T18:04:48.000Z,3.71,11.18,39.6,7.22,7.09,977,GOOD
rd_8963,ses_3539,2026-10-02T18:04:56.000Z,3.25,11.67,39.6,7.27,7.10,982,GOOD
rd_8964,ses_3539,2026-10-02T18:05:04.000Z,2.79,12.09,39.4,7.26,7.11,984,GOOD
rd_8965,ses_3539,2026-10-02T18:05:12.000Z,2.32,12.44,39.4,7.22,7.11,977,GOOD
rd_8966,ses_3539,2026-10-02T18:05:20.000Z,1.86,12.72,39.5,7.26,7.12,984,GOOD
rd_8967,ses_3539,2026-10-02T18:05:28.000Z,1.39,12.92,39.4,7.28,7.09,990,GOOD
rd_8968,ses_3539,2026-10-02T18:05:36.000Z,0.93,13.06,39.5,7.23,7.11,981,GOOD
rd_8969,ses_3539,2026-10-02T18:05:44.000Z,0.46,13.13,39.4,7.27,7.08,975,GOOD
rd_8970,ses_3539,2026-10-02T18:05:52.000Z,0.05,13.14,39.5,7.22,7.10,979,GOOD
rd_8971,ses_3540,2026-10-02T17:42:00.000Z,0.05,0.01,39.3,6.99,7.03,865,GOOD
rd_8972,ses_3540,2026-10-02T17:42:08.000Z,0.6,0.10,39.4,7.02,7.01,876,GOOD
rd_8973,ses_3540,2026-10-02T17:42:16.000Z,1.21,0.28,39.4,7.03,7.00,867,GOOD
rd_8974,ses_3540,2026-10-02T17:42:24.000Z,1.81,0.55,39.3,6.98,7.02,863,GOOD
rd_8975,ses_3540,2026-10-02T17:42:32.000Z,2.41,0.91,39.3,7.06,7.01,875,GOOD
rd_8976,ses_3540,2026-10-02T17:42:40.000Z,3.02,1.36,39.3,7.04,7.02,876,GOOD
rd_8977,ses_3540,2026-10-02T17:42:48.000Z,3.46,1.88,39.4,7.00,7.01,874,GOOD
rd_8978,ses_3540,2026-10-02T17:42:56.000Z,3.38,2.39,39.3,7.00,7.02,873,GOOD
rd_8979,ses_3540,2026-10-02T17:43:04.000Z,3.5,2.92,39.4,7.01,7.02,869,GOOD
rd_8980,ses_3540,2026-10-02T17:43:12.000Z,3.55,3.45,39.4,7.06,7.03,869,GOOD
rd_8981,ses_3540,2026-10-02T17:43:20.000Z,3.36,3.95,39.4,7.06,7.01,873,GOOD
rd_8982,ses_3540,2026-10-02T17:43:28.000Z,3.62,4.50,39.4,6.99,7.01,869,GOOD
rd_8983,ses_3540,2026-10-02T17:43:36.000Z,3.5,5.02,39.5,6.98,7.01,877,GOOD
rd_8984,ses_3540,2026-10-02T17:43:44.000Z,3.46,5.54,39.4,6.99,7.01,869,GOOD
rd_8985,ses_3540,2026-10-02T17:43:52.000Z,3.36,6.04,39.3,7.01,7.02,877,GOOD
rd_8986,ses_3540,2026-10-02T17:44:00.000Z,3.45,6.56,39.3,7.04,7.00,875,GOOD
rd_8987,ses_3540,2026-10-02T17:44:08.000Z,3.57,7.10,39.5,6.99,7.00,870,GOOD
rd_8988,ses_3540,2026-10-02T17:44:16.000Z,3.47,7.62,39.4,6.98,7.02,862,GOOD
rd_8989,ses_3540,2026-10-02T17:44:24.000Z,3.48,8.14,39.3,6.98,7.01,862,GOOD
rd_8990,ses_3540,2026-10-02T17:44:32.000Z,3.42,8.65,39.4,7.06,7.02,866,GOOD
rd_8991,ses_3540,2026-10-02T17:44:40.000Z,3.43,9.17,39.4,7.03,7.03,869,GOOD
rd_8992,ses_3540,2026-10-02T17:44:48.000Z,3.22,9.65,39.4,7.00,7.03,867,GOOD
rd_8993,ses_3540,2026-10-02T17:44:56.000Z,2.82,10.07,39.3,7.04,7.03,862,GOOD
rd_8994,ses_3540,2026-10-02T17:45:04.000Z,2.41,10.43,39.5,7.02,7.03,868,GOOD
rd_8995,ses_3540,2026-10-02T17:45:12.000Z,2.01,10.74,39.3,7.03,7.04,867,GOOD
rd_8996,ses_3540,2026-10-02T17:45:20.000Z,1.61,10.98,39.5,7.03,7.01,877,GOOD
rd_8997,ses_3540,2026-10-02T17:45:28.000Z,1.21,11.16,39.3,7.04,7.03,868,GOOD
rd_8998,ses_3540,2026-10-02T17:45:36.000Z,0.8,11.28,39.5,6.99,7.02,868,GOOD
rd_8999,ses_3540,2026-10-02T17:45:44.000Z,0.4,11.34,39.5,7.02,7.03,870,GOOD
rd_9000,ses_3540,2026-10-02T17:45:52.000Z,0.05,11.35,39.3,7.06,7.03,875,GOOD
rd_9001,ses_3541,2026-10-03T06:24:00.000Z,0.05,0.01,38.7,5.59,6.64,88,GOOD
rd_9002,ses_3541,2026-10-03T06:24:08.000Z,0.65,0.11,38.7,5.64,6.64,97,GOOD
rd_9003,ses_3541,2026-10-03T06:24:16.000Z,1.31,0.30,38.7,5.60,6.65,96,GOOD
rd_9004,ses_3541,2026-10-03T06:24:24.000Z,1.96,0.60,38.7,5.61,6.65,87,GOOD
rd_9005,ses_3541,2026-10-03T06:24:32.000Z,2.61,0.99,38.6,5.63,6.66,90,GOOD
rd_9006,ses_3541,2026-10-03T06:24:40.000Z,3.27,1.48,38.6,5.63,6.63,96,GOOD
rd_9007,ses_3541,2026-10-03T06:24:48.000Z,3.76,2.04,38.6,5.60,6.62,86,GOOD
rd_9008,ses_3541,2026-10-03T06:24:56.000Z,3.84,2.62,38.7,5.61,6.66,97,GOOD
rd_9009,ses_3541,2026-10-03T06:25:04.000Z,3.73,3.18,38.6,5.63,6.65,94,GOOD
rd_9010,ses_3541,2026-10-03T06:25:12.000Z,3.65,3.72,38.8,5.64,6.65,92,GOOD
rd_9011,ses_3541,2026-10-03T06:25:20.000Z,3.85,4.30,38.7,5.64,6.65,92,GOOD
rd_9012,ses_3541,2026-10-03T06:25:28.000Z,3.7,4.86,38.6,5.61,6.63,92,GOOD
rd_9013,ses_3541,2026-10-03T06:25:36.000Z,3.84,5.43,38.7,5.59,6.66,99,GOOD
rd_9014,ses_3541,2026-10-03T06:25:44.000Z,3.74,5.99,38.6,5.60,6.64,102,GOOD
rd_9015,ses_3541,2026-10-03T06:25:52.000Z,3.8,6.56,38.7,5.60,6.64,88,GOOD
rd_9016,ses_3541,2026-10-03T06:26:00.000Z,3.89,7.15,38.7,5.59,6.63,93,GOOD
rd_9017,ses_3541,2026-10-03T06:26:08.000Z,3.83,7.72,38.7,5.65,6.65,95,GOOD
rd_9018,ses_3541,2026-10-03T06:26:16.000Z,3.89,8.31,38.8,5.59,6.66,102,GOOD
rd_9019,ses_3541,2026-10-03T06:26:24.000Z,3.68,8.86,38.7,5.63,6.65,98,GOOD
rd_9020,ses_3541,2026-10-03T06:26:32.000Z,3.75,9.42,38.6,5.62,6.65,99,GOOD
rd_9021,ses_3541,2026-10-03T06:26:40.000Z,3.92,10.01,38.7,5.59,6.64,100,GOOD
rd_9022,ses_3541,2026-10-03T06:26:48.000Z,3.49,10.53,38.6,5.65,6.62,86,GOOD
rd_9023,ses_3541,2026-10-03T06:26:56.000Z,3.05,10.99,38.7,5.63,6.63,97,GOOD
rd_9024,ses_3541,2026-10-03T06:27:04.000Z,2.61,11.38,38.8,5.66,6.62,93,GOOD
rd_9025,ses_3541,2026-10-03T06:27:12.000Z,2.18,11.71,38.7,5.59,6.66,92,GOOD
rd_9026,ses_3541,2026-10-03T06:27:20.000Z,1.74,11.97,38.7,5.64,6.65,92,GOOD
rd_9027,ses_3541,2026-10-03T06:27:28.000Z,1.31,12.16,38.8,5.61,6.65,86,GOOD
rd_9028,ses_3541,2026-10-03T06:27:36.000Z,0.87,12.30,38.7,5.60,6.63,91,GOOD
rd_9029,ses_3541,2026-10-03T06:27:44.000Z,0.44,12.36,38.7,5.63,6.65,87,GOOD
rd_9030,ses_3541,2026-10-03T06:27:52.000Z,0.05,12.37,38.8,5.62,6.63,101,GOOD
rd_9031,ses_3542,2026-10-03T06:35:00.000Z,0.05,0.01,38.7,5.64,6.67,116,GOOD
rd_9032,ses_3542,2026-10-03T06:35:08.000Z,0.68,0.11,38.8,5.69,6.66,117,GOOD
rd_9033,ses_3542,2026-10-03T06:35:16.000Z,1.35,0.31,38.7,5.68,6.66,111,GOOD
rd_9034,ses_3542,2026-10-03T06:35:24.000Z,2.03,0.62,38.6,5.64,6.66,120,GOOD
rd_9035,ses_3542,2026-10-03T06:35:32.000Z,2.7,1.02,38.7,5.63,6.69,107,GOOD
rd_9036,ses_3542,2026-10-03T06:35:40.000Z,3.38,1.53,38.8,5.67,6.65,104,GOOD
rd_9037,ses_3542,2026-10-03T06:35:48.000Z,3.95,2.12,38.7,5.64,6.65,109,GOOD
rd_9038,ses_3542,2026-10-03T06:35:56.000Z,3.93,2.71,38.7,5.61,6.69,115,GOOD
rd_9039,ses_3542,2026-10-03T06:36:04.000Z,3.86,3.29,38.7,5.64,6.68,106,GOOD
rd_9040,ses_3542,2026-10-03T06:36:12.000Z,3.88,3.87,38.7,5.62,6.68,116,GOOD
rd_9041,ses_3542,2026-10-03T06:36:20.000Z,3.78,4.44,38.6,5.65,6.69,112,GOOD
rd_9042,ses_3542,2026-10-03T06:36:28.000Z,4,5.04,38.7,5.64,6.66,116,GOOD
rd_9043,ses_3542,2026-10-03T06:36:36.000Z,3.95,5.63,38.7,5.61,6.67,114,GOOD
rd_9044,ses_3542,2026-10-03T06:36:44.000Z,4.04,6.24,38.7,5.61,6.67,115,GOOD
rd_9045,ses_3542,2026-10-03T06:36:52.000Z,3.93,6.83,38.6,5.61,6.66,111,GOOD
rd_9046,ses_3542,2026-10-03T06:37:00.000Z,4.05,7.43,38.7,5.66,6.67,116,GOOD
rd_9047,ses_3542,2026-10-03T06:37:08.000Z,3.95,8.03,38.6,5.63,6.68,111,GOOD
rd_9048,ses_3542,2026-10-03T06:37:16.000Z,4.06,8.64,38.8,5.63,6.68,106,GOOD
rd_9049,ses_3542,2026-10-03T06:37:24.000Z,3.79,9.20,38.7,5.61,6.66,109,GOOD
rd_9050,ses_3542,2026-10-03T06:37:32.000Z,4.06,9.81,38.6,5.69,6.67,106,GOOD
rd_9051,ses_3542,2026-10-03T06:37:40.000Z,4.07,10.42,38.7,5.68,6.68,116,GOOD
rd_9052,ses_3542,2026-10-03T06:37:48.000Z,3.6,10.96,38.7,5.68,6.69,117,GOOD
rd_9053,ses_3542,2026-10-03T06:37:56.000Z,3.15,11.44,38.6,5.66,6.68,119,GOOD
rd_9054,ses_3542,2026-10-03T06:38:04.000Z,2.7,11.84,38.7,5.66,6.69,113,GOOD
rd_9055,ses_3542,2026-10-03T06:38:12.000Z,2.25,12.18,38.6,5.69,6.67,117,GOOD
rd_9056,ses_3542,2026-10-03T06:38:20.000Z,1.8,12.45,38.8,5.63,6.66,115,GOOD
rd_9057,ses_3542,2026-10-03T06:38:28.000Z,1.35,12.65,38.8,5.67,6.66,119,GOOD
rd_9058,ses_3542,2026-10-03T06:38:36.000Z,0.9,12.79,38.8,5.66,6.69,106,GOOD
rd_9059,ses_3542,2026-10-03T06:38:44.000Z,0.45,12.85,38.6,5.68,6.67,118,GOOD
rd_9060,ses_3542,2026-10-03T06:38:52.000Z,0.05,12.86,38.7,5.68,6.66,110,GOOD
rd_9061,ses_3543,2026-10-03T06:19:00.000Z,0.05,0.01,38.6,5.56,6.64,127,GOOD
rd_9062,ses_3543,2026-10-03T06:19:08.000Z,0.59,0.10,38.5,5.59,6.64,125,GOOD
rd_9063,ses_3543,2026-10-03T06:19:16.000Z,1.19,0.27,38.5,5.56,6.65,119,GOOD
rd_9064,ses_3543,2026-10-03T06:19:24.000Z,1.78,0.54,38.5,5.57,6.66,113,GOOD
rd_9065,ses_3543,2026-10-03T06:19:32.000Z,2.37,0.90,38.6,5.54,6.63,121,GOOD
rd_9066,ses_3543,2026-10-03T06:19:40.000Z,2.97,1.34,38.5,5.59,6.65,125,GOOD
rd_9067,ses_3543,2026-10-03T06:19:48.000Z,3.43,1.86,38.6,5.57,6.65,125,GOOD
rd_9068,ses_3543,2026-10-03T06:19:56.000Z,3.43,2.37,38.5,5.53,6.64,121,GOOD
rd_9069,ses_3543,2026-10-03T06:20:04.000Z,3.52,2.90,38.6,5.52,6.66,116,GOOD
rd_9070,ses_3543,2026-10-03T06:20:12.000Z,3.4,3.41,38.7,5.60,6.66,118,GOOD
rd_9071,ses_3543,2026-10-03T06:20:20.000Z,3.43,3.92,38.7,5.54,6.64,116,GOOD
rd_9072,ses_3543,2026-10-03T06:20:28.000Z,3.38,4.43,38.6,5.57,6.63,127,GOOD
rd_9073,ses_3543,2026-10-03T06:20:36.000Z,3.53,4.96,38.6,5.56,6.64,122,GOOD
rd_9074,ses_3543,2026-10-03T06:20:44.000Z,3.41,5.47,38.7,5.56,6.66,120,GOOD
rd_9075,ses_3543,2026-10-03T06:20:52.000Z,3.36,5.98,38.6,5.57,6.67,118,GOOD
rd_9076,ses_3543,2026-10-03T06:21:00.000Z,3.55,6.51,38.6,5.59,6.64,114,GOOD
rd_9077,ses_3543,2026-10-03T06:21:08.000Z,3.44,7.02,38.5,5.58,6.67,114,GOOD
rd_9078,ses_3543,2026-10-03T06:21:16.000Z,3.46,7.54,38.7,5.52,6.65,123,GOOD
rd_9079,ses_3543,2026-10-03T06:21:24.000Z,3.58,8.08,38.7,5.56,6.66,123,GOOD
rd_9080,ses_3543,2026-10-03T06:21:32.000Z,3.34,8.58,38.6,5.52,6.65,112,GOOD
rd_9081,ses_3543,2026-10-03T06:21:40.000Z,3.54,9.11,38.7,5.52,6.65,117,GOOD
rd_9082,ses_3543,2026-10-03T06:21:48.000Z,3.16,9.59,38.7,5.56,6.65,125,GOOD
rd_9083,ses_3543,2026-10-03T06:21:56.000Z,2.77,10.00,38.6,5.59,6.64,115,GOOD
rd_9084,ses_3543,2026-10-03T06:22:04.000Z,2.37,10.36,38.6,5.57,6.65,116,GOOD
rd_9085,ses_3543,2026-10-03T06:22:12.000Z,1.98,10.65,38.6,5.55,6.64,112,GOOD
rd_9086,ses_3543,2026-10-03T06:22:20.000Z,1.58,10.89,38.6,5.53,6.65,117,GOOD
rd_9087,ses_3543,2026-10-03T06:22:28.000Z,1.19,11.07,38.5,5.57,6.66,118,GOOD
rd_9088,ses_3543,2026-10-03T06:22:36.000Z,0.79,11.19,38.6,5.58,6.65,119,GOOD
rd_9089,ses_3543,2026-10-03T06:22:44.000Z,0.4,11.25,38.5,5.53,6.64,124,GOOD
rd_9090,ses_3543,2026-10-03T06:22:52.000Z,0.05,11.26,38.7,5.54,6.67,113,GOOD
rd_9091,ses_3544,2026-10-03T06:06:00.000Z,0.05,0.01,38.4,5.59,6.66,118,GOOD
rd_9092,ses_3544,2026-10-03T06:06:08.000Z,0.66,0.11,38.6,5.64,6.66,124,GOOD
rd_9093,ses_3544,2026-10-03T06:06:16.000Z,1.32,0.30,38.6,5.63,6.62,122,GOOD
rd_9094,ses_3544,2026-10-03T06:06:24.000Z,1.99,0.60,38.6,5.65,6.65,119,GOOD
rd_9095,ses_3544,2026-10-03T06:06:32.000Z,2.65,1.00,38.4,5.63,6.62,125,GOOD
rd_9096,ses_3544,2026-10-03T06:06:40.000Z,3.31,1.50,38.4,5.63,6.66,115,GOOD
rd_9097,ses_3544,2026-10-03T06:06:48.000Z,3.92,2.08,38.4,5.65,6.64,117,GOOD
rd_9098,ses_3544,2026-10-03T06:06:56.000Z,3.73,2.64,38.5,5.60,6.63,125,GOOD
rd_9099,ses_3544,2026-10-03T06:07:04.000Z,3.99,3.24,38.5,5.58,6.62,115,GOOD
rd_9100,ses_3544,2026-10-03T06:07:12.000Z,3.71,3.80,38.5,5.62,6.65,126,GOOD
rd_9101,ses_3544,2026-10-03T06:07:20.000Z,3.75,4.36,38.6,5.61,6.64,114,GOOD
rd_9102,ses_3544,2026-10-03T06:07:28.000Z,3.9,4.95,38.5,5.62,6.64,122,GOOD
rd_9103,ses_3544,2026-10-03T06:07:36.000Z,3.76,5.51,38.5,5.59,6.64,118,GOOD
rd_9104,ses_3544,2026-10-03T06:07:44.000Z,3.72,6.07,38.6,5.60,6.64,116,GOOD
rd_9105,ses_3544,2026-10-03T06:07:52.000Z,3.69,6.62,38.5,5.59,6.62,119,GOOD
rd_9106,ses_3544,2026-10-03T06:08:00.000Z,3.77,7.19,38.5,5.64,6.63,119,GOOD
rd_9107,ses_3544,2026-10-03T06:08:08.000Z,3.94,7.78,38.5,5.64,6.63,121,GOOD
rd_9108,ses_3544,2026-10-03T06:08:16.000Z,3.72,8.34,38.4,5.65,6.64,125,GOOD
rd_9109,ses_3544,2026-10-03T06:08:24.000Z,3.81,8.91,38.4,5.65,6.63,122,GOOD
rd_9110,ses_3544,2026-10-03T06:08:32.000Z,3.97,9.50,38.5,5.64,6.65,123,GOOD
rd_9111,ses_3544,2026-10-03T06:08:40.000Z,3.81,10.08,38.5,5.60,6.66,124,GOOD
rd_9112,ses_3544,2026-10-03T06:08:48.000Z,3.53,10.61,38.5,5.58,6.65,110,GOOD
rd_9113,ses_3544,2026-10-03T06:08:56.000Z,3.09,11.07,38.5,5.62,6.62,118,GOOD
rd_9114,ses_3544,2026-10-03T06:09:04.000Z,2.65,11.47,38.4,5.63,6.63,110,GOOD
rd_9115,ses_3544,2026-10-03T06:09:12.000Z,2.21,11.80,38.5,5.63,6.65,124,GOOD
rd_9116,ses_3544,2026-10-03T06:09:20.000Z,1.77,12.06,38.5,5.66,6.65,114,GOOD
rd_9117,ses_3544,2026-10-03T06:09:28.000Z,1.32,12.26,38.4,5.61,6.65,113,GOOD
rd_9118,ses_3544,2026-10-03T06:09:36.000Z,0.88,12.39,38.6,5.65,6.65,121,GOOD
rd_9119,ses_3544,2026-10-03T06:09:44.000Z,0.44,12.46,38.5,5.62,6.62,126,GOOD
rd_9120,ses_3544,2026-10-03T06:09:52.000Z,0.05,12.47,38.4,5.58,6.63,118,GOOD
rd_9121,ses_3545,2026-10-03T06:10:00.000Z,0.05,0.01,38.8,5.47,6.72,129,GOOD
rd_9122,ses_3545,2026-10-03T06:10:08.000Z,0.71,0.11,38.8,5.44,6.69,115,GOOD
rd_9123,ses_3545,2026-10-03T06:10:16.000Z,1.43,0.33,38.7,5.51,6.69,118,GOOD
rd_9124,ses_3545,2026-10-03T06:10:24.000Z,2.14,0.65,38.7,5.48,6.68,125,GOOD
rd_9125,ses_3545,2026-10-03T06:10:32.000Z,2.86,1.08,38.7,5.49,6.72,122,GOOD
rd_9126,ses_3545,2026-10-03T06:10:40.000Z,3.57,1.61,38.8,5.47,6.69,126,GOOD
rd_9127,ses_3545,2026-10-03T06:10:48.000Z,4.25,2.25,38.8,5.47,6.71,119,GOOD
rd_9128,ses_3545,2026-10-03T06:10:56.000Z,4.28,2.89,38.7,5.47,6.71,124,GOOD
rd_9129,ses_3545,2026-10-03T06:11:04.000Z,4.27,3.53,38.7,5.48,6.70,122,GOOD
rd_9130,ses_3545,2026-10-03T06:11:12.000Z,4.02,4.14,38.6,5.48,6.70,124,GOOD
rd_9131,ses_3545,2026-10-03T06:11:20.000Z,4.07,4.75,38.6,5.49,6.69,124,GOOD
rd_9132,ses_3545,2026-10-03T06:11:28.000Z,4.14,5.37,38.7,5.49,6.69,125,GOOD
rd_9133,ses_3545,2026-10-03T06:11:36.000Z,4.21,6.00,38.7,5.47,6.71,122,GOOD
rd_9134,ses_3545,2026-10-03T06:11:44.000Z,4.04,6.61,38.6,5.52,6.70,128,GOOD
rd_9135,ses_3545,2026-10-03T06:11:52.000Z,4.04,7.21,38.6,5.48,6.71,120,GOOD
rd_9136,ses_3545,2026-10-03T06:12:00.000Z,4.15,7.83,38.7,5.49,6.71,118,GOOD
rd_9137,ses_3545,2026-10-03T06:12:08.000Z,4.09,8.45,38.7,5.46,6.71,124,GOOD
rd_9138,ses_3545,2026-10-03T06:12:16.000Z,4.14,9.07,38.6,5.50,6.69,118,GOOD
rd_9139,ses_3545,2026-10-03T06:12:24.000Z,4.17,9.69,38.7,5.49,6.68,121,GOOD
rd_9140,ses_3545,2026-10-03T06:12:32.000Z,4.13,10.31,38.6,5.48,6.70,117,GOOD
rd_9141,ses_3545,2026-10-03T06:12:40.000Z,4,10.91,38.8,5.50,6.70,131,GOOD
rd_9142,ses_3545,2026-10-03T06:12:48.000Z,3.81,11.49,38.7,5.51,6.70,125,GOOD
rd_9143,ses_3545,2026-10-03T06:12:56.000Z,3.33,11.98,38.7,5.52,6.71,130,GOOD
rd_9144,ses_3545,2026-10-03T06:13:04.000Z,2.86,12.41,38.6,5.49,6.70,122,GOOD
rd_9145,ses_3545,2026-10-03T06:13:12.000Z,2.38,12.77,38.7,5.49,6.70,122,GOOD
rd_9146,ses_3545,2026-10-03T06:13:20.000Z,1.9,13.06,38.8,5.52,6.68,117,GOOD
rd_9147,ses_3545,2026-10-03T06:13:28.000Z,1.43,13.27,38.8,5.49,6.69,116,GOOD
rd_9148,ses_3545,2026-10-03T06:13:36.000Z,0.95,13.41,38.8,5.46,6.69,124,GOOD
rd_9149,ses_3545,2026-10-03T06:13:44.000Z,0.48,13.48,38.7,5.49,6.72,129,GOOD
rd_9150,ses_3545,2026-10-03T06:13:52.000Z,0.05,13.49,38.8,5.45,6.72,129,GOOD
rd_9151,ses_3546,2026-10-03T06:50:00.000Z,0.05,0.01,38.5,5.51,6.65,125,GOOD
rd_9152,ses_3546,2026-10-03T06:50:08.000Z,0.61,0.10,38.5,5.54,6.63,127,GOOD
rd_9153,ses_3546,2026-10-03T06:50:16.000Z,1.21,0.28,38.4,5.50,6.63,128,GOOD
rd_9154,ses_3546,2026-10-03T06:50:24.000Z,1.82,0.55,38.4,5.48,6.64,136,GOOD
rd_9155,ses_3546,2026-10-03T06:50:32.000Z,2.43,0.92,38.5,5.49,6.65,137,GOOD
rd_9156,ses_3546,2026-10-03T06:50:40.000Z,3.03,1.37,38.5,5.48,6.63,130,GOOD
rd_9157,ses_3546,2026-10-03T06:50:48.000Z,3.59,1.91,38.5,5.55,6.62,128,GOOD
rd_9158,ses_3546,2026-10-03T06:50:56.000Z,3.63,2.46,38.5,5.51,6.62,123,GOOD
rd_9159,ses_3546,2026-10-03T06:51:04.000Z,3.57,2.99,38.5,5.53,6.62,130,GOOD
rd_9160,ses_3546,2026-10-03T06:51:12.000Z,3.45,3.51,38.5,5.48,6.64,135,GOOD
rd_9161,ses_3546,2026-10-03T06:51:20.000Z,3.55,4.04,38.6,5.53,6.65,129,GOOD
rd_9162,ses_3546,2026-10-03T06:51:28.000Z,3.57,4.58,38.5,5.53,6.62,131,GOOD
rd_9163,ses_3546,2026-10-03T06:51:36.000Z,3.63,5.12,38.4,5.51,6.63,135,GOOD
rd_9164,ses_3546,2026-10-03T06:51:44.000Z,3.38,5.63,38.6,5.49,6.64,131,GOOD
rd_9165,ses_3546,2026-10-03T06:51:52.000Z,3.44,6.14,38.5,5.54,6.63,125,GOOD
rd_9166,ses_3546,2026-10-03T06:52:00.000Z,3.38,6.65,38.5,5.55,6.62,135,GOOD
rd_9167,ses_3546,2026-10-03T06:52:08.000Z,3.54,7.18,38.4,5.52,6.65,132,GOOD
rd_9168,ses_3546,2026-10-03T06:52:16.000Z,3.49,7.71,38.5,5.54,6.63,133,GOOD
rd_9169,ses_3546,2026-10-03T06:52:24.000Z,3.51,8.23,38.4,5.54,6.64,135,GOOD
rd_9170,ses_3546,2026-10-03T06:52:32.000Z,3.58,8.77,38.5,5.53,6.64,129,GOOD
rd_9171,ses_3546,2026-10-03T06:52:40.000Z,3.49,9.29,38.4,5.54,6.63,137,GOOD
rd_9172,ses_3546,2026-10-03T06:52:48.000Z,3.24,9.78,38.5,5.50,6.62,125,GOOD
rd_9173,ses_3546,2026-10-03T06:52:56.000Z,2.83,10.20,38.5,5.50,6.64,127,GOOD
rd_9174,ses_3546,2026-10-03T06:53:04.000Z,2.43,10.57,38.5,5.52,6.65,132,GOOD
rd_9175,ses_3546,2026-10-03T06:53:12.000Z,2.02,10.87,38.4,5.52,6.61,125,GOOD
rd_9176,ses_3546,2026-10-03T06:53:20.000Z,1.62,11.11,38.6,5.55,6.65,129,GOOD
rd_9177,ses_3546,2026-10-03T06:53:28.000Z,1.21,11.30,38.5,5.54,6.62,134,GOOD
rd_9178,ses_3546,2026-10-03T06:53:36.000Z,0.81,11.42,38.6,5.55,6.63,128,GOOD
rd_9179,ses_3546,2026-10-03T06:53:44.000Z,0.4,11.48,38.4,5.55,6.61,128,GOOD
rd_9180,ses_3546,2026-10-03T06:53:52.000Z,0.05,11.48,38.5,5.54,6.62,124,GOOD
rd_9181,ses_3547,2026-10-03T06:35:00.000Z,0.05,0.01,38.6,5.72,6.66,136,GOOD
rd_9182,ses_3547,2026-10-03T06:35:08.000Z,0.67,0.11,38.7,5.66,6.63,133,GOOD
rd_9183,ses_3547,2026-10-03T06:35:16.000Z,1.35,0.31,38.6,5.67,6.65,136,GOOD
rd_9184,ses_3547,2026-10-03T06:35:24.000Z,2.02,0.61,38.6,5.68,6.66,140,GOOD
rd_9185,ses_3547,2026-10-03T06:35:32.000Z,2.7,1.02,38.5,5.74,6.66,140,GOOD
rd_9186,ses_3547,2026-10-03T06:35:40.000Z,3.37,1.52,38.6,5.72,6.64,139,GOOD
rd_9187,ses_3547,2026-10-03T06:35:48.000Z,3.89,2.11,38.6,5.68,6.66,147,GOOD
rd_9188,ses_3547,2026-10-03T06:35:56.000Z,3.95,2.70,38.5,5.68,6.66,146,GOOD
rd_9189,ses_3547,2026-10-03T06:36:04.000Z,4.03,3.30,38.5,5.68,6.67,139,GOOD
rd_9190,ses_3547,2026-10-03T06:36:12.000Z,4.03,3.91,38.7,5.70,6.63,143,GOOD
rd_9191,ses_3547,2026-10-03T06:36:20.000Z,3.78,4.48,38.6,5.67,6.64,133,GOOD
rd_9192,ses_3547,2026-10-03T06:36:28.000Z,3.87,5.06,38.6,5.68,6.66,146,GOOD
rd_9193,ses_3547,2026-10-03T06:36:36.000Z,3.8,5.63,38.5,5.71,6.66,142,GOOD
rd_9194,ses_3547,2026-10-03T06:36:44.000Z,3.86,6.21,38.6,5.70,6.66,133,GOOD
rd_9195,ses_3547,2026-10-03T06:36:52.000Z,3.79,6.77,38.6,5.73,6.66,144,GOOD
rd_9196,ses_3547,2026-10-03T06:37:00.000Z,3.92,7.36,38.5,5.73,6.65,142,GOOD
rd_9197,ses_3547,2026-10-03T06:37:08.000Z,3.81,7.93,38.5,5.69,6.65,143,GOOD
rd_9198,ses_3547,2026-10-03T06:37:16.000Z,3.88,8.52,38.6,5.73,6.67,142,GOOD
rd_9199,ses_3547,2026-10-03T06:37:24.000Z,3.93,9.11,38.6,5.72,6.66,140,GOOD
rd_9200,ses_3547,2026-10-03T06:37:32.000Z,4.03,9.71,38.6,5.72,6.65,138,GOOD
rd_9201,ses_3547,2026-10-03T06:37:40.000Z,3.81,10.28,38.5,5.69,6.63,139,GOOD
rd_9202,ses_3547,2026-10-03T06:37:48.000Z,3.6,10.82,38.7,5.68,6.64,145,GOOD
rd_9203,ses_3547,2026-10-03T06:37:56.000Z,3.15,11.29,38.6,5.71,6.66,148,GOOD
rd_9204,ses_3547,2026-10-03T06:38:04.000Z,2.7,11.70,38.5,5.67,6.64,136,GOOD
rd_9205,ses_3547,2026-10-03T06:38:12.000Z,2.25,12.04,38.6,5.70,6.65,148,GOOD
rd_9206,ses_3547,2026-10-03T06:38:20.000Z,1.8,12.31,38.6,5.70,6.64,147,GOOD
rd_9207,ses_3547,2026-10-03T06:38:28.000Z,1.35,12.51,38.5,5.73,6.66,139,GOOD
rd_9208,ses_3547,2026-10-03T06:38:36.000Z,0.9,12.64,38.6,5.68,6.63,139,GOOD
rd_9209,ses_3547,2026-10-03T06:38:44.000Z,0.45,12.71,38.6,5.72,6.64,139,GOOD
rd_9210,ses_3547,2026-10-03T06:38:52.000Z,0.05,12.72,38.6,5.70,6.66,145,GOOD
rd_9211,ses_3548,2026-10-03T07:16:00.000Z,0.05,0.01,38.7,5.53,6.60,145,GOOD
rd_9212,ses_3548,2026-10-03T07:16:08.000Z,0.57,0.09,38.6,5.54,6.61,139,GOOD
rd_9213,ses_3548,2026-10-03T07:16:16.000Z,1.14,0.26,38.7,5.57,6.61,134,GOOD
rd_9214,ses_3548,2026-10-03T07:16:24.000Z,1.71,0.52,38.7,5.52,6.61,146,GOOD
rd_9215,ses_3548,2026-10-03T07:16:32.000Z,2.28,0.86,38.7,5.58,6.61,132,GOOD
rd_9216,ses_3548,2026-10-03T07:16:40.000Z,2.85,1.29,38.8,5.54,6.63,146,GOOD
rd_9217,ses_3548,2026-10-03T07:16:48.000Z,3.22,1.77,38.6,5.50,6.63,146,GOOD
rd_9218,ses_3548,2026-10-03T07:16:56.000Z,3.2,2.25,38.7,5.57,6.63,142,GOOD
rd_9219,ses_3548,2026-10-03T07:17:04.000Z,3.17,2.73,38.6,5.53,6.61,134,GOOD
rd_9220,ses_3548,2026-10-03T07:17:12.000Z,3.35,3.23,38.8,5.53,6.62,139,GOOD
rd_9221,ses_3548,2026-10-03T07:17:20.000Z,3.21,3.71,38.6,5.56,6.63,138,GOOD
rd_9222,ses_3548,2026-10-03T07:17:28.000Z,3.24,4.20,38.7,5.54,6.60,131,GOOD
rd_9223,ses_3548,2026-10-03T07:17:36.000Z,3.19,4.68,38.7,5.57,6.64,143,GOOD
rd_9224,ses_3548,2026-10-03T07:17:44.000Z,3.43,5.19,38.7,5.54,6.61,146,GOOD
rd_9225,ses_3548,2026-10-03T07:17:52.000Z,3.35,5.69,38.6,5.50,6.62,133,GOOD
rd_9226,ses_3548,2026-10-03T07:18:00.000Z,3.22,6.18,38.7,5.58,6.60,143,GOOD
rd_9227,ses_3548,2026-10-03T07:18:08.000Z,3.27,6.67,38.6,5.50,6.60,138,GOOD
rd_9228,ses_3548,2026-10-03T07:18:16.000Z,3.16,7.14,38.8,5.53,6.61,137,GOOD
rd_9229,ses_3548,2026-10-03T07:18:24.000Z,3.19,7.62,38.6,5.53,6.62,134,GOOD
rd_9230,ses_3548,2026-10-03T07:18:32.000Z,3.41,8.13,38.7,5.57,6.61,142,GOOD
rd_9231,ses_3548,2026-10-03T07:18:40.000Z,3.38,8.64,38.7,5.55,6.61,137,GOOD
rd_9232,ses_3548,2026-10-03T07:18:48.000Z,3.04,9.09,38.8,5.54,6.62,135,GOOD
rd_9233,ses_3548,2026-10-03T07:18:56.000Z,2.66,9.49,38.8,5.55,6.60,140,GOOD
rd_9234,ses_3548,2026-10-03T07:19:04.000Z,2.28,9.84,38.7,5.55,6.64,144,GOOD
rd_9235,ses_3548,2026-10-03T07:19:12.000Z,1.9,10.12,38.7,5.54,6.62,146,GOOD
rd_9236,ses_3548,2026-10-03T07:19:20.000Z,1.52,10.35,38.7,5.57,6.60,147,GOOD
rd_9237,ses_3548,2026-10-03T07:19:28.000Z,1.14,10.52,38.8,5.54,6.63,136,GOOD
rd_9238,ses_3548,2026-10-03T07:19:36.000Z,0.76,10.63,38.7,5.55,6.63,137,GOOD
rd_9239,ses_3548,2026-10-03T07:19:44.000Z,0.38,10.69,38.7,5.50,6.62,147,GOOD
rd_9240,ses_3548,2026-10-03T07:19:52.000Z,0.05,10.70,38.8,5.55,6.62,135,GOOD
rd_9241,ses_3549,2026-10-03T07:20:00.000Z,0.05,0.01,38.6,5.56,6.66,142,GOOD
rd_9242,ses_3549,2026-10-03T07:20:08.000Z,0.62,0.10,38.7,5.58,6.67,144,GOOD
rd_9243,ses_3549,2026-10-03T07:20:16.000Z,1.25,0.29,38.6,5.59,6.66,149,GOOD
rd_9244,ses_3549,2026-10-03T07:20:24.000Z,1.87,0.57,38.6,5.59,6.67,145,GOOD
rd_9245,ses_3549,2026-10-03T07:20:32.000Z,2.5,0.94,38.7,5.60,6.67,150,GOOD
rd_9246,ses_3549,2026-10-03T07:20:40.000Z,3.12,1.41,38.6,5.62,6.66,146,GOOD
rd_9247,ses_3549,2026-10-03T07:20:48.000Z,3.48,1.93,38.6,5.58,6.65,155,GOOD
rd_9248,ses_3549,2026-10-03T07:20:56.000Z,3.73,2.49,38.6,5.62,6.65,150,GOOD
rd_9249,ses_3549,2026-10-03T07:21:04.000Z,3.77,3.06,38.7,5.61,6.65,155,GOOD
rd_9250,ses_3549,2026-10-03T07:21:12.000Z,3.76,3.62,38.7,5.59,6.67,141,GOOD
rd_9251,ses_3549,2026-10-03T07:21:20.000Z,3.52,4.15,38.6,5.58,6.64,145,GOOD
rd_9252,ses_3549,2026-10-03T07:21:28.000Z,3.7,4.71,38.6,5.63,6.67,144,GOOD
rd_9253,ses_3549,2026-10-03T07:21:36.000Z,3.5,5.23,38.7,5.58,6.68,150,GOOD
rd_9254,ses_3549,2026-10-03T07:21:44.000Z,3.66,5.78,38.6,5.63,6.65,147,GOOD
rd_9255,ses_3549,2026-10-03T07:21:52.000Z,3.71,6.34,38.6,5.57,6.65,143,GOOD
rd_9256,ses_3549,2026-10-03T07:22:00.000Z,3.66,6.89,38.7,5.60,6.65,155,GOOD
rd_9257,ses_3549,2026-10-03T07:22:08.000Z,3.7,7.44,38.7,5.55,6.65,144,GOOD
rd_9258,ses_3549,2026-10-03T07:22:16.000Z,3.54,7.97,38.6,5.59,6.65,153,GOOD
rd_9259,ses_3549,2026-10-03T07:22:24.000Z,3.49,8.49,38.5,5.58,6.68,143,GOOD
rd_9260,ses_3549,2026-10-03T07:22:32.000Z,3.55,9.03,38.6,5.60,6.67,151,GOOD
rd_9261,ses_3549,2026-10-03T07:22:40.000Z,3.73,9.59,38.5,5.61,6.66,156,GOOD
rd_9262,ses_3549,2026-10-03T07:22:48.000Z,3.33,10.09,38.7,5.57,6.64,142,GOOD
rd_9263,ses_3549,2026-10-03T07:22:56.000Z,2.91,10.52,38.6,5.56,6.65,143,GOOD
rd_9264,ses_3549,2026-10-03T07:23:04.000Z,2.5,10.90,38.6,5.62,6.65,147,GOOD
rd_9265,ses_3549,2026-10-03T07:23:12.000Z,2.08,11.21,38.7,5.57,6.66,149,GOOD
rd_9266,ses_3549,2026-10-03T07:23:20.000Z,1.66,11.46,38.6,5.62,6.66,142,GOOD
rd_9267,ses_3549,2026-10-03T07:23:28.000Z,1.25,11.65,38.6,5.61,6.67,148,GOOD
rd_9268,ses_3549,2026-10-03T07:23:36.000Z,0.83,11.77,38.5,5.62,6.68,151,GOOD
rd_9269,ses_3549,2026-10-03T07:23:44.000Z,0.42,11.83,38.5,5.61,6.66,146,GOOD
rd_9270,ses_3549,2026-10-03T07:23:52.000Z,0.05,11.84,38.7,5.61,6.64,154,GOOD
rd_9271,ses_3550,2026-10-03T06:54:00.000Z,0.05,0.01,38.5,5.46,6.73,78,GOOD
rd_9272,ses_3550,2026-10-03T06:54:08.000Z,0.7,0.11,38.6,5.49,6.72,92,GOOD
rd_9273,ses_3550,2026-10-03T06:54:16.000Z,1.4,0.32,38.4,5.45,6.69,79,GOOD
rd_9274,ses_3550,2026-10-03T06:54:24.000Z,2.1,0.64,38.6,5.47,6.72,92,GOOD
rd_9275,ses_3550,2026-10-03T06:54:32.000Z,2.8,1.06,38.6,5.49,6.73,83,GOOD
rd_9276,ses_3550,2026-10-03T06:54:40.000Z,3.5,1.58,38.4,5.47,6.71,87,GOOD
rd_9277,ses_3550,2026-10-03T06:54:48.000Z,4,2.18,38.5,5.47,6.72,88,GOOD
rd_9278,ses_3550,2026-10-03T06:54:56.000Z,4,2.78,38.5,5.49,6.71,77,GOOD
rd_9279,ses_3550,2026-10-03T06:55:04.000Z,3.98,3.38,38.6,5.49,6.71,89,GOOD
rd_9280,ses_3550,2026-10-03T06:55:12.000Z,4.1,3.99,38.6,5.51,6.72,93,GOOD
rd_9281,ses_3550,2026-10-03T06:55:20.000Z,4.16,4.62,38.5,5.52,6.70,87,GOOD
rd_9282,ses_3550,2026-10-03T06:55:28.000Z,4.12,5.24,38.5,5.50,6.69,85,GOOD
rd_9283,ses_3550,2026-10-03T06:55:36.000Z,4.2,5.87,38.4,5.47,6.72,92,GOOD
rd_9284,ses_3550,2026-10-03T06:55:44.000Z,4.04,6.47,38.5,5.50,6.70,88,GOOD
rd_9285,ses_3550,2026-10-03T06:55:52.000Z,4.11,7.09,38.6,5.51,6.70,89,GOOD
rd_9286,ses_3550,2026-10-03T06:56:00.000Z,3.98,7.69,38.4,5.52,6.70,87,GOOD
rd_9287,ses_3550,2026-10-03T06:56:08.000Z,4.03,8.29,38.5,5.47,6.73,91,GOOD
rd_9288,ses_3550,2026-10-03T06:56:16.000Z,4.16,8.91,38.5,5.45,6.71,85,GOOD
rd_9289,ses_3550,2026-10-03T06:56:24.000Z,4.15,9.54,38.4,5.52,6.71,91,GOOD
rd_9290,ses_3550,2026-10-03T06:56:32.000Z,4.03,10.14,38.5,5.49,6.73,86,GOOD
rd_9291,ses_3550,2026-10-03T06:56:40.000Z,4.16,10.77,38.5,5.47,6.71,82,GOOD
rd_9292,ses_3550,2026-10-03T06:56:48.000Z,3.73,11.33,38.5,5.46,6.70,88,GOOD
rd_9293,ses_3550,2026-10-03T06:56:56.000Z,3.27,11.82,38.6,5.44,6.71,91,GOOD
rd_9294,ses_3550,2026-10-03T06:57:04.000Z,2.8,12.24,38.5,5.45,6.73,90,GOOD
rd_9295,ses_3550,2026-10-03T06:57:12.000Z,2.33,12.59,38.6,5.49,6.70,90,GOOD
rd_9296,ses_3550,2026-10-03T06:57:20.000Z,1.87,12.87,38.5,5.52,6.72,82,GOOD
rd_9297,ses_3550,2026-10-03T06:57:28.000Z,1.4,13.08,38.5,5.44,6.70,84,GOOD
rd_9298,ses_3550,2026-10-03T06:57:36.000Z,0.93,13.22,38.5,5.49,6.70,86,GOOD
rd_9299,ses_3550,2026-10-03T06:57:44.000Z,0.47,13.29,38.6,5.46,6.72,83,GOOD
rd_9300,ses_3550,2026-10-03T06:57:52.000Z,0.05,13.29,38.6,5.46,6.69,90,GOOD
rd_9301,ses_3551,2026-10-03T06:15:00.000Z,0.05,0.01,38.7,5.58,6.64,100,GOOD
rd_9302,ses_3551,2026-10-03T06:15:08.000Z,0.62,0.10,38.7,5.60,6.63,89,GOOD
rd_9303,ses_3551,2026-10-03T06:15:16.000Z,1.23,0.29,38.7,5.58,6.64,94,GOOD
rd_9304,ses_3551,2026-10-03T06:15:24.000Z,1.85,0.56,38.6,5.63,6.62,98,GOOD
rd_9305,ses_3551,2026-10-03T06:15:32.000Z,2.46,0.93,38.6,5.63,6.64,89,GOOD
rd_9306,ses_3551,2026-10-03T06:15:40.000Z,3.08,1.39,38.8,5.57,6.63,101,GOOD
rd_9307,ses_3551,2026-10-03T06:15:48.000Z,3.68,1.95,38.7,5.58,6.65,99,GOOD
rd_9308,ses_3551,2026-10-03T06:15:56.000Z,3.48,2.47,38.8,5.59,6.65,98,GOOD
rd_9309,ses_3551,2026-10-03T06:16:04.000Z,3.48,2.99,38.7,5.62,6.66,102,GOOD
rd_9310,ses_3551,2026-10-03T06:16:12.000Z,3.66,3.54,38.6,5.65,6.63,103,GOOD
rd_9311,ses_3551,2026-10-03T06:16:20.000Z,3.49,4.06,38.8,5.58,6.65,100,GOOD
rd_9312,ses_3551,2026-10-03T06:16:28.000Z,3.66,4.61,38.7,5.60,6.63,91,GOOD
rd_9313,ses_3551,2026-10-03T06:16:36.000Z,3.45,5.13,38.7,5.59,6.64,91,GOOD
rd_9314,ses_3551,2026-10-03T06:16:44.000Z,3.71,5.69,38.7,5.65,6.63,102,GOOD
rd_9315,ses_3551,2026-10-03T06:16:52.000Z,3.53,6.21,38.8,5.58,6.62,98,GOOD
rd_9316,ses_3551,2026-10-03T06:17:00.000Z,3.53,6.74,38.8,5.61,6.63,87,GOOD
rd_9317,ses_3551,2026-10-03T06:17:08.000Z,3.69,7.30,38.8,5.58,6.62,96,GOOD
rd_9318,ses_3551,2026-10-03T06:17:16.000Z,3.67,7.85,38.7,5.59,6.62,96,GOOD
rd_9319,ses_3551,2026-10-03T06:17:24.000Z,3.66,8.40,38.8,5.61,6.62,88,GOOD
rd_9320,ses_3551,2026-10-03T06:17:32.000Z,3.58,8.93,38.6,5.59,6.62,94,GOOD
rd_9321,ses_3551,2026-10-03T06:17:40.000Z,3.6,9.47,38.6,5.58,6.64,94,GOOD
rd_9322,ses_3551,2026-10-03T06:17:48.000Z,3.28,9.97,38.7,5.63,6.65,100,GOOD
rd_9323,ses_3551,2026-10-03T06:17:56.000Z,2.87,10.40,38.6,5.63,6.63,100,GOOD
rd_9324,ses_3551,2026-10-03T06:18:04.000Z,2.46,10.77,38.7,5.63,6.64,97,GOOD
rd_9325,ses_3551,2026-10-03T06:18:12.000Z,2.05,11.07,38.7,5.61,6.65,90,GOOD
rd_9326,ses_3551,2026-10-03T06:18:20.000Z,1.64,11.32,38.7,5.61,6.62,91,GOOD
rd_9327,ses_3551,2026-10-03T06:18:28.000Z,1.23,11.50,38.7,5.63,6.64,90,GOOD
rd_9328,ses_3551,2026-10-03T06:18:36.000Z,0.82,11.63,38.7,5.64,6.65,89,GOOD
rd_9329,ses_3551,2026-10-03T06:18:44.000Z,0.41,11.69,38.6,5.58,6.62,89,GOOD
rd_9330,ses_3551,2026-10-03T06:18:52.000Z,0.05,11.70,38.7,5.64,6.63,99,GOOD
rd_9331,ses_3552,2026-10-03T07:09:00.000Z,0.05,0.01,38.4,5.78,6.69,115,GOOD
rd_9332,ses_3552,2026-10-03T07:09:08.000Z,0.65,0.11,38.5,5.74,6.67,116,GOOD
rd_9333,ses_3552,2026-10-03T07:09:16.000Z,1.3,0.30,38.4,5.74,6.67,116,GOOD
rd_9334,ses_3552,2026-10-03T07:09:24.000Z,1.96,0.59,38.4,5.79,6.68,118,GOOD
rd_9335,ses_3552,2026-10-03T07:09:32.000Z,2.61,0.99,38.4,5.78,6.68,118,GOOD
rd_9336,ses_3552,2026-10-03T07:09:40.000Z,3.26,1.47,38.6,5.74,6.67,121,GOOD
rd_9337,ses_3552,2026-10-03T07:09:48.000Z,3.78,2.04,38.5,5.76,6.68,121,GOOD
rd_9338,ses_3552,2026-10-03T07:09:56.000Z,3.75,2.60,38.4,5.77,6.70,108,GOOD
rd_9339,ses_3552,2026-10-03T07:10:04.000Z,3.87,3.18,38.5,5.74,6.67,115,GOOD
rd_9340,ses_3552,2026-10-03T07:10:12.000Z,3.87,3.76,38.4,5.72,6.68,106,GOOD
rd_9341,ses_3552,2026-10-03T07:10:20.000Z,3.91,4.35,38.4,5.75,6.66,115,GOOD
rd_9342,ses_3552,2026-10-03T07:10:28.000Z,3.89,4.93,38.5,5.72,6.67,107,GOOD
rd_9343,ses_3552,2026-10-03T07:10:36.000Z,3.93,5.52,38.6,5.71,6.70,121,GOOD
rd_9344,ses_3552,2026-10-03T07:10:44.000Z,3.8,6.09,38.6,5.76,6.68,120,GOOD
rd_9345,ses_3552,2026-10-03T07:10:52.000Z,3.78,6.66,38.5,5.75,6.69,113,GOOD
rd_9346,ses_3552,2026-10-03T07:11:00.000Z,3.82,7.23,38.6,5.77,6.67,118,GOOD
rd_9347,ses_3552,2026-10-03T07:11:08.000Z,3.82,7.81,38.5,5.76,6.67,116,GOOD
rd_9348,ses_3552,2026-10-03T07:11:16.000Z,3.73,8.37,38.5,5.74,6.67,110,GOOD
rd_9349,ses_3552,2026-10-03T07:11:24.000Z,3.93,8.96,38.5,5.71,6.68,107,GOOD
rd_9350,ses_3552,2026-10-03T07:11:32.000Z,3.77,9.52,38.5,5.77,6.68,111,GOOD
rd_9351,ses_3552,2026-10-03T07:11:40.000Z,3.7,10.08,38.5,5.75,6.69,111,GOOD
rd_9352,ses_3552,2026-10-03T07:11:48.000Z,3.48,10.60,38.5,5.71,6.70,107,GOOD
rd_9353,ses_3552,2026-10-03T07:11:56.000Z,3.04,11.05,38.5,5.72,6.67,114,GOOD
rd_9354,ses_3552,2026-10-03T07:12:04.000Z,2.61,11.45,38.5,5.77,6.69,113,GOOD
rd_9355,ses_3552,2026-10-03T07:12:12.000Z,2.17,11.77,38.4,5.78,6.69,119,GOOD
rd_9356,ses_3552,2026-10-03T07:12:20.000Z,1.74,12.03,38.4,5.77,6.68,106,GOOD
rd_9357,ses_3552,2026-10-03T07:12:28.000Z,1.3,12.23,38.5,5.76,6.68,110,GOOD
rd_9358,ses_3552,2026-10-03T07:12:36.000Z,0.87,12.36,38.5,5.77,6.67,106,GOOD
rd_9359,ses_3552,2026-10-03T07:12:44.000Z,0.43,12.42,38.5,5.77,6.70,116,GOOD
rd_9360,ses_3552,2026-10-03T07:12:52.000Z,0.05,12.43,38.5,5.74,6.68,118,GOOD
rd_9361,ses_3553,2026-10-03T07:13:00.000Z,0.05,0.01,38.6,5.43,6.69,101,GOOD
rd_9362,ses_3553,2026-10-03T07:13:08.000Z,0.72,0.12,38.6,5.48,6.69,94,GOOD
rd_9363,ses_3553,2026-10-03T07:13:16.000Z,1.44,0.33,38.5,5.47,6.69,100,GOOD
rd_9364,ses_3553,2026-10-03T07:13:24.000Z,2.16,0.66,38.6,5.44,6.71,107,GOOD
rd_9365,ses_3553,2026-10-03T07:13:32.000Z,2.88,1.09,38.6,5.43,6.71,108,GOOD
rd_9366,ses_3553,2026-10-03T07:13:40.000Z,3.6,1.63,38.5,5.45,6.70,92,GOOD
rd_9367,ses_3553,2026-10-03T07:13:48.000Z,4.21,2.26,38.6,5.44,6.69,105,GOOD
rd_9368,ses_3553,2026-10-03T07:13:56.000Z,4.05,2.87,38.6,5.42,6.69,96,GOOD
rd_9369,ses_3553,2026-10-03T07:14:04.000Z,4.13,3.49,38.5,5.44,6.72,104,GOOD
rd_9370,ses_3553,2026-10-03T07:14:12.000Z,4.11,4.10,38.5,5.48,6.69,108,GOOD
rd_9371,ses_3553,2026-10-03T07:14:20.000Z,4.26,4.74,38.6,5.49,6.71,95,GOOD
rd_9372,ses_3553,2026-10-03T07:14:28.000Z,4.26,5.38,38.5,5.43,6.72,104,GOOD
rd_9373,ses_3553,2026-10-03T07:14:36.000Z,4.06,5.99,38.6,5.48,6.70,99,GOOD
rd_9374,ses_3553,2026-10-03T07:14:44.000Z,4.27,6.63,38.6,5.43,6.69,106,GOOD
rd_9375,ses_3553,2026-10-03T07:14:52.000Z,4.2,7.26,38.5,5.49,6.70,93,GOOD
rd_9376,ses_3553,2026-10-03T07:15:00.000Z,4.23,7.89,38.6,5.44,6.72,107,GOOD
rd_9377,ses_3553,2026-10-03T07:15:08.000Z,4.33,8.54,38.5,5.42,6.69,106,GOOD
rd_9378,ses_3553,2026-10-03T07:15:16.000Z,4.2,9.17,38.6,5.47,6.71,107,GOOD
rd_9379,ses_3553,2026-10-03T07:15:24.000Z,4.32,9.82,38.6,5.44,6.71,106,GOOD
rd_9380,ses_3553,2026-10-03T07:15:32.000Z,4.12,10.44,38.5,5.47,6.70,103,GOOD
rd_9381,ses_3553,2026-10-03T07:15:40.000Z,4.24,11.08,38.7,5.48,6.69,100,GOOD
rd_9382,ses_3553,2026-10-03T07:15:48.000Z,3.84,11.65,38.7,5.48,6.70,94,GOOD
rd_9383,ses_3553,2026-10-03T07:15:56.000Z,3.36,12.16,38.6,5.49,6.72,94,GOOD
rd_9384,ses_3553,2026-10-03T07:16:04.000Z,2.88,12.59,38.6,5.42,6.70,101,GOOD
rd_9385,ses_3553,2026-10-03T07:16:12.000Z,2.4,12.95,38.5,5.48,6.71,104,GOOD
rd_9386,ses_3553,2026-10-03T07:16:20.000Z,1.92,13.24,38.6,5.47,6.70,93,GOOD
rd_9387,ses_3553,2026-10-03T07:16:28.000Z,1.44,13.45,38.7,5.42,6.71,97,GOOD
rd_9388,ses_3553,2026-10-03T07:16:36.000Z,0.96,13.60,38.5,5.46,6.70,103,GOOD
rd_9389,ses_3553,2026-10-03T07:16:44.000Z,0.48,13.67,38.7,5.47,6.72,105,GOOD
rd_9390,ses_3553,2026-10-03T07:16:52.000Z,0.05,13.68,38.5,5.45,6.69,92,GOOD
rd_9391,ses_3554,2026-10-03T06:02:00.000Z,0.05,0.01,38.7,5.69,6.63,120,GOOD
rd_9392,ses_3554,2026-10-03T06:02:08.000Z,0.63,0.10,38.7,5.63,6.60,126,GOOD
rd_9393,ses_3554,2026-10-03T06:02:16.000Z,1.27,0.29,38.6,5.65,6.61,119,GOOD
rd_9394,ses_3554,2026-10-03T06:02:24.000Z,1.9,0.58,38.7,5.68,6.62,117,GOOD
rd_9395,ses_3554,2026-10-03T06:02:32.000Z,2.53,0.96,38.6,5.70,6.63,110,GOOD
rd_9396,ses_3554,2026-10-03T06:02:40.000Z,3.16,1.43,38.6,5.65,6.60,110,GOOD
rd_9397,ses_3554,2026-10-03T06:02:48.000Z,3.61,1.97,38.6,5.63,6.61,111,GOOD
rd_9398,ses_3554,2026-10-03T06:02:56.000Z,3.81,2.54,38.6,5.63,6.62,111,GOOD
rd_9399,ses_3554,2026-10-03T06:03:04.000Z,3.76,3.11,38.8,5.71,6.60,115,GOOD
rd_9400,ses_3554,2026-10-03T06:03:12.000Z,3.76,3.67,38.6,5.68,6.61,120,GOOD
rd_9401,ses_3554,2026-10-03T06:03:20.000Z,3.77,4.24,38.7,5.66,6.61,112,GOOD
rd_9402,ses_3554,2026-10-03T06:03:28.000Z,3.77,4.80,38.7,5.65,6.62,116,GOOD
rd_9403,ses_3554,2026-10-03T06:03:36.000Z,3.77,5.37,38.6,5.67,6.59,111,GOOD
rd_9404,ses_3554,2026-10-03T06:03:44.000Z,3.69,5.92,38.7,5.68,6.60,121,GOOD
rd_9405,ses_3554,2026-10-03T06:03:52.000Z,3.81,6.49,38.6,5.65,6.60,111,GOOD
rd_9406,ses_3554,2026-10-03T06:04:00.000Z,3.64,7.04,38.7,5.65,6.61,110,GOOD
rd_9407,ses_3554,2026-10-03T06:04:08.000Z,3.55,7.57,38.6,5.65,6.61,122,GOOD
rd_9408,ses_3554,2026-10-03T06:04:16.000Z,3.66,8.12,38.6,5.68,6.61,115,GOOD
rd_9409,ses_3554,2026-10-03T06:04:24.000Z,3.78,8.69,38.6,5.69,6.60,124,GOOD
rd_9410,ses_3554,2026-10-03T06:04:32.000Z,3.63,9.23,38.8,5.63,6.62,126,GOOD
rd_9411,ses_3554,2026-10-03T06:04:40.000Z,3.56,9.77,38.6,5.69,6.60,113,GOOD
rd_9412,ses_3554,2026-10-03T06:04:48.000Z,3.37,10.27,38.8,5.66,6.59,125,GOOD
rd_9413,ses_3554,2026-10-03T06:04:56.000Z,2.95,10.71,38.6,5.65,6.59,123,GOOD
rd_9414,ses_3554,2026-10-03T06:05:04.000Z,2.53,11.09,38.7,5.64,6.61,118,GOOD
rd_9415,ses_3554,2026-10-03T06:05:12.000Z,2.11,11.41,38.6,5.67,6.61,125,GOOD
rd_9416,ses_3554,2026-10-03T06:05:20.000Z,1.69,11.66,38.6,5.70,6.61,123,GOOD
rd_9417,ses_3554,2026-10-03T06:05:28.000Z,1.27,11.85,38.6,5.65,6.62,119,GOOD
rd_9418,ses_3554,2026-10-03T06:05:36.000Z,0.84,11.98,38.7,5.70,6.63,111,GOOD
rd_9419,ses_3554,2026-10-03T06:05:44.000Z,0.42,12.04,38.6,5.66,6.60,117,GOOD
rd_9420,ses_3554,2026-10-03T06:05:52.000Z,0.05,12.05,38.7,5.63,6.59,119,GOOD
rd_9421,ses_3555,2026-10-03T06:12:00.000Z,0.05,0.01,38.6,5.41,6.70,129,GOOD
rd_9422,ses_3555,2026-10-03T06:12:08.000Z,0.68,0.11,38.5,5.40,6.71,115,GOOD
rd_9423,ses_3555,2026-10-03T06:12:16.000Z,1.36,0.31,38.5,5.41,6.67,118,GOOD
rd_9424,ses_3555,2026-10-03T06:12:24.000Z,2.03,0.62,38.6,5.39,6.69,122,GOOD
rd_9425,ses_3555,2026-10-03T06:12:32.000Z,2.71,1.02,38.5,5.42,6.68,118,GOOD
rd_9426,ses_3555,2026-10-03T06:12:40.000Z,3.39,1.53,38.4,5.41,6.69,120,GOOD
rd_9427,ses_3555,2026-10-03T06:12:48.000Z,4.01,2.13,38.5,5.44,6.67,122,GOOD
rd_9428,ses_3555,2026-10-03T06:12:56.000Z,4.04,2.74,38.5,5.38,6.69,113,GOOD
rd_9429,ses_3555,2026-10-03T06:13:04.000Z,3.83,3.31,38.6,5.44,6.70,128,GOOD
rd_9430,ses_3555,2026-10-03T06:13:12.000Z,3.88,3.90,38.4,5.37,6.69,127,GOOD
rd_9431,ses_3555,2026-10-03T06:13:20.000Z,4.02,4.50,38.4,5.37,6.69,125,GOOD
rd_9432,ses_3555,2026-10-03T06:13:28.000Z,4.04,5.11,38.5,5.41,6.70,119,GOOD
rd_9433,ses_3555,2026-10-03T06:13:36.000Z,4.01,5.71,38.5,5.39,6.70,129,GOOD
rd_9434,ses_3555,2026-10-03T06:13:44.000Z,4.03,6.31,38.5,5.45,6.69,124,GOOD
rd_9435,ses_3555,2026-10-03T06:13:52.000Z,3.91,6.90,38.4,5.40,6.69,125,GOOD
rd_9436,ses_3555,2026-10-03T06:14:00.000Z,3.84,7.47,38.5,5.39,6.71,129,GOOD
rd_9437,ses_3555,2026-10-03T06:14:08.000Z,3.84,8.05,38.5,5.39,6.70,114,GOOD
rd_9438,ses_3555,2026-10-03T06:14:16.000Z,3.97,8.65,38.5,5.45,6.68,123,GOOD
rd_9439,ses_3555,2026-10-03T06:14:24.000Z,3.81,9.22,38.6,5.39,6.68,125,GOOD
rd_9440,ses_3555,2026-10-03T06:14:32.000Z,4.03,9.82,38.4,5.45,6.67,127,GOOD
rd_9441,ses_3555,2026-10-03T06:14:40.000Z,3.79,10.39,38.5,5.43,6.69,118,GOOD
rd_9442,ses_3555,2026-10-03T06:14:48.000Z,3.61,10.93,38.4,5.43,6.68,124,GOOD
rd_9443,ses_3555,2026-10-03T06:14:56.000Z,3.16,11.41,38.5,5.44,6.69,120,GOOD
rd_9444,ses_3555,2026-10-03T06:15:04.000Z,2.71,11.81,38.5,5.45,6.68,128,GOOD
rd_9445,ses_3555,2026-10-03T06:15:12.000Z,2.26,12.15,38.4,5.40,6.70,121,GOOD
rd_9446,ses_3555,2026-10-03T06:15:20.000Z,1.81,12.42,38.6,5.45,6.67,125,GOOD
rd_9447,ses_3555,2026-10-03T06:15:28.000Z,1.36,12.63,38.6,5.38,6.69,123,GOOD
rd_9448,ses_3555,2026-10-03T06:15:36.000Z,0.9,12.76,38.5,5.40,6.71,116,GOOD
rd_9449,ses_3555,2026-10-03T06:15:44.000Z,0.45,12.83,38.5,5.44,6.70,122,GOOD
rd_9450,ses_3555,2026-10-03T06:15:52.000Z,0.05,12.84,38.4,5.40,6.69,114,GOOD
rd_9451,ses_3556,2026-10-03T06:46:00.000Z,0.05,0.01,38.5,5.60,6.61,123,GOOD
rd_9452,ses_3556,2026-10-03T06:46:08.000Z,0.57,0.09,38.5,5.60,6.61,119,GOOD
rd_9453,ses_3556,2026-10-03T06:46:16.000Z,1.15,0.27,38.6,5.58,6.63,128,GOOD
rd_9454,ses_3556,2026-10-03T06:46:24.000Z,1.72,0.52,38.6,5.63,6.60,127,GOOD
rd_9455,ses_3556,2026-10-03T06:46:32.000Z,2.3,0.87,38.6,5.61,6.63,118,GOOD
rd_9456,ses_3556,2026-10-03T06:46:40.000Z,2.87,1.30,38.5,5.64,6.64,126,GOOD
rd_9457,ses_3556,2026-10-03T06:46:48.000Z,3.19,1.78,38.4,5.57,6.63,118,GOOD
rd_9458,ses_3556,2026-10-03T06:46:56.000Z,3.34,2.28,38.5,5.64,6.63,115,GOOD
rd_9459,ses_3556,2026-10-03T06:47:04.000Z,3.25,2.77,38.4,5.58,6.60,123,GOOD
rd_9460,ses_3556,2026-10-03T06:47:12.000Z,3.3,3.26,38.5,5.63,6.60,130,GOOD
rd_9461,ses_3556,2026-10-03T06:47:20.000Z,3.37,3.77,38.5,5.64,6.62,123,GOOD
rd_9462,ses_3556,2026-10-03T06:47:28.000Z,3.45,4.28,38.4,5.62,6.60,126,GOOD
rd_9463,ses_3556,2026-10-03T06:47:36.000Z,3.19,4.76,38.6,5.62,6.61,130,GOOD
rd_9464,ses_3556,2026-10-03T06:47:44.000Z,3.45,5.28,38.5,5.61,6.63,115,GOOD
rd_9465,ses_3556,2026-10-03T06:47:52.000Z,3.33,5.78,38.5,5.60,6.63,119,GOOD
rd_9466,ses_3556,2026-10-03T06:48:00.000Z,3.43,6.29,38.5,5.58,6.64,126,GOOD
rd_9467,ses_3556,2026-10-03T06:48:08.000Z,3.26,6.78,38.6,5.60,6.63,118,GOOD
rd_9468,ses_3556,2026-10-03T06:48:16.000Z,3.41,7.29,38.4,5.59,6.62,117,GOOD
rd_9469,ses_3556,2026-10-03T06:48:24.000Z,3.37,7.80,38.6,5.63,6.63,119,GOOD
rd_9470,ses_3556,2026-10-03T06:48:32.000Z,3.38,8.31,38.5,5.63,6.63,127,GOOD
rd_9471,ses_3556,2026-10-03T06:48:40.000Z,3.46,8.83,38.5,5.56,6.62,114,GOOD
rd_9472,ses_3556,2026-10-03T06:48:48.000Z,3.06,9.29,38.6,5.61,6.62,117,GOOD
rd_9473,ses_3556,2026-10-03T06:48:56.000Z,2.68,9.69,38.4,5.61,6.63,124,GOOD
rd_9474,ses_3556,2026-10-03T06:49:04.000Z,2.3,10.03,38.4,5.59,6.64,121,GOOD
rd_9475,ses_3556,2026-10-03T06:49:12.000Z,1.91,10.32,38.6,5.62,6.61,122,GOOD
rd_9476,ses_3556,2026-10-03T06:49:20.000Z,1.53,10.55,38.4,5.61,6.61,115,GOOD
rd_9477,ses_3556,2026-10-03T06:49:28.000Z,1.15,10.72,38.4,5.63,6.64,123,GOOD
rd_9478,ses_3556,2026-10-03T06:49:36.000Z,0.77,10.84,38.6,5.56,6.63,125,GOOD
rd_9479,ses_3556,2026-10-03T06:49:44.000Z,0.38,10.89,38.4,5.63,6.63,119,GOOD
rd_9480,ses_3556,2026-10-03T06:49:52.000Z,0.05,10.90,38.6,5.64,6.63,119,GOOD
rd_9481,ses_3557,2026-10-03T06:53:00.000Z,0.05,0.01,38.9,5.68,6.66,129,GOOD
rd_9482,ses_3557,2026-10-03T06:53:08.000Z,0.64,0.10,38.8,5.68,6.67,132,GOOD
rd_9483,ses_3557,2026-10-03T06:53:16.000Z,1.29,0.30,38.7,5.69,6.64,133,GOOD
rd_9484,ses_3557,2026-10-03T06:53:24.000Z,1.93,0.59,38.8,5.65,6.63,130,GOOD
rd_9485,ses_3557,2026-10-03T06:53:32.000Z,2.58,0.97,38.8,5.64,6.64,131,GOOD
rd_9486,ses_3557,2026-10-03T06:53:40.000Z,3.22,1.46,38.9,5.64,6.64,129,GOOD
rd_9487,ses_3557,2026-10-03T06:53:48.000Z,3.78,2.02,38.8,5.65,6.66,131,GOOD
rd_9488,ses_3557,2026-10-03T06:53:56.000Z,3.88,2.61,38.8,5.66,6.64,130,GOOD
rd_9489,ses_3557,2026-10-03T06:54:04.000Z,3.83,3.18,38.8,5.66,6.65,142,GOOD
rd_9490,ses_3557,2026-10-03T06:54:12.000Z,3.84,3.76,38.8,5.70,6.65,134,GOOD
rd_9491,ses_3557,2026-10-03T06:54:20.000Z,3.63,4.30,38.8,5.69,6.63,134,GOOD
rd_9492,ses_3557,2026-10-03T06:54:28.000Z,3.62,4.84,38.8,5.63,6.67,137,GOOD
rd_9493,ses_3557,2026-10-03T06:54:36.000Z,3.8,5.41,38.8,5.70,6.66,134,GOOD
rd_9494,ses_3557,2026-10-03T06:54:44.000Z,3.76,5.98,38.7,5.64,6.67,137,GOOD
rd_9495,ses_3557,2026-10-03T06:54:52.000Z,3.59,6.52,38.8,5.67,6.64,129,GOOD
rd_9496,ses_3557,2026-10-03T06:55:00.000Z,3.82,7.09,38.8,5.65,6.65,141,GOOD
rd_9497,ses_3557,2026-10-03T06:55:08.000Z,3.6,7.63,38.9,5.65,6.65,138,GOOD
rd_9498,ses_3557,2026-10-03T06:55:16.000Z,3.81,8.20,38.9,5.67,6.66,130,GOOD
rd_9499,ses_3557,2026-10-03T06:55:24.000Z,3.61,8.74,38.8,5.70,6.63,131,GOOD
rd_9500,ses_3557,2026-10-03T06:55:32.000Z,3.75,9.30,38.8,5.71,6.63,128,GOOD
rd_9501,ses_3557,2026-10-03T06:55:40.000Z,3.77,9.87,38.8,5.68,6.64,142,GOOD
rd_9502,ses_3557,2026-10-03T06:55:48.000Z,3.44,10.39,38.8,5.64,6.66,136,GOOD
rd_9503,ses_3557,2026-10-03T06:55:56.000Z,3.01,10.84,38.7,5.71,6.63,130,GOOD
rd_9504,ses_3557,2026-10-03T06:56:04.000Z,2.58,11.22,38.8,5.65,6.67,138,GOOD
rd_9505,ses_3557,2026-10-03T06:56:12.000Z,2.15,11.55,38.8,5.64,6.66,128,GOOD
rd_9506,ses_3557,2026-10-03T06:56:20.000Z,1.72,11.80,38.9,5.69,6.63,135,GOOD
rd_9507,ses_3557,2026-10-03T06:56:28.000Z,1.29,12.00,38.9,5.66,6.64,130,GOOD
rd_9508,ses_3557,2026-10-03T06:56:36.000Z,0.86,12.13,38.8,5.71,6.64,136,GOOD
rd_9509,ses_3557,2026-10-03T06:56:44.000Z,0.43,12.19,38.7,5.67,6.65,139,GOOD
rd_9510,ses_3557,2026-10-03T06:56:52.000Z,0.05,12.20,38.9,5.66,6.67,133,GOOD
rd_9511,ses_3558,2026-10-03T06:42:00.000Z,0.05,0.01,38.3,5.49,6.68,146,GOOD
rd_9512,ses_3558,2026-10-03T06:42:08.000Z,0.7,0.11,38.5,5.53,6.67,142,GOOD
rd_9513,ses_3558,2026-10-03T06:42:16.000Z,1.39,0.32,38.4,5.47,6.70,149,GOOD
rd_9514,ses_3558,2026-10-03T06:42:24.000Z,2.09,0.63,38.4,5.46,6.71,144,GOOD
rd_9515,ses_3558,2026-10-03T06:42:32.000Z,2.79,1.05,38.4,5.52,6.68,141,GOOD
rd_9516,ses_3558,2026-10-03T06:42:40.000Z,3.48,1.57,38.4,5.54,6.68,156,GOOD
rd_9517,ses_3558,2026-10-03T06:42:48.000Z,4.16,2.20,38.3,5.50,6.70,147,GOOD
rd_9518,ses_3558,2026-10-03T06:42:56.000Z,3.94,2.79,38.5,5.48,6.70,157,GOOD
rd_9519,ses_3558,2026-10-03T06:43:04.000Z,3.95,3.38,38.3,5.53,6.67,149,GOOD
rd_9520,ses_3558,2026-10-03T06:43:12.000Z,4.06,3.99,38.4,5.49,6.70,145,GOOD
rd_9521,ses_3558,2026-10-03T06:43:20.000Z,4.15,4.61,38.5,5.52,6.68,156,GOOD
rd_9522,ses_3558,2026-10-03T06:43:28.000Z,4.14,5.24,38.4,5.46,6.69,153,GOOD
rd_9523,ses_3558,2026-10-03T06:43:36.000Z,3.92,5.82,38.4,5.53,6.69,149,GOOD
rd_9524,ses_3558,2026-10-03T06:43:44.000Z,4.02,6.43,38.4,5.47,6.68,153,GOOD
rd_9525,ses_3558,2026-10-03T06:43:52.000Z,3.94,7.02,38.5,5.48,6.69,145,GOOD
rd_9526,ses_3558,2026-10-03T06:44:00.000Z,4.02,7.62,38.5,5.51,6.67,148,GOOD
rd_9527,ses_3558,2026-10-03T06:44:08.000Z,4.02,8.22,38.5,5.46,6.68,142,GOOD
rd_9528,ses_3558,2026-10-03T06:44:16.000Z,3.95,8.82,38.3,5.52,6.68,146,GOOD
rd_9529,ses_3558,2026-10-03T06:44:24.000Z,3.99,9.41,38.5,5.47,6.67,143,GOOD
rd_9530,ses_3558,2026-10-03T06:44:32.000Z,4,10.01,38.4,5.48,6.69,143,GOOD
rd_9531,ses_3558,2026-10-03T06:44:40.000Z,4.09,10.63,38.3,5.52,6.67,154,GOOD
rd_9532,ses_3558,2026-10-03T06:44:48.000Z,3.71,11.18,38.4,5.49,6.68,151,GOOD
rd_9533,ses_3558,2026-10-03T06:44:56.000Z,3.25,11.67,38.4,5.48,6.68,144,GOOD
rd_9534,ses_3558,2026-10-03T06:45:04.000Z,2.79,12.09,38.5,5.48,6.70,147,GOOD
rd_9535,ses_3558,2026-10-03T06:45:12.000Z,2.32,12.44,38.3,5.53,6.70,155,GOOD
rd_9536,ses_3558,2026-10-03T06:45:20.000Z,1.86,12.72,38.3,5.53,6.69,157,GOOD
rd_9537,ses_3558,2026-10-03T06:45:28.000Z,1.39,12.93,38.5,5.52,6.70,149,GOOD
rd_9538,ses_3558,2026-10-03T06:45:36.000Z,0.93,13.07,38.4,5.49,6.70,145,GOOD
rd_9539,ses_3558,2026-10-03T06:45:44.000Z,0.46,13.13,38.3,5.48,6.68,153,GOOD
rd_9540,ses_3558,2026-10-03T06:45:52.000Z,0.05,13.14,38.3,5.49,6.67,157,GOOD
rd_9541,ses_3559,2026-10-03T06:30:00.000Z,0.05,0.01,38.7,5.70,6.61,156,GOOD
rd_9542,ses_3559,2026-10-03T06:30:08.000Z,0.59,0.10,38.6,5.68,6.61,159,GOOD
rd_9543,ses_3559,2026-10-03T06:30:16.000Z,1.18,0.27,38.7,5.64,6.61,151,GOOD
rd_9544,ses_3559,2026-10-03T06:30:24.000Z,1.76,0.54,38.7,5.62,6.62,153,GOOD
rd_9545,ses_3559,2026-10-03T06:30:32.000Z,2.35,0.89,38.7,5.69,6.62,150,GOOD
rd_9546,ses_3559,2026-10-03T06:30:40.000Z,2.94,1.33,38.7,5.64,6.64,148,GOOD
rd_9547,ses_3559,2026-10-03T06:30:48.000Z,3.43,1.84,38.6,5.69,6.62,147,GOOD
rd_9548,ses_3559,2026-10-03T06:30:56.000Z,3.55,2.38,38.6,5.64,6.61,152,GOOD
rd_9549,ses_3559,2026-10-03T06:31:04.000Z,3.45,2.90,38.6,5.64,6.62,149,GOOD
rd_9550,ses_3559,2026-10-03T06:31:12.000Z,3.53,3.42,38.7,5.69,6.64,148,GOOD
rd_9551,ses_3559,2026-10-03T06:31:20.000Z,3.44,3.94,38.7,5.69,6.61,150,GOOD
rd_9552,ses_3559,2026-10-03T06:31:28.000Z,3.31,4.44,38.7,5.68,6.63,159,GOOD
rd_9553,ses_3559,2026-10-03T06:31:36.000Z,3.43,4.95,38.6,5.65,6.63,150,GOOD
rd_9554,ses_3559,2026-10-03T06:31:44.000Z,3.49,5.48,38.7,5.68,6.63,155,GOOD
rd_9555,ses_3559,2026-10-03T06:31:52.000Z,3.53,6.00,38.7,5.70,6.64,149,GOOD
rd_9556,ses_3559,2026-10-03T06:32:00.000Z,3.27,6.50,38.7,5.69,6.60,156,GOOD
rd_9557,ses_3559,2026-10-03T06:32:08.000Z,3.32,6.99,38.7,5.65,6.63,146,GOOD
rd_9558,ses_3559,2026-10-03T06:32:16.000Z,3.52,7.52,38.7,5.68,6.62,149,GOOD
rd_9559,ses_3559,2026-10-03T06:32:24.000Z,3.27,8.01,38.7,5.69,6.62,147,GOOD
rd_9560,ses_3559,2026-10-03T06:32:32.000Z,3.29,8.51,38.8,5.69,6.61,151,GOOD
rd_9561,ses_3559,2026-10-03T06:32:40.000Z,3.49,9.03,38.7,5.65,6.61,159,GOOD
rd_9562,ses_3559,2026-10-03T06:32:48.000Z,3.14,9.50,38.6,5.66,6.60,150,GOOD
rd_9563,ses_3559,2026-10-03T06:32:56.000Z,2.74,9.91,38.6,5.66,6.64,151,GOOD
rd_9564,ses_3559,2026-10-03T06:33:04.000Z,2.35,10.26,38.6,5.63,6.60,160,GOOD
rd_9565,ses_3559,2026-10-03T06:33:12.000Z,1.96,10.56,38.7,5.68,6.61,161,GOOD
rd_9566,ses_3559,2026-10-03T06:33:20.000Z,1.57,10.79,38.7,5.67,6.62,158,GOOD
rd_9567,ses_3559,2026-10-03T06:33:28.000Z,1.18,10.97,38.7,5.69,6.60,148,GOOD
rd_9568,ses_3559,2026-10-03T06:33:36.000Z,0.78,11.09,38.8,5.70,6.62,151,GOOD
rd_9569,ses_3559,2026-10-03T06:33:44.000Z,0.39,11.15,38.7,5.67,6.63,148,GOOD
rd_9570,ses_3559,2026-10-03T06:33:52.000Z,0.05,11.15,38.8,5.62,6.62,152,GOOD
rd_9571,ses_3560,2026-10-03T06:52:00.000Z,0.05,0.01,38.7,5.52,6.64,103,GOOD
rd_9572,ses_3560,2026-10-03T06:52:08.000Z,0.66,0.11,38.6,5.51,6.65,94,GOOD
rd_9573,ses_3560,2026-10-03T06:52:16.000Z,1.32,0.30,38.7,5.50,6.65,89,GOOD
rd_9574,ses_3560,2026-10-03T06:52:24.000Z,1.98,0.60,38.6,5.52,6.63,102,GOOD
rd_9575,ses_3560,2026-10-03T06:52:32.000Z,2.64,1.00,38.6,5.45,6.61,98,GOOD
rd_9576,ses_3560,2026-10-03T06:52:40.000Z,3.3,1.49,38.8,5.52,6.62,97,GOOD
rd_9577,ses_3560,2026-10-03T06:52:48.000Z,3.68,2.04,38.8,5.51,6.64,89,GOOD
rd_9578,ses_3560,2026-10-03T06:52:56.000Z,3.88,2.63,38.8,5.49,6.61,88,GOOD
rd_9579,ses_3560,2026-10-03T06:53:04.000Z,3.7,3.18,38.7,5.48,6.62,103,GOOD
rd_9580,ses_3560,2026-10-03T06:53:12.000Z,3.75,3.74,38.7,5.46,6.63,100,GOOD
rd_9581,ses_3560,2026-10-03T06:53:20.000Z,3.81,4.32,38.7,5.48,6.62,95,GOOD
rd_9582,ses_3560,2026-10-03T06:53:28.000Z,3.81,4.89,38.7,5.50,6.63,91,GOOD
rd_9583,ses_3560,2026-10-03T06:53:36.000Z,3.93,5.48,38.7,5.52,6.62,94,GOOD
rd_9584,ses_3560,2026-10-03T06:53:44.000Z,3.81,6.05,38.8,5.52,6.64,92,GOOD
rd_9585,ses_3560,2026-10-03T06:53:52.000Z,3.81,6.62,38.6,5.52,6.63,89,GOOD
rd_9586,ses_3560,2026-10-03T06:54:00.000Z,3.69,7.17,38.6,5.49,6.63,92,GOOD
rd_9587,ses_3560,2026-10-03T06:54:08.000Z,3.9,7.76,38.8,5.46,6.63,91,GOOD
rd_9588,ses_3560,2026-10-03T06:54:16.000Z,3.77,8.32,38.6,5.49,6.62,95,GOOD
rd_9589,ses_3560,2026-10-03T06:54:24.000Z,3.69,8.88,38.8,5.45,6.61,98,GOOD
rd_9590,ses_3560,2026-10-03T06:54:32.000Z,3.69,9.43,38.8,5.52,6.61,93,GOOD
rd_9591,ses_3560,2026-10-03T06:54:40.000Z,3.76,9.99,38.6,5.52,6.64,94,GOOD
rd_9592,ses_3560,2026-10-03T06:54:48.000Z,3.52,10.52,38.7,5.46,6.61,90,GOOD
rd_9593,ses_3560,2026-10-03T06:54:56.000Z,3.08,10.98,38.8,5.47,6.62,93,GOOD
rd_9594,ses_3560,2026-10-03T06:55:04.000Z,2.64,11.38,38.6,5.46,6.63,92,GOOD
rd_9595,ses_3560,2026-10-03T06:55:12.000Z,2.2,11.71,38.7,5.53,6.61,97,GOOD
rd_9596,ses_3560,2026-10-03T06:55:20.000Z,1.76,11.97,38.7,5.50,6.63,89,GOOD
rd_9597,ses_3560,2026-10-03T06:55:28.000Z,1.32,12.17,38.6,5.50,6.62,95,GOOD
rd_9598,ses_3560,2026-10-03T06:55:36.000Z,0.88,12.30,38.6,5.46,6.61,90,GOOD
rd_9599,ses_3560,2026-10-03T06:55:44.000Z,0.44,12.37,38.8,5.53,6.61,93,GOOD
rd_9600,ses_3560,2026-10-03T06:55:52.000Z,0.05,12.38,38.8,5.48,6.62,102,GOOD
rd_9601,ses_3561,2026-10-03T07:14:00.000Z,0.05,0.01,38.8,6.31,6.82,180,GOOD
rd_9602,ses_3561,2026-10-03T07:14:08.000Z,0.71,0.11,38.8,6.35,6.82,174,GOOD
rd_9603,ses_3561,2026-10-03T07:14:16.000Z,1.42,0.33,38.7,6.30,6.84,181,GOOD
rd_9604,ses_3561,2026-10-03T07:14:24.000Z,2.14,0.65,38.8,6.31,6.81,179,GOOD
rd_9605,ses_3561,2026-10-03T07:14:32.000Z,2.85,1.08,38.9,6.33,6.84,177,GOOD
rd_9606,ses_3561,2026-10-03T07:14:40.000Z,3.56,1.61,38.7,6.34,6.83,177,GOOD
rd_9607,ses_3561,2026-10-03T07:14:48.000Z,4.19,2.24,38.9,6.30,6.82,182,GOOD
rd_9608,ses_3561,2026-10-03T07:14:56.000Z,4.07,2.85,38.8,6.36,6.82,169,GOOD
rd_9609,ses_3561,2026-10-03T07:15:04.000Z,4.17,3.47,38.7,6.36,6.83,171,GOOD
rd_9610,ses_3561,2026-10-03T07:15:12.000Z,3.99,4.07,38.8,6.32,6.81,174,GOOD
rd_9611,ses_3561,2026-10-03T07:15:20.000Z,4.02,4.68,38.8,6.30,6.84,177,GOOD
rd_9612,ses_3561,2026-10-03T07:15:28.000Z,4.13,5.29,38.8,6.35,6.80,176,GOOD
rd_9613,ses_3561,2026-10-03T07:15:36.000Z,4.17,5.92,38.8,6.31,6.83,182,GOOD
rd_9614,ses_3561,2026-10-03T07:15:44.000Z,4.19,6.55,38.8,6.32,6.82,177,GOOD
rd_9615,ses_3561,2026-10-03T07:15:52.000Z,4.08,7.16,38.7,6.35,6.83,185,GOOD
rd_9616,ses_3561,2026-10-03T07:16:00.000Z,4.21,7.79,38.8,6.34,6.81,181,GOOD
rd_9617,ses_3561,2026-10-03T07:16:08.000Z,4.1,8.41,38.7,6.35,6.81,183,GOOD
rd_9618,ses_3561,2026-10-03T07:16:16.000Z,4.11,9.02,38.7,6.35,6.83,178,GOOD
rd_9619,ses_3561,2026-10-03T07:16:24.000Z,4.19,9.65,38.8,6.31,6.81,181,GOOD
rd_9620,ses_3561,2026-10-03T07:16:32.000Z,4.06,10.26,38.8,6.30,6.84,170,GOOD
rd_9621,ses_3561,2026-10-03T07:16:40.000Z,4.1,10.88,38.8,6.29,6.81,173,GOOD
rd_9622,ses_3561,2026-10-03T07:16:48.000Z,3.8,11.45,38.9,6.35,6.80,182,GOOD
rd_9623,ses_3561,2026-10-03T07:16:56.000Z,3.32,11.94,38.9,6.30,6.82,170,GOOD
rd_9624,ses_3561,2026-10-03T07:17:04.000Z,2.85,12.37,38.8,6.29,6.82,181,GOOD
rd_9625,ses_3561,2026-10-03T07:17:12.000Z,2.37,12.73,38.9,6.35,6.80,179,GOOD
rd_9626,ses_3561,2026-10-03T07:17:20.000Z,1.9,13.01,38.7,6.31,6.81,181,GOOD
rd_9627,ses_3561,2026-10-03T07:17:28.000Z,1.42,13.23,38.7,6.35,6.81,170,GOOD
rd_9628,ses_3561,2026-10-03T07:17:36.000Z,0.95,13.37,38.8,6.28,6.82,180,GOOD
rd_9629,ses_3561,2026-10-03T07:17:44.000Z,0.47,13.44,38.9,6.30,6.80,172,GOOD
rd_9630,ses_3561,2026-10-03T07:17:52.000Z,0.05,13.45,38.8,6.32,6.80,177,GOOD
rd_9631,ses_3562,2026-10-03T06:18:00.000Z,0.05,0.01,38.9,6.34,6.74,204,GOOD
rd_9632,ses_3562,2026-10-03T06:18:08.000Z,0.62,0.10,39.0,6.35,6.73,200,GOOD
rd_9633,ses_3562,2026-10-03T06:18:16.000Z,1.25,0.29,38.8,6.40,6.73,206,GOOD
rd_9634,ses_3562,2026-10-03T06:18:24.000Z,1.87,0.57,38.8,6.34,6.74,213,GOOD
rd_9635,ses_3562,2026-10-03T06:18:32.000Z,2.5,0.94,38.9,6.40,6.73,207,GOOD
rd_9636,ses_3562,2026-10-03T06:18:40.000Z,3.12,1.41,38.9,6.38,6.72,209,GOOD
rd_9637,ses_3562,2026-10-03T06:18:48.000Z,3.69,1.96,39.0,6.36,6.72,213,GOOD
rd_9638,ses_3562,2026-10-03T06:18:56.000Z,3.6,2.50,38.8,6.34,6.73,213,GOOD
rd_9639,ses_3562,2026-10-03T06:19:04.000Z,3.62,3.05,38.9,6.38,6.73,208,GOOD
rd_9640,ses_3562,2026-10-03T06:19:12.000Z,3.48,3.57,39.0,6.39,6.73,207,GOOD
rd_9641,ses_3562,2026-10-03T06:19:20.000Z,3.51,4.10,38.9,6.36,6.74,213,GOOD
rd_9642,ses_3562,2026-10-03T06:19:28.000Z,3.72,4.65,38.9,6.37,6.71,209,GOOD
rd_9643,ses_3562,2026-10-03T06:19:36.000Z,3.71,5.21,38.8,6.38,6.72,208,GOOD
rd_9644,ses_3562,2026-10-03T06:19:44.000Z,3.76,5.78,38.9,6.41,6.71,203,GOOD
rd_9645,ses_3562,2026-10-03T06:19:52.000Z,3.65,6.32,38.8,6.38,6.75,208,GOOD
rd_9646,ses_3562,2026-10-03T06:20:00.000Z,3.58,6.86,38.9,6.38,6.73,210,GOOD
rd_9647,ses_3562,2026-10-03T06:20:08.000Z,3.53,7.39,38.9,6.41,6.75,204,GOOD
rd_9648,ses_3562,2026-10-03T06:20:16.000Z,3.58,7.93,38.9,6.38,6.72,202,GOOD
rd_9649,ses_3562,2026-10-03T06:20:24.000Z,3.73,8.49,39.0,6.38,6.74,201,GOOD
rd_9650,ses_3562,2026-10-03T06:20:32.000Z,3.72,9.04,38.8,6.35,6.73,211,GOOD
rd_9651,ses_3562,2026-10-03T06:20:40.000Z,3.73,9.60,38.9,6.40,6.71,201,GOOD
rd_9652,ses_3562,2026-10-03T06:20:48.000Z,3.33,10.10,38.8,6.39,6.75,213,GOOD
rd_9653,ses_3562,2026-10-03T06:20:56.000Z,2.91,10.54,38.9,6.40,6.72,207,GOOD
rd_9654,ses_3562,2026-10-03T06:21:04.000Z,2.5,10.91,38.9,6.35,6.72,211,GOOD
rd_9655,ses_3562,2026-10-03T06:21:12.000Z,2.08,11.23,38.8,6.39,6.73,205,GOOD
rd_9656,ses_3562,2026-10-03T06:21:20.000Z,1.66,11.47,39.0,6.38,6.72,207,GOOD
rd_9657,ses_3562,2026-10-03T06:21:28.000Z,1.25,11.66,38.9,6.39,6.72,211,GOOD
rd_9658,ses_3562,2026-10-03T06:21:36.000Z,0.83,11.79,39.0,6.39,6.72,204,GOOD
rd_9659,ses_3562,2026-10-03T06:21:44.000Z,0.42,11.85,38.9,6.36,6.73,209,GOOD
rd_9660,ses_3562,2026-10-03T06:21:52.000Z,0.05,11.86,39.0,6.33,6.75,214,GOOD
rd_9661,ses_3563,2026-10-03T06:49:00.000Z,0.05,0.01,38.9,6.18,6.77,220,GOOD
rd_9662,ses_3563,2026-10-03T06:49:08.000Z,0.66,0.11,39.0,6.18,6.77,225,GOOD
rd_9663,ses_3563,2026-10-03T06:49:16.000Z,1.32,0.30,39.0,6.22,6.79,213,GOOD
rd_9664,ses_3563,2026-10-03T06:49:24.000Z,1.99,0.60,39.0,6.19,6.77,219,GOOD
rd_9665,ses_3563,2026-10-03T06:49:32.000Z,2.65,1.00,38.9,6.20,6.76,221,GOOD
rd_9666,ses_3563,2026-10-03T06:49:40.000Z,3.31,1.50,38.9,6.23,6.78,226,GOOD
rd_9667,ses_3563,2026-10-03T06:49:48.000Z,3.96,2.09,38.8,6.20,6.77,215,GOOD
rd_9668,ses_3563,2026-10-03T06:49:56.000Z,3.9,2.68,38.9,6.24,6.77,221,GOOD
rd_9669,ses_3563,2026-10-03T06:50:04.000Z,3.86,3.25,39.0,6.22,6.80,218,GOOD
rd_9670,ses_3563,2026-10-03T06:50:12.000Z,3.96,3.85,38.9,6.20,6.79,218,GOOD
rd_9671,ses_3563,2026-10-03T06:50:20.000Z,3.72,4.41,39.0,6.20,6.79,220,GOOD
rd_9672,ses_3563,2026-10-03T06:50:28.000Z,3.94,5.00,38.8,6.24,6.78,218,GOOD
rd_9673,ses_3563,2026-10-03T06:50:36.000Z,3.78,5.57,39.0,6.24,6.78,223,GOOD
rd_9674,ses_3563,2026-10-03T06:50:44.000Z,3.85,6.14,39.0,6.19,6.77,212,GOOD
rd_9675,ses_3563,2026-10-03T06:50:52.000Z,3.88,6.72,38.9,6.23,6.79,211,GOOD
rd_9676,ses_3563,2026-10-03T06:51:00.000Z,3.93,7.31,39.0,6.20,6.77,212,GOOD
rd_9677,ses_3563,2026-10-03T06:51:08.000Z,3.84,7.89,38.9,6.18,6.78,226,GOOD
rd_9678,ses_3563,2026-10-03T06:51:16.000Z,3.75,8.45,38.9,6.18,6.78,212,GOOD
rd_9679,ses_3563,2026-10-03T06:51:24.000Z,3.96,9.05,39.0,6.24,6.79,225,GOOD
rd_9680,ses_3563,2026-10-03T06:51:32.000Z,3.89,9.63,39.0,6.21,6.76,212,GOOD
rd_9681,ses_3563,2026-10-03T06:51:40.000Z,3.92,10.22,38.8,6.18,6.78,218,GOOD
rd_9682,ses_3563,2026-10-03T06:51:48.000Z,3.53,10.75,38.9,6.20,6.77,220,GOOD
rd_9683,ses_3563,2026-10-03T06:51:56.000Z,3.09,11.21,39.0,6.21,6.78,223,GOOD
rd_9684,ses_3563,2026-10-03T06:52:04.000Z,2.65,11.61,39.0,6.22,6.78,222,GOOD
rd_9685,ses_3563,2026-10-03T06:52:12.000Z,2.21,11.94,38.9,6.23,6.79,214,GOOD
rd_9686,ses_3563,2026-10-03T06:52:20.000Z,1.77,12.21,38.9,6.22,6.78,212,GOOD
rd_9687,ses_3563,2026-10-03T06:52:28.000Z,1.32,12.40,39.0,6.22,6.76,214,GOOD
rd_9688,ses_3563,2026-10-03T06:52:36.000Z,0.88,12.54,38.9,6.19,6.78,212,GOOD
rd_9689,ses_3563,2026-10-03T06:52:44.000Z,0.44,12.60,39.0,6.22,6.77,216,GOOD
rd_9690,ses_3563,2026-10-03T06:52:52.000Z,0.05,12.61,38.9,6.23,6.77,227,GOOD
rd_9691,ses_3564,2026-10-03T06:14:00.000Z,0.05,0.01,38.8,6.37,6.70,222,GOOD
rd_9692,ses_3564,2026-10-03T06:14:08.000Z,0.57,0.09,38.7,6.38,6.73,221,GOOD
rd_9693,ses_3564,2026-10-03T06:14:16.000Z,1.15,0.27,38.8,6.36,6.73,226,GOOD
rd_9694,ses_3564,2026-10-03T06:14:24.000Z,1.72,0.52,38.7,6.36,6.70,229,GOOD
rd_9695,ses_3564,2026-10-03T06:14:32.000Z,2.3,0.87,38.8,6.40,6.71,232,GOOD
rd_9696,ses_3564,2026-10-03T06:14:40.000Z,2.87,1.30,38.8,6.38,6.72,222,GOOD
rd_9697,ses_3564,2026-10-03T06:14:48.000Z,3.32,1.80,38.7,6.38,6.71,226,GOOD
rd_9698,ses_3564,2026-10-03T06:14:56.000Z,3.34,2.30,38.7,6.39,6.72,222,GOOD
rd_9699,ses_3564,2026-10-03T06:15:04.000Z,3.26,2.79,38.8,6.35,6.72,229,GOOD
rd_9700,ses_3564,2026-10-03T06:15:12.000Z,3.32,3.28,38.7,6.36,6.73,229,GOOD
rd_9701,ses_3564,2026-10-03T06:15:20.000Z,3.45,3.80,38.8,6.39,6.70,227,GOOD
rd_9702,ses_3564,2026-10-03T06:15:28.000Z,3.25,4.29,38.6,6.42,6.71,234,GOOD
rd_9703,ses_3564,2026-10-03T06:15:36.000Z,3.38,4.80,38.7,6.41,6.70,227,GOOD
rd_9704,ses_3564,2026-10-03T06:15:44.000Z,3.25,5.28,38.7,6.40,6.73,221,GOOD
rd_9705,ses_3564,2026-10-03T06:15:52.000Z,3.42,5.80,38.8,6.37,6.70,223,GOOD
rd_9706,ses_3564,2026-10-03T06:16:00.000Z,3.23,6.28,38.6,6.40,6.72,233,GOOD
rd_9707,ses_3564,2026-10-03T06:16:08.000Z,3.21,6.76,38.7,6.41,6.69,226,GOOD
rd_9708,ses_3564,2026-10-03T06:16:16.000Z,3.32,7.26,38.7,6.41,6.70,230,GOOD
rd_9709,ses_3564,2026-10-03T06:16:24.000Z,3.19,7.74,38.6,6.36,6.71,227,GOOD
rd_9710,ses_3564,2026-10-03T06:16:32.000Z,3.21,8.22,38.6,6.41,6.73,232,GOOD
rd_9711,ses_3564,2026-10-03T06:16:40.000Z,3.47,8.74,38.8,6.35,6.70,227,GOOD
rd_9712,ses_3564,2026-10-03T06:16:48.000Z,3.06,9.20,38.7,6.40,6.71,233,GOOD
rd_9713,ses_3564,2026-10-03T06:16:56.000Z,2.68,9.60,38.8,6.35,6.70,220,GOOD
rd_9714,ses_3564,2026-10-03T06:17:04.000Z,2.3,9.95,38.7,6.34,6.71,225,GOOD
rd_9715,ses_3564,2026-10-03T06:17:12.000Z,1.91,10.23,38.8,6.37,6.73,224,GOOD
rd_9716,ses_3564,2026-10-03T06:17:20.000Z,1.53,10.46,38.7,6.36,6.70,233,GOOD
rd_9717,ses_3564,2026-10-03T06:17:28.000Z,1.15,10.64,38.7,6.34,6.70,224,GOOD
rd_9718,ses_3564,2026-10-03T06:17:36.000Z,0.77,10.75,38.7,6.39,6.72,234,GOOD
rd_9719,ses_3564,2026-10-03T06:17:44.000Z,0.38,10.81,38.6,6.40,6.70,234,GOOD
rd_9720,ses_3564,2026-10-03T06:17:52.000Z,0.05,10.82,38.7,6.39,6.70,223,GOOD
rd_9721,ses_3565,2026-10-03T07:19:00.000Z,0.05,0.01,38.7,6.19,6.75,226,GOOD
rd_9722,ses_3565,2026-10-03T07:19:08.000Z,0.65,0.11,38.8,6.16,6.75,226,GOOD
rd_9723,ses_3565,2026-10-03T07:19:16.000Z,1.3,0.30,38.7,6.17,6.74,231,GOOD
rd_9724,ses_3565,2026-10-03T07:19:24.000Z,1.95,0.59,38.8,6.18,6.76,232,GOOD
rd_9725,ses_3565,2026-10-03T07:19:32.000Z,2.6,0.98,38.8,6.19,6.76,238,GOOD
rd_9726,ses_3565,2026-10-03T07:19:40.000Z,3.25,1.47,38.7,6.19,6.78,226,GOOD
rd_9727,ses_3565,2026-10-03T07:19:48.000Z,3.68,2.02,38.8,6.19,6.76,225,GOOD
rd_9728,ses_3565,2026-10-03T07:19:56.000Z,3.66,2.57,38.8,6.19,6.77,222,GOOD
rd_9729,ses_3565,2026-10-03T07:20:04.000Z,3.76,3.14,38.8,6.21,6.78,235,GOOD
rd_9730,ses_3565,2026-10-03T07:20:12.000Z,3.78,3.70,38.7,6.17,6.76,227,GOOD
rd_9731,ses_3565,2026-10-03T07:20:20.000Z,3.71,4.26,38.8,6.18,6.78,237,GOOD
rd_9732,ses_3565,2026-10-03T07:20:28.000Z,3.75,4.82,38.8,6.20,6.78,229,GOOD
rd_9733,ses_3565,2026-10-03T07:20:36.000Z,3.78,5.39,38.7,6.17,6.75,226,GOOD
rd_9734,ses_3565,2026-10-03T07:20:44.000Z,3.88,5.97,38.8,6.17,6.76,230,GOOD
rd_9735,ses_3565,2026-10-03T07:20:52.000Z,3.67,6.52,38.8,6.19,6.77,223,GOOD
rd_9736,ses_3565,2026-10-03T07:21:00.000Z,3.66,7.07,38.8,6.16,6.76,231,GOOD
rd_9737,ses_3565,2026-10-03T07:21:08.000Z,3.79,7.64,38.8,6.17,6.75,230,GOOD
rd_9738,ses_3565,2026-10-03T07:21:16.000Z,3.69,8.19,38.7,6.17,6.75,237,GOOD
rd_9739,ses_3565,2026-10-03T07:21:24.000Z,3.72,8.75,38.8,6.14,6.74,224,GOOD
rd_9740,ses_3565,2026-10-03T07:21:32.000Z,3.67,9.30,38.8,6.13,6.77,229,GOOD
rd_9741,ses_3565,2026-10-03T07:21:40.000Z,3.66,9.85,38.7,6.16,6.76,230,GOOD
rd_9742,ses_3565,2026-10-03T07:21:48.000Z,3.47,10.37,38.8,6.14,6.77,228,GOOD
rd_9743,ses_3565,2026-10-03T07:21:56.000Z,3.03,10.82,38.9,6.20,6.78,229,GOOD
rd_9744,ses_3565,2026-10-03T07:22:04.000Z,2.6,11.21,38.8,6.17,6.75,236,GOOD
rd_9745,ses_3565,2026-10-03T07:22:12.000Z,2.17,11.54,38.8,6.16,6.76,231,GOOD
rd_9746,ses_3565,2026-10-03T07:22:20.000Z,1.73,11.80,38.9,6.20,6.78,238,GOOD
rd_9747,ses_3565,2026-10-03T07:22:28.000Z,1.3,11.99,38.7,6.17,6.76,228,GOOD
rd_9748,ses_3565,2026-10-03T07:22:36.000Z,0.87,12.12,38.8,6.15,6.77,226,GOOD
rd_9749,ses_3565,2026-10-03T07:22:44.000Z,0.43,12.19,38.8,6.16,6.77,227,GOOD
rd_9750,ses_3565,2026-10-03T07:22:52.000Z,0.05,12.20,38.8,6.21,6.74,232,GOOD
rd_9751,ses_3566,2026-10-03T06:53:00.000Z,0.05,0.01,39.3,7.22,7.12,887,GOOD
rd_9752,ses_3566,2026-10-03T06:53:08.000Z,0.68,0.11,39.4,7.19,7.10,896,GOOD
rd_9753,ses_3566,2026-10-03T06:53:16.000Z,1.36,0.31,39.3,7.16,7.08,892,GOOD
rd_9754,ses_3566,2026-10-03T06:53:24.000Z,2.04,0.62,39.5,7.18,7.11,889,GOOD
rd_9755,ses_3566,2026-10-03T06:53:32.000Z,2.72,1.03,39.4,7.21,7.10,893,GOOD
rd_9756,ses_3566,2026-10-03T06:53:40.000Z,3.4,1.54,39.4,7.16,7.11,896,GOOD
rd_9757,ses_3566,2026-10-03T06:53:48.000Z,3.89,2.12,39.5,7.15,7.08,892,GOOD
rd_9758,ses_3566,2026-10-03T06:53:56.000Z,3.96,2.71,39.3,7.16,7.10,898,GOOD
rd_9759,ses_3566,2026-10-03T06:54:04.000Z,4.08,3.33,39.4,7.23,7.08,899,GOOD
rd_9760,ses_3566,2026-10-03T06:54:12.000Z,4.04,3.93,39.3,7.20,7.12,899,GOOD
rd_9761,ses_3566,2026-10-03T06:54:20.000Z,3.9,4.52,39.4,7.22,7.12,901,GOOD
rd_9762,ses_3566,2026-10-03T06:54:28.000Z,4.08,5.13,39.3,7.18,7.09,901,GOOD
rd_9763,ses_3566,2026-10-03T06:54:36.000Z,3.89,5.71,39.4,7.22,7.10,888,GOOD
rd_9764,ses_3566,2026-10-03T06:54:44.000Z,3.91,6.30,39.4,7.15,7.09,897,GOOD
rd_9765,ses_3566,2026-10-03T06:54:52.000Z,3.79,6.87,39.4,7.20,7.08,893,GOOD
rd_9766,ses_3566,2026-10-03T06:55:00.000Z,3.84,7.44,39.4,7.18,7.08,898,GOOD
rd_9767,ses_3566,2026-10-03T06:55:08.000Z,3.97,8.04,39.5,7.18,7.11,897,GOOD
rd_9768,ses_3566,2026-10-03T06:55:16.000Z,3.83,8.61,39.4,7.20,7.08,893,GOOD
rd_9769,ses_3566,2026-10-03T06:55:24.000Z,3.93,9.20,39.3,7.23,7.10,893,GOOD
rd_9770,ses_3566,2026-10-03T06:55:32.000Z,4.07,9.81,39.5,7.19,7.10,890,GOOD
rd_9771,ses_3566,2026-10-03T06:55:40.000Z,3.87,10.39,39.5,7.18,7.08,886,GOOD
rd_9772,ses_3566,2026-10-03T06:55:48.000Z,3.62,10.94,39.3,7.19,7.10,887,GOOD
rd_9773,ses_3566,2026-10-03T06:55:56.000Z,3.17,11.41,39.4,7.16,7.08,893,GOOD
rd_9774,ses_3566,2026-10-03T06:56:04.000Z,2.72,11.82,39.4,7.21,7.10,902,GOOD
rd_9775,ses_3566,2026-10-03T06:56:12.000Z,2.26,12.16,39.3,7.22,7.09,901,GOOD
rd_9776,ses_3566,2026-10-03T06:56:20.000Z,1.81,12.43,39.4,7.21,7.12,893,GOOD
rd_9777,ses_3566,2026-10-03T06:56:28.000Z,1.36,12.64,39.4,7.23,7.09,890,GOOD
rd_9778,ses_3566,2026-10-03T06:56:36.000Z,0.91,12.77,39.5,7.22,7.10,889,GOOD
rd_9779,ses_3566,2026-10-03T06:56:44.000Z,0.45,12.84,39.4,7.20,7.10,890,GOOD
rd_9780,ses_3566,2026-10-03T06:56:52.000Z,0.05,12.85,39.3,7.17,7.11,890,GOOD
rd_9781,ses_3567,2026-10-03T06:48:00.000Z,0.05,0.01,39.3,7.37,7.07,920,GOOD
rd_9782,ses_3567,2026-10-03T06:48:08.000Z,0.59,0.10,39.2,7.32,7.06,929,GOOD
rd_9783,ses_3567,2026-10-03T06:48:16.000Z,1.18,0.27,39.2,7.33,7.07,927,GOOD
rd_9784,ses_3567,2026-10-03T06:48:24.000Z,1.77,0.54,39.4,7.35,7.05,923,GOOD
rd_9785,ses_3567,2026-10-03T06:48:32.000Z,2.36,0.89,39.2,7.36,7.06,914,GOOD
rd_9786,ses_3567,2026-10-03T06:48:40.000Z,2.95,1.33,39.4,7.32,7.05,915,GOOD
rd_9787,ses_3567,2026-10-03T06:48:48.000Z,3.57,1.87,39.3,7.32,7.05,929,GOOD
rd_9788,ses_3567,2026-10-03T06:48:56.000Z,3.46,2.39,39.2,7.32,7.05,923,GOOD
rd_9789,ses_3567,2026-10-03T06:49:04.000Z,3.44,2.91,39.3,7.39,7.05,916,GOOD
rd_9790,ses_3567,2026-10-03T06:49:12.000Z,3.37,3.41,39.3,7.32,7.04,923,GOOD
rd_9791,ses_3567,2026-10-03T06:49:20.000Z,3.47,3.93,39.3,7.34,7.07,926,GOOD
rd_9792,ses_3567,2026-10-03T06:49:28.000Z,3.36,4.44,39.3,7.35,7.04,919,GOOD
rd_9793,ses_3567,2026-10-03T06:49:36.000Z,3.28,4.93,39.3,7.38,7.06,919,GOOD
rd_9794,ses_3567,2026-10-03T06:49:44.000Z,3.39,5.44,39.3,7.38,7.05,921,GOOD
rd_9795,ses_3567,2026-10-03T06:49:52.000Z,3.56,5.97,39.4,7.38,7.08,921,GOOD
rd_9796,ses_3567,2026-10-03T06:50:00.000Z,3.42,6.48,39.3,7.33,7.05,927,GOOD
rd_9797,ses_3567,2026-10-03T06:50:08.000Z,3.47,7.00,39.3,7.35,7.07,929,GOOD
rd_9798,ses_3567,2026-10-03T06:50:16.000Z,3.57,7.54,39.2,7.37,7.07,930,GOOD
rd_9799,ses_3567,2026-10-03T06:50:24.000Z,3.36,8.04,39.2,7.36,7.07,917,GOOD
rd_9800,ses_3567,2026-10-03T06:50:32.000Z,3.55,8.58,39.4,7.37,7.07,930,GOOD
rd_9801,ses_3567,2026-10-03T06:50:40.000Z,3.38,9.08,39.3,7.38,7.08,921,GOOD
rd_9802,ses_3567,2026-10-03T06:50:48.000Z,3.14,9.55,39.3,7.37,7.05,924,GOOD
rd_9803,ses_3567,2026-10-03T06:50:56.000Z,2.75,9.97,39.3,7.37,7.06,928,GOOD
rd_9804,ses_3567,2026-10-03T06:51:04.000Z,2.36,10.32,39.2,7.36,7.07,929,GOOD
rd_9805,ses_3567,2026-10-03T06:51:12.000Z,1.97,10.62,39.4,7.32,7.05,926,GOOD
rd_9806,ses_3567,2026-10-03T06:51:20.000Z,1.57,10.85,39.3,7.33,7.07,925,GOOD
rd_9807,ses_3567,2026-10-03T06:51:28.000Z,1.18,11.03,39.3,7.33,7.06,918,GOOD
rd_9808,ses_3567,2026-10-03T06:51:36.000Z,0.79,11.15,39.2,7.35,7.05,927,GOOD
rd_9809,ses_3567,2026-10-03T06:51:44.000Z,0.39,11.20,39.2,7.32,7.07,929,GOOD
rd_9810,ses_3567,2026-10-03T06:51:52.000Z,0.05,11.21,39.3,7.32,7.04,914,GOOD
rd_9811,ses_3568,2026-10-03T06:31:00.000Z,0.05,0.01,39.3,7.13,7.09,990,GOOD
rd_9812,ses_3568,2026-10-03T06:31:08.000Z,0.64,0.10,39.2,7.13,7.08,995,GOOD
rd_9813,ses_3568,2026-10-03T06:31:16.000Z,1.28,0.30,39.2,7.14,7.11,996,GOOD
rd_9814,ses_3568,2026-10-03T06:31:24.000Z,1.92,0.58,39.3,7.16,7.12,983,GOOD
rd_9815,ses_3568,2026-10-03T06:31:32.000Z,2.56,0.97,39.4,7.10,7.11,984,GOOD
rd_9816,ses_3568,2026-10-03T06:31:40.000Z,3.2,1.45,39.4,7.13,7.08,984,GOOD
rd_9817,ses_3568,2026-10-03T06:31:48.000Z,3.58,1.98,39.3,7.09,7.12,990,GOOD
rd_9818,ses_3568,2026-10-03T06:31:56.000Z,3.79,2.55,39.3,7.15,7.11,995,GOOD
rd_9819,ses_3568,2026-10-03T06:32:04.000Z,3.69,3.11,39.2,7.16,7.08,991,GOOD
rd_9820,ses_3568,2026-10-03T06:32:12.000Z,3.69,3.66,39.3,7.15,7.12,994,GOOD
rd_9821,ses_3568,2026-10-03T06:32:20.000Z,3.83,4.23,39.3,7.17,7.10,981,GOOD
rd_9822,ses_3568,2026-10-03T06:32:28.000Z,3.62,4.78,39.3,7.15,7.11,993,GOOD
rd_9823,ses_3568,2026-10-03T06:32:36.000Z,3.8,5.35,39.4,7.12,7.09,986,GOOD
rd_9824,ses_3568,2026-10-03T06:32:44.000Z,3.85,5.93,39.4,7.13,7.11,993,GOOD
rd_9825,ses_3568,2026-10-03T06:32:52.000Z,3.63,6.47,39.3,7.17,7.08,985,GOOD
rd_9826,ses_3568,2026-10-03T06:33:00.000Z,3.7,7.02,39.3,7.17,7.12,991,GOOD
rd_9827,ses_3568,2026-10-03T06:33:08.000Z,3.76,7.59,39.3,7.16,7.11,989,GOOD
rd_9828,ses_3568,2026-10-03T06:33:16.000Z,3.67,8.14,39.3,7.10,7.10,983,GOOD
rd_9829,ses_3568,2026-10-03T06:33:24.000Z,3.72,8.70,39.3,7.14,7.11,986,GOOD
rd_9830,ses_3568,2026-10-03T06:33:32.000Z,3.58,9.23,39.3,7.17,7.09,992,GOOD
rd_9831,ses_3568,2026-10-03T06:33:40.000Z,3.59,9.77,39.3,7.13,7.11,986,GOOD
rd_9832,ses_3568,2026-10-03T06:33:48.000Z,3.41,10.28,39.3,7.13,7.12,981,GOOD
rd_9833,ses_3568,2026-10-03T06:33:56.000Z,2.99,10.73,39.3,7.15,7.09,984,GOOD
rd_9834,ses_3568,2026-10-03T06:34:04.000Z,2.56,11.12,39.2,7.13,7.09,987,GOOD
rd_9835,ses_3568,2026-10-03T06:34:12.000Z,2.13,11.44,39.3,7.15,7.10,980,GOOD
rd_9836,ses_3568,2026-10-03T06:34:20.000Z,1.71,11.69,39.2,7.14,7.09,991,GOOD
rd_9837,ses_3568,2026-10-03T06:34:28.000Z,1.28,11.88,39.2,7.14,7.10,987,GOOD
rd_9838,ses_3568,2026-10-03T06:34:36.000Z,0.85,12.01,39.2,7.14,7.12,994,GOOD
rd_9839,ses_3568,2026-10-03T06:34:44.000Z,0.43,12.08,39.2,7.16,7.08,981,GOOD
rd_9840,ses_3568,2026-10-03T06:34:52.000Z,0.05,12.08,39.4,7.09,7.11,980,GOOD
rd_9841,ses_3569,2026-10-03T07:13:00.000Z,0.05,0.01,39.6,7.30,7.11,965,GOOD
rd_9842,ses_3569,2026-10-03T07:13:08.000Z,0.7,0.11,39.6,7.30,7.12,970,GOOD
rd_9843,ses_3569,2026-10-03T07:13:16.000Z,1.41,0.32,39.7,7.36,7.11,959,GOOD
rd_9844,ses_3569,2026-10-03T07:13:24.000Z,2.11,0.64,39.6,7.36,7.11,966,GOOD
rd_9845,ses_3569,2026-10-03T07:13:32.000Z,2.81,1.06,39.6,7.36,7.11,958,GOOD
rd_9846,ses_3569,2026-10-03T07:13:40.000Z,3.52,1.59,39.7,7.30,7.11,967,GOOD
rd_9847,ses_3569,2026-10-03T07:13:48.000Z,4.14,2.21,39.6,7.31,7.13,971,GOOD
rd_9848,ses_3569,2026-10-03T07:13:56.000Z,3.98,2.81,39.5,7.33,7.10,960,GOOD
rd_9849,ses_3569,2026-10-03T07:14:04.000Z,4.05,3.42,39.5,7.33,7.12,969,GOOD
rd_9850,ses_3569,2026-10-03T07:14:12.000Z,4.06,4.02,39.5,7.35,7.12,963,GOOD
rd_9851,ses_3569,2026-10-03T07:14:20.000Z,4.11,4.64,39.6,7.36,7.11,963,GOOD
rd_9852,ses_3569,2026-10-03T07:14:28.000Z,4.14,5.26,39.6,7.35,7.11,970,GOOD
rd_9853,ses_3569,2026-10-03T07:14:36.000Z,4.06,5.87,39.6,7.31,7.10,958,GOOD
rd_9854,ses_3569,2026-10-03T07:14:44.000Z,3.96,6.46,39.6,7.34,7.13,966,GOOD
rd_9855,ses_3569,2026-10-03T07:14:52.000Z,4.22,7.10,39.6,7.30,7.11,968,GOOD
rd_9856,ses_3569,2026-10-03T07:15:00.000Z,4.07,7.71,39.5,7.33,7.14,971,GOOD
rd_9857,ses_3569,2026-10-03T07:15:08.000Z,3.96,8.30,39.6,7.33,7.12,964,GOOD
rd_9858,ses_3569,2026-10-03T07:15:16.000Z,4,8.90,39.6,7.35,7.14,970,GOOD
rd_9859,ses_3569,2026-10-03T07:15:24.000Z,4.18,9.53,39.5,7.36,7.13,969,GOOD
rd_9860,ses_3569,2026-10-03T07:15:32.000Z,4.2,10.16,39.7,7.35,7.12,966,GOOD
rd_9861,ses_3569,2026-10-03T07:15:40.000Z,4.08,10.77,39.5,7.31,7.14,963,GOOD
rd_9862,ses_3569,2026-10-03T07:15:48.000Z,3.75,11.33,39.6,7.32,7.11,966,GOOD
rd_9863,ses_3569,2026-10-03T07:15:56.000Z,3.28,11.83,39.6,7.31,7.12,962,GOOD
rd_9864,ses_3569,2026-10-03T07:16:04.000Z,2.81,12.25,39.5,7.34,7.11,963,GOOD
rd_9865,ses_3569,2026-10-03T07:16:12.000Z,2.34,12.60,39.6,7.36,7.14,964,GOOD
rd_9866,ses_3569,2026-10-03T07:16:20.000Z,1.88,12.88,39.7,7.31,7.13,968,GOOD
rd_9867,ses_3569,2026-10-03T07:16:28.000Z,1.41,13.09,39.6,7.29,7.11,962,GOOD
rd_9868,ses_3569,2026-10-03T07:16:36.000Z,0.94,13.23,39.6,7.33,7.13,960,GOOD
rd_9869,ses_3569,2026-10-03T07:16:44.000Z,0.47,13.30,39.6,7.34,7.14,969,GOOD
rd_9870,ses_3569,2026-10-03T07:16:52.000Z,0.05,13.31,39.6,7.36,7.10,960,GOOD
rd_9871,ses_3570,2026-10-03T07:24:00.000Z,0.05,0.01,39.4,7.03,7.06,924,GOOD
rd_9872,ses_3570,2026-10-03T07:24:08.000Z,0.63,0.10,39.2,7.03,7.04,922,GOOD
rd_9873,ses_3570,2026-10-03T07:24:16.000Z,1.27,0.29,39.4,7.08,7.02,919,GOOD
rd_9874,ses_3570,2026-10-03T07:24:24.000Z,1.9,0.58,39.2,7.04,7.05,923,GOOD
rd_9875,ses_3570,2026-10-03T07:24:32.000Z,2.53,0.96,39.4,7.01,7.06,934,GOOD
rd_9876,ses_3570,2026-10-03T07:24:40.000Z,3.16,1.43,39.2,7.02,7.03,923,GOOD
rd_9877,ses_3570,2026-10-03T07:24:48.000Z,3.71,1.99,39.3,7.05,7.04,935,GOOD
rd_9878,ses_3570,2026-10-03T07:24:56.000Z,3.65,2.53,39.4,7.05,7.04,924,GOOD
rd_9879,ses_3570,2026-10-03T07:25:04.000Z,3.82,3.11,39.4,7.07,7.04,925,GOOD
rd_9880,ses_3570,2026-10-03T07:25:12.000Z,3.52,3.64,39.2,7.06,7.04,922,GOOD
rd_9881,ses_3570,2026-10-03T07:25:20.000Z,3.58,4.17,39.4,7.03,7.05,934,GOOD
rd_9882,ses_3570,2026-10-03T07:25:28.000Z,3.79,4.74,39.2,7.08,7.05,922,GOOD
rd_9883,ses_3570,2026-10-03T07:25:36.000Z,3.55,5.27,39.2,7.01,7.03,927,GOOD
rd_9884,ses_3570,2026-10-03T07:25:44.000Z,3.61,5.82,39.2,7.05,7.03,927,GOOD
rd_9885,ses_3570,2026-10-03T07:25:52.000Z,3.82,6.39,39.3,7.05,7.02,931,GOOD
rd_9886,ses_3570,2026-10-03T07:26:00.000Z,3.77,6.95,39.3,7.07,7.05,921,GOOD
rd_9887,ses_3570,2026-10-03T07:26:08.000Z,3.77,7.52,39.2,7.02,7.04,927,GOOD
rd_9888,ses_3570,2026-10-03T07:26:16.000Z,3.78,8.09,39.3,7.01,7.04,928,GOOD
rd_9889,ses_3570,2026-10-03T07:26:24.000Z,3.67,8.64,39.4,7.04,7.05,929,GOOD
rd_9890,ses_3570,2026-10-03T07:26:32.000Z,3.59,9.18,39.4,7.09,7.03,929,GOOD
rd_9891,ses_3570,2026-10-03T07:26:40.000Z,3.58,9.71,39.4,7.01,7.05,934,GOOD
rd_9892,ses_3570,2026-10-03T07:26:48.000Z,3.37,10.22,39.3,7.04,7.04,932,GOOD
rd_9893,ses_3570,2026-10-03T07:26:56.000Z,2.95,10.66,39.3,7.06,7.05,924,GOOD
rd_9894,ses_3570,2026-10-03T07:27:04.000Z,2.53,11.04,39.3,7.09,7.03,919,GOOD
rd_9895,ses_3570,2026-10-03T07:27:12.000Z,2.11,11.36,39.4,7.02,7.06,933,GOOD
rd_9896,ses_3570,2026-10-03T07:27:20.000Z,1.69,11.61,39.4,7.08,7.04,933,GOOD
rd_9897,ses_3570,2026-10-03T07:27:28.000Z,1.27,11.80,39.3,7.06,7.04,927,GOOD
rd_9898,ses_3570,2026-10-03T07:27:36.000Z,0.84,11.93,39.2,7.04,7.06,926,GOOD
rd_9899,ses_3570,2026-10-03T07:27:44.000Z,0.42,11.99,39.3,7.06,7.02,921,GOOD
rd_9900,ses_3570,2026-10-03T07:27:52.000Z,0.05,12.00,39.3,7.08,7.03,919,GOOD
rd_9901,ses_3571,2026-10-03T17:56:00.000Z,0.05,0.01,38.5,5.51,6.61,115,GOOD
rd_9902,ses_3571,2026-10-03T17:56:08.000Z,0.64,0.10,38.5,5.53,6.62,113,GOOD
rd_9903,ses_3571,2026-10-03T17:56:16.000Z,1.29,0.30,38.6,5.50,6.62,112,GOOD
rd_9904,ses_3571,2026-10-03T17:56:24.000Z,1.93,0.59,38.5,5.49,6.64,112,GOOD
rd_9905,ses_3571,2026-10-03T17:56:32.000Z,2.58,0.97,38.6,5.50,6.64,109,GOOD
rd_9906,ses_3571,2026-10-03T17:56:40.000Z,3.22,1.46,38.6,5.50,6.63,102,GOOD
rd_9907,ses_3571,2026-10-03T17:56:48.000Z,3.71,2.01,38.6,5.55,6.61,117,GOOD
rd_9908,ses_3571,2026-10-03T17:56:56.000Z,3.88,2.59,38.6,5.50,6.64,108,GOOD
rd_9909,ses_3571,2026-10-03T17:57:04.000Z,3.82,3.17,38.5,5.52,6.63,107,GOOD
rd_9910,ses_3571,2026-10-03T17:57:12.000Z,3.63,3.71,38.6,5.56,6.65,109,GOOD
rd_9911,ses_3571,2026-10-03T17:57:20.000Z,3.78,4.28,38.6,5.51,6.63,107,GOOD
rd_9912,ses_3571,2026-10-03T17:57:28.000Z,3.84,4.86,38.6,5.55,6.63,102,GOOD
rd_9913,ses_3571,2026-10-03T17:57:36.000Z,3.79,5.42,38.6,5.55,6.63,111,GOOD
rd_9914,ses_3571,2026-10-03T17:57:44.000Z,3.77,5.99,38.6,5.53,6.62,113,GOOD
rd_9915,ses_3571,2026-10-03T17:57:52.000Z,3.78,6.56,38.6,5.54,6.63,115,GOOD
rd_9916,ses_3571,2026-10-03T17:58:00.000Z,3.81,7.13,38.6,5.54,6.65,108,GOOD
rd_9917,ses_3571,2026-10-03T17:58:08.000Z,3.64,7.67,38.6,5.53,6.62,104,GOOD
rd_9918,ses_3571,2026-10-03T17:58:16.000Z,3.75,8.24,38.6,5.49,6.63,111,GOOD
rd_9919,ses_3571,2026-10-03T17:58:24.000Z,3.86,8.82,38.6,5.50,6.64,109,GOOD
rd_9920,ses_3571,2026-10-03T17:58:32.000Z,3.78,9.38,38.6,5.49,6.62,115,GOOD
rd_9921,ses_3571,2026-10-03T17:58:40.000Z,3.73,9.94,38.7,5.54,6.62,109,GOOD
rd_9922,ses_3571,2026-10-03T17:58:48.000Z,3.44,10.46,38.6,5.53,6.61,104,GOOD
rd_9923,ses_3571,2026-10-03T17:58:56.000Z,3.01,10.91,38.6,5.50,6.62,112,GOOD
rd_9924,ses_3571,2026-10-03T17:59:04.000Z,2.58,11.30,38.7,5.55,6.63,105,GOOD
rd_9925,ses_3571,2026-10-03T17:59:12.000Z,2.15,11.62,38.5,5.53,6.65,115,GOOD
rd_9926,ses_3571,2026-10-03T17:59:20.000Z,1.72,11.88,38.6,5.55,6.64,116,GOOD
rd_9927,ses_3571,2026-10-03T17:59:28.000Z,1.29,12.07,38.6,5.52,6.64,108,GOOD
rd_9928,ses_3571,2026-10-03T17:59:36.000Z,0.86,12.20,38.6,5.49,6.64,108,GOOD
rd_9929,ses_3571,2026-10-03T17:59:44.000Z,0.43,12.26,38.6,5.53,6.65,113,GOOD
rd_9930,ses_3571,2026-10-03T17:59:52.000Z,0.05,12.27,38.5,5.50,6.63,109,GOOD
rd_9931,ses_3572,2026-10-03T18:05:00.000Z,0.05,0.01,38.7,5.69,6.72,104,GOOD
rd_9932,ses_3572,2026-10-03T18:05:08.000Z,0.69,0.11,38.8,5.71,6.73,98,GOOD
rd_9933,ses_3572,2026-10-03T18:05:16.000Z,1.39,0.32,38.7,5.75,6.72,101,GOOD
rd_9934,ses_3572,2026-10-03T18:05:24.000Z,2.08,0.63,38.7,5.72,6.72,109,GOOD
rd_9935,ses_3572,2026-10-03T18:05:32.000Z,2.78,1.05,38.6,5.68,6.71,98,GOOD
rd_9936,ses_3572,2026-10-03T18:05:40.000Z,3.47,1.57,38.7,5.73,6.70,98,GOOD
rd_9937,ses_3572,2026-10-03T18:05:48.000Z,3.95,2.16,38.7,5.74,6.72,100,GOOD
rd_9938,ses_3572,2026-10-03T18:05:56.000Z,4.05,2.77,38.8,5.74,6.71,110,GOOD
rd_9939,ses_3572,2026-10-03T18:06:04.000Z,4.15,3.39,38.8,5.73,6.69,112,GOOD
rd_9940,ses_3572,2026-10-03T18:06:12.000Z,4.15,4.01,38.7,5.72,6.70,97,GOOD
rd_9941,ses_3572,2026-10-03T18:06:20.000Z,4.09,4.63,38.8,5.72,6.72,102,GOOD
rd_9942,ses_3572,2026-10-03T18:06:28.000Z,4.16,5.25,38.6,5.73,6.71,108,GOOD
rd_9943,ses_3572,2026-10-03T18:06:36.000Z,3.96,5.85,38.7,5.69,6.70,110,GOOD
rd_9944,ses_3572,2026-10-03T18:06:44.000Z,4.1,6.46,38.6,5.74,6.72,99,GOOD
rd_9945,ses_3572,2026-10-03T18:06:52.000Z,4.07,7.07,38.7,5.72,6.72,98,GOOD
rd_9946,ses_3572,2026-10-03T18:07:00.000Z,3.96,7.67,38.7,5.68,6.69,100,GOOD
rd_9947,ses_3572,2026-10-03T18:07:08.000Z,4.14,8.29,38.7,5.72,6.71,110,GOOD
rd_9948,ses_3572,2026-10-03T18:07:16.000Z,3.89,8.87,38.7,5.72,6.71,112,GOOD
rd_9949,ses_3572,2026-10-03T18:07:24.000Z,3.99,9.47,38.6,5.74,6.71,103,GOOD
rd_9950,ses_3572,2026-10-03T18:07:32.000Z,4.13,10.09,38.8,5.71,6.71,102,GOOD
rd_9951,ses_3572,2026-10-03T18:07:40.000Z,4.16,10.71,38.8,5.73,6.73,99,GOOD
rd_9952,ses_3572,2026-10-03T18:07:48.000Z,3.71,11.27,38.8,5.75,6.72,99,GOOD
rd_9953,ses_3572,2026-10-03T18:07:56.000Z,3.24,11.75,38.7,5.72,6.73,100,GOOD
rd_9954,ses_3572,2026-10-03T18:08:04.000Z,2.78,12.17,38.7,5.70,6.73,99,GOOD
rd_9955,ses_3572,2026-10-03T18:08:12.000Z,2.32,12.52,38.6,5.70,6.69,106,GOOD
rd_9956,ses_3572,2026-10-03T18:08:20.000Z,1.85,12.80,38.7,5.74,6.72,109,GOOD
rd_9957,ses_3572,2026-10-03T18:08:28.000Z,1.39,13.01,38.7,5.74,6.69,111,GOOD
rd_9958,ses_3572,2026-10-03T18:08:36.000Z,0.93,13.14,38.8,5.68,6.72,111,GOOD
rd_9959,ses_3572,2026-10-03T18:08:44.000Z,0.46,13.21,38.8,5.73,6.70,104,GOOD
rd_9960,ses_3572,2026-10-03T18:08:52.000Z,0.05,13.22,38.8,5.74,6.72,97,GOOD
rd_9961,ses_3573,2026-10-03T17:27:00.000Z,0.05,0.01,38.6,5.49,6.65,114,GOOD
rd_9962,ses_3573,2026-10-03T17:27:08.000Z,0.6,0.10,38.7,5.42,6.62,114,GOOD
rd_9963,ses_3573,2026-10-03T17:27:16.000Z,1.2,0.28,38.7,5.43,6.62,122,GOOD
rd_9964,ses_3573,2026-10-03T17:27:24.000Z,1.81,0.55,38.6,5.48,6.64,126,GOOD
rd_9965,ses_3573,2026-10-03T17:27:32.000Z,2.41,0.91,38.5,5.46,6.62,127,GOOD
rd_9966,ses_3573,2026-10-03T17:27:40.000Z,3.01,1.36,38.6,5.44,6.63,112,GOOD
rd_9967,ses_3573,2026-10-03T17:27:48.000Z,3.57,1.90,38.5,5.45,6.64,120,GOOD
rd_9968,ses_3573,2026-10-03T17:27:56.000Z,3.43,2.41,38.6,5.43,6.62,112,GOOD
rd_9969,ses_3573,2026-10-03T17:28:04.000Z,3.53,2.94,38.6,5.48,6.62,113,GOOD
rd_9970,ses_3573,2026-10-03T17:28:12.000Z,3.51,3.47,38.6,5.48,6.63,127,GOOD
rd_9971,ses_3573,2026-10-03T17:28:20.000Z,3.63,4.01,38.6,5.49,6.63,122,GOOD
rd_9972,ses_3573,2026-10-03T17:28:28.000Z,3.53,4.54,38.6,5.46,6.64,122,GOOD
rd_9973,ses_3573,2026-10-03T17:28:36.000Z,3.63,5.09,38.6,5.44,6.65,123,GOOD
rd_9974,ses_3573,2026-10-03T17:28:44.000Z,3.48,5.61,38.5,5.47,6.64,122,GOOD
rd_9975,ses_3573,2026-10-03T17:28:52.000Z,3.6,6.15,38.6,5.43,6.61,119,GOOD
rd_9976,ses_3573,2026-10-03T17:29:00.000Z,3.47,6.67,38.6,5.48,6.61,121,GOOD
rd_9977,ses_3573,2026-10-03T17:29:08.000Z,3.63,7.21,38.6,5.45,6.65,121,GOOD
rd_9978,ses_3573,2026-10-03T17:29:16.000Z,3.46,7.73,38.7,5.46,6.63,119,GOOD
rd_9979,ses_3573,2026-10-03T17:29:24.000Z,3.35,8.24,38.5,5.46,6.62,119,GOOD
rd_9980,ses_3573,2026-10-03T17:29:32.000Z,3.6,8.78,38.6,5.45,6.61,127,GOOD
rd_9981,ses_3573,2026-10-03T17:29:40.000Z,3.4,9.29,38.6,5.47,6.62,116,GOOD
rd_9982,ses_3573,2026-10-03T17:29:48.000Z,3.21,9.77,38.6,5.49,6.62,119,GOOD
rd_9983,ses_3573,2026-10-03T17:29:56.000Z,2.81,10.19,38.6,5.44,6.65,114,GOOD
rd_9984,ses_3573,2026-10-03T17:30:04.000Z,2.41,10.55,38.6,5.48,6.63,123,GOOD
rd_9985,ses_3573,2026-10-03T17:30:12.000Z,2.01,10.85,38.7,5.50,6.64,115,GOOD
rd_9986,ses_3573,2026-10-03T17:30:20.000Z,1.6,11.09,38.6,5.45,6.63,122,GOOD
rd_9987,ses_3573,2026-10-03T17:30:28.000Z,1.2,11.27,38.6,5.50,6.63,119,GOOD
rd_9988,ses_3573,2026-10-03T17:30:36.000Z,0.8,11.39,38.6,5.48,6.62,126,GOOD
rd_9989,ses_3573,2026-10-03T17:30:44.000Z,0.4,11.45,38.6,5.49,6.62,125,GOOD
rd_9990,ses_3573,2026-10-03T17:30:52.000Z,0.05,11.46,38.6,5.48,6.63,120,GOOD
rd_9991,ses_3574,2026-10-03T17:56:00.000Z,0.05,0.01,38.8,5.70,6.63,116,GOOD
rd_9992,ses_3574,2026-10-03T17:56:08.000Z,0.65,0.11,38.7,5.69,6.64,118,GOOD
rd_9993,ses_3574,2026-10-03T17:56:16.000Z,1.3,0.30,38.7,5.69,6.66,125,GOOD
rd_9994,ses_3574,2026-10-03T17:56:24.000Z,1.95,0.59,38.7,5.68,6.66,121,GOOD
rd_9995,ses_3574,2026-10-03T17:56:32.000Z,2.6,0.98,38.6,5.66,6.67,118,GOOD
rd_9996,ses_3574,2026-10-03T17:56:40.000Z,3.25,1.47,38.7,5.70,6.64,127,GOOD
rd_9997,ses_3574,2026-10-03T17:56:48.000Z,3.63,2.01,38.6,5.66,6.66,117,GOOD
rd_9998,ses_3574,2026-10-03T17:56:56.000Z,3.82,2.59,38.7,5.65,6.66,126,GOOD
rd_9999,ses_3574,2026-10-03T17:57:04.000Z,3.92,3.18,38.8,5.63,6.65,114,GOOD
rd_10000,ses_3574,2026-10-03T17:57:12.000Z,3.83,3.75,38.7,5.67,6.66,124,GOOD
rd_10001,ses_3574,2026-10-03T17:57:20.000Z,3.62,4.29,38.7,5.67,6.64,126,GOOD
rd_10002,ses_3574,2026-10-03T17:57:28.000Z,3.8,4.86,38.6,5.69,6.66,118,GOOD
rd_10003,ses_3574,2026-10-03T17:57:36.000Z,3.75,5.43,38.7,5.68,6.66,122,GOOD
rd_10004,ses_3574,2026-10-03T17:57:44.000Z,3.78,5.99,38.8,5.66,6.64,112,GOOD
rd_10005,ses_3574,2026-10-03T17:57:52.000Z,3.89,6.58,38.6,5.70,6.65,125,GOOD
rd_10006,ses_3574,2026-10-03T17:58:00.000Z,3.89,7.16,38.7,5.65,6.63,116,GOOD
rd_10007,ses_3574,2026-10-03T17:58:08.000Z,3.64,7.71,38.7,5.69,6.65,116,GOOD
rd_10008,ses_3574,2026-10-03T17:58:16.000Z,3.89,8.29,38.8,5.64,6.66,121,GOOD
rd_10009,ses_3574,2026-10-03T17:58:24.000Z,3.91,8.88,38.6,5.63,6.65,115,GOOD
rd_10010,ses_3574,2026-10-03T17:58:32.000Z,3.71,9.43,38.7,5.67,6.66,115,GOOD
rd_10011,ses_3574,2026-10-03T17:58:40.000Z,3.64,9.98,38.8,5.68,6.67,119,GOOD
rd_10012,ses_3574,2026-10-03T17:58:48.000Z,3.47,10.50,38.7,5.63,6.66,116,GOOD
rd_10013,ses_3574,2026-10-03T17:58:56.000Z,3.03,10.95,38.7,5.67,6.65,123,GOOD
rd_10014,ses_3574,2026-10-03T17:59:04.000Z,2.6,11.34,38.7,5.64,6.64,112,GOOD
rd_10015,ses_3574,2026-10-03T17:59:12.000Z,2.17,11.67,38.7,5.67,6.63,116,GOOD
rd_10016,ses_3574,2026-10-03T17:59:20.000Z,1.73,11.93,38.8,5.68,6.65,121,GOOD
rd_10017,ses_3574,2026-10-03T17:59:28.000Z,1.3,12.12,38.7,5.65,6.65,123,GOOD
rd_10018,ses_3574,2026-10-03T17:59:36.000Z,0.87,12.25,38.6,5.64,6.63,127,GOOD
rd_10019,ses_3574,2026-10-03T17:59:44.000Z,0.43,12.32,38.8,5.65,6.64,115,GOOD
rd_10020,ses_3574,2026-10-03T17:59:52.000Z,0.05,12.33,38.6,5.67,6.66,117,GOOD
rd_10021,ses_3575,2026-10-03T17:59:00.000Z,0.05,0.01,38.8,5.45,6.66,125,GOOD
rd_10022,ses_3575,2026-10-03T17:59:08.000Z,0.7,0.11,38.6,5.45,6.69,121,GOOD
rd_10023,ses_3575,2026-10-03T17:59:16.000Z,1.4,0.32,38.8,5.45,6.66,129,GOOD
rd_10024,ses_3575,2026-10-03T17:59:24.000Z,2.09,0.64,38.7,5.48,6.68,124,GOOD
rd_10025,ses_3575,2026-10-03T17:59:32.000Z,2.79,1.05,38.7,5.49,6.66,116,GOOD
rd_10026,ses_3575,2026-10-03T17:59:40.000Z,3.49,1.58,38.6,5.46,6.66,128,GOOD
rd_10027,ses_3575,2026-10-03T17:59:48.000Z,3.96,2.17,38.7,5.47,6.69,125,GOOD
rd_10028,ses_3575,2026-10-03T17:59:56.000Z,4.15,2.79,38.7,5.46,6.66,122,GOOD
rd_10029,ses_3575,2026-10-03T18:00:04.000Z,4.12,3.41,38.7,5.43,6.68,125,GOOD
rd_10030,ses_3575,2026-10-03T18:00:12.000Z,4.17,4.04,38.8,5.48,6.69,123,GOOD
rd_10031,ses_3575,2026-10-03T18:00:20.000Z,3.98,4.63,38.7,5.49,6.67,128,GOOD
rd_10032,ses_3575,2026-10-03T18:00:28.000Z,4.01,5.24,38.8,5.44,6.70,113,GOOD
rd_10033,ses_3575,2026-10-03T18:00:36.000Z,3.99,5.83,38.8,5.48,6.68,118,GOOD
rd_10034,ses_3575,2026-10-03T18:00:44.000Z,4.08,6.45,38.8,5.44,6.67,117,GOOD
rd_10035,ses_3575,2026-10-03T18:00:52.000Z,4.13,7.07,38.6,5.48,6.66,126,GOOD
rd_10036,ses_3575,2026-10-03T18:01:00.000Z,3.99,7.66,38.7,5.48,6.70,125,GOOD
rd_10037,ses_3575,2026-10-03T18:01:08.000Z,4.02,8.27,38.6,5.45,6.67,126,GOOD
rd_10038,ses_3575,2026-10-03T18:01:16.000Z,4.03,8.87,38.7,5.48,6.69,119,GOOD
rd_10039,ses_3575,2026-10-03T18:01:24.000Z,4.18,9.50,38.8,5.49,6.67,117,GOOD
rd_10040,ses_3575,2026-10-03T18:01:32.000Z,4.12,10.12,38.6,5.46,6.69,120,GOOD
rd_10041,ses_3575,2026-10-03T18:01:40.000Z,3.94,10.71,38.7,5.43,6.68,127,GOOD
rd_10042,ses_3575,2026-10-03T18:01:48.000Z,3.72,11.27,38.7,5.44,6.69,121,GOOD
rd_10043,ses_3575,2026-10-03T18:01:56.000Z,3.26,11.76,38.6,5.45,6.68,127,GOOD
rd_10044,ses_3575,2026-10-03T18:02:04.000Z,2.79,12.17,38.7,5.48,6.70,124,GOOD
rd_10045,ses_3575,2026-10-03T18:02:12.000Z,2.33,12.52,38.7,5.47,6.70,123,GOOD
rd_10046,ses_3575,2026-10-03T18:02:20.000Z,1.86,12.80,38.7,5.48,6.69,125,GOOD
rd_10047,ses_3575,2026-10-03T18:02:28.000Z,1.4,13.01,38.8,5.43,6.66,116,GOOD
rd_10048,ses_3575,2026-10-03T18:02:36.000Z,0.93,13.15,38.6,5.49,6.68,122,GOOD
rd_10049,ses_3575,2026-10-03T18:02:44.000Z,0.47,13.22,38.7,5.44,6.69,121,GOOD
rd_10050,ses_3575,2026-10-03T18:02:52.000Z,0.05,13.23,38.6,5.47,6.67,120,GOOD
rd_10051,ses_3576,2026-10-03T17:35:00.000Z,0.05,0.01,38.6,5.60,6.66,135,GOOD
rd_10052,ses_3576,2026-10-03T17:35:08.000Z,0.61,0.10,38.4,5.58,6.64,135,GOOD
rd_10053,ses_3576,2026-10-03T17:35:16.000Z,1.21,0.28,38.6,5.59,6.67,131,GOOD
rd_10054,ses_3576,2026-10-03T17:35:24.000Z,1.82,0.55,38.5,5.59,6.66,146,GOOD
rd_10055,ses_3576,2026-10-03T17:35:32.000Z,2.43,0.92,38.5,5.58,6.65,133,GOOD
rd_10056,ses_3576,2026-10-03T17:35:40.000Z,3.03,1.37,38.4,5.60,6.67,138,GOOD
rd_10057,ses_3576,2026-10-03T17:35:48.000Z,3.43,1.89,38.5,5.57,6.67,133,GOOD
rd_10058,ses_3576,2026-10-03T17:35:56.000Z,3.4,2.40,38.5,5.64,6.67,144,GOOD
rd_10059,ses_3576,2026-10-03T17:36:04.000Z,3.43,2.91,38.6,5.59,6.66,142,GOOD
rd_10060,ses_3576,2026-10-03T17:36:12.000Z,3.59,3.45,38.4,5.61,6.67,143,GOOD
rd_10061,ses_3576,2026-10-03T17:36:20.000Z,3.49,3.97,38.5,5.60,6.64,143,GOOD
rd_10062,ses_3576,2026-10-03T17:36:28.000Z,3.54,4.50,38.4,5.61,6.65,137,GOOD
rd_10063,ses_3576,2026-10-03T17:36:36.000Z,3.62,5.05,38.5,5.60,6.64,137,GOOD
rd_10064,ses_3576,2026-10-03T17:36:44.000Z,3.52,5.58,38.6,5.62,6.63,130,GOOD
rd_10065,ses_3576,2026-10-03T17:36:52.000Z,3.53,6.10,38.4,5.59,6.65,137,GOOD
rd_10066,ses_3576,2026-10-03T17:37:00.000Z,3.54,6.64,38.4,5.61,6.66,139,GOOD
rd_10067,ses_3576,2026-10-03T17:37:08.000Z,3.59,7.17,38.5,5.65,6.65,145,GOOD
rd_10068,ses_3576,2026-10-03T17:37:16.000Z,3.4,7.68,38.5,5.65,6.67,141,GOOD
rd_10069,ses_3576,2026-10-03T17:37:24.000Z,3.52,8.21,38.4,5.58,6.66,141,GOOD
rd_10070,ses_3576,2026-10-03T17:37:32.000Z,3.55,8.74,38.5,5.60,6.64,139,GOOD
rd_10071,ses_3576,2026-10-03T17:37:40.000Z,3.62,9.29,38.5,5.58,6.66,139,GOOD
rd_10072,ses_3576,2026-10-03T17:37:48.000Z,3.24,9.77,38.5,5.63,6.64,142,GOOD
rd_10073,ses_3576,2026-10-03T17:37:56.000Z,2.83,10.20,38.5,5.60,6.67,134,GOOD
rd_10074,ses_3576,2026-10-03T17:38:04.000Z,2.43,10.56,38.4,5.62,6.65,134,GOOD
rd_10075,ses_3576,2026-10-03T17:38:12.000Z,2.02,10.87,38.5,5.57,6.63,137,GOOD
rd_10076,ses_3576,2026-10-03T17:38:20.000Z,1.62,11.11,38.4,5.65,6.66,131,GOOD
rd_10077,ses_3576,2026-10-03T17:38:28.000Z,1.21,11.29,38.5,5.61,6.66,141,GOOD
rd_10078,ses_3576,2026-10-03T17:38:36.000Z,0.81,11.41,38.6,5.61,6.66,140,GOOD
rd_10079,ses_3576,2026-10-03T17:38:44.000Z,0.4,11.47,38.6,5.61,6.66,136,GOOD
rd_10080,ses_3576,2026-10-03T17:38:52.000Z,0.05,11.48,38.5,5.58,6.63,132,GOOD
rd_10081,ses_3577,2026-10-03T17:15:00.000Z,0.05,0.01,38.7,5.74,6.66,133,GOOD
rd_10082,ses_3577,2026-10-03T17:15:08.000Z,0.68,0.11,38.6,5.72,6.69,136,GOOD
rd_10083,ses_3577,2026-10-03T17:15:16.000Z,1.37,0.32,38.6,5.70,6.68,127,GOOD
rd_10084,ses_3577,2026-10-03T17:15:24.000Z,2.05,0.62,38.6,5.75,6.68,139,GOOD
rd_10085,ses_3577,2026-10-03T17:15:32.000Z,2.73,1.03,38.6,5.75,6.68,132,GOOD
rd_10086,ses_3577,2026-10-03T17:15:40.000Z,3.41,1.54,38.7,5.71,6.67,135,GOOD
rd_10087,ses_3577,2026-10-03T17:15:48.000Z,4.04,2.15,38.5,5.75,6.67,141,GOOD
rd_10088,ses_3577,2026-10-03T17:15:56.000Z,3.91,2.74,38.6,5.70,6.66,131,GOOD
rd_10089,ses_3577,2026-10-03T17:16:04.000Z,4.05,3.34,38.6,5.69,6.68,135,GOOD
rd_10090,ses_3577,2026-10-03T17:16:12.000Z,3.94,3.93,38.7,5.69,6.66,127,GOOD
rd_10091,ses_3577,2026-10-03T17:16:20.000Z,4.06,4.54,38.6,5.71,6.69,132,GOOD
rd_10092,ses_3577,2026-10-03T17:16:28.000Z,4.03,5.15,38.7,5.70,6.69,138,GOOD
rd_10093,ses_3577,2026-10-03T17:16:36.000Z,3.81,5.72,38.6,5.76,6.67,136,GOOD
rd_10094,ses_3577,2026-10-03T17:16:44.000Z,4.01,6.32,38.7,5.70,6.66,141,GOOD
rd_10095,ses_3577,2026-10-03T17:16:52.000Z,3.89,6.90,38.7,5.70,6.69,127,GOOD
rd_10096,ses_3577,2026-10-03T17:17:00.000Z,3.97,7.50,38.6,5.71,6.67,137,GOOD
rd_10097,ses_3577,2026-10-03T17:17:08.000Z,4.03,8.10,38.6,5.76,6.68,139,GOOD
rd_10098,ses_3577,2026-10-03T17:17:16.000Z,3.82,8.68,38.6,5.74,6.67,137,GOOD
rd_10099,ses_3577,2026-10-03T17:17:24.000Z,4.11,9.29,38.6,5.69,6.66,141,GOOD
rd_10100,ses_3577,2026-10-03T17:17:32.000Z,4.07,9.90,38.5,5.77,6.65,129,GOOD
rd_10101,ses_3577,2026-10-03T17:17:40.000Z,4.07,10.52,38.6,5.69,6.66,137,GOOD
rd_10102,ses_3577,2026-10-03T17:17:48.000Z,3.64,11.06,38.7,5.74,6.67,127,GOOD
rd_10103,ses_3577,2026-10-03T17:17:56.000Z,3.19,11.54,38.6,5.72,6.67,139,GOOD
rd_10104,ses_3577,2026-10-03T17:18:04.000Z,2.73,11.95,38.5,5.73,6.69,132,GOOD
rd_10105,ses_3577,2026-10-03T17:18:12.000Z,2.28,12.29,38.6,5.75,6.68,133,GOOD
rd_10106,ses_3577,2026-10-03T17:18:20.000Z,1.82,12.56,38.6,5.71,6.68,130,GOOD
rd_10107,ses_3577,2026-10-03T17:18:28.000Z,1.37,12.77,38.6,5.74,6.68,129,GOOD
rd_10108,ses_3577,2026-10-03T17:18:36.000Z,0.91,12.91,38.7,5.74,6.68,139,GOOD
rd_10109,ses_3577,2026-10-03T17:18:44.000Z,0.46,12.98,38.7,5.72,6.68,128,GOOD
rd_10110,ses_3577,2026-10-03T17:18:52.000Z,0.05,12.98,38.5,5.71,6.67,139,GOOD
rd_10111,ses_3578,2026-10-03T18:15:00.000Z,0.05,0.01,38.8,5.45,6.63,148,GOOD
rd_10112,ses_3578,2026-10-03T18:15:08.000Z,0.57,0.09,38.8,5.46,6.64,138,GOOD
rd_10113,ses_3578,2026-10-03T18:15:16.000Z,1.14,0.26,38.6,5.46,6.65,139,GOOD
rd_10114,ses_3578,2026-10-03T18:15:24.000Z,1.72,0.52,38.7,5.50,6.64,145,GOOD
rd_10115,ses_3578,2026-10-03T18:15:32.000Z,2.29,0.87,38.7,5.48,6.65,146,GOOD
rd_10116,ses_3578,2026-10-03T18:15:40.000Z,2.86,1.29,38.6,5.50,6.64,149,GOOD
rd_10117,ses_3578,2026-10-03T18:15:48.000Z,3.19,1.77,38.8,5.45,6.65,142,GOOD
rd_10118,ses_3578,2026-10-03T18:15:56.000Z,3.33,2.27,38.7,5.50,6.63,151,GOOD
rd_10119,ses_3578,2026-10-03T18:16:04.000Z,3.2,2.75,38.8,5.46,6.62,153,GOOD
rd_10120,ses_3578,2026-10-03T18:16:12.000Z,3.29,3.25,38.6,5.50,6.62,151,GOOD
rd_10121,ses_3578,2026-10-03T18:16:20.000Z,3.24,3.73,38.7,5.46,6.63,144,GOOD
rd_10122,ses_3578,2026-10-03T18:16:28.000Z,3.28,4.22,38.8,5.47,6.65,151,GOOD
rd_10123,ses_3578,2026-10-03T18:16:36.000Z,3.45,4.74,38.8,5.51,6.66,154,GOOD
rd_10124,ses_3578,2026-10-03T18:16:44.000Z,3.18,5.22,38.7,5.48,6.63,147,GOOD
rd_10125,ses_3578,2026-10-03T18:16:52.000Z,3.34,5.72,38.7,5.50,6.63,143,GOOD
rd_10126,ses_3578,2026-10-03T18:17:00.000Z,3.22,6.20,38.7,5.50,6.65,144,GOOD
rd_10127,ses_3578,2026-10-03T18:17:08.000Z,3.37,6.71,38.6,5.49,6.64,151,GOOD
rd_10128,ses_3578,2026-10-03T18:17:16.000Z,3.34,7.21,38.8,5.51,6.64,142,GOOD
rd_10129,ses_3578,2026-10-03T18:17:24.000Z,3.43,7.72,38.6,5.46,6.65,151,GOOD
rd_10130,ses_3578,2026-10-03T18:17:32.000Z,3.17,8.20,38.7,5.52,6.63,145,GOOD
rd_10131,ses_3578,2026-10-03T18:17:40.000Z,3.22,8.68,38.7,5.47,6.64,140,GOOD
rd_10132,ses_3578,2026-10-03T18:17:48.000Z,3.05,9.14,38.6,5.45,6.62,140,GOOD
rd_10133,ses_3578,2026-10-03T18:17:56.000Z,2.67,9.54,38.7,5.51,6.63,142,GOOD
rd_10134,ses_3578,2026-10-03T18:18:04.000Z,2.29,9.88,38.8,5.46,6.64,140,GOOD
rd_10135,ses_3578,2026-10-03T18:18:12.000Z,1.91,10.17,38.6,5.52,6.63,142,GOOD
rd_10136,ses_3578,2026-10-03T18:18:20.000Z,1.53,10.40,38.8,5.46,6.65,149,GOOD
rd_10137,ses_3578,2026-10-03T18:18:28.000Z,1.14,10.57,38.6,5.49,6.64,147,GOOD
rd_10138,ses_3578,2026-10-03T18:18:36.000Z,0.76,10.68,38.7,5.49,6.64,152,GOOD
rd_10139,ses_3578,2026-10-03T18:18:44.000Z,0.38,10.74,38.7,5.50,6.64,152,GOOD
rd_10140,ses_3578,2026-10-03T18:18:52.000Z,0.05,10.75,38.8,5.49,6.64,150,GOOD
rd_10141,ses_3579,2026-10-03T17:36:00.000Z,0.05,0.01,38.6,5.70,6.64,152,GOOD
rd_10142,ses_3579,2026-10-03T17:36:08.000Z,0.65,0.11,38.6,5.70,6.65,157,GOOD
rd_10143,ses_3579,2026-10-03T17:36:16.000Z,1.3,0.30,38.6,5.68,6.66,145,GOOD
rd_10144,ses_3579,2026-10-03T17:36:24.000Z,1.96,0.59,38.7,5.72,6.64,153,GOOD
rd_10145,ses_3579,2026-10-03T17:36:32.000Z,2.61,0.99,38.5,5.72,6.64,151,GOOD
rd_10146,ses_3579,2026-10-03T17:36:40.000Z,3.26,1.47,38.5,5.73,6.62,157,GOOD
rd_10147,ses_3579,2026-10-03T17:36:48.000Z,3.84,2.05,38.5,5.69,6.64,147,GOOD
rd_10148,ses_3579,2026-10-03T17:36:56.000Z,3.87,2.63,38.6,5.73,6.64,151,GOOD
rd_10149,ses_3579,2026-10-03T17:37:04.000Z,3.87,3.21,38.6,5.69,6.63,157,GOOD
rd_10150,ses_3579,2026-10-03T17:37:12.000Z,3.81,3.78,38.7,5.69,6.64,151,GOOD
rd_10151,ses_3579,2026-10-03T17:37:20.000Z,3.73,4.34,38.7,5.68,6.66,150,GOOD
rd_10152,ses_3579,2026-10-03T17:37:28.000Z,3.84,4.92,38.7,5.73,6.66,146,GOOD
rd_10153,ses_3579,2026-10-03T17:37:36.000Z,3.87,5.50,38.6,5.67,6.64,153,GOOD
rd_10154,ses_3579,2026-10-03T17:37:44.000Z,3.64,6.04,38.6,5.69,6.66,159,GOOD
rd_10155,ses_3579,2026-10-03T17:37:52.000Z,3.72,6.60,38.6,5.73,6.65,149,GOOD
rd_10156,ses_3579,2026-10-03T17:38:00.000Z,3.82,7.18,38.6,5.68,6.63,145,GOOD
rd_10157,ses_3579,2026-10-03T17:38:08.000Z,3.85,7.75,38.6,5.70,6.63,146,GOOD
rd_10158,ses_3579,2026-10-03T17:38:16.000Z,3.87,8.33,38.5,5.72,6.64,156,GOOD
rd_10159,ses_3579,2026-10-03T17:38:24.000Z,3.85,8.91,38.7,5.67,6.64,144,GOOD
rd_10160,ses_3579,2026-10-03T17:38:32.000Z,3.68,9.46,38.6,5.67,6.65,143,GOOD
rd_10161,ses_3579,2026-10-03T17:38:40.000Z,3.91,10.05,38.6,5.66,6.66,154,GOOD
rd_10162,ses_3579,2026-10-03T17:38:48.000Z,3.48,10.57,38.7,5.71,6.63,158,GOOD
rd_10163,ses_3579,2026-10-03T17:38:56.000Z,3.04,11.03,38.5,5.67,6.65,153,GOOD
rd_10164,ses_3579,2026-10-03T17:39:04.000Z,2.61,11.42,38.7,5.69,6.62,156,GOOD
rd_10165,ses_3579,2026-10-03T17:39:12.000Z,2.17,11.75,38.7,5.72,6.66,149,GOOD
rd_10166,ses_3579,2026-10-03T17:39:20.000Z,1.74,12.01,38.6,5.68,6.64,152,GOOD
rd_10167,ses_3579,2026-10-03T17:39:28.000Z,1.3,12.20,38.6,5.69,6.63,147,GOOD
rd_10168,ses_3579,2026-10-03T17:39:36.000Z,0.87,12.33,38.5,5.68,6.65,153,GOOD
rd_10169,ses_3579,2026-10-03T17:39:44.000Z,0.43,12.40,38.6,5.67,6.64,152,GOOD
rd_10170,ses_3579,2026-10-03T17:39:52.000Z,0.05,12.40,38.6,5.66,6.65,152,GOOD
rd_10171,ses_3580,2026-10-03T17:18:00.000Z,0.05,0.01,38.5,5.42,6.70,100,GOOD
rd_10172,ses_3580,2026-10-03T17:18:08.000Z,0.68,0.11,38.5,5.44,6.69,90,GOOD
rd_10173,ses_3580,2026-10-03T17:18:16.000Z,1.35,0.31,38.5,5.43,6.70,101,GOOD
rd_10174,ses_3580,2026-10-03T17:18:24.000Z,2.03,0.62,38.5,5.46,6.66,98,GOOD
rd_10175,ses_3580,2026-10-03T17:18:32.000Z,2.7,1.02,38.6,5.42,6.69,101,GOOD
rd_10176,ses_3580,2026-10-03T17:18:40.000Z,3.38,1.53,38.4,5.41,6.70,90,GOOD
rd_10177,ses_3580,2026-10-03T17:18:48.000Z,3.79,2.10,38.6,5.45,6.68,101,GOOD
rd_10178,ses_3580,2026-10-03T17:18:56.000Z,3.85,2.67,38.5,5.46,6.68,98,GOOD
rd_10179,ses_3580,2026-10-03T17:19:04.000Z,3.93,3.26,38.5,5.44,6.68,95,GOOD
rd_10180,ses_3580,2026-10-03T17:19:12.000Z,3.83,3.84,38.4,5.46,6.68,90,GOOD
rd_10181,ses_3580,2026-10-03T17:19:20.000Z,4.01,4.44,38.6,5.44,6.67,102,GOOD
rd_10182,ses_3580,2026-10-03T17:19:28.000Z,3.84,5.02,38.5,5.41,6.70,104,GOOD
rd_10183,ses_3580,2026-10-03T17:19:36.000Z,4.05,5.62,38.4,5.40,6.68,96,GOOD
rd_10184,ses_3580,2026-10-03T17:19:44.000Z,3.9,6.21,38.6,5.40,6.70,93,GOOD
rd_10185,ses_3580,2026-10-03T17:19:52.000Z,4.06,6.82,38.4,5.39,6.67,90,GOOD
rd_10186,ses_3580,2026-10-03T17:20:00.000Z,4.03,7.42,38.5,5.44,6.68,98,GOOD
rd_10187,ses_3580,2026-10-03T17:20:08.000Z,3.84,8.00,38.5,5.45,6.66,99,GOOD
rd_10188,ses_3580,2026-10-03T17:20:16.000Z,4.02,8.60,38.6,5.39,6.68,95,GOOD
rd_10189,ses_3580,2026-10-03T17:20:24.000Z,3.98,9.20,38.5,5.46,6.69,102,GOOD
rd_10190,ses_3580,2026-10-03T17:20:32.000Z,4.06,9.81,38.6,5.42,6.68,91,GOOD
rd_10191,ses_3580,2026-10-03T17:20:40.000Z,4,10.41,38.5,5.45,6.66,91,GOOD
rd_10192,ses_3580,2026-10-03T17:20:48.000Z,3.6,10.95,38.4,5.41,6.69,90,GOOD
rd_10193,ses_3580,2026-10-03T17:20:56.000Z,3.15,11.42,38.5,5.45,6.69,99,GOOD
rd_10194,ses_3580,2026-10-03T17:21:04.000Z,2.7,11.82,38.6,5.41,6.67,103,GOOD
rd_10195,ses_3580,2026-10-03T17:21:12.000Z,2.25,12.16,38.6,5.46,6.68,103,GOOD
rd_10196,ses_3580,2026-10-03T17:21:20.000Z,1.8,12.43,38.4,5.45,6.67,92,GOOD
rd_10197,ses_3580,2026-10-03T17:21:28.000Z,1.35,12.63,38.4,5.40,6.66,103,GOOD
rd_10198,ses_3580,2026-10-03T17:21:36.000Z,0.9,12.77,38.6,5.46,6.69,92,GOOD
rd_10199,ses_3580,2026-10-03T17:21:44.000Z,0.45,12.84,38.6,5.43,6.68,104,GOOD
rd_10200,ses_3580,2026-10-03T17:21:52.000Z,0.05,12.84,38.4,5.39,6.68,102,GOOD
rd_10201,ses_3581,2026-10-03T17:01:00.000Z,0.05,0.01,38.5,5.58,6.63,86,GOOD
rd_10202,ses_3581,2026-10-03T17:01:08.000Z,0.6,0.10,38.5,5.54,6.63,95,GOOD
rd_10203,ses_3581,2026-10-03T17:01:16.000Z,1.2,0.28,38.5,5.58,6.62,86,GOOD
rd_10204,ses_3581,2026-10-03T17:01:24.000Z,1.8,0.55,38.6,5.58,6.60,89,GOOD
rd_10205,ses_3581,2026-10-03T17:01:32.000Z,2.4,0.91,38.6,5.59,6.63,94,GOOD
rd_10206,ses_3581,2026-10-03T17:01:40.000Z,3,1.36,38.6,5.55,6.64,92,GOOD
rd_10207,ses_3581,2026-10-03T17:01:48.000Z,3.61,1.90,38.6,5.60,6.64,82,GOOD
rd_10208,ses_3581,2026-10-03T17:01:56.000Z,3.42,2.41,38.6,5.55,6.64,81,GOOD
rd_10209,ses_3581,2026-10-03T17:02:04.000Z,3.58,2.95,38.6,5.62,6.61,88,GOOD
rd_10210,ses_3581,2026-10-03T17:02:12.000Z,3.39,3.46,38.5,5.59,6.63,90,GOOD
rd_10211,ses_3581,2026-10-03T17:02:20.000Z,3.58,3.99,38.7,5.59,6.64,91,GOOD
rd_10212,ses_3581,2026-10-03T17:02:28.000Z,3.42,4.51,38.6,5.57,6.60,84,GOOD
rd_10213,ses_3581,2026-10-03T17:02:36.000Z,3.61,5.05,38.7,5.55,6.61,94,GOOD
rd_10214,ses_3581,2026-10-03T17:02:44.000Z,3.51,5.58,38.5,5.60,6.63,86,GOOD
rd_10215,ses_3581,2026-10-03T17:02:52.000Z,3.49,6.10,38.5,5.61,6.62,91,GOOD
rd_10216,ses_3581,2026-10-03T17:03:00.000Z,3.61,6.64,38.5,5.58,6.63,90,GOOD
rd_10217,ses_3581,2026-10-03T17:03:08.000Z,3.38,7.15,38.5,5.55,6.63,96,GOOD
rd_10218,ses_3581,2026-10-03T17:03:16.000Z,3.34,7.65,38.5,5.61,6.64,95,GOOD
rd_10219,ses_3581,2026-10-03T17:03:24.000Z,3.48,8.17,38.7,5.55,6.62,83,GOOD
rd_10220,ses_3581,2026-10-03T17:03:32.000Z,3.61,8.71,38.7,5.54,6.62,84,GOOD
rd_10221,ses_3581,2026-10-03T17:03:40.000Z,3.42,9.22,38.6,5.55,6.60,90,GOOD
rd_10222,ses_3581,2026-10-03T17:03:48.000Z,3.2,9.71,38.7,5.55,6.61,90,GOOD
rd_10223,ses_3581,2026-10-03T17:03:56.000Z,2.8,10.13,38.5,5.59,6.60,81,GOOD
rd_10224,ses_3581,2026-10-03T17:04:04.000Z,2.4,10.48,38.7,5.54,6.64,93,GOOD
rd_10225,ses_3581,2026-10-03T17:04:12.000Z,2,10.79,38.5,5.57,6.60,90,GOOD
rd_10226,ses_3581,2026-10-03T17:04:20.000Z,1.6,11.03,38.6,5.57,6.62,85,GOOD
rd_10227,ses_3581,2026-10-03T17:04:28.000Z,1.2,11.21,38.5,5.58,6.61,84,GOOD
rd_10228,ses_3581,2026-10-03T17:04:36.000Z,0.8,11.32,38.7,5.55,6.62,89,GOOD
rd_10229,ses_3581,2026-10-03T17:04:44.000Z,0.4,11.38,38.7,5.55,6.61,93,GOOD
rd_10230,ses_3581,2026-10-03T17:04:52.000Z,0.05,11.39,38.5,5.62,6.64,80,GOOD
rd_10231,ses_3582,2026-10-03T17:53:00.000Z,0.05,0.01,38.4,5.76,6.63,93,GOOD
rd_10232,ses_3582,2026-10-03T17:53:08.000Z,0.65,0.11,38.6,5.72,6.63,101,GOOD
rd_10233,ses_3582,2026-10-03T17:53:16.000Z,1.29,0.30,38.6,5.71,6.63,95,GOOD
rd_10234,ses_3582,2026-10-03T17:53:24.000Z,1.94,0.59,38.5,5.74,6.64,102,GOOD
rd_10235,ses_3582,2026-10-03T17:53:32.000Z,2.59,0.98,38.4,5.75,6.64,91,GOOD
rd_10236,ses_3582,2026-10-03T17:53:40.000Z,3.23,1.46,38.5,5.78,6.62,90,GOOD
rd_10237,ses_3582,2026-10-03T17:53:48.000Z,3.85,2.04,38.5,5.77,6.62,104,GOOD
rd_10238,ses_3582,2026-10-03T17:53:56.000Z,3.8,2.61,38.6,5.72,6.65,95,GOOD
rd_10239,ses_3582,2026-10-03T17:54:04.000Z,3.79,3.18,38.4,5.72,6.62,95,GOOD
rd_10240,ses_3582,2026-10-03T17:54:12.000Z,3.63,3.72,38.5,5.76,6.64,103,GOOD
rd_10241,ses_3582,2026-10-03T17:54:20.000Z,3.76,4.29,38.5,5.78,6.64,105,GOOD
rd_10242,ses_3582,2026-10-03T17:54:28.000Z,3.64,4.83,38.5,5.76,6.64,93,GOOD
rd_10243,ses_3582,2026-10-03T17:54:36.000Z,3.87,5.41,38.5,5.73,6.63,105,GOOD
rd_10244,ses_3582,2026-10-03T17:54:44.000Z,3.73,5.97,38.5,5.75,6.62,98,GOOD
rd_10245,ses_3582,2026-10-03T17:54:52.000Z,3.64,6.52,38.5,5.74,6.64,102,GOOD
rd_10246,ses_3582,2026-10-03T17:55:00.000Z,3.81,7.09,38.4,5.74,6.65,103,GOOD
rd_10247,ses_3582,2026-10-03T17:55:08.000Z,3.85,7.67,38.5,5.77,6.63,106,GOOD
rd_10248,ses_3582,2026-10-03T17:55:16.000Z,3.64,8.21,38.5,5.70,6.65,104,GOOD
rd_10249,ses_3582,2026-10-03T17:55:24.000Z,3.66,8.76,38.5,5.76,6.65,101,GOOD
rd_10250,ses_3582,2026-10-03T17:55:32.000Z,3.84,9.34,38.5,5.71,6.65,97,GOOD
rd_10251,ses_3582,2026-10-03T17:55:40.000Z,3.63,9.88,38.6,5.74,6.65,106,GOOD
rd_10252,ses_3582,2026-10-03T17:55:48.000Z,3.45,10.40,38.5,5.77,6.62,96,GOOD
rd_10253,ses_3582,2026-10-03T17:55:56.000Z,3.02,10.85,38.5,5.74,6.65,91,GOOD
rd_10254,ses_3582,2026-10-03T17:56:04.000Z,2.59,11.24,38.5,5.76,6.64,99,GOOD
rd_10255,ses_3582,2026-10-03T17:56:12.000Z,2.16,11.57,38.6,5.76,6.62,100,GOOD
rd_10256,ses_3582,2026-10-03T17:56:20.000Z,1.72,11.82,38.6,5.71,6.63,93,GOOD
rd_10257,ses_3582,2026-10-03T17:56:28.000Z,1.29,12.02,38.5,5.75,6.64,96,GOOD
rd_10258,ses_3582,2026-10-03T17:56:36.000Z,0.86,12.15,38.5,5.73,6.66,99,GOOD
rd_10259,ses_3582,2026-10-03T17:56:44.000Z,0.43,12.21,38.4,5.73,6.62,92,GOOD
rd_10260,ses_3582,2026-10-03T17:56:52.000Z,0.05,12.22,38.5,5.71,6.65,94,GOOD
rd_10261,ses_3583,2026-10-03T18:23:00.000Z,0.05,0.01,38.5,5.49,6.69,115,GOOD
rd_10262,ses_3583,2026-10-03T18:23:08.000Z,0.72,0.12,38.5,5.46,6.66,110,GOOD
rd_10263,ses_3583,2026-10-03T18:23:16.000Z,1.44,0.33,38.4,5.49,6.68,104,GOOD
rd_10264,ses_3583,2026-10-03T18:23:24.000Z,2.16,0.66,38.5,5.48,6.70,103,GOOD
rd_10265,ses_3583,2026-10-03T18:23:32.000Z,2.88,1.09,38.5,5.48,6.67,106,GOOD
rd_10266,ses_3583,2026-10-03T18:23:40.000Z,3.59,1.63,38.5,5.49,6.67,114,GOOD
rd_10267,ses_3583,2026-10-03T18:23:48.000Z,4.27,2.27,38.5,5.50,6.69,108,GOOD
rd_10268,ses_3583,2026-10-03T18:23:56.000Z,4.25,2.90,38.6,5.45,6.66,113,GOOD
rd_10269,ses_3583,2026-10-03T18:24:04.000Z,4.26,3.54,38.5,5.51,6.68,103,GOOD
rd_10270,ses_3583,2026-10-03T18:24:12.000Z,4.18,4.17,38.4,5.46,6.69,111,GOOD
rd_10271,ses_3583,2026-10-03T18:24:20.000Z,4.15,4.79,38.6,5.49,6.69,113,GOOD
rd_10272,ses_3583,2026-10-03T18:24:28.000Z,4.1,5.41,38.5,5.45,6.68,103,GOOD
rd_10273,ses_3583,2026-10-03T18:24:36.000Z,4.13,6.03,38.5,5.45,6.69,105,GOOD
rd_10274,ses_3583,2026-10-03T18:24:44.000Z,4.04,6.63,38.5,5.44,6.68,111,GOOD
rd_10275,ses_3583,2026-10-03T18:24:52.000Z,4.19,7.26,38.4,5.49,6.67,101,GOOD
rd_10276,ses_3583,2026-10-03T18:25:00.000Z,4.11,7.88,38.5,5.48,6.68,102,GOOD
rd_10277,ses_3583,2026-10-03T18:25:08.000Z,4.28,8.52,38.4,5.51,6.69,107,GOOD
rd_10278,ses_3583,2026-10-03T18:25:16.000Z,4.12,9.14,38.5,5.49,6.66,110,GOOD
rd_10279,ses_3583,2026-10-03T18:25:24.000Z,4.18,9.77,38.6,5.49,6.68,108,GOOD
rd_10280,ses_3583,2026-10-03T18:25:32.000Z,4.05,10.37,38.6,5.49,6.68,109,GOOD
rd_10281,ses_3583,2026-10-03T18:25:40.000Z,4.15,11.00,38.4,5.47,6.67,113,GOOD
rd_10282,ses_3583,2026-10-03T18:25:48.000Z,3.83,11.57,38.4,5.44,6.67,100,GOOD
rd_10283,ses_3583,2026-10-03T18:25:56.000Z,3.36,12.07,38.5,5.50,6.68,109,GOOD
rd_10284,ses_3583,2026-10-03T18:26:04.000Z,2.88,12.51,38.5,5.51,6.67,109,GOOD
rd_10285,ses_3583,2026-10-03T18:26:12.000Z,2.4,12.87,38.5,5.51,6.67,104,GOOD
rd_10286,ses_3583,2026-10-03T18:26:20.000Z,1.92,13.15,38.5,5.51,6.70,109,GOOD
rd_10287,ses_3583,2026-10-03T18:26:28.000Z,1.44,13.37,38.5,5.45,6.70,104,GOOD
rd_10288,ses_3583,2026-10-03T18:26:36.000Z,0.96,13.51,38.4,5.44,6.67,115,GOOD
rd_10289,ses_3583,2026-10-03T18:26:44.000Z,0.48,13.59,38.5,5.47,6.69,115,GOOD
rd_10290,ses_3583,2026-10-03T18:26:52.000Z,0.05,13.59,38.5,5.45,6.67,112,GOOD
rd_10291,ses_3584,2026-10-03T17:33:00.000Z,0.05,0.01,38.7,5.58,6.66,121,GOOD
rd_10292,ses_3584,2026-10-03T17:33:08.000Z,0.63,0.10,38.6,5.60,6.64,117,GOOD
rd_10293,ses_3584,2026-10-03T17:33:16.000Z,1.27,0.29,38.6,5.55,6.63,122,GOOD
rd_10294,ses_3584,2026-10-03T17:33:24.000Z,1.9,0.58,38.8,5.57,6.65,111,GOOD
rd_10295,ses_3584,2026-10-03T17:33:32.000Z,2.54,0.96,38.7,5.57,6.63,115,GOOD
rd_10296,ses_3584,2026-10-03T17:33:40.000Z,3.17,1.43,38.6,5.55,6.66,125,GOOD
rd_10297,ses_3584,2026-10-03T17:33:48.000Z,3.69,1.99,38.7,5.61,6.64,123,GOOD
rd_10298,ses_3584,2026-10-03T17:33:56.000Z,3.66,2.54,38.6,5.55,6.63,111,GOOD
rd_10299,ses_3584,2026-10-03T17:34:04.000Z,3.78,3.10,38.7,5.58,6.63,112,GOOD
rd_10300,ses_3584,2026-10-03T17:34:12.000Z,3.72,3.66,38.8,5.60,6.64,121,GOOD
rd_10301,ses_3584,2026-10-03T17:34:20.000Z,3.65,4.21,38.6,5.61,6.65,114,GOOD
rd_10302,ses_3584,2026-10-03T17:34:28.000Z,3.63,4.75,38.7,5.54,6.63,119,GOOD
rd_10303,ses_3584,2026-10-03T17:34:36.000Z,3.58,5.29,38.7,5.55,6.64,116,GOOD
rd_10304,ses_3584,2026-10-03T17:34:44.000Z,3.53,5.82,38.8,5.62,6.62,112,GOOD
rd_10305,ses_3584,2026-10-03T17:34:52.000Z,3.69,6.37,38.7,5.59,6.65,113,GOOD
rd_10306,ses_3584,2026-10-03T17:35:00.000Z,3.63,6.92,38.7,5.62,6.65,115,GOOD
rd_10307,ses_3584,2026-10-03T17:35:08.000Z,3.57,7.45,38.8,5.56,6.63,111,GOOD
rd_10308,ses_3584,2026-10-03T17:35:16.000Z,3.74,8.01,38.7,5.61,6.63,122,GOOD
rd_10309,ses_3584,2026-10-03T17:35:24.000Z,3.82,8.59,38.7,5.58,6.64,122,GOOD
rd_10310,ses_3584,2026-10-03T17:35:32.000Z,3.71,9.14,38.6,5.57,6.64,112,GOOD
rd_10311,ses_3584,2026-10-03T17:35:40.000Z,3.73,9.70,38.6,5.59,6.65,112,GOOD
rd_10312,ses_3584,2026-10-03T17:35:48.000Z,3.38,10.21,38.6,5.59,6.65,115,GOOD
rd_10313,ses_3584,2026-10-03T17:35:56.000Z,2.96,10.65,38.6,5.55,6.63,123,GOOD
rd_10314,ses_3584,2026-10-03T17:36:04.000Z,2.54,11.04,38.7,5.55,6.63,112,GOOD
rd_10315,ses_3584,2026-10-03T17:36:12.000Z,2.11,11.35,38.6,5.57,6.63,125,GOOD
rd_10316,ses_3584,2026-10-03T17:36:20.000Z,1.69,11.61,38.6,5.56,6.65,117,GOOD
rd_10317,ses_3584,2026-10-03T17:36:28.000Z,1.27,11.80,38.7,5.58,6.64,125,GOOD
rd_10318,ses_3584,2026-10-03T17:36:36.000Z,0.85,11.92,38.8,5.55,6.62,123,GOOD
rd_10319,ses_3584,2026-10-03T17:36:44.000Z,0.42,11.99,38.7,5.58,6.62,113,GOOD
rd_10320,ses_3584,2026-10-03T17:36:52.000Z,0.05,11.99,38.6,5.56,6.64,122,GOOD
rd_10321,ses_3585,2026-10-03T17:50:00.000Z,0.05,0.01,38.4,5.43,6.65,117,GOOD
rd_10322,ses_3585,2026-10-03T17:50:08.000Z,0.67,0.11,38.4,5.40,6.64,109,GOOD
rd_10323,ses_3585,2026-10-03T17:50:16.000Z,1.33,0.31,38.5,5.40,6.66,124,GOOD
rd_10324,ses_3585,2026-10-03T17:50:24.000Z,2,0.61,38.6,5.38,6.65,120,GOOD
rd_10325,ses_3585,2026-10-03T17:50:32.000Z,2.66,1.01,38.5,5.37,6.65,114,GOOD
rd_10326,ses_3585,2026-10-03T17:50:40.000Z,3.33,1.51,38.6,5.38,6.66,111,GOOD
rd_10327,ses_3585,2026-10-03T17:50:48.000Z,3.92,2.09,38.6,5.39,6.66,117,GOOD
rd_10328,ses_3585,2026-10-03T17:50:56.000Z,3.88,2.68,38.5,5.42,6.64,119,GOOD
rd_10329,ses_3585,2026-10-03T17:51:04.000Z,3.8,3.25,38.5,5.36,6.67,117,GOOD
rd_10330,ses_3585,2026-10-03T17:51:12.000Z,3.75,3.81,38.5,5.39,6.65,114,GOOD
rd_10331,ses_3585,2026-10-03T17:51:20.000Z,3.72,4.37,38.5,5.40,6.64,114,GOOD
rd_10332,ses_3585,2026-10-03T17:51:28.000Z,3.75,4.93,38.5,5.37,6.64,110,GOOD
rd_10333,ses_3585,2026-10-03T17:51:36.000Z,3.8,5.50,38.5,5.44,6.64,111,GOOD
rd_10334,ses_3585,2026-10-03T17:51:44.000Z,3.74,6.06,38.5,5.42,6.64,121,GOOD
rd_10335,ses_3585,2026-10-03T17:51:52.000Z,3.98,6.66,38.5,5.42,6.65,123,GOOD
rd_10336,ses_3585,2026-10-03T17:52:00.000Z,3.82,7.23,38.4,5.44,6.67,111,GOOD
rd_10337,ses_3585,2026-10-03T17:52:08.000Z,3.76,7.79,38.6,5.38,6.63,121,GOOD
rd_10338,ses_3585,2026-10-03T17:52:16.000Z,3.76,8.36,38.5,5.38,6.65,110,GOOD
rd_10339,ses_3585,2026-10-03T17:52:24.000Z,3.95,8.95,38.5,5.44,6.64,118,GOOD
rd_10340,ses_3585,2026-10-03T17:52:32.000Z,3.81,9.52,38.6,5.42,6.64,109,GOOD
rd_10341,ses_3585,2026-10-03T17:52:40.000Z,3.81,10.09,38.5,5.42,6.67,114,GOOD
rd_10342,ses_3585,2026-10-03T17:52:48.000Z,3.55,10.63,38.4,5.36,6.65,109,GOOD
rd_10343,ses_3585,2026-10-03T17:52:56.000Z,3.11,11.09,38.5,5.36,6.67,111,GOOD
rd_10344,ses_3585,2026-10-03T17:53:04.000Z,2.66,11.49,38.5,5.40,6.65,117,GOOD
rd_10345,ses_3585,2026-10-03T17:53:12.000Z,2.22,11.82,38.6,5.40,6.63,115,GOOD
rd_10346,ses_3585,2026-10-03T17:53:20.000Z,1.77,12.09,38.4,5.41,6.64,117,GOOD
rd_10347,ses_3585,2026-10-03T17:53:28.000Z,1.33,12.29,38.6,5.42,6.67,116,GOOD
rd_10348,ses_3585,2026-10-03T17:53:36.000Z,0.89,12.42,38.4,5.43,6.66,123,GOOD
rd_10349,ses_3585,2026-10-03T17:53:44.000Z,0.44,12.49,38.4,5.40,6.64,117,GOOD
rd_10350,ses_3585,2026-10-03T17:53:52.000Z,0.05,12.50,38.5,5.44,6.65,122,GOOD
rd_10351,ses_3586,2026-10-03T17:32:00.000Z,0.05,0.01,38.5,5.64,6.61,127,GOOD
rd_10352,ses_3586,2026-10-03T17:32:08.000Z,0.6,0.10,38.5,5.58,6.64,134,GOOD
rd_10353,ses_3586,2026-10-03T17:32:16.000Z,1.2,0.28,38.6,5.62,6.61,138,GOOD
rd_10354,ses_3586,2026-10-03T17:32:24.000Z,1.79,0.55,38.7,5.63,6.62,139,GOOD
rd_10355,ses_3586,2026-10-03T17:32:32.000Z,2.39,0.90,38.6,5.61,6.62,141,GOOD
rd_10356,ses_3586,2026-10-03T17:32:40.000Z,2.99,1.35,38.6,5.63,6.61,136,GOOD
rd_10357,ses_3586,2026-10-03T17:32:48.000Z,3.34,1.85,38.7,5.60,6.60,142,GOOD
rd_10358,ses_3586,2026-10-03T17:32:56.000Z,3.47,2.37,38.7,5.58,6.63,127,GOOD
rd_10359,ses_3586,2026-10-03T17:33:04.000Z,3.33,2.87,38.5,5.65,6.62,137,GOOD
rd_10360,ses_3586,2026-10-03T17:33:12.000Z,3.46,3.39,38.6,5.58,6.61,133,GOOD
rd_10361,ses_3586,2026-10-03T17:33:20.000Z,3.48,3.92,38.5,5.59,6.60,132,GOOD
rd_10362,ses_3586,2026-10-03T17:33:28.000Z,3.41,4.43,38.5,5.60,6.60,129,GOOD
rd_10363,ses_3586,2026-10-03T17:33:36.000Z,3.47,4.95,38.6,5.65,6.62,129,GOOD
rd_10364,ses_3586,2026-10-03T17:33:44.000Z,3.35,5.45,38.6,5.57,6.62,136,GOOD
rd_10365,ses_3586,2026-10-03T17:33:52.000Z,3.47,5.97,38.7,5.60,6.61,126,GOOD
rd_10366,ses_3586,2026-10-03T17:34:00.000Z,3.57,6.51,38.6,5.59,6.61,131,GOOD
rd_10367,ses_3586,2026-10-03T17:34:08.000Z,3.47,7.03,38.5,5.64,6.61,128,GOOD
rd_10368,ses_3586,2026-10-03T17:34:16.000Z,3.61,7.57,38.6,5.63,6.62,133,GOOD
rd_10369,ses_3586,2026-10-03T17:34:24.000Z,3.61,8.11,38.5,5.57,6.61,131,GOOD
rd_10370,ses_3586,2026-10-03T17:34:32.000Z,3.42,8.62,38.7,5.64,6.62,130,GOOD
rd_10371,ses_3586,2026-10-03T17:34:40.000Z,3.37,9.13,38.7,5.64,6.62,134,GOOD
rd_10372,ses_3586,2026-10-03T17:34:48.000Z,3.19,9.61,38.6,5.63,6.63,133,GOOD
rd_10373,ses_3586,2026-10-03T17:34:56.000Z,2.79,10.02,38.6,5.65,6.64,130,GOOD
rd_10374,ses_3586,2026-10-03T17:35:04.000Z,2.39,10.38,38.6,5.59,6.62,140,GOOD
rd_10375,ses_3586,2026-10-03T17:35:12.000Z,1.99,10.68,38.6,5.60,6.62,133,GOOD
rd_10376,ses_3586,2026-10-03T17:35:20.000Z,1.6,10.92,38.7,5.62,6.64,129,GOOD
rd_10377,ses_3586,2026-10-03T17:35:28.000Z,1.2,11.10,38.6,5.62,6.63,137,GOOD
rd_10378,ses_3586,2026-10-03T17:35:36.000Z,0.8,11.22,38.7,5.59,6.64,139,GOOD
rd_10379,ses_3586,2026-10-03T17:35:44.000Z,0.4,11.28,38.6,5.57,6.62,129,GOOD
rd_10380,ses_3586,2026-10-03T17:35:52.000Z,0.05,11.29,38.6,5.64,6.64,132,GOOD
rd_10381,ses_3587,2026-10-03T17:13:00.000Z,0.05,0.01,38.8,5.69,6.67,139,GOOD
rd_10382,ses_3587,2026-10-03T17:13:08.000Z,0.65,0.11,38.9,5.69,6.67,148,GOOD
rd_10383,ses_3587,2026-10-03T17:13:16.000Z,1.31,0.30,38.8,5.73,6.67,139,GOOD
rd_10384,ses_3587,2026-10-03T17:13:24.000Z,1.96,0.60,38.7,5.70,6.65,144,GOOD
rd_10385,ses_3587,2026-10-03T17:13:32.000Z,2.61,0.99,38.7,5.71,6.66,152,GOOD
rd_10386,ses_3587,2026-10-03T17:13:40.000Z,3.27,1.48,38.9,5.75,6.67,139,GOOD
rd_10387,ses_3587,2026-10-03T17:13:48.000Z,3.77,2.04,38.8,5.70,6.67,148,GOOD
rd_10388,ses_3587,2026-10-03T17:13:56.000Z,3.73,2.60,38.7,5.71,6.65,143,GOOD
rd_10389,ses_3587,2026-10-03T17:14:04.000Z,3.9,3.19,38.8,5.69,6.67,142,GOOD
rd_10390,ses_3587,2026-10-03T17:14:12.000Z,3.68,3.74,38.7,5.69,6.66,138,GOOD
rd_10391,ses_3587,2026-10-03T17:14:20.000Z,3.8,4.31,38.8,5.68,6.66,144,GOOD
rd_10392,ses_3587,2026-10-03T17:14:28.000Z,3.74,4.87,38.9,5.73,6.64,141,GOOD
rd_10393,ses_3587,2026-10-03T17:14:36.000Z,3.76,5.43,38.8,5.73,6.67,137,GOOD
rd_10394,ses_3587,2026-10-03T17:14:44.000Z,3.75,6.00,38.7,5.70,6.65,148,GOOD
rd_10395,ses_3587,2026-10-03T17:14:52.000Z,3.73,6.56,38.8,5.69,6.67,145,GOOD
rd_10396,ses_3587,2026-10-03T17:15:00.000Z,3.84,7.13,38.8,5.72,6.64,147,GOOD
rd_10397,ses_3587,2026-10-03T17:15:08.000Z,3.84,7.71,38.7,5.70,6.67,144,GOOD
rd_10398,ses_3587,2026-10-03T17:15:16.000Z,3.82,8.28,38.8,5.76,6.68,140,GOOD
rd_10399,ses_3587,2026-10-03T17:15:24.000Z,3.73,8.84,38.9,5.74,6.66,151,GOOD
rd_10400,ses_3587,2026-10-03T17:15:32.000Z,3.73,9.40,38.8,5.72,6.68,150,GOOD
rd_10401,ses_3587,2026-10-03T17:15:40.000Z,3.71,9.96,38.8,5.73,6.66,144,GOOD
rd_10402,ses_3587,2026-10-03T17:15:48.000Z,3.49,10.48,38.9,5.71,6.67,143,GOOD
rd_10403,ses_3587,2026-10-03T17:15:56.000Z,3.05,10.94,38.8,5.74,6.67,147,GOOD
rd_10404,ses_3587,2026-10-03T17:16:04.000Z,2.61,11.33,38.9,5.68,6.67,149,GOOD
rd_10405,ses_3587,2026-10-03T17:16:12.000Z,2.18,11.66,38.8,5.72,6.65,141,GOOD
rd_10406,ses_3587,2026-10-03T17:16:20.000Z,1.74,11.92,38.9,5.69,6.66,151,GOOD
rd_10407,ses_3587,2026-10-03T17:16:28.000Z,1.31,12.11,38.8,5.70,6.64,146,GOOD
rd_10408,ses_3587,2026-10-03T17:16:36.000Z,0.87,12.24,38.8,5.74,6.66,144,GOOD
rd_10409,ses_3587,2026-10-03T17:16:44.000Z,0.44,12.31,38.8,5.71,6.67,153,GOOD
rd_10410,ses_3587,2026-10-03T17:16:52.000Z,0.05,12.32,38.8,5.72,6.67,150,GOOD
rd_10411,ses_3588,2026-10-03T17:11:00.000Z,0.05,0.01,38.4,5.55,6.66,148,GOOD
rd_10412,ses_3588,2026-10-03T17:11:08.000Z,0.69,0.11,38.4,5.52,6.68,147,GOOD
rd_10413,ses_3588,2026-10-03T17:11:16.000Z,1.39,0.32,38.6,5.50,6.65,145,GOOD
rd_10414,ses_3588,2026-10-03T17:11:24.000Z,2.08,0.63,38.5,5.53,6.64,147,GOOD
rd_10415,ses_3588,2026-10-03T17:11:32.000Z,2.78,1.05,38.5,5.53,6.65,143,GOOD
rd_10416,ses_3588,2026-10-03T17:11:40.000Z,3.47,1.57,38.5,5.51,6.67,145,GOOD
rd_10417,ses_3588,2026-10-03T17:11:48.000Z,4.07,2.18,38.4,5.49,6.66,142,GOOD
rd_10418,ses_3588,2026-10-03T17:11:56.000Z,4.09,2.79,38.6,5.54,6.65,144,GOOD
rd_10419,ses_3588,2026-10-03T17:12:04.000Z,4.09,3.41,38.4,5.55,6.65,136,GOOD
rd_10420,ses_3588,2026-10-03T17:12:12.000Z,3.98,4.00,38.4,5.52,6.68,141,GOOD
rd_10421,ses_3588,2026-10-03T17:12:20.000Z,3.93,4.59,38.6,5.55,6.67,138,GOOD
rd_10422,ses_3588,2026-10-03T17:12:28.000Z,3.99,5.19,38.5,5.55,6.66,144,GOOD
rd_10423,ses_3588,2026-10-03T17:12:36.000Z,4.09,5.81,38.5,5.56,6.67,140,GOOD
rd_10424,ses_3588,2026-10-03T17:12:44.000Z,3.89,6.39,38.6,5.50,6.64,140,GOOD
rd_10425,ses_3588,2026-10-03T17:12:52.000Z,4.05,7.00,38.5,5.50,6.66,143,GOOD
rd_10426,ses_3588,2026-10-03T17:13:00.000Z,4.02,7.60,38.6,5.54,6.66,147,GOOD
rd_10427,ses_3588,2026-10-03T17:13:08.000Z,4.17,8.22,38.6,5.52,6.65,134,GOOD
rd_10428,ses_3588,2026-10-03T17:13:16.000Z,3.99,8.82,38.5,5.51,6.64,136,GOOD
rd_10429,ses_3588,2026-10-03T17:13:24.000Z,4,9.42,38.6,5.51,6.64,147,GOOD
rd_10430,ses_3588,2026-10-03T17:13:32.000Z,3.95,10.02,38.4,5.55,6.68,146,GOOD
rd_10431,ses_3588,2026-10-03T17:13:40.000Z,4.16,10.64,38.4,5.51,6.65,149,GOOD
rd_10432,ses_3588,2026-10-03T17:13:48.000Z,3.71,11.20,38.5,5.54,6.64,139,GOOD
rd_10433,ses_3588,2026-10-03T17:13:56.000Z,3.24,11.68,38.5,5.51,6.65,135,GOOD
rd_10434,ses_3588,2026-10-03T17:14:04.000Z,2.78,12.10,38.5,5.51,6.68,142,GOOD
rd_10435,ses_3588,2026-10-03T17:14:12.000Z,2.32,12.45,38.5,5.52,6.66,136,GOOD
rd_10436,ses_3588,2026-10-03T17:14:20.000Z,1.85,12.72,38.5,5.49,6.64,139,GOOD
rd_10437,ses_3588,2026-10-03T17:14:28.000Z,1.39,12.93,38.5,5.52,6.66,149,GOOD
rd_10438,ses_3588,2026-10-03T17:14:36.000Z,0.93,13.07,38.6,5.51,6.64,135,GOOD
rd_10439,ses_3588,2026-10-03T17:14:44.000Z,0.46,13.14,38.4,5.55,6.66,137,GOOD
rd_10440,ses_3588,2026-10-03T17:14:52.000Z,0.05,13.15,38.5,5.57,6.64,142,GOOD
rd_10441,ses_3589,2026-10-03T17:32:00.000Z,0.05,0.01,38.5,5.63,6.62,158,GOOD
rd_10442,ses_3589,2026-10-03T17:32:08.000Z,0.61,0.10,38.7,5.62,6.62,164,GOOD
rd_10443,ses_3589,2026-10-03T17:32:16.000Z,1.21,0.28,38.6,5.67,6.60,161,GOOD
rd_10444,ses_3589,2026-10-03T17:32:24.000Z,1.82,0.55,38.5,5.63,6.60,158,GOOD
rd_10445,ses_3589,2026-10-03T17:32:32.000Z,2.43,0.92,38.5,5.65,6.61,151,GOOD
rd_10446,ses_3589,2026-10-03T17:32:40.000Z,3.03,1.37,38.7,5.68,6.60,158,GOOD
rd_10447,ses_3589,2026-10-03T17:32:48.000Z,3.38,1.88,38.6,5.63,6.61,153,GOOD
rd_10448,ses_3589,2026-10-03T17:32:56.000Z,3.42,2.39,38.6,5.63,6.60,154,GOOD
rd_10449,ses_3589,2026-10-03T17:33:04.000Z,3.39,2.90,38.7,5.63,6.60,160,GOOD
rd_10450,ses_3589,2026-10-03T17:33:12.000Z,3.5,3.43,38.6,5.68,6.60,157,GOOD
rd_10451,ses_3589,2026-10-03T17:33:20.000Z,3.39,3.93,38.5,5.62,6.59,161,GOOD
rd_10452,ses_3589,2026-10-03T17:33:28.000Z,3.65,4.48,38.7,5.62,6.61,163,GOOD
rd_10453,ses_3589,2026-10-03T17:33:36.000Z,3.63,5.03,38.7,5.65,6.63,164,GOOD
rd_10454,ses_3589,2026-10-03T17:33:44.000Z,3.39,5.54,38.7,5.67,6.61,165,GOOD
rd_10455,ses_3589,2026-10-03T17:33:52.000Z,3.45,6.05,38.6,5.66,6.60,165,GOOD
rd_10456,ses_3589,2026-10-03T17:34:00.000Z,3.62,6.60,38.7,5.62,6.62,162,GOOD
rd_10457,ses_3589,2026-10-03T17:34:08.000Z,3.54,7.13,38.5,5.62,6.59,162,GOOD
rd_10458,ses_3589,2026-10-03T17:34:16.000Z,3.67,7.68,38.6,5.64,6.60,159,GOOD
rd_10459,ses_3589,2026-10-03T17:34:24.000Z,3.64,8.22,38.6,5.62,6.62,163,GOOD
rd_10460,ses_3589,2026-10-03T17:34:32.000Z,3.43,8.74,38.6,5.69,6.61,155,GOOD
rd_10461,ses_3589,2026-10-03T17:34:40.000Z,3.67,9.29,38.6,5.64,6.61,151,GOOD
rd_10462,ses_3589,2026-10-03T17:34:48.000Z,3.24,9.77,38.6,5.69,6.62,151,GOOD
rd_10463,ses_3589,2026-10-03T17:34:56.000Z,2.83,10.20,38.5,5.69,6.59,156,GOOD
rd_10464,ses_3589,2026-10-03T17:35:04.000Z,2.43,10.56,38.5,5.62,6.61,166,GOOD
rd_10465,ses_3589,2026-10-03T17:35:12.000Z,2.02,10.87,38.7,5.69,6.62,160,GOOD
rd_10466,ses_3589,2026-10-03T17:35:20.000Z,1.62,11.11,38.6,5.66,6.62,164,GOOD
rd_10467,ses_3589,2026-10-03T17:35:28.000Z,1.21,11.29,38.5,5.63,6.59,157,GOOD
rd_10468,ses_3589,2026-10-03T17:35:36.000Z,0.81,11.41,38.5,5.66,6.61,160,GOOD
rd_10469,ses_3589,2026-10-03T17:35:44.000Z,0.4,11.47,38.7,5.68,6.63,161,GOOD
rd_10470,ses_3589,2026-10-03T17:35:52.000Z,0.05,11.48,38.5,5.62,6.59,151,GOOD
rd_10471,ses_3590,2026-10-03T18:29:00.000Z,0.05,0.01,38.7,5.38,6.68,78,GOOD
rd_10472,ses_3590,2026-10-03T18:29:08.000Z,0.65,0.11,38.6,5.41,6.66,82,GOOD
rd_10473,ses_3590,2026-10-03T18:29:16.000Z,1.3,0.30,38.7,5.41,6.69,79,GOOD
rd_10474,ses_3590,2026-10-03T18:29:24.000Z,1.94,0.59,38.6,5.36,6.69,88,GOOD
rd_10475,ses_3590,2026-10-03T18:29:32.000Z,2.59,0.98,38.7,5.41,6.69,81,GOOD
rd_10476,ses_3590,2026-10-03T18:29:40.000Z,3.24,1.47,38.6,5.38,6.67,90,GOOD
rd_10477,ses_3590,2026-10-03T18:29:48.000Z,3.81,2.04,38.6,5.38,6.67,77,GOOD
rd_10478,ses_3590,2026-10-03T18:29:56.000Z,3.77,2.60,38.7,5.36,6.70,91,GOOD
rd_10479,ses_3590,2026-10-03T18:30:04.000Z,3.84,3.18,38.7,5.38,6.68,84,GOOD
rd_10480,ses_3590,2026-10-03T18:30:12.000Z,3.64,3.72,38.7,5.41,6.68,81,GOOD
rd_10481,ses_3590,2026-10-03T18:30:20.000Z,3.62,4.27,38.7,5.36,6.69,84,GOOD
rd_10482,ses_3590,2026-10-03T18:30:28.000Z,3.74,4.83,38.7,5.42,6.70,84,GOOD
rd_10483,ses_3590,2026-10-03T18:30:36.000Z,3.87,5.41,38.7,5.39,6.70,86,GOOD
rd_10484,ses_3590,2026-10-03T18:30:44.000Z,3.75,5.97,38.8,5.43,6.69,93,GOOD
rd_10485,ses_3590,2026-10-03T18:30:52.000Z,3.76,6.54,38.6,5.37,6.68,91,GOOD
rd_10486,ses_3590,2026-10-03T18:31:00.000Z,3.7,7.09,38.6,5.39,6.68,83,GOOD
rd_10487,ses_3590,2026-10-03T18:31:08.000Z,3.68,7.64,38.6,5.36,6.67,89,GOOD
rd_10488,ses_3590,2026-10-03T18:31:16.000Z,3.72,8.20,38.6,5.37,6.69,78,GOOD
rd_10489,ses_3590,2026-10-03T18:31:24.000Z,3.75,8.76,38.6,5.40,6.67,85,GOOD
rd_10490,ses_3590,2026-10-03T18:31:32.000Z,3.66,9.31,38.7,5.38,6.66,87,GOOD
rd_10491,ses_3590,2026-10-03T18:31:40.000Z,3.67,9.86,38.7,5.38,6.68,81,GOOD
rd_10492,ses_3590,2026-10-03T18:31:48.000Z,3.46,10.38,38.7,5.36,6.67,93,GOOD
rd_10493,ses_3590,2026-10-03T18:31:56.000Z,3.03,10.84,38.6,5.36,6.66,86,GOOD
rd_10494,ses_3590,2026-10-03T18:32:04.000Z,2.59,11.22,38.6,5.36,6.67,88,GOOD
rd_10495,ses_3590,2026-10-03T18:32:12.000Z,2.16,11.55,38.6,5.37,6.67,81,GOOD
rd_10496,ses_3590,2026-10-03T18:32:20.000Z,1.73,11.81,38.8,5.39,6.70,81,GOOD
rd_10497,ses_3590,2026-10-03T18:32:28.000Z,1.3,12.00,38.8,5.36,6.68,80,GOOD
rd_10498,ses_3590,2026-10-03T18:32:36.000Z,0.86,12.13,38.7,5.36,6.68,85,GOOD
rd_10499,ses_3590,2026-10-03T18:32:44.000Z,0.43,12.20,38.6,5.39,6.67,87,GOOD
rd_10500,ses_3590,2026-10-03T18:32:52.000Z,0.05,12.20,38.8,5.37,6.69,85,GOOD
rd_10501,ses_3591,2026-10-03T17:58:00.000Z,0.05,0.01,38.6,6.21,6.81,184,GOOD
rd_10502,ses_3591,2026-10-03T17:58:08.000Z,0.71,0.11,38.7,6.20,6.83,173,GOOD
rd_10503,ses_3591,2026-10-03T17:58:16.000Z,1.42,0.33,38.7,6.20,6.81,183,GOOD
rd_10504,ses_3591,2026-10-03T17:58:24.000Z,2.13,0.65,38.7,6.27,6.83,182,GOOD
rd_10505,ses_3591,2026-10-03T17:58:32.000Z,2.83,1.07,38.8,6.22,6.83,184,GOOD
rd_10506,ses_3591,2026-10-03T17:58:40.000Z,3.54,1.60,38.8,6.24,6.82,178,GOOD
rd_10507,ses_3591,2026-10-03T17:58:48.000Z,3.97,2.20,38.6,6.23,6.80,182,GOOD
rd_10508,ses_3591,2026-10-03T17:58:56.000Z,4.04,2.80,38.8,6.26,6.80,176,GOOD
rd_10509,ses_3591,2026-10-03T17:59:04.000Z,4.23,3.44,38.7,6.21,6.81,177,GOOD
rd_10510,ses_3591,2026-10-03T17:59:12.000Z,4.17,4.06,38.7,6.20,6.80,177,GOOD
rd_10511,ses_3591,2026-10-03T17:59:20.000Z,4,4.66,38.7,6.23,6.82,179,GOOD
rd_10512,ses_3591,2026-10-03T17:59:28.000Z,4.17,5.29,38.7,6.26,6.82,173,GOOD
rd_10513,ses_3591,2026-10-03T17:59:36.000Z,4.13,5.91,38.6,6.26,6.82,179,GOOD
rd_10514,ses_3591,2026-10-03T17:59:44.000Z,4.25,6.55,38.8,6.27,6.82,187,GOOD
rd_10515,ses_3591,2026-10-03T17:59:52.000Z,4.16,7.17,38.7,6.24,6.83,173,GOOD
rd_10516,ses_3591,2026-10-03T18:00:00.000Z,4.19,7.80,38.8,6.26,6.84,183,GOOD
rd_10517,ses_3591,2026-10-03T18:00:08.000Z,4.07,8.41,38.6,6.26,6.83,187,GOOD
rd_10518,ses_3591,2026-10-03T18:00:16.000Z,3.97,9.00,38.8,6.22,6.82,174,GOOD
rd_10519,ses_3591,2026-10-03T18:00:24.000Z,4.16,9.63,38.6,6.20,6.82,174,GOOD
rd_10520,ses_3591,2026-10-03T18:00:32.000Z,4.07,10.24,38.7,6.24,6.83,180,GOOD
rd_10521,ses_3591,2026-10-03T18:00:40.000Z,4.22,10.87,38.7,6.24,6.82,177,GOOD
rd_10522,ses_3591,2026-10-03T18:00:48.000Z,3.78,11.44,38.7,6.23,6.80,173,GOOD
rd_10523,ses_3591,2026-10-03T18:00:56.000Z,3.31,11.94,38.6,6.22,6.83,187,GOOD
rd_10524,ses_3591,2026-10-03T18:01:04.000Z,2.83,12.36,38.7,6.20,6.81,186,GOOD
rd_10525,ses_3591,2026-10-03T18:01:12.000Z,2.36,12.71,38.7,6.22,6.83,179,GOOD
rd_10526,ses_3591,2026-10-03T18:01:20.000Z,1.89,13.00,38.8,6.22,6.83,178,GOOD
rd_10527,ses_3591,2026-10-03T18:01:28.000Z,1.42,13.21,38.8,6.24,6.84,184,GOOD
rd_10528,ses_3591,2026-10-03T18:01:36.000Z,0.94,13.35,38.7,6.20,6.82,184,GOOD
rd_10529,ses_3591,2026-10-03T18:01:44.000Z,0.47,13.42,38.6,6.26,6.82,188,GOOD
rd_10530,ses_3591,2026-10-03T18:01:52.000Z,0.05,13.43,38.8,6.23,6.80,177,GOOD
rd_10531,ses_3592,2026-10-03T18:24:00.000Z,0.05,0.01,38.9,6.39,6.74,199,GOOD
rd_10532,ses_3592,2026-10-03T18:24:08.000Z,0.64,0.10,39.0,6.37,6.75,201,GOOD
rd_10533,ses_3592,2026-10-03T18:24:16.000Z,1.27,0.29,38.8,6.44,6.74,214,GOOD
rd_10534,ses_3592,2026-10-03T18:24:24.000Z,1.91,0.58,38.9,6.41,6.74,199,GOOD
rd_10535,ses_3592,2026-10-03T18:24:32.000Z,2.54,0.96,38.8,6.42,6.76,214,GOOD
rd_10536,ses_3592,2026-10-03T18:24:40.000Z,3.18,1.44,38.8,6.39,6.76,206,GOOD
rd_10537,ses_3592,2026-10-03T18:24:48.000Z,3.67,1.99,38.9,6.42,6.74,206,GOOD
rd_10538,ses_3592,2026-10-03T18:24:56.000Z,3.55,2.52,38.9,6.38,6.75,202,GOOD
rd_10539,ses_3592,2026-10-03T18:25:04.000Z,3.75,3.08,38.9,6.41,6.74,207,GOOD
rd_10540,ses_3592,2026-10-03T18:25:12.000Z,3.65,3.63,39.0,6.38,6.73,203,GOOD
rd_10541,ses_3592,2026-10-03T18:25:20.000Z,3.57,4.17,39.0,6.37,6.76,207,GOOD
rd_10542,ses_3592,2026-10-03T18:25:28.000Z,3.67,4.72,38.9,6.41,6.73,201,GOOD
rd_10543,ses_3592,2026-10-03T18:25:36.000Z,3.71,5.27,38.9,6.42,6.73,204,GOOD
rd_10544,ses_3592,2026-10-03T18:25:44.000Z,3.74,5.83,39.0,6.42,6.75,205,GOOD
rd_10545,ses_3592,2026-10-03T18:25:52.000Z,3.75,6.40,38.9,6.43,6.75,203,GOOD
rd_10546,ses_3592,2026-10-03T18:26:00.000Z,3.56,6.93,38.9,6.42,6.73,204,GOOD
rd_10547,ses_3592,2026-10-03T18:26:08.000Z,3.69,7.48,39.0,6.44,6.74,213,GOOD
rd_10548,ses_3592,2026-10-03T18:26:16.000Z,3.57,8.02,39.0,6.39,6.73,209,GOOD
rd_10549,ses_3592,2026-10-03T18:26:24.000Z,3.8,8.59,38.8,6.41,6.73,214,GOOD
rd_10550,ses_3592,2026-10-03T18:26:32.000Z,3.68,9.14,39.0,6.38,6.74,205,GOOD
rd_10551,ses_3592,2026-10-03T18:26:40.000Z,3.82,9.72,38.9,6.41,6.77,214,GOOD
rd_10552,ses_3592,2026-10-03T18:26:48.000Z,3.39,10.22,38.9,6.38,6.75,209,GOOD
rd_10553,ses_3592,2026-10-03T18:26:56.000Z,2.97,10.67,39.0,6.38,6.76,202,GOOD
rd_10554,ses_3592,2026-10-03T18:27:04.000Z,2.54,11.05,38.9,6.43,6.75,206,GOOD
rd_10555,ses_3592,2026-10-03T18:27:12.000Z,2.12,11.37,38.8,6.43,6.75,200,GOOD
rd_10556,ses_3592,2026-10-03T18:27:20.000Z,1.7,11.62,39.0,6.40,6.77,203,GOOD
rd_10557,ses_3592,2026-10-03T18:27:28.000Z,1.27,11.81,38.8,6.39,6.74,202,GOOD
rd_10558,ses_3592,2026-10-03T18:27:36.000Z,0.85,11.94,39.0,6.38,6.74,207,GOOD
rd_10559,ses_3592,2026-10-03T18:27:44.000Z,0.42,12.00,38.8,6.40,6.75,201,GOOD
rd_10560,ses_3592,2026-10-03T18:27:52.000Z,0.05,12.01,38.8,6.38,6.75,204,GOOD
rd_10561,ses_3593,2026-10-03T18:11:00.000Z,0.05,0.01,38.8,6.24,6.76,206,GOOD
rd_10562,ses_3593,2026-10-03T18:11:08.000Z,0.68,0.11,38.9,6.21,6.79,211,GOOD
rd_10563,ses_3593,2026-10-03T18:11:16.000Z,1.36,0.31,38.9,6.24,6.79,200,GOOD
rd_10564,ses_3593,2026-10-03T18:11:24.000Z,2.04,0.62,39.0,6.19,6.79,212,GOOD
rd_10565,ses_3593,2026-10-03T18:11:32.000Z,2.72,1.03,38.9,6.18,6.78,206,GOOD
rd_10566,ses_3593,2026-10-03T18:11:40.000Z,3.41,1.54,38.9,6.19,6.78,203,GOOD
rd_10567,ses_3593,2026-10-03T18:11:48.000Z,4.08,2.15,38.8,6.18,6.76,208,GOOD
rd_10568,ses_3593,2026-10-03T18:11:56.000Z,3.88,2.73,38.9,6.20,6.77,212,GOOD
rd_10569,ses_3593,2026-10-03T18:12:04.000Z,4,3.33,38.8,6.21,6.75,200,GOOD
rd_10570,ses_3593,2026-10-03T18:12:12.000Z,4.08,3.94,39.0,6.20,6.79,201,GOOD
rd_10571,ses_3593,2026-10-03T18:12:20.000Z,3.84,4.52,38.9,6.23,6.78,207,GOOD
rd_10572,ses_3593,2026-10-03T18:12:28.000Z,4,5.12,39.0,6.17,6.75,200,GOOD
rd_10573,ses_3593,2026-10-03T18:12:36.000Z,4.06,5.73,38.9,6.18,6.77,212,GOOD
rd_10574,ses_3593,2026-10-03T18:12:44.000Z,3.92,6.32,38.9,6.24,6.78,208,GOOD
rd_10575,ses_3593,2026-10-03T18:12:52.000Z,3.84,6.89,38.8,6.22,6.76,205,GOOD
rd_10576,ses_3593,2026-10-03T18:13:00.000Z,3.86,7.47,39.0,6.21,6.78,208,GOOD
rd_10577,ses_3593,2026-10-03T18:13:08.000Z,3.88,8.05,39.0,6.21,6.76,205,GOOD
rd_10578,ses_3593,2026-10-03T18:13:16.000Z,4.04,8.66,38.8,6.18,6.78,205,GOOD
rd_10579,ses_3593,2026-10-03T18:13:24.000Z,4.07,9.27,38.9,6.18,6.76,210,GOOD
rd_10580,ses_3593,2026-10-03T18:13:32.000Z,3.94,9.86,38.8,6.18,6.77,210,GOOD
rd_10581,ses_3593,2026-10-03T18:13:40.000Z,3.8,10.43,38.9,6.20,6.76,206,GOOD
rd_10582,ses_3593,2026-10-03T18:13:48.000Z,3.63,10.98,38.8,6.17,6.78,212,GOOD
rd_10583,ses_3593,2026-10-03T18:13:56.000Z,3.18,11.45,38.8,6.23,6.78,205,GOOD
rd_10584,ses_3593,2026-10-03T18:14:04.000Z,2.72,11.86,39.0,6.16,6.78,202,GOOD
rd_10585,ses_3593,2026-10-03T18:14:12.000Z,2.27,12.20,39.0,6.20,6.76,202,GOOD
rd_10586,ses_3593,2026-10-03T18:14:20.000Z,1.82,12.48,38.9,6.16,6.76,211,GOOD
rd_10587,ses_3593,2026-10-03T18:14:28.000Z,1.36,12.68,38.9,6.16,6.76,215,GOOD
rd_10588,ses_3593,2026-10-03T18:14:36.000Z,0.91,12.82,38.8,6.17,6.76,207,GOOD
rd_10589,ses_3593,2026-10-03T18:14:44.000Z,0.45,12.88,38.9,6.19,6.76,211,GOOD
rd_10590,ses_3593,2026-10-03T18:14:52.000Z,0.05,12.89,38.9,6.21,6.77,211,GOOD
rd_10591,ses_3594,2026-10-03T17:25:00.000Z,0.05,0.01,38.7,6.31,6.75,211,GOOD
rd_10592,ses_3594,2026-10-03T17:25:08.000Z,0.59,0.10,38.9,6.31,6.72,214,GOOD
rd_10593,ses_3594,2026-10-03T17:25:16.000Z,1.19,0.27,38.9,6.30,6.73,219,GOOD
rd_10594,ses_3594,2026-10-03T17:25:24.000Z,1.78,0.54,38.8,6.29,6.73,210,GOOD
rd_10595,ses_3594,2026-10-03T17:25:32.000Z,2.38,0.90,38.8,6.32,6.73,218,GOOD
rd_10596,ses_3594,2026-10-03T17:25:40.000Z,2.97,1.34,38.7,6.28,6.74,217,GOOD
rd_10597,ses_3594,2026-10-03T17:25:48.000Z,3.46,1.86,38.7,6.27,6.74,218,GOOD
rd_10598,ses_3594,2026-10-03T17:25:56.000Z,3.31,2.36,38.8,6.29,6.76,215,GOOD
rd_10599,ses_3594,2026-10-03T17:26:04.000Z,3.35,2.86,38.7,6.32,6.74,219,GOOD
rd_10600,ses_3594,2026-10-03T17:26:12.000Z,3.53,3.39,38.8,6.25,6.73,213,GOOD
rd_10601,ses_3594,2026-10-03T17:26:20.000Z,3.33,3.89,38.8,6.32,6.75,210,GOOD
rd_10602,ses_3594,2026-10-03T17:26:28.000Z,3.31,4.39,38.7,6.31,6.76,226,GOOD
rd_10603,ses_3594,2026-10-03T17:26:36.000Z,3.5,4.91,38.7,6.30,6.75,210,GOOD
rd_10604,ses_3594,2026-10-03T17:26:44.000Z,3.36,5.42,38.8,6.30,6.75,215,GOOD
rd_10605,ses_3594,2026-10-03T17:26:52.000Z,3.57,5.95,38.8,6.29,6.75,220,GOOD
rd_10606,ses_3594,2026-10-03T17:27:00.000Z,3.39,6.46,38.8,6.30,6.74,225,GOOD
rd_10607,ses_3594,2026-10-03T17:27:08.000Z,3.51,6.99,38.9,6.26,6.72,218,GOOD
rd_10608,ses_3594,2026-10-03T17:27:16.000Z,3.33,7.49,38.8,6.32,6.72,226,GOOD
rd_10609,ses_3594,2026-10-03T17:27:24.000Z,3.36,7.99,38.8,6.27,6.76,222,GOOD
rd_10610,ses_3594,2026-10-03T17:27:32.000Z,3.37,8.50,38.9,6.27,6.74,212,GOOD
rd_10611,ses_3594,2026-10-03T17:27:40.000Z,3.53,9.03,38.7,6.26,6.72,220,GOOD
rd_10612,ses_3594,2026-10-03T17:27:48.000Z,3.17,9.50,38.8,6.25,6.73,211,GOOD
rd_10613,ses_3594,2026-10-03T17:27:56.000Z,2.78,9.92,38.8,6.26,6.74,218,GOOD
rd_10614,ses_3594,2026-10-03T17:28:04.000Z,2.38,10.28,38.7,6.25,6.75,218,GOOD
rd_10615,ses_3594,2026-10-03T17:28:12.000Z,1.98,10.57,38.9,6.27,6.75,217,GOOD
rd_10616,ses_3594,2026-10-03T17:28:20.000Z,1.59,10.81,38.9,6.27,6.74,217,GOOD
rd_10617,ses_3594,2026-10-03T17:28:28.000Z,1.19,10.99,38.8,6.28,6.72,213,GOOD
rd_10618,ses_3594,2026-10-03T17:28:36.000Z,0.79,11.11,38.8,6.29,6.74,212,GOOD
rd_10619,ses_3594,2026-10-03T17:28:44.000Z,0.4,11.17,38.8,6.32,6.75,213,GOOD
rd_10620,ses_3594,2026-10-03T17:28:52.000Z,0.05,11.18,38.8,6.27,6.75,216,GOOD
rd_10621,ses_3595,2026-10-03T18:19:00.000Z,0.05,0.01,38.9,6.14,6.77,240,GOOD
rd_10622,ses_3595,2026-10-03T18:19:08.000Z,0.62,0.10,38.8,6.14,6.77,233,GOOD
rd_10623,ses_3595,2026-10-03T18:19:16.000Z,1.25,0.29,38.9,6.13,6.77,233,GOOD
rd_10624,ses_3595,2026-10-03T18:19:24.000Z,1.87,0.57,38.9,6.12,6.77,236,GOOD
rd_10625,ses_3595,2026-10-03T18:19:32.000Z,2.5,0.94,38.9,6.13,6.78,242,GOOD
rd_10626,ses_3595,2026-10-03T18:19:40.000Z,3.12,1.41,38.9,6.12,6.78,243,GOOD
rd_10627,ses_3595,2026-10-03T18:19:48.000Z,3.55,1.94,38.9,6.11,6.77,236,GOOD
rd_10628,ses_3595,2026-10-03T18:19:56.000Z,3.68,2.50,39.0,6.17,6.79,241,GOOD
rd_10629,ses_3595,2026-10-03T18:20:04.000Z,3.68,3.05,38.9,6.17,6.77,238,GOOD
rd_10630,ses_3595,2026-10-03T18:20:12.000Z,3.54,3.58,38.9,6.17,6.76,238,GOOD
rd_10631,ses_3595,2026-10-03T18:20:20.000Z,3.58,4.12,38.9,6.11,6.76,235,GOOD
rd_10632,ses_3595,2026-10-03T18:20:28.000Z,3.68,4.67,38.8,6.18,6.76,236,GOOD
rd_10633,ses_3595,2026-10-03T18:20:36.000Z,3.7,5.22,38.9,6.10,6.76,246,GOOD
rd_10634,ses_3595,2026-10-03T18:20:44.000Z,3.51,5.75,38.9,6.16,6.76,240,GOOD
rd_10635,ses_3595,2026-10-03T18:20:52.000Z,3.74,6.31,38.9,6.16,6.78,244,GOOD
rd_10636,ses_3595,2026-10-03T18:21:00.000Z,3.57,6.85,39.0,6.14,6.79,242,GOOD
rd_10637,ses_3595,2026-10-03T18:21:08.000Z,3.63,7.39,38.9,6.16,6.76,243,GOOD
rd_10638,ses_3595,2026-10-03T18:21:16.000Z,3.57,7.93,38.9,6.12,6.78,235,GOOD
rd_10639,ses_3595,2026-10-03T18:21:24.000Z,3.58,8.46,38.9,6.12,6.76,237,GOOD
rd_10640,ses_3595,2026-10-03T18:21:32.000Z,3.53,8.99,38.9,6.16,6.79,235,GOOD
rd_10641,ses_3595,2026-10-03T18:21:40.000Z,3.5,9.52,38.9,6.12,6.78,234,GOOD
rd_10642,ses_3595,2026-10-03T18:21:48.000Z,3.33,10.02,38.8,6.18,6.77,231,GOOD
rd_10643,ses_3595,2026-10-03T18:21:56.000Z,2.91,10.45,39.0,6.18,6.77,234,GOOD
rd_10644,ses_3595,2026-10-03T18:22:04.000Z,2.5,10.83,38.8,6.14,6.77,233,GOOD
rd_10645,ses_3595,2026-10-03T18:22:12.000Z,2.08,11.14,39.0,6.16,6.78,237,GOOD
rd_10646,ses_3595,2026-10-03T18:22:20.000Z,1.66,11.39,39.0,6.16,6.77,239,GOOD
rd_10647,ses_3595,2026-10-03T18:22:28.000Z,1.25,11.58,38.8,6.10,6.77,239,GOOD
rd_10648,ses_3595,2026-10-03T18:22:36.000Z,0.83,11.70,38.9,6.13,6.78,243,GOOD
rd_10649,ses_3595,2026-10-03T18:22:44.000Z,0.42,11.76,38.8,6.13,6.76,240,GOOD
rd_10650,ses_3595,2026-10-03T18:22:52.000Z,0.05,11.77,38.8,6.12,6.78,243,GOOD
rd_10651,ses_3596,2026-10-03T17:38:00.000Z,0.05,0.01,39.6,7.20,7.12,1022,GOOD
rd_10652,ses_3596,2026-10-03T17:38:08.000Z,0.67,0.11,39.4,7.19,7.12,1022,GOOD
rd_10653,ses_3596,2026-10-03T17:38:16.000Z,1.35,0.31,39.4,7.23,7.09,1019,GOOD
rd_10654,ses_3596,2026-10-03T17:38:24.000Z,2.02,0.61,39.6,7.21,7.09,1018,GOOD
rd_10655,ses_3596,2026-10-03T17:38:32.000Z,2.7,1.02,39.6,7.23,7.11,1022,GOOD
rd_10656,ses_3596,2026-10-03T17:38:40.000Z,3.37,1.52,39.5,7.22,7.08,1016,GOOD
rd_10657,ses_3596,2026-10-03T17:38:48.000Z,4.05,2.13,39.4,7.18,7.09,1013,GOOD
rd_10658,ses_3596,2026-10-03T17:38:56.000Z,4,2.73,39.5,7.20,7.09,1014,GOOD
rd_10659,ses_3596,2026-10-03T17:39:04.000Z,3.81,3.30,39.6,7.20,7.11,1010,GOOD
rd_10660,ses_3596,2026-10-03T17:39:12.000Z,3.77,3.87,39.4,7.20,7.09,1015,GOOD
rd_10661,ses_3596,2026-10-03T17:39:20.000Z,4.03,4.47,39.5,7.23,7.08,1020,GOOD
rd_10662,ses_3596,2026-10-03T17:39:28.000Z,3.82,5.05,39.4,7.23,7.08,1021,GOOD
rd_10663,ses_3596,2026-10-03T17:39:36.000Z,3.97,5.64,39.5,7.21,7.11,1018,GOOD
rd_10664,ses_3596,2026-10-03T17:39:44.000Z,3.83,6.22,39.4,7.19,7.12,1013,GOOD
rd_10665,ses_3596,2026-10-03T17:39:52.000Z,3.98,6.81,39.5,7.24,7.11,1014,GOOD
rd_10666,ses_3596,2026-10-03T17:40:00.000Z,3.8,7.38,39.6,7.20,7.09,1007,GOOD
rd_10667,ses_3596,2026-10-03T17:40:08.000Z,4.01,7.98,39.5,7.24,7.10,1010,GOOD
rd_10668,ses_3596,2026-10-03T17:40:16.000Z,3.96,8.58,39.4,7.22,7.11,1014,GOOD
rd_10669,ses_3596,2026-10-03T17:40:24.000Z,3.88,9.16,39.5,7.21,7.09,1013,GOOD
rd_10670,ses_3596,2026-10-03T17:40:32.000Z,3.81,9.73,39.4,7.21,7.10,1008,GOOD
rd_10671,ses_3596,2026-10-03T17:40:40.000Z,3.83,10.31,39.5,7.24,7.11,1008,GOOD
rd_10672,ses_3596,2026-10-03T17:40:48.000Z,3.6,10.85,39.6,7.20,7.08,1011,GOOD
rd_10673,ses_3596,2026-10-03T17:40:56.000Z,3.15,11.32,39.6,7.24,7.11,1014,GOOD
rd_10674,ses_3596,2026-10-03T17:41:04.000Z,2.7,11.72,39.5,7.18,7.10,1013,GOOD
rd_10675,ses_3596,2026-10-03T17:41:12.000Z,2.25,12.06,39.4,7.24,7.08,1019,GOOD
rd_10676,ses_3596,2026-10-03T17:41:20.000Z,1.8,12.33,39.6,7.22,7.09,1018,GOOD
rd_10677,ses_3596,2026-10-03T17:41:28.000Z,1.35,12.53,39.5,7.22,7.10,1021,GOOD
rd_10678,ses_3596,2026-10-03T17:41:36.000Z,0.9,12.67,39.6,7.23,7.12,1019,GOOD
rd_10679,ses_3596,2026-10-03T17:41:44.000Z,0.45,12.74,39.4,7.24,7.12,1010,GOOD
rd_10680,ses_3596,2026-10-03T17:41:52.000Z,0.05,12.74,39.6,7.18,7.09,1020,GOOD
rd_10681,ses_3597,2026-10-03T17:03:00.000Z,0.05,0.01,39.4,7.20,7.03,907,GOOD
rd_10682,ses_3597,2026-10-03T17:03:08.000Z,0.59,0.10,39.3,7.17,7.06,909,GOOD
rd_10683,ses_3597,2026-10-03T17:03:16.000Z,1.17,0.27,39.2,7.17,7.05,920,GOOD
rd_10684,ses_3597,2026-10-03T17:03:24.000Z,1.76,0.54,39.3,7.22,7.04,922,GOOD
rd_10685,ses_3597,2026-10-03T17:03:32.000Z,2.34,0.89,39.2,7.23,7.06,917,GOOD
rd_10686,ses_3597,2026-10-03T17:03:40.000Z,2.93,1.33,39.3,7.21,7.07,918,GOOD
rd_10687,ses_3597,2026-10-03T17:03:48.000Z,3.3,1.82,39.2,7.20,7.06,908,GOOD
rd_10688,ses_3597,2026-10-03T17:03:56.000Z,3.25,2.31,39.4,7.21,7.04,906,GOOD
rd_10689,ses_3597,2026-10-03T17:04:04.000Z,3.41,2.82,39.3,7.18,7.04,913,GOOD
rd_10690,ses_3597,2026-10-03T17:04:12.000Z,3.55,3.35,39.4,7.20,7.07,918,GOOD
rd_10691,ses_3597,2026-10-03T17:04:20.000Z,3.51,3.88,39.3,7.18,7.05,907,GOOD
rd_10692,ses_3597,2026-10-03T17:04:28.000Z,3.43,4.39,39.2,7.20,7.05,909,GOOD
rd_10693,ses_3597,2026-10-03T17:04:36.000Z,3.53,4.92,39.4,7.20,7.05,919,GOOD
rd_10694,ses_3597,2026-10-03T17:04:44.000Z,3.35,5.43,39.3,7.17,7.05,918,GOOD
rd_10695,ses_3597,2026-10-03T17:04:52.000Z,3.48,5.95,39.3,7.17,7.05,914,GOOD
rd_10696,ses_3597,2026-10-03T17:05:00.000Z,3.44,6.46,39.2,7.20,7.05,911,GOOD
rd_10697,ses_3597,2026-10-03T17:05:08.000Z,3.47,6.98,39.3,7.20,7.06,921,GOOD
rd_10698,ses_3597,2026-10-03T17:05:16.000Z,3.28,7.48,39.3,7.18,7.06,917,GOOD
rd_10699,ses_3597,2026-10-03T17:05:24.000Z,3.48,8.00,39.3,7.22,7.07,921,GOOD
rd_10700,ses_3597,2026-10-03T17:05:32.000Z,3.35,8.50,39.2,7.17,7.07,922,GOOD
rd_10701,ses_3597,2026-10-03T17:05:40.000Z,3.27,8.99,39.3,7.24,7.05,914,GOOD
rd_10702,ses_3597,2026-10-03T17:05:48.000Z,3.13,9.46,39.3,7.23,7.04,910,GOOD
rd_10703,ses_3597,2026-10-03T17:05:56.000Z,2.74,9.87,39.2,7.23,7.05,913,GOOD
rd_10704,ses_3597,2026-10-03T17:06:04.000Z,2.34,10.22,39.2,7.18,7.07,916,GOOD
rd_10705,ses_3597,2026-10-03T17:06:12.000Z,1.95,10.52,39.3,7.19,7.06,921,GOOD
rd_10706,ses_3597,2026-10-03T17:06:20.000Z,1.56,10.75,39.3,7.20,7.06,921,GOOD
rd_10707,ses_3597,2026-10-03T17:06:28.000Z,1.17,10.92,39.2,7.19,7.05,907,GOOD
rd_10708,ses_3597,2026-10-03T17:06:36.000Z,0.78,11.04,39.4,7.21,7.04,920,GOOD
rd_10709,ses_3597,2026-10-03T17:06:44.000Z,0.39,11.10,39.4,7.17,7.04,918,GOOD
rd_10710,ses_3597,2026-10-03T17:06:52.000Z,0.05,11.11,39.2,7.24,7.03,908,GOOD
rd_10711,ses_3598,2026-10-03T18:25:00.000Z,0.05,0.01,39.4,7.20,7.09,873,GOOD
rd_10712,ses_3598,2026-10-03T18:25:08.000Z,0.64,0.10,39.4,7.18,7.08,874,GOOD
rd_10713,ses_3598,2026-10-03T18:25:16.000Z,1.29,0.30,39.5,7.15,7.07,873,GOOD
rd_10714,ses_3598,2026-10-03T18:25:24.000Z,1.93,0.59,39.4,7.21,7.07,883,GOOD
rd_10715,ses_3598,2026-10-03T18:25:32.000Z,2.57,0.97,39.4,7.18,7.09,880,GOOD
rd_10716,ses_3598,2026-10-03T18:25:40.000Z,3.22,1.46,39.4,7.20,7.11,882,GOOD
rd_10717,ses_3598,2026-10-03T18:25:48.000Z,3.74,2.02,39.4,7.17,7.09,882,GOOD
rd_10718,ses_3598,2026-10-03T18:25:56.000Z,3.65,2.56,39.3,7.15,7.10,871,GOOD
rd_10719,ses_3598,2026-10-03T18:26:04.000Z,3.85,3.14,39.3,7.19,7.10,877,GOOD
rd_10720,ses_3598,2026-10-03T18:26:12.000Z,3.69,3.69,39.4,7.19,7.09,871,GOOD
rd_10721,ses_3598,2026-10-03T18:26:20.000Z,3.62,4.24,39.3,7.21,7.09,886,GOOD
rd_10722,ses_3598,2026-10-03T18:26:28.000Z,3.8,4.81,39.4,7.16,7.09,877,GOOD
rd_10723,ses_3598,2026-10-03T18:26:36.000Z,3.67,5.36,39.4,7.17,7.09,886,GOOD
rd_10724,ses_3598,2026-10-03T18:26:44.000Z,3.58,5.90,39.4,7.17,7.10,883,GOOD
rd_10725,ses_3598,2026-10-03T18:26:52.000Z,3.64,6.44,39.3,7.15,7.09,879,GOOD
rd_10726,ses_3598,2026-10-03T18:27:00.000Z,3.62,6.98,39.3,7.15,7.08,881,GOOD
rd_10727,ses_3598,2026-10-03T18:27:08.000Z,3.72,7.54,39.5,7.17,7.10,873,GOOD
rd_10728,ses_3598,2026-10-03T18:27:16.000Z,3.62,8.09,39.5,7.17,7.11,881,GOOD
rd_10729,ses_3598,2026-10-03T18:27:24.000Z,3.69,8.64,39.4,7.15,7.11,884,GOOD
rd_10730,ses_3598,2026-10-03T18:27:32.000Z,3.67,9.19,39.5,7.14,7.09,884,GOOD
rd_10731,ses_3598,2026-10-03T18:27:40.000Z,3.81,9.76,39.3,7.15,7.08,885,GOOD
rd_10732,ses_3598,2026-10-03T18:27:48.000Z,3.43,10.28,39.4,7.17,7.09,878,GOOD
rd_10733,ses_3598,2026-10-03T18:27:56.000Z,3,10.72,39.5,7.18,7.08,876,GOOD
rd_10734,ses_3598,2026-10-03T18:28:04.000Z,2.57,11.11,39.4,7.16,7.09,879,GOOD
rd_10735,ses_3598,2026-10-03T18:28:12.000Z,2.14,11.43,39.5,7.19,7.09,876,GOOD
rd_10736,ses_3598,2026-10-03T18:28:20.000Z,1.71,11.69,39.5,7.16,7.09,874,GOOD
rd_10737,ses_3598,2026-10-03T18:28:28.000Z,1.29,11.88,39.5,7.15,7.07,883,GOOD
rd_10738,ses_3598,2026-10-03T18:28:36.000Z,0.86,12.01,39.4,7.19,7.08,887,GOOD
rd_10739,ses_3598,2026-10-03T18:28:44.000Z,0.43,12.08,39.5,7.19,7.08,884,GOOD
rd_10740,ses_3598,2026-10-03T18:28:52.000Z,0.05,12.08,39.3,7.21,7.09,873,GOOD
rd_10741,ses_3599,2026-10-03T17:05:00.000Z,0.05,0.01,39.5,7.30,7.14,1029,GOOD
rd_10742,ses_3599,2026-10-03T17:05:08.000Z,0.72,0.12,39.5,7.25,7.13,1027,GOOD
rd_10743,ses_3599,2026-10-03T17:05:16.000Z,1.44,0.33,39.5,7.25,7.11,1024,GOOD
rd_10744,ses_3599,2026-10-03T17:05:24.000Z,2.16,0.66,39.5,7.24,7.11,1024,GOOD
rd_10745,ses_3599,2026-10-03T17:05:32.000Z,2.88,1.09,39.4,7.30,7.11,1034,GOOD
rd_10746,ses_3599,2026-10-03T17:05:40.000Z,3.6,1.63,39.5,7.27,7.13,1025,GOOD
rd_10747,ses_3599,2026-10-03T17:05:48.000Z,4.09,2.24,39.5,7.29,7.11,1027,GOOD
rd_10748,ses_3599,2026-10-03T17:05:56.000Z,4.16,2.86,39.4,7.25,7.13,1029,GOOD
rd_10749,ses_3599,2026-10-03T17:06:04.000Z,4.08,3.48,39.6,7.26,7.13,1030,GOOD
rd_10750,ses_3599,2026-10-03T17:06:12.000Z,4.15,4.10,39.4,7.26,7.13,1026,GOOD
rd_10751,ses_3599,2026-10-03T17:06:20.000Z,4.06,4.71,39.4,7.27,7.13,1035,GOOD
rd_10752,ses_3599,2026-10-03T17:06:28.000Z,4.05,5.32,39.4,7.29,7.13,1033,GOOD
rd_10753,ses_3599,2026-10-03T17:06:36.000Z,4.1,5.93,39.5,7.26,7.13,1029,GOOD
rd_10754,ses_3599,2026-10-03T17:06:44.000Z,4.32,6.58,39.4,7.31,7.11,1031,GOOD
rd_10755,ses_3599,2026-10-03T17:06:52.000Z,4.16,7.20,39.4,7.26,7.11,1039,GOOD
rd_10756,ses_3599,2026-10-03T17:07:00.000Z,4.15,7.83,39.6,7.27,7.10,1034,GOOD
rd_10757,ses_3599,2026-10-03T17:07:08.000Z,4.24,8.46,39.4,7.26,7.14,1037,GOOD
rd_10758,ses_3599,2026-10-03T17:07:16.000Z,4.09,9.07,39.5,7.25,7.13,1030,GOOD
rd_10759,ses_3599,2026-10-03T17:07:24.000Z,4.3,9.72,39.5,7.24,7.12,1031,GOOD
rd_10760,ses_3599,2026-10-03T17:07:32.000Z,4.23,10.35,39.4,7.24,7.12,1034,GOOD
rd_10761,ses_3599,2026-10-03T17:07:40.000Z,4.12,10.97,39.6,7.28,7.11,1040,GOOD
rd_10762,ses_3599,2026-10-03T17:07:48.000Z,3.84,11.55,39.6,7.25,7.13,1034,GOOD
rd_10763,ses_3599,2026-10-03T17:07:56.000Z,3.36,12.05,39.5,7.25,7.14,1028,GOOD
rd_10764,ses_3599,2026-10-03T17:08:04.000Z,2.88,12.48,39.4,7.29,7.13,1029,GOOD
rd_10765,ses_3599,2026-10-03T17:08:12.000Z,2.4,12.84,39.5,7.26,7.11,1037,GOOD
rd_10766,ses_3599,2026-10-03T17:08:20.000Z,1.92,13.13,39.6,7.30,7.13,1024,GOOD
rd_10767,ses_3599,2026-10-03T17:08:28.000Z,1.44,13.35,39.6,7.30,7.11,1025,GOOD
rd_10768,ses_3599,2026-10-03T17:08:36.000Z,0.96,13.49,39.5,7.27,7.11,1036,GOOD
rd_10769,ses_3599,2026-10-03T17:08:44.000Z,0.48,13.56,39.4,7.30,7.10,1034,GOOD
rd_10770,ses_3599,2026-10-03T17:08:52.000Z,0.05,13.57,39.5,7.26,7.14,1030,GOOD
rd_10771,ses_3600,2026-10-03T17:06:00.000Z,0.05,0.01,39.4,7.08,7.04,989,GOOD
rd_10772,ses_3600,2026-10-03T17:06:08.000Z,0.62,0.10,39.4,7.06,7.03,987,GOOD
rd_10773,ses_3600,2026-10-03T17:06:16.000Z,1.23,0.29,39.4,7.10,7.06,988,GOOD
rd_10774,ses_3600,2026-10-03T17:06:24.000Z,1.85,0.56,39.5,7.09,7.07,979,GOOD
rd_10775,ses_3600,2026-10-03T17:06:32.000Z,2.47,0.93,39.5,7.08,7.04,988,GOOD
rd_10776,ses_3600,2026-10-03T17:06:40.000Z,3.09,1.40,39.3,7.06,7.07,987,GOOD
rd_10777,ses_3600,2026-10-03T17:06:48.000Z,3.67,1.95,39.4,7.06,7.05,984,GOOD
rd_10778,ses_3600,2026-10-03T17:06:56.000Z,3.48,2.47,39.5,7.07,7.07,977,GOOD
rd_10779,ses_3600,2026-10-03T17:07:04.000Z,3.64,3.02,39.3,7.06,7.04,973,GOOD
rd_10780,ses_3600,2026-10-03T17:07:12.000Z,3.57,3.55,39.4,7.09,7.06,976,GOOD
rd_10781,ses_3600,2026-10-03T17:07:20.000Z,3.54,4.08,39.4,7.06,7.04,976,GOOD
rd_10782,ses_3600,2026-10-03T17:07:28.000Z,3.71,4.64,39.4,7.05,7.04,985,GOOD
rd_10783,ses_3600,2026-10-03T17:07:36.000Z,3.66,5.19,39.4,7.08,7.04,976,GOOD
rd_10784,ses_3600,2026-10-03T17:07:44.000Z,3.61,5.73,39.3,7.09,7.05,980,GOOD
rd_10785,ses_3600,2026-10-03T17:07:52.000Z,3.53,6.26,39.5,7.05,7.04,984,GOOD
rd_10786,ses_3600,2026-10-03T17:08:00.000Z,3.59,6.80,39.5,7.09,7.07,985,GOOD
rd_10787,ses_3600,2026-10-03T17:08:08.000Z,3.57,7.33,39.4,7.10,7.04,987,GOOD
rd_10788,ses_3600,2026-10-03T17:08:16.000Z,3.72,7.89,39.4,7.09,7.04,974,GOOD
rd_10789,ses_3600,2026-10-03T17:08:24.000Z,3.45,8.41,39.4,7.08,7.06,989,GOOD
rd_10790,ses_3600,2026-10-03T17:08:32.000Z,3.66,8.96,39.4,7.07,7.03,978,GOOD
rd_10791,ses_3600,2026-10-03T17:08:40.000Z,3.63,9.50,39.4,7.03,7.05,983,GOOD
rd_10792,ses_3600,2026-10-03T17:08:48.000Z,3.29,9.99,39.4,7.10,7.03,979,GOOD
rd_10793,ses_3600,2026-10-03T17:08:56.000Z,2.88,10.43,39.4,7.06,7.05,986,GOOD
rd_10794,ses_3600,2026-10-03T17:09:04.000Z,2.47,10.80,39.5,7.05,7.04,980,GOOD
rd_10795,ses_3600,2026-10-03T17:09:12.000Z,2.06,11.11,39.3,7.11,7.06,977,GOOD
rd_10796,ses_3600,2026-10-03T17:09:20.000Z,1.65,11.35,39.4,7.10,7.06,974,GOOD
rd_10797,ses_3600,2026-10-03T17:09:28.000Z,1.23,11.54,39.4,7.11,7.06,982,GOOD
rd_10798,ses_3600,2026-10-03T17:09:36.000Z,0.82,11.66,39.4,7.05,7.06,982,GOOD
rd_10799,ses_3600,2026-10-03T17:09:44.000Z,0.41,11.72,39.4,7.05,7.04,979,GOOD
rd_10800,ses_3600,2026-10-03T17:09:52.000Z,0.05,11.73,39.4,7.10,7.05,985,GOOD